#,CL,CF,SF,FA,SCOP Domain,Fold,Superfamily,RMSD,TM-Score,TM-Align
1,g,3,7,2,d1scoa_,Knottins (small inhibitors toxins, lectins),Scorpion toxin-like,2.50,0.41,text 3d pdb
2,i,1,1,1,d2z4n11,Ribosome and ribosomal fragments,Ribosome and ribosomal fragments,3.36,0.40,text 3d pdb
3,g,3,7,2,d1hlya_,Knottins (small inhibitors toxins, lectins),Scorpion toxin-like,2.02,0.40,text 3d pdb
4,i,1,1,1,d2qbc11,Ribosome and ribosomal fragments,Ribosome and ribosomal fragments,3.34,0.40,text 3d pdb
5,g,41,8,6,d2i2t11,Rubredoxin-like,Zn-binding ribosomal proteins,2.86,0.39,text 3d pdb
6,b,1,1,2,d2j88h1,Immunoglobulin-like beta-sandwich,Immunoglobulin,2.33,0.39,text 3d pdb
7,g,41,5,1,d1yuxa2,Rubredoxin-like,Rubredoxin-like,2.78,0.39,text 3d pdb
8,g,41,5,1,d1yuzb2,Rubredoxin-like,Rubredoxin-like,2.79,0.39,text 3d pdb
9,g,41,5,1,d1yuxb2,Rubredoxin-like,Rubredoxin-like,2.78,0.39,text 3d pdb
10,g,41,5,1,d1yuza2,Rubredoxin-like,Rubredoxin-like,2.81,0.39,text 3d pdb
11,g,41,8,6,d2i2v11,Rubredoxin-like,Zn-binding ribosomal proteins,3.22,0.39,text 3d pdb
12,g,3,1,1,d2x3td2,Knottins (small inhibitors toxins, lectins),Plant lectins/antimicrobial peptides,2.52,0.38,text 3d pdb
13,d,68,7,1,d1msza_,IF3-like,R3H domain,2.33,0.38,text 3d pdb
14,b,1,1,2,d3tvme2,Immunoglobulin-like beta-sandwich,Immunoglobulin,1.89,0.38,text 3d pdb
15,g,3,7,5,d2kyqa_,Knottins (small inhibitors toxins, lectins),Scorpion toxin-like,2.77,0.38,text 3d pdb
16,i,1,1,1,d3df211,Ribosome and ribosomal fragments,Ribosome and ribosomal fragments,2.96,0.38,text 3d pdb
17,i,1,1,1,d3df411,Ribosome and ribosomal fragments,Ribosome and ribosomal fragments,2.96,0.38,text 3d pdb
18,g,9,1,1,d1zmkb_,Defensin-like,Defensin-like,2.60,0.37,text 3d pdb
19,g,4,1,1,d1gl1j_,PMP inhibitors,PMP inhibitors,0.74,0.37,text 3d pdb
20,g,3,1,1,d2cwga2,Knottins (small inhibitors toxins, lectins),Plant lectins/antimicrobial peptides,2.63,0.37,text 3d pdb
21,g,3,7,2,d2uvsa1,Knottins (small inhibitors toxins, lectins),Scorpion toxin-like,2.62,0.37,text 3d pdb
22,g,3,1,1,d2x3tb2,Knottins (small inhibitors toxins, lectins),Plant lectins/antimicrobial peptides,2.68,0.37,text 3d pdb
23,g,3,1,1,d2wgca2,Knottins (small inhibitors toxins, lectins),Plant lectins/antimicrobial peptides,2.53,0.37,text 3d pdb
24,g,3,7,2,d1hp2a_,Knottins (small inhibitors toxins, lectins),Scorpion toxin-like,2.04,0.37,text 3d pdb
25,g,3,1,1,d2x3ta2,Knottins (small inhibitors toxins, lectins),Plant lectins/antimicrobial peptides,2.52,0.37,text 3d pdb
26,g,3,1,1,d7wgab2,Knottins (small inhibitors toxins, lectins),Plant lectins/antimicrobial peptides,2.22,0.37,text 3d pdb
27,g,3,1,1,d4amlb2,Knottins (small inhibitors toxins, lectins),Plant lectins/antimicrobial peptides,2.69,0.37,text 3d pdb
28,d,58,18,12,d1y7pc2,Ferredoxin-like,ACT-like,2.59,0.37,text 3d pdb
29,d,230,2,1,d4b2ja_,Dodecin subunit-like,Dodecin-like,2.90,0.37,text 3d pdb
30,d,230,2,1,d4b2ka_,Dodecin subunit-like,Dodecin-like,2.91,0.36,text 3d pdb
31,d,230,2,1,d4b2ma_,Dodecin subunit-like,Dodecin-like,2.91,0.36,text 3d pdb
32,g,3,7,2,d2ktxa_,Knottins (small inhibitors toxins, lectins),Scorpion toxin-like,2.82,0.36,text 3d pdb
33,g,3,1,0,d2x52a2,Knottins (small inhibitors toxins, lectins),Plant lectins/antimicrobial peptides,2.66,0.36,text 3d pdb
34,d,344,1,1,d2hjqa2,GINS/PriA/YqbF domain,PriA/YqbF domain,2.42,0.36,text 3d pdb
35,g,3,7,5,d1n4na_,Knottins (small inhibitors toxins, lectins),Scorpion toxin-like,3.12,0.36,text 3d pdb
36,d,230,2,1,d2cc9a_,Dodecin subunit-like,Dodecin-like,2.89,0.36,text 3d pdb
37,d,230,2,1,d2cc8a_,Dodecin subunit-like,Dodecin-like,2.88,0.36,text 3d pdb
38,g,9,1,1,d1zmic_,Defensin-like,Defensin-like,2.74,0.36,text 3d pdb
39,g,3,1,1,d2uwgb2,Knottins (small inhibitors toxins, lectins),Plant lectins/antimicrobial peptides,2.60,0.36,text 3d pdb
40,g,3,1,1,d1k7ta2,Knottins (small inhibitors toxins, lectins),Plant lectins/antimicrobial peptides,2.52,0.36,text 3d pdb
41,d,230,2,1,d2ciea_,Dodecin subunit-like,Dodecin-like,2.88,0.36,text 3d pdb
42,d,230,2,1,d2cc6a_,Dodecin subunit-like,Dodecin-like,2.91,0.36,text 3d pdb
43,d,230,2,1,d2cc7a_,Dodecin subunit-like,Dodecin-like,2.90,0.36,text 3d pdb
44,d,230,2,1,d2ccba_,Dodecin subunit-like,Dodecin-like,2.89,0.36,text 3d pdb
45,d,230,2,1,d2cjca_,Dodecin subunit-like,Dodecin-like,2.92,0.36,text 3d pdb
46,d,230,2,1,d2ccca_,Dodecin subunit-like,Dodecin-like,2.90,0.36,text 3d pdb
47,g,9,1,1,d1fd4j_,Defensin-like,Defensin-like,3.10,0.36,text 3d pdb
48,g,9,1,1,d1fd4f_,Defensin-like,Defensin-like,3.31,0.36,text 3d pdb
49,d,230,2,1,d2vkfa1,Dodecin subunit-like,Dodecin-like,2.99,0.36,text 3d pdb
50,g,9,1,1,d1fd3b_,Defensin-like,Defensin-like,3.13,0.36,text 3d pdb
51,d,230,2,1,d2vkga_,Dodecin subunit-like,Dodecin-like,2.98,0.36,text 3d pdb
52,b,1,1,2,d1jrhl2,Immunoglobulin-like beta-sandwich,Immunoglobulin,2.32,0.36,text 3d pdb
53,g,9,1,1,d1fd4n_,Defensin-like,Defensin-like,3.20,0.36,text 3d pdb
54,g,3,7,2,d1m2sa_,Knottins (small inhibitors toxins, lectins),Scorpion toxin-like,2.41,0.36,text 3d pdb
55,g,9,1,1,d1fd3a_,Defensin-like,Defensin-like,3.15,0.36,text 3d pdb
56,g,3,7,2,d1mtxa_,Knottins (small inhibitors toxins, lectins),Scorpion toxin-like,2.44,0.36,text 3d pdb
57,i,1,1,1,d2qov11,Ribosome and ribosomal fragments,Ribosome and ribosomal fragments,3.17,0.36,text 3d pdb
58,g,9,1,1,d1fd4d_,Defensin-like,Defensin-like,3.29,0.36,text 3d pdb
59,g,9,1,1,d1zmib_,Defensin-like,Defensin-like,2.69,0.36,text 3d pdb
60,i,1,1,1,d2qam11,Ribosome and ribosomal fragments,Ribosome and ribosomal fragments,3.22,0.36,text 3d pdb
61,g,9,1,1,d1fd4b_,Defensin-like,Defensin-like,3.04,0.36,text 3d pdb
62,i,1,1,1,d2qao11,Ribosome and ribosomal fragments,Ribosome and ribosomal fragments,3.21,0.36,text 3d pdb
63,g,9,1,1,d2lewa_,Defensin-like,Defensin-like,2.73,0.36,text 3d pdb
64,i,1,1,1,d2qox11,Ribosome and ribosomal fragments,Ribosome and ribosomal fragments,3.17,0.36,text 3d pdb
65,i,1,1,1,d2z4l11,Ribosome and ribosomal fragments,Ribosome and ribosomal fragments,3.21,0.36,text 3d pdb
66,i,1,1,1,d2qba11,Ribosome and ribosomal fragments,Ribosome and ribosomal fragments,3.20,0.35,text 3d pdb
67,i,1,1,1,d2qbi11,Ribosome and ribosomal fragments,Ribosome and ribosomal fragments,3.20,0.35,text 3d pdb
68,g,9,1,1,d1fd4c_,Defensin-like,Defensin-like,3.08,0.35,text 3d pdb
69,i,1,1,1,d2qbk11,Ribosome and ribosomal fragments,Ribosome and ribosomal fragments,3.20,0.35,text 3d pdb
70,g,3,7,5,d1gpsa_,Knottins (small inhibitors toxins, lectins),Scorpion toxin-like,3.36,0.35,text 3d pdb
71,i,1,1,1,d2qbe11,Ribosome and ribosomal fragments,Ribosome and ribosomal fragments,3.22,0.35,text 3d pdb
72,i,1,1,1,d2qbg11,Ribosome and ribosomal fragments,Ribosome and ribosomal fragments,3.22,0.35,text 3d pdb
73,d,230,2,1,d2cifa_,Dodecin subunit-like,Dodecin-like,3.04,0.35,text 3d pdb
74,g,3,7,2,d2k4ua_,Knottins (small inhibitors toxins, lectins),Scorpion toxin-like,3.01,0.35,text 3d pdb
75,d,230,2,1,d1moga_,Dodecin subunit-like,Dodecin-like,2.89,0.35,text 3d pdb
76,d,26,3,1,d1nwuc2,FKBP-like,Chitinase insertion domain,3.10,0.35,text 3d pdb
77,d,26,3,1,d1nwub2,FKBP-like,Chitinase insertion domain,3.10,0.35,text 3d pdb
78,d,26,3,1,d1nwua2,FKBP-like,Chitinase insertion domain,3.10,0.35,text 3d pdb
79,d,26,3,1,d1nwud2,FKBP-like,Chitinase insertion domain,3.10,0.35,text 3d pdb
80,d,26,3,1,d1hjxc2,FKBP-like,Chitinase insertion domain,3.07,0.35,text 3d pdb
81,d,26,3,1,d1hjxd2,FKBP-like,Chitinase insertion domain,3.07,0.35,text 3d pdb
82,d,26,3,1,d1nwra2,FKBP-like,Chitinase insertion domain,3.11,0.35,text 3d pdb
83,g,9,1,1,d1zmhd_,Defensin-like,Defensin-like,2.41,0.35,text 3d pdb
84,d,26,3,1,d1nwrd2,FKBP-like,Chitinase insertion domain,3.11,0.35,text 3d pdb
85,d,26,3,1,d1nwtc2,FKBP-like,Chitinase insertion domain,3.12,0.35,text 3d pdb
86,d,26,3,1,d1nwta2,FKBP-like,Chitinase insertion domain,3.12,0.35,text 3d pdb
87,d,26,3,1,d1nwrc2,FKBP-like,Chitinase insertion domain,3.11,0.35,text 3d pdb
88,d,26,3,1,d1nwtd2,FKBP-like,Chitinase insertion domain,3.12,0.35,text 3d pdb
89,d,26,3,1,d1nwtb2,FKBP-like,Chitinase insertion domain,3.12,0.35,text 3d pdb
90,d,26,3,1,d1nwrb2,FKBP-like,Chitinase insertion domain,3.11,0.35,text 3d pdb
91,d,26,3,1,d1hjvb2,FKBP-like,Chitinase insertion domain,3.09,0.35,text 3d pdb
92,i,1,1,1,d2qoz11,Ribosome and ribosomal fragments,Ribosome and ribosomal fragments,3.22,0.35,text 3d pdb
93,d,26,3,1,d1hjxb2,FKBP-like,Chitinase insertion domain,3.09,0.35,text 3d pdb
94,g,3,7,5,d1bk8a_,Knottins (small inhibitors toxins, lectins),Scorpion toxin-like,2.94,0.35,text 3d pdb
95,g,9,1,1,d1ewsa_,Defensin-like,Defensin-like,3.18,0.35,text 3d pdb
96,d,26,3,1,d1hjvd2,FKBP-like,Chitinase insertion domain,3.06,0.35,text 3d pdb
97,d,26,3,1,d1hjwb2,FKBP-like,Chitinase insertion domain,3.08,0.35,text 3d pdb
98,d,26,3,1,d1hjwa2,FKBP-like,Chitinase insertion domain,3.10,0.35,text 3d pdb
99,i,1,1,1,d2qp111,Ribosome and ribosomal fragments,Ribosome and ribosomal fragments,3.23,0.35,text 3d pdb
100,d,26,3,1,d1nwsd2,FKBP-like,Chitinase insertion domain,2.75,0.35,text 3d pdb
101,d,26,3,1,d1nwsa2,FKBP-like,Chitinase insertion domain,2.75,0.35,text 3d pdb
102,d,26,3,1,d1nwsb2,FKBP-like,Chitinase insertion domain,2.75,0.35,text 3d pdb
103,d,26,3,1,d1hjxa2,FKBP-like,Chitinase insertion domain,3.11,0.35,text 3d pdb
104,d,26,3,1,d1nwsc2,FKBP-like,Chitinase insertion domain,2.75,0.35,text 3d pdb
105,d,230,3,1,d2fk3d1,Dodecin subunit-like,Amyloid beta a4 protein copper binding domain (domain 2),2.91,0.35,text 3d pdb
106,g,3,7,5,d4ab0a_,Knottins (small inhibitors toxins, lectins),Scorpion toxin-like,3.29,0.35,text 3d pdb
107,k,26,1,1,d1icoa_,TH (toxin hand)-motif beta-sheet mini-protein designs,TH (toxin hand)-motif beta-sheet mini-protein designs,1.88,0.35,text 3d pdb
108,d,230,3,1,d2fk2a1,Dodecin subunit-like,Amyloid beta a4 protein copper binding domain (domain 2),2.98,0.35,text 3d pdb
109,d,26,3,1,d1hjvc2,FKBP-like,Chitinase insertion domain,2.80,0.35,text 3d pdb
110,g,9,1,1,d2gwpa_,Defensin-like,Defensin-like,2.79,0.35,text 3d pdb
111,g,9,1,1,d1fd4l_,Defensin-like,Defensin-like,3.27,0.35,text 3d pdb
112,d,26,3,1,d1hjva2,FKBP-like,Chitinase insertion domain,3.15,0.35,text 3d pdb
113,g,9,1,1,d1fd4o_,Defensin-like,Defensin-like,3.10,0.35,text 3d pdb
114,g,9,1,1,d1fd4p_,Defensin-like,Defensin-like,3.19,0.35,text 3d pdb
115,d,26,3,1,d2b2pa2,FKBP-like,Chitinase insertion domain,2.84,0.35,text 3d pdb
116,d,26,3,1,d2dswa2,FKBP-like,Chitinase insertion domain,2.84,0.35,text 3d pdb
117,d,26,3,1,d2aoka2,FKBP-like,Chitinase insertion domain,2.84,0.35,text 3d pdb
118,d,26,3,1,d2dt1a2,FKBP-like,Chitinase insertion domain,2.87,0.35,text 3d pdb
119,d,26,3,1,d2olha2,FKBP-like,Chitinase insertion domain,2.86,0.35,text 3d pdb
120,g,3,7,5,d4ab0b_,Knottins (small inhibitors toxins, lectins),Scorpion toxin-like,3.36,0.35,text 3d pdb
121,d,26,3,1,d2ao8a2,FKBP-like,Chitinase insertion domain,2.86,0.35,text 3d pdb
122,d,26,3,1,d2dsua2,FKBP-like,Chitinase insertion domain,2.86,0.35,text 3d pdb
123,d,26,3,1,d2dt2a2,FKBP-like,Chitinase insertion domain,2.86,0.35,text 3d pdb
124,b,181,1,0,d4o4ub3,Handle domain of Transferrin binding protein TbpB-like,Handle domain of Transferrin binding protein TbpB-like,2.56,0.35,text 3d pdb
125,g,9,1,1,d1fd4k_,Defensin-like,Defensin-like,3.08,0.35,text 3d pdb
126,g,9,1,1,d1fd3d_,Defensin-like,Defensin-like,3.21,0.35,text 3d pdb
127,d,230,3,1,d2fjza1,Dodecin subunit-like,Amyloid beta a4 protein copper binding domain (domain 2),2.87,0.35,text 3d pdb
128,d,26,3,1,d2pi6a2,FKBP-like,Chitinase insertion domain,2.88,0.35,text 3d pdb
129,d,26,3,1,d1ljya2,FKBP-like,Chitinase insertion domain,2.88,0.35,text 3d pdb
130,g,3,7,5,d5kk4d_,Knottins (small inhibitors toxins, lectins),Scorpion toxin-like,3.36,0.35,text 3d pdb
131,d,26,3,1,d2dsza2,FKBP-like,Chitinase insertion domain,2.88,0.35,text 3d pdb
132,d,230,3,1,d2fmaa1,Dodecin subunit-like,Amyloid beta a4 protein copper binding domain (domain 2),2.87,0.35,text 3d pdb
133,g,30,1,1,d1dtdb_,Carboxypeptidase inhibitor,Carboxypeptidase inhibitor,2.40,0.35,text 3d pdb
134,g,3,7,5,d1ayja_,Knottins (small inhibitors toxins, lectins),Scorpion toxin-like,3.06,0.35,text 3d pdb
135,d,26,3,1,d2dt0a2,FKBP-like,Chitinase insertion domain,2.87,0.35,text 3d pdb
136,g,3,7,1,d1sega_,Knottins (small inhibitors toxins, lectins),Scorpion toxin-like,2.88,0.35,text 3d pdb
137,g,9,1,1,d1fd4g_,Defensin-like,Defensin-like,3.21,0.34,text 3d pdb
138,g,7,1,1,d4om5d_,Snake toxin-like,Snake toxin-like,2.71,0.34,text 3d pdb
139,d,230,3,1,d2fk3c1,Dodecin subunit-like,Amyloid beta a4 protein copper binding domain (domain 2),2.92,0.34,text 3d pdb
140,d,26,3,1,d1syta2,FKBP-like,Chitinase insertion domain,2.87,0.34,text 3d pdb
141,d,26,3,1,d4q7na2,FKBP-like,Chitinase insertion domain,2.88,0.34,text 3d pdb
142,d,26,3,1,d1zbwa2,FKBP-like,Chitinase insertion domain,2.88,0.34,text 3d pdb
143,d,26,3,1,d1zbva2,FKBP-like,Chitinase insertion domain,2.89,0.34,text 3d pdb
144,d,230,3,1,d2fk3h1,Dodecin subunit-like,Amyloid beta a4 protein copper binding domain (domain 2),2.68,0.34,text 3d pdb
145,d,26,3,1,d2b31a2,FKBP-like,Chitinase insertion domain,2.88,0.34,text 3d pdb
146,d,26,3,1,d1zl1a2,FKBP-like,Chitinase insertion domain,2.78,0.34,text 3d pdb
147,d,26,3,1,d1zu8a2,FKBP-like,Chitinase insertion domain,2.76,0.34,text 3d pdb
148,d,26,3,1,d1r2va4,FKBP-like,Chitinase insertion domain,2.77,0.34,text 3d pdb
149,g,27,1,0,d2ckua1,FnI-like domain,FnI-like domain,2.78,0.34,text 3d pdb
150,d,26,3,1,d2dpea2,FKBP-like,Chitinase insertion domain,2.78,0.34,text 3d pdb
151,d,26,3,1,d2esca2,FKBP-like,Chitinase insertion domain,2.87,0.34,text 3d pdb
152,d,26,3,1,d2g8za2,FKBP-like,Chitinase insertion domain,2.77,0.34,text 3d pdb
153,g,61,1,1,d2j4wd1,Apical membrane antigen 1,Apical membrane antigen 1,3.15,0.34,text 3d pdb
154,g,3,7,5,d5vyps1,Knottins (small inhibitors toxins, lectins),Scorpion toxin-like,3.36,0.34,text 3d pdb
155,d,26,3,1,d1owqa2,FKBP-like,Chitinase insertion domain,3.11,0.34,text 3d pdb
156,d,26,3,1,d1zbca2,FKBP-like,Chitinase insertion domain,3.10,0.34,text 3d pdb
157,g,3,7,5,d5vypf1,Knottins (small inhibitors toxins, lectins),Scorpion toxin-like,3.39,0.34,text 3d pdb
158,d,26,3,1,d2fdma2,FKBP-like,Chitinase insertion domain,2.77,0.34,text 3d pdb
159,b,72,1,1,d2idhc_,WW domain-like,WW domain,2.31,0.34,text 3d pdb
160,d,230,3,1,d2fk3b1,Dodecin subunit-like,Amyloid beta a4 protein copper binding domain (domain 2),2.93,0.34,text 3d pdb
161,g,9,1,3,d2k2xa2,Defensin-like,Defensin-like,3.21,0.34,text 3d pdb
162,b,1,1,2,d3baeh1,Immunoglobulin-like beta-sandwich,Immunoglobulin,2.72,0.34,text 3d pdb
163,g,3,7,5,d5vypg1,Knottins (small inhibitors toxins, lectins),Scorpion toxin-like,3.41,0.34,text 3d pdb
164,g,3,7,1,d1dq7b_,Knottins (small inhibitors toxins, lectins),Scorpion toxin-like,2.72,0.34,text 3d pdb
165,g,3,7,5,d5kk4c_,Knottins (small inhibitors toxins, lectins),Scorpion toxin-like,3.39,0.34,text 3d pdb
166,g,3,7,5,d5vypl_,Knottins (small inhibitors toxins, lectins),Scorpion toxin-like,3.44,0.34,text 3d pdb
167,g,3,7,5,d5vypj1,Knottins (small inhibitors toxins, lectins),Scorpion toxin-like,3.44,0.34,text 3d pdb
168,g,3,7,5,d5vypr1,Knottins (small inhibitors toxins, lectins),Scorpion toxin-like,3.40,0.34,text 3d pdb
169,g,7,1,1,d4om4d_,Snake toxin-like,Snake toxin-like,2.31,0.34,text 3d pdb
170,g,3,7,2,d1sxma_,Knottins (small inhibitors toxins, lectins),Scorpion toxin-like,3.07,0.34,text 3d pdb
171,g,3,7,5,d5vypk1,Knottins (small inhibitors toxins, lectins),Scorpion toxin-like,3.43,0.34,text 3d pdb
172,d,58,11,2,d2cvea2,Ferredoxin-like,EF-G C-terminal domain-like,2.57,0.34,text 3d pdb
173,g,3,6,2,d1ryga_,Knottins (small inhibitors toxins, lectins),omega toxin-like,2.90,0.34,text 3d pdb
174,g,3,7,5,d5vypw1,Knottins (small inhibitors toxins, lectins),Scorpion toxin-like,3.38,0.34,text 3d pdb
175,g,3,7,5,d5vypv1,Knottins (small inhibitors toxins, lectins),Scorpion toxin-like,3.42,0.34,text 3d pdb
176,g,3,7,5,d4aaza_,Knottins (small inhibitors toxins, lectins),Scorpion toxin-like,3.47,0.34,text 3d pdb
177,g,9,1,1,d1fd4m_,Defensin-like,Defensin-like,3.18,0.34,text 3d pdb
178,i,1,1,2,d1vw4x_,Ribosome and ribosomal fragments,Ribosome and ribosomal fragments,3.26,0.34,text 3d pdb
179,g,9,1,1,d1fd4a_,Defensin-like,Defensin-like,3.20,0.34,text 3d pdb
180,g,3,7,1,d2a7ta_,Knottins (small inhibitors toxins, lectins),Scorpion toxin-like,2.46,0.34,text 3d pdb
181,g,3,7,1,d2yeoa1,Knottins (small inhibitors toxins, lectins),Scorpion toxin-like,2.60,0.34,text 3d pdb
182,d,58,7,1,d1cvjh2,Ferredoxin-like,RNA-binding domain RBD,1.81,0.34,text 3d pdb
183,g,3,7,5,d5vypa_,Knottins (small inhibitors toxins, lectins),Scorpion toxin-like,3.43,0.34,text 3d pdb
184,g,3,7,5,d5kk4b_,Knottins (small inhibitors toxins, lectins),Scorpion toxin-like,3.41,0.34,text 3d pdb
185,g,9,1,1,d1bdsa_,Defensin-like,Defensin-like,2.78,0.34,text 3d pdb
186,g,3,11,1,d5f85b1,Knottins (small inhibitors toxins, lectins),EGF/Laminin,1.27,0.34,text 3d pdb
187,g,3,7,5,d5vypd1,Knottins (small inhibitors toxins, lectins),Scorpion toxin-like,3.46,0.34,text 3d pdb
188,g,3,7,1,d2a7tb_,Knottins (small inhibitors toxins, lectins),Scorpion toxin-like,2.76,0.34,text 3d pdb
189,g,3,7,4,d1p00a_,Knottins (small inhibitors toxins, lectins),Scorpion toxin-like,3.11,0.34,text 3d pdb
190,g,3,7,5,d5vypm_,Knottins (small inhibitors toxins, lectins),Scorpion toxin-like,3.41,0.34,text 3d pdb
191,g,3,7,1,d1dq7a_,Knottins (small inhibitors toxins, lectins),Scorpion toxin-like,2.76,0.34,text 3d pdb
192,g,9,1,1,d1fd4h_,Defensin-like,Defensin-like,3.23,0.34,text 3d pdb
193,g,9,1,1,d1fd4i_,Defensin-like,Defensin-like,3.15,0.34,text 3d pdb
194,g,3,11,1,d5f86b1,Knottins (small inhibitors toxins, lectins),EGF/Laminin,1.26,0.34,text 3d pdb
195,b,1,1,2,d3u0pe2,Immunoglobulin-like beta-sandwich,Immunoglobulin,2.74,0.34,text 3d pdb
196,d,230,3,1,d2fk3e1,Dodecin subunit-like,Amyloid beta a4 protein copper binding domain (domain 2),2.80,0.34,text 3d pdb
197,g,3,7,5,d5vypt1,Knottins (small inhibitors toxins, lectins),Scorpion toxin-like,3.18,0.33,text 3d pdb
198,g,3,7,1,d2asca_,Knottins (small inhibitors toxins, lectins),Scorpion toxin-like,2.58,0.33,text 3d pdb
199,b,38,1,6,d2k57a1,Sm-like fold,Sm-like ribonucleoproteins,2.14,0.33,text 3d pdb
200,g,3,7,5,d3psmb_,Knottins (small inhibitors toxins, lectins),Scorpion toxin-like,3.23,0.33,text 3d pdb
201,g,3,4,2,d1dkca_,Knottins (small inhibitors toxins, lectins),Gurmarin-like,3.34,0.33,text 3d pdb
202,g,3,7,5,d5kk4f1,Knottins (small inhibitors toxins, lectins),Scorpion toxin-like,3.45,0.33,text 3d pdb
203,g,3,7,5,d5vypp1,Knottins (small inhibitors toxins, lectins),Scorpion toxin-like,3.48,0.33,text 3d pdb
204,g,3,7,5,d1mr4a_,Knottins (small inhibitors toxins, lectins),Scorpion toxin-like,3.41,0.33,text 3d pdb
205,g,9,1,1,d1fd4e_,Defensin-like,Defensin-like,3.17,0.33,text 3d pdb
206,g,3,10,1,d1ethd2,Knottins (small inhibitors toxins, lectins),Colipase-like,3.27,0.33,text 3d pdb
207,g,3,7,1,d1t7ea1,Knottins (small inhibitors toxins, lectins),Scorpion toxin-like,2.64,0.33,text 3d pdb
208,b,38,1,6,d3fife1,Sm-like fold,Sm-like ribonucleoproteins,1.89,0.33,text 3d pdb
209,g,3,10,1,d1ethb2,Knottins (small inhibitors toxins, lectins),Colipase-like,3.28,0.33,text 3d pdb
210,d,230,3,1,d2fk3f1,Dodecin subunit-like,Amyloid beta a4 protein copper binding domain (domain 2),2.84,0.33,text 3d pdb
211,d,58,18,12,d1y7pa2,Ferredoxin-like,ACT-like,2.41,0.33,text 3d pdb
212,b,34,1,1,d2ewnb2,SH3-like barrel,C-terminal domain of transcriptional repressors,2.47,0.33,text 3d pdb
213,g,24,1,1,d1za3r1,TNF receptor-like,TNF receptor-like,2.38,0.33,text 3d pdb
214,g,3,7,5,d5vyph1,Knottins (small inhibitors toxins, lectins),Scorpion toxin-like,3.50,0.33,text 3d pdb
215,d,58,11,0,d2wbma3,Ferredoxin-like,EF-G C-terminal domain-like,2.85,0.33,text 3d pdb
216,g,3,11,1,d5f84b1,Knottins (small inhibitors toxins, lectins),EGF/Laminin,1.31,0.33,text 3d pdb
217,d,230,4,1,d1xrsb2,Dodecin subunit-like,D-lysine 56-aminomutase beta subunit KamE, N-terminal domain,3.29,0.33,text 3d pdb
218,d,58,17,0,d5u9md1,Ferredoxin-like,HMA heavy metal-associated domain,2.30,0.33,text 3d pdb
219,b,72,1,1,d2ysia2,WW domain-like,WW domain,2.04,0.33,text 3d pdb
220,g,3,7,5,d5kk4e1,Knottins (small inhibitors toxins, lectins),Scorpion toxin-like,3.39,0.33,text 3d pdb
221,b,34,1,1,d2ewna2,SH3-like barrel,C-terminal domain of transcriptional repressors,2.31,0.33,text 3d pdb
222,b,34,13,1,d5ufeb_,SH3-like barrel,Chromo domain-like,3.00,0.33,text 3d pdb
223,g,3,7,5,d5vypo1,Knottins (small inhibitors toxins, lectins),Scorpion toxin-like,3.17,0.33,text 3d pdb
224,g,3,7,5,d4uj0a_,Knottins (small inhibitors toxins, lectins),Scorpion toxin-like,3.49,0.33,text 3d pdb
225,g,79,1,0,d5w3xd_,WRKY DNA-binding domain,WRKY DNA-binding domain,2.63,0.33,text 3d pdb
226,g,3,7,5,d4cqkb_,Knottins (small inhibitors toxins, lectins),Scorpion toxin-like,3.49,0.33,text 3d pdb
227,g,3,7,5,d5vypq1,Knottins (small inhibitors toxins, lectins),Scorpion toxin-like,3.51,0.33,text 3d pdb
228,g,3,7,5,d5vypc1,Knottins (small inhibitors toxins, lectins),Scorpion toxin-like,3.21,0.33,text 3d pdb
229,b,38,1,6,d3fifa1,Sm-like fold,Sm-like ribonucleoproteins,2.32,0.33,text 3d pdb
230,d,230,2,0,d3oqti_,Dodecin subunit-like,Dodecin-like,3.03,0.33,text 3d pdb
231,g,3,7,5,d4cqkn_,Knottins (small inhibitors toxins, lectins),Scorpion toxin-like,3.48,0.33,text 3d pdb
232,g,3,7,5,d5vypu1,Knottins (small inhibitors toxins, lectins),Scorpion toxin-like,3.20,0.33,text 3d pdb
233,d,230,2,0,d3oqtm_,Dodecin subunit-like,Dodecin-like,3.03,0.33,text 3d pdb
234,g,9,1,1,d2nleb_,Defensin-like,Defensin-like,3.52,0.33,text 3d pdb
235,g,3,7,5,d2n69a_,Knottins (small inhibitors toxins, lectins),Scorpion toxin-like,3.11,0.33,text 3d pdb
236,g,3,7,1,d1sn4a_,Knottins (small inhibitors toxins, lectins),Scorpion toxin-like,2.67,0.33,text 3d pdb
237,g,3,6,5,d1xi7a_,Knottins (small inhibitors toxins, lectins),omega toxin-like,2.67,0.33,text 3d pdb
238,g,3,7,5,d4cqkg_,Knottins (small inhibitors toxins, lectins),Scorpion toxin-like,3.50,0.33,text 3d pdb
239,g,3,7,5,d2gl1a_,Knottins (small inhibitors toxins, lectins),Scorpion toxin-like,3.40,0.33,text 3d pdb
240,g,3,7,5,d4cqkc_,Knottins (small inhibitors toxins, lectins),Scorpion toxin-like,3.51,0.33,text 3d pdb
241,g,3,7,5,d5vypb1,Knottins (small inhibitors toxins, lectins),Scorpion toxin-like,3.47,0.33,text 3d pdb
242,d,230,2,0,d3oqtl_,Dodecin subunit-like,Dodecin-like,2.99,0.33,text 3d pdb
243,g,3,7,5,d5vypx1,Knottins (small inhibitors toxins, lectins),Scorpion toxin-like,3.42,0.33,text 3d pdb
244,g,9,1,1,d2plza_,Defensin-like,Defensin-like,3.31,0.33,text 3d pdb
245,g,3,7,5,d4cqke_,Knottins (small inhibitors toxins, lectins),Scorpion toxin-like,3.49,0.33,text 3d pdb
246,g,9,1,1,d1ijuc_,Defensin-like,Defensin-like,3.34,0.33,text 3d pdb
247,d,58,18,9,d1zvpc2,Ferredoxin-like,ACT-like,2.61,0.33,text 3d pdb
248,d,40,1,1,d1sibi_,CI-2 family of serine protease inhibitors,CI-2 family of serine protease inhibitors,3.44,0.33,text 3d pdb
249,b,1,18,0,d2wquc2,Immunoglobulin-like beta-sandwich,E set domains,2.72,0.33,text 3d pdb
250,g,3,7,5,d5kk4a_,Knottins (small inhibitors toxins, lectins),Scorpion toxin-like,3.47,0.33,text 3d pdb
251,g,3,10,1,d1n8sc2,Knottins (small inhibitors toxins, lectins),Colipase-like,3.20,0.33,text 3d pdb
252,i,1,1,2,d4v196_,Ribosome and ribosomal fragments,Ribosome and ribosomal fragments,3.93,0.33,text 3d pdb
253,g,9,1,1,d1e4sa_,Defensin-like,Defensin-like,3.01,0.33,text 3d pdb
254,g,3,7,5,d4cqkf_,Knottins (small inhibitors toxins, lectins),Scorpion toxin-like,3.52,0.33,text 3d pdb
255,d,230,2,0,d3oqta_,Dodecin subunit-like,Dodecin-like,2.97,0.33,text 3d pdb
256,g,3,7,5,d5vypi1,Knottins (small inhibitors toxins, lectins),Scorpion toxin-like,3.51,0.33,text 3d pdb
257,d,230,2,1,d4b2ha_,Dodecin subunit-like,Dodecin-like,3.22,0.33,text 3d pdb
258,g,27,1,1,d3calc2,FnI-like domain,FnI-like domain,2.91,0.33,text 3d pdb
259,b,1,1,2,d3bkmh1,Immunoglobulin-like beta-sandwich,Immunoglobulin,2.75,0.33,text 3d pdb
260,g,3,7,5,d3psma_,Knottins (small inhibitors toxins, lectins),Scorpion toxin-like,3.32,0.33,text 3d pdb
261,g,7,1,1,d1onja_,Snake toxin-like,Snake toxin-like,2.56,0.33,text 3d pdb
262,g,3,7,5,d4uj0b_,Knottins (small inhibitors toxins, lectins),Scorpion toxin-like,3.45,0.33,text 3d pdb
263,g,3,11,1,d1jl9a_,Knottins (small inhibitors toxins, lectins),EGF/Laminin,1.35,0.33,text 3d pdb
264,d,26,1,3,d1okga3,FKBP-like,FKBP-like,2.78,0.33,text 3d pdb
265,g,3,7,5,d4cqki_,Knottins (small inhibitors toxins, lectins),Scorpion toxin-like,3.54,0.33,text 3d pdb
266,g,9,1,1,d2nlbc_,Defensin-like,Defensin-like,3.33,0.33,text 3d pdb
267,d,306,1,1,d2a6qb1,YefM-like,YefM-like,2.17,0.33,text 3d pdb
268,g,3,7,5,d4cqkh_,Knottins (small inhibitors toxins, lectins),Scorpion toxin-like,3.53,0.33,text 3d pdb
269,g,7,1,1,d1vb0a_,Snake toxin-like,Snake toxin-like,2.56,0.33,text 3d pdb
270,g,3,7,1,d2e0ha_,Knottins (small inhibitors toxins, lectins),Scorpion toxin-like,2.76,0.33,text 3d pdb
271,d,58,18,12,d1y7pb2,Ferredoxin-like,ACT-like,2.40,0.33,text 3d pdb
272,d,81,1,3,d1jkfb2,FwdE/GAPDH domain-like,Glyceraldehyde-3-phosphate dehydrogenase-like C-terminal domain,2.49,0.33,text 3d pdb
273,b,38,1,6,d3fifc1,Sm-like fold,Sm-like ribonucleoproteins,1.80,0.33,text 3d pdb
274,g,3,7,5,d5vypn_,Knottins (small inhibitors toxins, lectins),Scorpion toxin-like,3.23,0.33,text 3d pdb
275,g,24,1,0,d4i9xc1,TNF receptor-like,TNF receptor-like,3.15,0.33,text 3d pdb
276,d,58,18,8,d1zhva2,Ferredoxin-like,ACT-like,2.29,0.33,text 3d pdb
277,g,3,7,5,d4cqka_,Knottins (small inhibitors toxins, lectins),Scorpion toxin-like,3.53,0.33,text 3d pdb
278,g,3,6,2,d1dl0a_,Knottins (small inhibitors toxins, lectins),omega toxin-like,3.08,0.33,text 3d pdb
279,g,9,1,1,d2nlba_,Defensin-like,Defensin-like,3.03,0.33,text 3d pdb
280,g,79,1,0,d2ayda_,WRKY DNA-binding domain,WRKY DNA-binding domain,2.60,0.33,text 3d pdb
281,g,3,7,5,d5vype1,Knottins (small inhibitors toxins, lectins),Scorpion toxin-like,3.54,0.33,text 3d pdb
282,g,24,1,0,d4i9xd1,TNF receptor-like,TNF receptor-like,3.14,0.33,text 3d pdb
283,g,9,1,1,d2nlbd_,Defensin-like,Defensin-like,3.29,0.33,text 3d pdb
284,g,9,1,1,d1tv0a_,Defensin-like,Defensin-like,2.78,0.33,text 3d pdb
285,d,58,17,1,d2qifa_,Ferredoxin-like,HMA heavy metal-associated domain,2.61,0.33,text 3d pdb
286,g,9,1,1,d2nlhb_,Defensin-like,Defensin-like,3.31,0.33,text 3d pdb
287,b,1,1,2,d2z4qb1,Immunoglobulin-like beta-sandwich,Immunoglobulin,2.74,0.33,text 3d pdb
288,g,9,1,1,d2nlpb_,Defensin-like,Defensin-like,3.10,0.33,text 3d pdb
289,b,1,1,2,d3bkjh1,Immunoglobulin-like beta-sandwich,Immunoglobulin,2.72,0.32,text 3d pdb
290,g,9,1,1,d1ijud_,Defensin-like,Defensin-like,3.51,0.32,text 3d pdb
291,b,1,1,2,d3bkch1,Immunoglobulin-like beta-sandwich,Immunoglobulin,2.76,0.32,text 3d pdb
292,g,9,1,1,d2nlqc_,Defensin-like,Defensin-like,3.35,0.32,text 3d pdb
293,g,7,1,1,d1eraa_,Snake toxin-like,Snake toxin-like,3.14,0.32,text 3d pdb
294,g,9,1,1,d2nlcb_,Defensin-like,Defensin-like,3.16,0.32,text 3d pdb
295,b,56,1,1,d1ytfc_,Transcription factor IIA (TFIIA) beta-barrel domain,Transcription factor IIA (TFIIA) beta-barrel domain,2.79,0.32,text 3d pdb
296,b,1,1,2,d3clfh1,Immunoglobulin-like beta-sandwich,Immunoglobulin,2.77,0.32,text 3d pdb
297,g,68,1,1,d1an1i_,Kazal-type serine protease inhibitors,Kazal-type serine protease inhibitors,2.37,0.32,text 3d pdb
298,d,230,2,0,d3oqto_,Dodecin subunit-like,Dodecin-like,3.07,0.32,text 3d pdb
299,g,27,1,1,d3cala2,FnI-like domain,FnI-like domain,2.93,0.32,text 3d pdb
300,g,39,1,3,d1x68a1,Glucocorticoid receptor-like (DNA-binding domain),Glucocorticoid receptor-like (DNA-binding domain),1.03,0.32,text 3d pdb
301,g,7,1,1,d5ebxa_,Snake toxin-like,Snake toxin-like,3.49,0.32,text 3d pdb
302,g,7,1,1,d1iq9a_,Snake toxin-like,Snake toxin-like,3.10,0.32,text 3d pdb
303,d,58,18,9,d1zvpb2,Ferredoxin-like,ACT-like,2.30,0.32,text 3d pdb
304,g,9,1,1,d2nlhc_,Defensin-like,Defensin-like,3.12,0.32,text 3d pdb
305,g,3,11,0,d5ky8b_,Knottins (small inhibitors toxins, lectins),EGF/Laminin,1.18,0.32,text 3d pdb
306,g,18,1,0,d2mcza1,Complement control module/SCR domain,Complement control module/SCR domain,2.91,0.32,text 3d pdb
307,b,1,1,2,d3cleh1,Immunoglobulin-like beta-sandwich,Immunoglobulin,2.80,0.32,text 3d pdb
308,g,3,7,1,d1zvga1,Knottins (small inhibitors toxins, lectins),Scorpion toxin-like,2.86,0.32,text 3d pdb
309,b,56,1,1,d1nvpd2,Transcription factor IIA (TFIIA) beta-barrel domain,Transcription factor IIA (TFIIA) beta-barrel domain,2.35,0.32,text 3d pdb
310,g,3,7,5,d4cqkj_,Knottins (small inhibitors toxins, lectins),Scorpion toxin-like,3.52,0.32,text 3d pdb
311,g,8,1,1,d5c67c1,BPTI-like,BPTI-like,2.32,0.32,text 3d pdb
312,g,7,1,1,d1qkda_,Snake toxin-like,Snake toxin-like,3.23,0.32,text 3d pdb
313,g,9,1,1,d1ijvb_,Defensin-like,Defensin-like,3.32,0.32,text 3d pdb
314,d,58,18,9,d1zvpa2,Ferredoxin-like,ACT-like,2.61,0.32,text 3d pdb
315,d,68,7,1,d2lrra_,IF3-like,R3H domain,2.76,0.32,text 3d pdb
316,g,9,1,1,d2nlgb_,Defensin-like,Defensin-like,3.08,0.32,text 3d pdb
317,g,9,1,1,d2nlqb_,Defensin-like,Defensin-like,3.28,0.32,text 3d pdb
318,g,7,1,1,d3erab_,Snake toxin-like,Snake toxin-like,2.75,0.32,text 3d pdb
319,g,24,1,0,d3x3fa1,TNF receptor-like,TNF receptor-like,3.33,0.32,text 3d pdb
320,g,3,7,5,d4cqkk_,Knottins (small inhibitors toxins, lectins),Scorpion toxin-like,3.55,0.32,text 3d pdb
321,b,38,1,6,d3fifb1,Sm-like fold,Sm-like ribonucleoproteins,1.83,0.32,text 3d pdb
322,g,7,1,1,d2eraa_,Snake toxin-like,Snake toxin-like,3.23,0.32,text 3d pdb
323,g,3,7,1,d1t7ba1,Knottins (small inhibitors toxins, lectins),Scorpion toxin-like,2.69,0.32,text 3d pdb
324,g,39,1,3,d1x6aa2,Glucocorticoid receptor-like (DNA-binding domain),Glucocorticoid receptor-like (DNA-binding domain),1.17,0.32,text 3d pdb
325,d,58,17,1,d3i9za_,Ferredoxin-like,HMA heavy metal-associated domain,2.30,0.32,text 3d pdb
326,g,7,1,1,d1qkea_,Snake toxin-like,Snake toxin-like,3.22,0.32,text 3d pdb
327,g,9,1,1,d2nlha_,Defensin-like,Defensin-like,3.40,0.32,text 3d pdb
328,g,24,1,1,d1du3i1,TNF receptor-like,TNF receptor-like,3.18,0.32,text 3d pdb
329,g,3,11,1,d5ky3b_,Knottins (small inhibitors toxins, lectins),EGF/Laminin,1.44,0.32,text 3d pdb
330,b,38,1,6,d3fifg1,Sm-like fold,Sm-like ribonucleoproteins,1.91,0.32,text 3d pdb
331,g,3,7,1,d1t7aa1,Knottins (small inhibitors toxins, lectins),Scorpion toxin-like,2.35,0.32,text 3d pdb
332,g,3,7,2,d1c56a_,Knottins (small inhibitors toxins, lectins),Scorpion toxin-like,3.30,0.32,text 3d pdb
333,b,4,1,0,d2q2gb1,HSP40/DnaJ peptide-binding domain,HSP40/DnaJ peptide-binding domain,3.22,0.32,text 3d pdb
334,g,9,1,1,d2nlpd_,Defensin-like,Defensin-like,3.46,0.32,text 3d pdb
335,g,9,1,1,d2nlbb_,Defensin-like,Defensin-like,3.00,0.32,text 3d pdb
336,g,24,1,1,d2h9gr1,TNF receptor-like,TNF receptor-like,3.28,0.32,text 3d pdb
337,g,7,1,1,d1qkdb_,Snake toxin-like,Snake toxin-like,2.69,0.32,text 3d pdb
338,b,34,1,1,d2dxub2,SH3-like barrel,C-terminal domain of transcriptional repressors,2.70,0.32,text 3d pdb
339,g,3,6,2,d1cixa_,Knottins (small inhibitors toxins, lectins),omega toxin-like,3.10,0.32,text 3d pdb
340,d,58,5,3,d1nh7a2,Ferredoxin-like,GlnB-like,2.88,0.32,text 3d pdb
341,g,3,7,1,d1zyva1,Knottins (small inhibitors toxins, lectins),Scorpion toxin-like,2.35,0.32,text 3d pdb
342,g,3,10,1,d1lpba2,Knottins (small inhibitors toxins, lectins),Colipase-like,3.44,0.32,text 3d pdb
343,g,7,1,1,d6ebxa_,Snake toxin-like,Snake toxin-like,3.25,0.32,text 3d pdb
344,d,58,18,9,d1zvpd2,Ferredoxin-like,ACT-like,2.54,0.32,text 3d pdb
345,g,3,7,1,d1omya_,Knottins (small inhibitors toxins, lectins),Scorpion toxin-like,2.67,0.32,text 3d pdb
346,g,9,1,1,d2nlhd_,Defensin-like,Defensin-like,3.36,0.32,text 3d pdb
347,g,3,7,1,d1zywa1,Knottins (small inhibitors toxins, lectins),Scorpion toxin-like,2.85,0.32,text 3d pdb
348,b,114,1,1,d1m1ha1,N-utilization substance G protein NusG insert domain,N-utilization substance G protein NusG insert domain,2.34,0.32,text 3d pdb
349,g,3,7,1,d1zvea1,Knottins (small inhibitors toxins, lectins),Scorpion toxin-like,2.75,0.32,text 3d pdb
350,g,7,1,1,d3eraa_,Snake toxin-like,Snake toxin-like,3.25,0.32,text 3d pdb
351,g,3,7,1,d1djta_,Knottins (small inhibitors toxins, lectins),Scorpion toxin-like,2.72,0.32,text 3d pdb
352,d,306,1,1,d2a6qd2,YefM-like,YefM-like,2.20,0.32,text 3d pdb
353,g,3,7,1,d1zuta1,Knottins (small inhibitors toxins, lectins),Scorpion toxin-like,2.86,0.32,text 3d pdb
354,g,3,7,5,d4cqkl_,Knottins (small inhibitors toxins, lectins),Scorpion toxin-like,3.53,0.32,text 3d pdb
355,b,38,1,6,d3fifh1,Sm-like fold,Sm-like ribonucleoproteins,1.96,0.32,text 3d pdb
356,g,9,1,1,d2nlfb_,Defensin-like,Defensin-like,3.60,0.32,text 3d pdb
357,g,3,7,1,d1chza_,Knottins (small inhibitors toxins, lectins),Scorpion toxin-like,3.03,0.32,text 3d pdb
358,g,3,1,2,d1mmca_,Knottins (small inhibitors toxins, lectins),Plant lectins/antimicrobial peptides,2.09,0.32,text 3d pdb
359,g,69,1,1,d1ytpa_,Plant proteinase inhibitors,Plant proteinase inhibitors,2.55,0.32,text 3d pdb
360,g,8,1,1,d5c67e1,BPTI-like,BPTI-like,2.31,0.32,text 3d pdb
361,g,3,7,1,d1zu3a_,Knottins (small inhibitors toxins, lectins),Scorpion toxin-like,2.71,0.32,text 3d pdb
362,g,7,1,1,d3ebxa_,Snake toxin-like,Snake toxin-like,3.24,0.32,text 3d pdb
363,g,7,1,1,d6ebxb_,Snake toxin-like,Snake toxin-like,3.31,0.32,text 3d pdb
364,g,24,1,1,d1du3b1,TNF receptor-like,TNF receptor-like,2.79,0.32,text 3d pdb
365,g,3,7,2,d1c55a_,Knottins (small inhibitors toxins, lectins),Scorpion toxin-like,3.36,0.32,text 3d pdb
366,g,9,1,1,d2nlca_,Defensin-like,Defensin-like,3.49,0.32,text 3d pdb
367,g,7,1,1,d1fraa_,Snake toxin-like,Snake toxin-like,3.53,0.32,text 3d pdb
368,g,9,1,1,d2nlcc_,Defensin-like,Defensin-like,3.30,0.32,text 3d pdb
369,b,38,1,6,d3fiff1,Sm-like fold,Sm-like ribonucleoproteins,1.99,0.32,text 3d pdb
370,g,3,6,2,d1niya_,Knottins (small inhibitors toxins, lectins),omega toxin-like,2.89,0.32,text 3d pdb
371,g,9,1,1,d2nldb_,Defensin-like,Defensin-like,3.63,0.32,text 3d pdb
372,g,3,7,5,d4cqkd_,Knottins (small inhibitors toxins, lectins),Scorpion toxin-like,3.59,0.32,text 3d pdb
373,g,3,7,5,d4cqkm_,Knottins (small inhibitors toxins, lectins),Scorpion toxin-like,3.53,0.32,text 3d pdb
374,g,7,1,3,d2fd6u1,Snake toxin-like,Snake toxin-like,3.05,0.32,text 3d pdb
375,g,9,1,1,d2nlqd_,Defensin-like,Defensin-like,3.09,0.32,text 3d pdb
376,b,34,13,1,d5ufqc_,SH3-like barrel,Chromo domain-like,2.80,0.32,text 3d pdb
377,g,41,9,2,d3cqzl1,Rubredoxin-like,RNA polymerase subunits,2.37,0.32,text 3d pdb
378,d,76,2,1,d2v0ea1,GYF/BRK domain-like,BRK domain-like,2.35,0.32,text 3d pdb
379,d,241,1,1,d1k8ba_,Ribosome binding domain-like,Translation initiation factor 2 beta aIF2beta, N-terminal domain,2.65,0.32,text 3d pdb
380,g,3,6,5,d1xj1a_,Knottins (small inhibitors toxins, lectins),omega toxin-like,2.88,0.32,text 3d pdb
381,g,69,1,1,d4sgbi_,Plant proteinase inhibitors,Plant proteinase inhibitors,1.96,0.32,text 3d pdb
382,g,3,1,1,d1enma1,Knottins (small inhibitors toxins, lectins),Plant lectins/antimicrobial peptides,3.25,0.32,text 3d pdb
383,g,9,1,1,d2nlcd_,Defensin-like,Defensin-like,3.27,0.32,text 3d pdb
384,g,9,1,1,d2nlfa_,Defensin-like,Defensin-like,3.61,0.32,text 3d pdb
385,g,3,7,1,d1djtb_,Knottins (small inhibitors toxins, lectins),Scorpion toxin-like,2.79,0.32,text 3d pdb
386,d,51,1,1,d1j4wa1,Eukaryotic type KH-domain (KH-domain type I),Eukaryotic type KH-domain (KH-domain type I),2.50,0.32,text 3d pdb
387,g,9,1,1,d2nlea_,Defensin-like,Defensin-like,3.33,0.32,text 3d pdb
388,d,58,17,1,d2qifb_,Ferredoxin-like,HMA heavy metal-associated domain,2.60,0.32,text 3d pdb
389,g,27,1,1,d1o9aa2,FnI-like domain,FnI-like domain,3.21,0.32,text 3d pdb
390,g,9,1,1,d1fqqa_,Defensin-like,Defensin-like,3.78,0.32,text 3d pdb
391,b,122,1,2,d1vhkb1,PUA domain-like,PUA domain-like,1.91,0.32,text 3d pdb
392,g,3,7,4,d1myna_,Knottins (small inhibitors toxins, lectins),Scorpion toxin-like,2.94,0.32,text 3d pdb
393,d,58,17,1,d4a46c_,Ferredoxin-like,HMA heavy metal-associated domain,2.13,0.32,text 3d pdb
394,d,58,17,1,d2xmub_,Ferredoxin-like,HMA heavy metal-associated domain,2.38,0.31,text 3d pdb
395,g,3,11,0,d2fd6a1,Knottins (small inhibitors toxins, lectins),EGF/Laminin,1.79,0.31,text 3d pdb
396,g,3,6,2,d1kqha_,Knottins (small inhibitors toxins, lectins),omega toxin-like,2.96,0.31,text 3d pdb
397,d,7,1,1,d1e0ga_,LysM domain,LysM domain,3.03,0.31,text 3d pdb
398,g,7,1,1,d1v6pb_,Snake toxin-like,Snake toxin-like,2.77,0.31,text 3d pdb
399,d,58,17,1,d2xmua_,Ferredoxin-like,HMA heavy metal-associated domain,2.44,0.31,text 3d pdb
400,d,81,1,3,d1jkfa2,FwdE/GAPDH domain-like,Glyceraldehyde-3-phosphate dehydrogenase-like C-terminal domain,2.50,0.31,text 3d pdb
401,b,1,1,2,d4nhua2,Immunoglobulin-like beta-sandwich,Immunoglobulin,2.88,0.31,text 3d pdb
402,d,26,3,1,d1xrva2,FKBP-like,Chitinase insertion domain,2.72,0.31,text 3d pdb
403,b,38,1,6,d2rd1a1,Sm-like fold,Sm-like ribonucleoproteins,2.19,0.31,text 3d pdb
404,d,7,1,0,d4uz2c1,LysM domain,LysM domain,3.74,0.31,text 3d pdb
405,d,26,3,1,d2g41a2,FKBP-like,Chitinase insertion domain,2.73,0.31,text 3d pdb
406,d,58,17,1,d4a46d_,Ferredoxin-like,HMA heavy metal-associated domain,2.24,0.31,text 3d pdb
407,g,9,1,1,d1ijva_,Defensin-like,Defensin-like,3.29,0.31,text 3d pdb
408,g,3,8,1,d1azja_,Knottins (small inhibitors toxins, lectins),Cellulose-binding domain,2.94,0.31,text 3d pdb
409,b,35,1,1,d1wnrf_,GroES-like,GroES-like,3.10,0.31,text 3d pdb
410,d,58,17,1,d4a47a_,Ferredoxin-like,HMA heavy metal-associated domain,2.22,0.31,text 3d pdb
411,g,3,7,4,d1ozza_,Knottins (small inhibitors toxins, lectins),Scorpion toxin-like,3.34,0.31,text 3d pdb
412,d,58,17,1,d2xmvb_,Ferredoxin-like,HMA heavy metal-associated domain,2.21,0.31,text 3d pdb
413,g,3,6,2,d2mqfa1,Knottins (small inhibitors toxins, lectins),omega toxin-like,2.66,0.31,text 3d pdb
414,d,7,1,0,d4a52a1,LysM domain,LysM domain,2.88,0.31,text 3d pdb
415,b,4,1,1,d1nlta1,HSP40/DnaJ peptide-binding domain,HSP40/DnaJ peptide-binding domain,3.21,0.31,text 3d pdb
416,d,58,17,1,d1tl4a_,Ferredoxin-like,HMA heavy metal-associated domain,2.33,0.31,text 3d pdb
417,g,7,1,1,d1nxba_,Snake toxin-like,Snake toxin-like,3.33,0.31,text 3d pdb
418,b,71,1,1,d1amya1,Glycosyl hydrolase domain,Glycosyl hydrolase domain,2.66,0.31,text 3d pdb
419,b,38,1,6,d3fifd1,Sm-like fold,Sm-like ribonucleoproteins,1.92,0.31,text 3d pdb
420,d,26,3,1,d2aosa2,FKBP-like,Chitinase insertion domain,2.74,0.31,text 3d pdb
421,b,71,1,1,d1avaa1,Glycosyl hydrolase domain,Glycosyl hydrolase domain,2.65,0.31,text 3d pdb
422,g,18,1,1,d1hfha2,Complement control module/SCR domain,Complement control module/SCR domain,3.39,0.31,text 3d pdb
423,d,79,2,0,d4u39i2,Bacillus chorismate mutase-like,Tubulin C-terminal domain-like,2.37,0.31,text 3d pdb
424,b,38,1,2,d1kq1n_,Sm-like fold,Sm-like ribonucleoproteins,2.12,0.31,text 3d pdb
425,g,3,7,1,d1sn1a_,Knottins (small inhibitors toxins, lectins),Scorpion toxin-like,2.60,0.31,text 3d pdb
426,g,9,1,1,d1ijua_,Defensin-like,Defensin-like,3.23,0.31,text 3d pdb
427,g,3,11,1,d4fm5d1,Knottins (small inhibitors toxins, lectins),EGF/Laminin,3.23,0.31,text 3d pdb
428,d,58,17,1,d1osda_,Ferredoxin-like,HMA heavy metal-associated domain,2.20,0.31,text 3d pdb
429,d,58,17,1,d4a46a_,Ferredoxin-like,HMA heavy metal-associated domain,2.27,0.31,text 3d pdb
430,g,24,1,1,d2h9gs1,TNF receptor-like,TNF receptor-like,3.31,0.31,text 3d pdb
431,b,38,1,6,d2rd1c2,Sm-like fold,Sm-like ribonucleoproteins,2.12,0.31,text 3d pdb
432,g,3,11,1,d4rs0a1,Knottins (small inhibitors toxins, lectins),EGF/Laminin,3.25,0.31,text 3d pdb
433,d,26,3,1,d1ll6d2,FKBP-like,Chitinase insertion domain,2.98,0.31,text 3d pdb
434,d,26,3,1,d2dsva2,FKBP-like,Chitinase insertion domain,2.74,0.31,text 3d pdb
435,d,26,3,1,d1ll6a2,FKBP-like,Chitinase insertion domain,2.98,0.31,text 3d pdb
436,g,9,1,1,d2nlda_,Defensin-like,Defensin-like,3.74,0.31,text 3d pdb
437,d,58,17,1,d4a47c_,Ferredoxin-like,HMA heavy metal-associated domain,2.24,0.31,text 3d pdb
438,g,3,11,1,d1pxxa2,Knottins (small inhibitors toxins, lectins),EGF/Laminin,3.27,0.31,text 3d pdb
439,d,26,3,1,d1ll6c2,FKBP-like,Chitinase insertion domain,2.98,0.31,text 3d pdb
440,d,26,3,1,d1ll6b2,FKBP-like,Chitinase insertion domain,2.98,0.31,text 3d pdb
441,g,3,7,1,d1nrba_,Knottins (small inhibitors toxins, lectins),Scorpion toxin-like,2.85,0.31,text 3d pdb
442,g,3,11,1,d4fm5a1,Knottins (small inhibitors toxins, lectins),EGF/Laminin,3.24,0.31,text 3d pdb
443,d,26,3,1,d2b2la2,FKBP-like,Chitinase insertion domain,2.74,0.31,text 3d pdb
444,g,3,11,1,d4fm5c1,Knottins (small inhibitors toxins, lectins),EGF/Laminin,3.24,0.31,text 3d pdb
445,d,26,3,1,d2o92a2,FKBP-like,Chitinase insertion domain,2.74,0.31,text 3d pdb
446,g,3,11,1,d3ntga1,Knottins (small inhibitors toxins, lectins),EGF/Laminin,3.23,0.31,text 3d pdb
447,d,58,17,0,d2l3ma1,Ferredoxin-like,HMA heavy metal-associated domain,2.37,0.31,text 3d pdb
448,b,35,1,1,d1wnrb_,GroES-like,GroES-like,2.86,0.31,text 3d pdb
449,d,58,17,1,d2xmvc_,Ferredoxin-like,HMA heavy metal-associated domain,2.61,0.31,text 3d pdb
450,d,58,17,1,d4a47b_,Ferredoxin-like,HMA heavy metal-associated domain,2.36,0.31,text 3d pdb
451,g,7,1,1,d2mj4a_,Snake toxin-like,Snake toxin-like,3.53,0.31,text 3d pdb
452,d,58,17,1,d2xmka_,Ferredoxin-like,HMA heavy metal-associated domain,2.27,0.31,text 3d pdb
453,g,41,2,1,d1dvrb2,Rubredoxin-like,Microbial and mitochondrial ADK insert "zinc finger" domain,2.85,0.31,text 3d pdb
454,b,35,1,1,d1wnrd_,GroES-like,GroES-like,2.87,0.31,text 3d pdb
455,g,3,11,1,d4fm5b1,Knottins (small inhibitors toxins, lectins),EGF/Laminin,3.24,0.31,text 3d pdb
456,g,3,11,1,d1dx5j3,Knottins (small inhibitors toxins, lectins),EGF/Laminin,2.76,0.31,text 3d pdb
457,d,58,17,1,d2xmva_,Ferredoxin-like,HMA heavy metal-associated domain,2.55,0.31,text 3d pdb
458,g,18,1,1,d1quba1,Complement control module/SCR domain,Complement control module/SCR domain,2.61,0.31,text 3d pdb
459,g,3,11,1,d4m11a1,Knottins (small inhibitors toxins, lectins),EGF/Laminin,3.12,0.31,text 3d pdb
460,d,58,17,1,d2xmma_,Ferredoxin-like,HMA heavy metal-associated domain,2.51,0.31,text 3d pdb
461,g,7,1,1,d1v6pa_,Snake toxin-like,Snake toxin-like,2.93,0.31,text 3d pdb
462,g,41,9,2,d3s1nl_,Rubredoxin-like,RNA polymerase subunits,2.35,0.31,text 3d pdb
463,d,58,17,1,d2xmtb_,Ferredoxin-like,HMA heavy metal-associated domain,2.51,0.31,text 3d pdb
464,d,78,1,1,d2nvxe2,RPB5-like RNA polymerase subunit,RPB5-like RNA polymerase subunit,2.58,0.31,text 3d pdb
465,g,3,10,1,d1lpaa2,Knottins (small inhibitors toxins, lectins),Colipase-like,3.33,0.31,text 3d pdb
466,b,1,1,2,d2zoka1,Immunoglobulin-like beta-sandwich,Immunoglobulin,2.50,0.31,text 3d pdb
467,g,37,1,1,d2ghfa3,beta-beta-alpha zinc fingers,beta-beta-alpha zinc fingers,3.74,0.31,text 3d pdb
468,b,35,1,1,d1wnra_,GroES-like,GroES-like,2.88,0.31,text 3d pdb
469,b,1,1,2,d4en3a2,Immunoglobulin-like beta-sandwich,Immunoglobulin,2.83,0.31,text 3d pdb
470,d,58,17,1,d2xmta_,Ferredoxin-like,HMA heavy metal-associated domain,2.02,0.31,text 3d pdb
471,d,7,1,0,d4uz2d1,LysM domain,LysM domain,3.77,0.31,text 3d pdb
472,g,3,7,0,d5ncea_,Knottins (small inhibitors toxins, lectins),Scorpion toxin-like,3.40,0.31,text 3d pdb
473,d,58,17,1,d2xmkb_,Ferredoxin-like,HMA heavy metal-associated domain,2.35,0.31,text 3d pdb
474,d,58,17,1,d2xmja_,Ferredoxin-like,HMA heavy metal-associated domain,2.28,0.31,text 3d pdb
475,b,82,5,1,d4b27f_,Double-stranded beta-helix,TRAP-like,1.92,0.31,text 3d pdb
476,d,58,5,0,d5u99a2,Ferredoxin-like,GlnB-like,2.72,0.31,text 3d pdb
477,g,3,11,1,d1pxxb2,Knottins (small inhibitors toxins, lectins),EGF/Laminin,3.29,0.31,text 3d pdb
478,b,35,1,1,d1wnre_,GroES-like,GroES-like,2.89,0.31,text 3d pdb
479,d,58,17,1,d1fesa_,Ferredoxin-like,HMA heavy metal-associated domain,2.72,0.31,text 3d pdb
480,d,58,5,0,d5lhta2,Ferredoxin-like,GlnB-like,2.91,0.31,text 3d pdb
481,g,3,7,5,d1gpta_,Knottins (small inhibitors toxins, lectins),Scorpion toxin-like,3.65,0.31,text 3d pdb
482,d,26,1,0,d2p4vf2,FKBP-like,FKBP-like,2.72,0.31,text 3d pdb
483,g,7,1,1,d1g6ma_,Snake toxin-like,Snake toxin-like,3.49,0.31,text 3d pdb
484,d,7,1,0,d4a1ih1,LysM domain,LysM domain,3.48,0.31,text 3d pdb
485,d,26,1,0,d2p4va2,FKBP-like,FKBP-like,2.72,0.31,text 3d pdb
486,d,26,1,0,d2p4vc2,FKBP-like,FKBP-like,2.71,0.31,text 3d pdb
487,g,3,6,2,d1lqra_,Knottins (small inhibitors toxins, lectins),omega toxin-like,2.94,0.31,text 3d pdb
488,d,26,1,0,d2p4ve2,FKBP-like,FKBP-like,2.71,0.31,text 3d pdb
489,d,26,1,0,d2p4vb2,FKBP-like,FKBP-like,2.72,0.31,text 3d pdb
490,b,72,3,1,d1rk8c_,WW domain-like,Pym (Within the bgcn gene intron protein WIBG), N-terminal domain,2.55,0.31,text 3d pdb
491,d,26,1,0,d2p4vd2,FKBP-like,FKBP-like,2.72,0.31,text 3d pdb
492,d,7,1,0,d4pxvc_,LysM domain,LysM domain,3.32,0.31,text 3d pdb
493,g,7,1,1,d1coda_,Snake toxin-like,Snake toxin-like,3.29,0.31,text 3d pdb
494,g,7,1,0,d3hh7a_,Snake toxin-like,Snake toxin-like,3.42,0.31,text 3d pdb
495,g,3,11,1,d3ntgd1,Knottins (small inhibitors toxins, lectins),EGF/Laminin,3.26,0.31,text 3d pdb
496,d,78,1,1,d4c3he2,RPB5-like RNA polymerase subunit,RPB5-like RNA polymerase subunit,2.59,0.31,text 3d pdb
497,g,18,1,1,d1c1za1,Complement control module/SCR domain,Complement control module/SCR domain,2.57,0.31,text 3d pdb
498,g,27,1,1,d1qo6a2,FnI-like domain,FnI-like domain,3.30,0.31,text 3d pdb
499,g,9,1,2,d1z99a_,Defensin-like,Defensin-like,3.62,0.31,text 3d pdb
500,g,3,11,1,d1pxxc2,Knottins (small inhibitors toxins, lectins),EGF/Laminin,3.31,0.31,text 3d pdb
501,g,39,1,0,d2ja1a2,Glucocorticoid receptor-like (DNA-binding domain),Glucocorticoid receptor-like (DNA-binding domain),3.13,0.31,text 3d pdb
502,d,7,1,0,d4a1id1,LysM domain,LysM domain,3.53,0.31,text 3d pdb
503,g,3,11,1,d3ntgc1,Knottins (small inhibitors toxins, lectins),EGF/Laminin,3.24,0.31,text 3d pdb
504,g,3,11,1,d3ntgb1,Knottins (small inhibitors toxins, lectins),EGF/Laminin,3.26,0.31,text 3d pdb
505,b,72,1,0,d1yiua1,WW domain-like,WW domain,2.17,0.31,text 3d pdb
506,d,230,1,1,d2ja5g2,Dodecin subunit-like,N-terminal heterodimerisation domain of RBP7 (RpoE),3.13,0.31,text 3d pdb
507,d,7,1,0,d4a1ic1,LysM domain,LysM domain,3.35,0.31,text 3d pdb
508,g,3,11,1,d4m11c1,Knottins (small inhibitors toxins, lectins),EGF/Laminin,3.25,0.31,text 3d pdb
509,g,3,11,1,d4m11d1,Knottins (small inhibitors toxins, lectins),EGF/Laminin,3.25,0.31,text 3d pdb
510,g,3,6,3,d1lmra_,Knottins (small inhibitors toxins, lectins),omega toxin-like,2.65,0.31,text 3d pdb
511,d,7,1,1,d1y7ma2,LysM domain,LysM domain,3.11,0.31,text 3d pdb
512,g,7,1,1,d4om5c_,Snake toxin-like,Snake toxin-like,2.68,0.31,text 3d pdb
513,g,9,1,3,d1zlhb2,Defensin-like,Defensin-like,3.20,0.31,text 3d pdb
514,d,58,11,1,d2bv3a4,Ferredoxin-like,EF-G C-terminal domain-like,3.12,0.31,text 3d pdb
515,b,72,1,1,d2dyfa2,WW domain-like,WW domain,1.57,0.31,text 3d pdb
516,d,51,1,1,d1dtjc_,Eukaryotic type KH-domain (KH-domain type I),Eukaryotic type KH-domain (KH-domain type I),2.27,0.31,text 3d pdb
517,g,3,11,1,d4m11b1,Knottins (small inhibitors toxins, lectins),EGF/Laminin,3.26,0.31,text 3d pdb
518,d,7,1,0,d4a1ie1,LysM domain,LysM domain,3.50,0.31,text 3d pdb
519,b,34,7,1,d1ex4b1,SH3-like barrel,DNA-binding domain of retroviral integrase,2.37,0.31,text 3d pdb
520,d,26,3,1,d1wb0a2,FKBP-like,Chitinase insertion domain,2.67,0.31,text 3d pdb
521,g,18,1,1,d1ckle1,Complement control module/SCR domain,Complement control module/SCR domain,3.01,0.31,text 3d pdb
522,g,3,11,1,d2i9ba1,Knottins (small inhibitors toxins, lectins),EGF/Laminin,1.67,0.31,text 3d pdb
523,b,82,5,1,d2exsa_,Double-stranded beta-helix,TRAP-like,2.51,0.31,text 3d pdb
524,g,18,1,1,d1ckld1,Complement control module/SCR domain,Complement control module/SCR domain,2.61,0.31,text 3d pdb
525,d,7,1,0,d4uz2b1,LysM domain,LysM domain,3.80,0.31,text 3d pdb
526,g,27,1,1,d2rkze2,FnI-like domain,FnI-like domain,2.52,0.31,text 3d pdb
527,g,7,1,0,d3hh7b_,Snake toxin-like,Snake toxin-like,3.49,0.31,text 3d pdb
528,b,1,1,2,d3bqud1,Immunoglobulin-like beta-sandwich,Immunoglobulin,2.56,0.31,text 3d pdb
529,g,18,1,1,d1ojwb1,Complement control module/SCR domain,Complement control module/SCR domain,3.17,0.30,text 3d pdb
530,g,3,11,1,d1cvub2,Knottins (small inhibitors toxins, lectins),EGF/Laminin,3.26,0.30,text 3d pdb
531,b,82,5,1,d2zd0a_,Double-stranded beta-helix,TRAP-like,2.89,0.30,text 3d pdb
532,g,3,11,1,d1cvua2,Knottins (small inhibitors toxins, lectins),EGF/Laminin,3.26,0.30,text 3d pdb
533,g,3,11,1,d2i9bb1,Knottins (small inhibitors toxins, lectins),EGF/Laminin,1.68,0.30,text 3d pdb
534,b,1,1,2,d4grmc2,Immunoglobulin-like beta-sandwich,Immunoglobulin,2.78,0.30,text 3d pdb
535,d,16,1,7,d2bi8a2,FAD-linked reductases C-terminal domain,FAD-linked reductases C-terminal domain,2.19,0.30,text 3d pdb
536,d,7,1,0,d4uz2a1,LysM domain,LysM domain,3.63,0.30,text 3d pdb
537,b,34,13,1,d4cj2d1,SH3-like barrel,Chromo domain-like,2.93,0.30,text 3d pdb
538,d,58,17,1,d2xmvd_,Ferredoxin-like,HMA heavy metal-associated domain,2.00,0.30,text 3d pdb
539,g,18,1,1,d2qzfa1,Complement control module/SCR domain,Complement control module/SCR domain,3.17,0.30,text 3d pdb
540,d,78,1,1,d2e2ie2,RPB5-like RNA polymerase subunit,RPB5-like RNA polymerase subunit,2.78,0.30,text 3d pdb
541,d,58,5,0,d5lhua2,Ferredoxin-like,GlnB-like,2.90,0.30,text 3d pdb
542,d,16,1,7,d1wama2,FAD-linked reductases C-terminal domain,FAD-linked reductases C-terminal domain,2.19,0.30,text 3d pdb
543,d,7,1,0,d4a1ib1,LysM domain,LysM domain,3.54,0.30,text 3d pdb
544,g,3,11,1,d3n8ya1,Knottins (small inhibitors toxins, lectins),EGF/Laminin,3.34,0.30,text 3d pdb
545,d,7,1,0,d4a1ig1,LysM domain,LysM domain,3.12,0.30,text 3d pdb
546,d,7,1,0,d4pxvd_,LysM domain,LysM domain,3.61,0.30,text 3d pdb
547,d,7,1,0,d4a1ia1,LysM domain,LysM domain,3.53,0.30,text 3d pdb
548,d,16,1,7,d2bi7a2,FAD-linked reductases C-terminal domain,FAD-linked reductases C-terminal domain,2.20,0.30,text 3d pdb
549,d,58,5,0,d2vd3a2,Ferredoxin-like,GlnB-like,2.77,0.30,text 3d pdb
550,g,59,1,1,d1k81a_,Zinc-binding domain of translation initiation factor 2 beta,Zinc-binding domain of translation initiation factor 2 beta,2.66,0.30,text 3d pdb
551,b,34,13,1,d1wd1a_,SH3-like barrel,Chromo domain-like,3.00,0.30,text 3d pdb
552,b,1,1,0,d4pjic2,Immunoglobulin-like beta-sandwich,Immunoglobulin,2.79,0.30,text 3d pdb
553,d,16,1,7,d1i8tb2,FAD-linked reductases C-terminal domain,FAD-linked reductases C-terminal domain,3.21,0.30,text 3d pdb
554,b,71,1,1,d1qi4a1,Glycosyl hydrolase domain,Glycosyl hydrolase domain,2.72,0.30,text 3d pdb
555,g,7,1,1,d1jgka_,Snake toxin-like,Snake toxin-like,3.47,0.30,text 3d pdb
556,g,3,11,1,d5coxc2,Knottins (small inhibitors toxins, lectins),EGF/Laminin,3.25,0.30,text 3d pdb
557,g,3,1,1,d2uvof1,Knottins (small inhibitors toxins, lectins),Plant lectins/antimicrobial peptides,2.51,0.30,text 3d pdb
558,d,7,1,0,d4a1ja1,LysM domain,LysM domain,3.53,0.30,text 3d pdb
559,b,71,1,1,d1jdca1,Glycosyl hydrolase domain,Glycosyl hydrolase domain,2.75,0.30,text 3d pdb
560,g,18,1,1,d1ojvb1,Complement control module/SCR domain,Complement control module/SCR domain,3.15,0.30,text 3d pdb
561,d,16,1,7,d1i8ta2,FAD-linked reductases C-terminal domain,FAD-linked reductases C-terminal domain,3.22,0.30,text 3d pdb
562,b,38,1,2,d3vu3e_,Sm-like fold,Sm-like ribonucleoproteins,2.12,0.30,text 3d pdb
563,g,3,11,1,d3pgha2,Knottins (small inhibitors toxins, lectins),EGF/Laminin,3.01,0.30,text 3d pdb
564,d,58,5,0,d4yb7l2,Ferredoxin-like,GlnB-like,2.30,0.30,text 3d pdb
565,d,40,1,1,d1hym.1,CI-2 family of serine protease inhibitors,CI-2 family of serine protease inhibitors,3.41,0.30,text 3d pdb
566,j,108,1,1,d1q69b_,Proto-oncogene tyrosine-protein kinase lck CD4/CD8 interacting region,Proto-oncogene tyrosine-protein kinase lck CD4/CD8 interacting region,2.34,0.30,text 3d pdb
567,g,3,11,1,d3pghc2,Knottins (small inhibitors toxins, lectins),EGF/Laminin,3.00,0.30,text 3d pdb
568,g,18,1,1,d1cklf1,Complement control module/SCR domain,Complement control module/SCR domain,3.07,0.30,text 3d pdb
569,g,3,7,1,d1nraa_,Knottins (small inhibitors toxins, lectins),Scorpion toxin-like,2.99,0.30,text 3d pdb
570,g,3,7,1,d1kv0a_,Knottins (small inhibitors toxins, lectins),Scorpion toxin-like,2.88,0.30,text 3d pdb
571,g,3,11,1,d5coxd2,Knottins (small inhibitors toxins, lectins),EGF/Laminin,3.26,0.30,text 3d pdb
572,d,58,5,0,d4yb7k2,Ferredoxin-like,GlnB-like,2.48,0.30,text 3d pdb
573,b,71,1,0,d3bsha2,Glycosyl hydrolase domain,Glycosyl hydrolase domain,2.60,0.30,text 3d pdb
574,b,71,1,1,d2amga1,Glycosyl hydrolase domain,Glycosyl hydrolase domain,2.73,0.30,text 3d pdb
575,d,59,1,1,d2hgq21,Ribosomal protein L30p/L7e,Ribosomal protein L30p/L7e,3.27,0.30,text 3d pdb
576,d,78,1,1,d2nvze2,RPB5-like RNA polymerase subunit,RPB5-like RNA polymerase subunit,3.10,0.30,text 3d pdb
577,g,3,1,1,d2wgcb1,Knottins (small inhibitors toxins, lectins),Plant lectins/antimicrobial peptides,2.51,0.30,text 3d pdb
578,g,3,11,1,d3pghb2,Knottins (small inhibitors toxins, lectins),EGF/Laminin,3.00,0.30,text 3d pdb
579,b,71,1,1,d1qi3a1,Glycosyl hydrolase domain,Glycosyl hydrolase domain,2.72,0.30,text 3d pdb
580,b,71,1,1,d1jdda1,Glycosyl hydrolase domain,Glycosyl hydrolase domain,2.72,0.30,text 3d pdb
581,b,82,5,1,d2exta_,Double-stranded beta-helix,TRAP-like,2.49,0.30,text 3d pdb
582,d,59,1,1,d2hgj21,Ribosomal protein L30p/L7e,Ribosomal protein L30p/L7e,3.01,0.30,text 3d pdb
583,g,18,1,1,d1ok3b1,Complement control module/SCR domain,Complement control module/SCR domain,3.16,0.30,text 3d pdb
584,g,41,2,1,d1akya2,Rubredoxin-like,Microbial and mitochondrial ADK insert "zinc finger" domain,3.00,0.30,text 3d pdb
585,b,179,1,1,d3j9ca1,Anthrax protective antigen N-terminal-like,PA14-like,2.55,0.30,text 3d pdb
586,g,3,1,1,d1wgta1,Knottins (small inhibitors toxins, lectins),Plant lectins/antimicrobial peptides,2.50,0.30,text 3d pdb
587,d,7,1,0,d5k2la_,LysM domain,LysM domain,3.60,0.30,text 3d pdb
588,g,60,1,1,d1lsla2,TSP-1 type 1 repeat,TSP-1 type 1 repeat,2.89,0.30,text 3d pdb
589,g,24,1,1,d1du3c1,TNF receptor-like,TNF receptor-like,2.97,0.30,text 3d pdb
590,b,38,1,6,d2rd1b2,Sm-like fold,Sm-like ribonucleoproteins,2.31,0.30,text 3d pdb
591,d,15,7,1,d1p7fa1,beta-Grasp (ubiquitin-like),Immunoglobulin-binding domains,3.43,0.30,text 3d pdb
592,g,39,1,14,d3e2ia2,Glucocorticoid receptor-like (DNA-binding domain),Glucocorticoid receptor-like (DNA-binding domain),3.05,0.30,text 3d pdb
593,d,7,1,0,d4a1ka1,LysM domain,LysM domain,3.62,0.30,text 3d pdb
594,g,3,11,1,d1k37a_,Knottins (small inhibitors toxins, lectins),EGF/Laminin,2.39,0.30,text 3d pdb
595,g,3,11,1,d3pghd2,Knottins (small inhibitors toxins, lectins),EGF/Laminin,3.01,0.30,text 3d pdb
596,b,1,1,3,d1p53a1,Immunoglobulin-like beta-sandwich,Immunoglobulin,2.62,0.30,text 3d pdb
597,b,1,1,3,d1z7zi2,Immunoglobulin-like beta-sandwich,Immunoglobulin,2.62,0.30,text 3d pdb
598,g,3,11,1,d3bt2a1,Knottins (small inhibitors toxins, lectins),EGF/Laminin,2.40,0.30,text 3d pdb
599,g,3,11,1,d3u73a1,Knottins (small inhibitors toxins, lectins),EGF/Laminin,1.69,0.30,text 3d pdb
600,b,71,1,1,d1qi5a1,Glycosyl hydrolase domain,Glycosyl hydrolase domain,2.72,0.30,text 3d pdb
601,d,7,1,0,d4uz3a1,LysM domain,LysM domain,3.76,0.30,text 3d pdb
602,g,7,1,1,d1je9a_,Snake toxin-like,Snake toxin-like,3.02,0.30,text 3d pdb
603,g,3,1,1,d1wgcb1,Knottins (small inhibitors toxins, lectins),Plant lectins/antimicrobial peptides,2.49,0.30,text 3d pdb
604,b,49,1,0,d3vr2e1,Domain of alpha and beta subunits of F1 ATP synthase-like,N-terminal domain of alpha and beta (or A/B) subunits of rotary ATPases,3.05,0.30,text 3d pdb
605,g,27,1,1,d1tpga2,FnI-like domain,FnI-like domain,3.04,0.30,text 3d pdb
606,b,1,1,3,d1p53b1,Immunoglobulin-like beta-sandwich,Immunoglobulin,2.60,0.30,text 3d pdb
607,g,30,1,1,d2abze_,Carboxypeptidase inhibitor,Carboxypeptidase inhibitor,3.17,0.30,text 3d pdb
608,g,27,1,1,d1o9aa1,FnI-like domain,FnI-like domain,2.70,0.30,text 3d pdb
609,d,58,8,1,d1by9a_,Ferredoxin-like,Viral DNA-binding domain,2.75,0.30,text 3d pdb
610,g,18,1,1,d1ok1b1,Complement control module/SCR domain,Complement control module/SCR domain,3.18,0.30,text 3d pdb
611,d,58,1,1,d1fcaa_,Ferredoxin-like,4Fe-4S ferredoxins,2.61,0.30,text 3d pdb
612,d,78,1,1,d2e2he2,RPB5-like RNA polymerase subunit,RPB5-like RNA polymerase subunit,3.17,0.30,text 3d pdb
613,g,18,1,1,d1ok2b1,Complement control module/SCR domain,Complement control module/SCR domain,3.20,0.30,text 3d pdb
614,g,69,1,1,d2jyya_,Plant proteinase inhibitors,Plant proteinase inhibitors,2.98,0.30,text 3d pdb
615,g,18,1,1,d2o39d1,Complement control module/SCR domain,Complement control module/SCR domain,3.15,0.30,text 3d pdb
616,g,18,1,1,d1cklb1,Complement control module/SCR domain,Complement control module/SCR domain,3.11,0.30,text 3d pdb
617,b,38,1,6,d2ra2a1,Sm-like fold,Sm-like ribonucleoproteins,2.52,0.30,text 3d pdb
618,g,3,1,0,d2uwza1,Knottins (small inhibitors toxins, lectins),Plant lectins/antimicrobial peptides,2.53,0.30,text 3d pdb
619,g,9,1,1,d1kj6a_,Defensin-like,Defensin-like,3.52,0.30,text 3d pdb
620,g,9,1,1,d1e4ta_,Defensin-like,Defensin-like,2.97,0.30,text 3d pdb
621,g,18,1,1,d1ok9b1,Complement control module/SCR domain,Complement control module/SCR domain,3.19,0.30,text 3d pdb
622,b,1,1,2,d3i02c2,Immunoglobulin-like beta-sandwich,Immunoglobulin,2.45,0.30,text 3d pdb
623,g,18,1,1,d1ok3a1,Complement control module/SCR domain,Complement control module/SCR domain,3.17,0.30,text 3d pdb
624,b,71,1,1,d1gcya1,Glycosyl hydrolase domain,Glycosyl hydrolase domain,2.76,0.30,text 3d pdb
625,g,12,1,1,d2gtln2,LDL receptor-like module,LDL receptor-like module,2.63,0.30,text 3d pdb
626,g,18,1,1,d1ojyd1,Complement control module/SCR domain,Complement control module/SCR domain,3.22,0.30,text 3d pdb
627,b,72,1,1,d2ho2a1,WW domain-like,WW domain,2.67,0.30,text 3d pdb
628,d,7,1,0,d4a1if1,LysM domain,LysM domain,3.38,0.30,text 3d pdb
629,b,38,1,0,d5caib_,Sm-like fold,Sm-like ribonucleoproteins,3.30,0.30,text 3d pdb
630,d,78,1,1,d2nvte2,RPB5-like RNA polymerase subunit,RPB5-like RNA polymerase subunit,2.86,0.30,text 3d pdb
631,d,47,1,1,d1yl3l2,Ribosomal L11/L12e N-terminal domain,Ribosomal L11/L12e N-terminal domain,3.59,0.30,text 3d pdb
632,g,41,9,3,d1ryqa1,Rubredoxin-like,RNA polymerase subunits,3.21,0.30,text 3d pdb
633,g,3,11,1,d3n8wa1,Knottins (small inhibitors toxins, lectins),EGF/Laminin,3.32,0.30,text 3d pdb
634,b,34,7,1,d1qmcb1,SH3-like barrel,DNA-binding domain of retroviral integrase,2.95,0.30,text 3d pdb
635,b,34,7,1,d1qmca1,SH3-like barrel,DNA-binding domain of retroviral integrase,2.95,0.30,text 3d pdb
636,b,34,9,1,d5j26a1,SH3-like barrel,Tudor/PWWP/MBT,3.28,0.30,text 3d pdb
637,g,3,11,1,d6coxb2,Knottins (small inhibitors toxins, lectins),EGF/Laminin,2.99,0.30,text 3d pdb
638,b,72,1,1,d2zqua1,WW domain-like,WW domain,2.46,0.30,text 3d pdb
639,g,27,1,1,d1qgba1,FnI-like domain,FnI-like domain,3.44,0.30,text 3d pdb
640,b,1,24,1,d1xaka_,Immunoglobulin-like beta-sandwich,Accessory protein X4 (ORF8 ORF7a),3.09,0.30,text 3d pdb
641,b,72,1,1,d2zqsa1,WW domain-like,WW domain,2.48,0.30,text 3d pdb
642,g,7,1,1,d1ntxa_,Snake toxin-like,Snake toxin-like,3.81,0.30,text 3d pdb
643,b,34,13,2,d3f2ua1,SH3-like barrel,Chromo domain-like,2.80,0.30,text 3d pdb
644,g,18,1,1,d1cklc1,Complement control module/SCR domain,Complement control module/SCR domain,3.12,0.30,text 3d pdb
645,g,18,1,1,d1ok9a2,Complement control module/SCR domain,Complement control module/SCR domain,2.95,0.30,text 3d pdb
646,g,3,11,0,d5ky0b_,Knottins (small inhibitors toxins, lectins),EGF/Laminin,2.04,0.30,text 3d pdb
647,d,7,1,0,d4a1jb1,LysM domain,LysM domain,3.54,0.30,text 3d pdb
648,b,71,1,1,d1ht6a1,Glycosyl hydrolase domain,Glycosyl hydrolase domain,2.63,0.30,text 3d pdb
649,b,72,1,0,d2l5fa1,WW domain-like,WW domain,2.94,0.30,text 3d pdb
650,d,58,17,0,d5u9mb1,Ferredoxin-like,HMA heavy metal-associated domain,2.43,0.30,text 3d pdb
651,d,78,1,0,d3m3ye2,RPB5-like RNA polymerase subunit,RPB5-like RNA polymerase subunit,2.87,0.30,text 3d pdb
652,b,34,7,1,d1ex4a1,SH3-like barrel,DNA-binding domain of retroviral integrase,4.09,0.30,text 3d pdb
653,d,7,1,1,d1y7mb2,LysM domain,LysM domain,3.27,0.30,text 3d pdb
654,g,3,6,1,d1ag7a_,Knottins (small inhibitors toxins, lectins),omega toxin-like,3.18,0.30,text 3d pdb
655,g,3,11,1,d1cx2b2,Knottins (small inhibitors toxins, lectins),EGF/Laminin,3.00,0.30,text 3d pdb
656,g,69,1,1,d1fyba2,Plant proteinase inhibitors,Plant proteinase inhibitors,2.16,0.30,text 3d pdb
657,g,3,11,1,d1cx2a2,Knottins (small inhibitors toxins, lectins),EGF/Laminin,3.00,0.30,text 3d pdb
658,g,18,1,1,d1ckla1,Complement control module/SCR domain,Complement control module/SCR domain,3.16,0.30,text 3d pdb
659,g,3,11,1,d1xkal1,Knottins (small inhibitors toxins, lectins),EGF/Laminin,2.67,0.30,text 3d pdb
660,g,3,4,2,d1q3ja_,Knottins (small inhibitors toxins, lectins),Gurmarin-like,3.57,0.30,text 3d pdb
661,d,78,1,1,d3s14e2,RPB5-like RNA polymerase subunit,RPB5-like RNA polymerase subunit,3.19,0.30,text 3d pdb
662,d,78,1,1,d2nvqe2,RPB5-like RNA polymerase subunit,RPB5-like RNA polymerase subunit,2.87,0.30,text 3d pdb
663,d,7,1,0,d4pxva_,LysM domain,LysM domain,3.29,0.30,text 3d pdb
664,d,7,1,0,d4uz3b1,LysM domain,LysM domain,3.73,0.30,text 3d pdb
665,g,3,11,1,d1cx2c2,Knottins (small inhibitors toxins, lectins),EGF/Laminin,3.00,0.30,text 3d pdb
666,d,58,7,1,d1cvjb2,Ferredoxin-like,RNA-binding domain RBD,2.43,0.30,text 3d pdb
667,g,3,11,1,d1cx2d2,Knottins (small inhibitors toxins, lectins),EGF/Laminin,3.00,0.30,text 3d pdb
668,g,18,1,1,d1ojva1,Complement control module/SCR domain,Complement control module/SCR domain,3.17,0.30,text 3d pdb
669,d,7,1,0,d4uz3c_,LysM domain,LysM domain,3.61,0.30,text 3d pdb
670,b,72,1,1,d2zr5a1,WW domain-like,WW domain,2.51,0.30,text 3d pdb
671,g,9,1,3,d1zlib2,Defensin-like,Defensin-like,3.59,0.30,text 3d pdb
672,d,78,1,1,d2yu9e2,RPB5-like RNA polymerase subunit,RPB5-like RNA polymerase subunit,3.12,0.30,text 3d pdb
673,g,3,11,1,d4coxc2,Knottins (small inhibitors toxins, lectins),EGF/Laminin,3.27,0.30,text 3d pdb
674,g,27,1,1,d1e88a3,FnI-like domain,FnI-like domain,3.35,0.30,text 3d pdb
675,g,18,1,1,d1ojyb1,Complement control module/SCR domain,Complement control module/SCR domain,3.24,0.30,text 3d pdb
676,g,27,1,1,d1fbra1,FnI-like domain,FnI-like domain,3.37,0.30,text 3d pdb
677,b,1,1,2,d5m00g2,Immunoglobulin-like beta-sandwich,Immunoglobulin,2.94,0.30,text 3d pdb
678,d,58,7,1,d3d2wa1,Ferredoxin-like,RNA-binding domain RBD,3.10,0.30,text 3d pdb
679,d,78,1,1,d1twce2,RPB5-like RNA polymerase subunit,RPB5-like RNA polymerase subunit,3.21,0.30,text 3d pdb
680,g,18,1,1,d1ojya1,Complement control module/SCR domain,Complement control module/SCR domain,3.21,0.30,text 3d pdb
681,g,3,11,1,d4coxa2,Knottins (small inhibitors toxins, lectins),EGF/Laminin,3.28,0.30,text 3d pdb
682,d,58,1,1,d2fdna_,Ferredoxin-like,4Fe-4S ferredoxins,2.46,0.30,text 3d pdb
683,b,38,1,2,d2ylbb_,Sm-like fold,Sm-like ribonucleoproteins,2.05,0.30,text 3d pdb
684,g,18,1,1,d1ojwa1,Complement control module/SCR domain,Complement control module/SCR domain,3.34,0.30,text 3d pdb
685,g,18,1,1,d1ojyc1,Complement control module/SCR domain,Complement control module/SCR domain,3.22,0.30,text 3d pdb
686,d,78,1,1,d4c2me2,RPB5-like RNA polymerase subunit,RPB5-like RNA polymerase subunit,2.86,0.30,text 3d pdb
687,g,18,1,1,d1ojyd2,Complement control module/SCR domain,Complement control module/SCR domain,3.23,0.30,text 3d pdb
688,b,34,2,1,d1g2ba_,SH3-like barrel,SH3-domain,3.00,0.30,text 3d pdb
689,g,18,1,1,d1ojyc2,Complement control module/SCR domain,Complement control module/SCR domain,3.23,0.30,text 3d pdb
690,d,58,17,0,d2rsqa_,Ferredoxin-like,HMA heavy metal-associated domain,2.77,0.30,text 3d pdb
691,g,3,7,2,d2mlaa_,Knottins (small inhibitors toxins, lectins),Scorpion toxin-like,2.84,0.30,text 3d pdb
692,d,78,1,0,d3rzoe2,RPB5-like RNA polymerase subunit,RPB5-like RNA polymerase subunit,3.20,0.30,text 3d pdb
693,d,58,8,1,d1jj4a1,Ferredoxin-like,Viral DNA-binding domain,3.02,0.30,text 3d pdb
694,d,15,7,1,d1qkza_,beta-Grasp (ubiquitin-like),Immunoglobulin-binding domains,3.57,0.30,text 3d pdb
695,g,3,11,1,d4coxb2,Knottins (small inhibitors toxins, lectins),EGF/Laminin,3.27,0.30,text 3d pdb
696,d,78,1,1,d1k83e2,RPB5-like RNA polymerase subunit,RPB5-like RNA polymerase subunit,2.87,0.30,text 3d pdb
697,g,18,1,1,d1ok2a2,Complement control module/SCR domain,Complement control module/SCR domain,2.96,0.30,text 3d pdb
698,d,68,3,3,d1je3a1,IF3-like,SirA-like,2.79,0.30,text 3d pdb
699,g,3,7,2,d1pjva_,Knottins (small inhibitors toxins, lectins),Scorpion toxin-like,1.83,0.30,text 3d pdb
700,b,49,1,0,d2rkwb1,Domain of alpha and beta subunits of F1 ATP synthase-like,N-terminal domain of alpha and beta (or A/B) subunits of rotary ATPases,3.54,0.30,text 3d pdb
701,d,58,5,0,d4yb7c2,Ferredoxin-like,GlnB-like,2.64,0.30,text 3d pdb
702,b,38,1,2,d1u1sc_,Sm-like fold,Sm-like ribonucleoproteins,2.08,0.30,text 3d pdb
703,g,3,11,1,d3n8yb1,Knottins (small inhibitors toxins, lectins),EGF/Laminin,3.32,0.30,text 3d pdb
704,g,3,11,1,d4coxd2,Knottins (small inhibitors toxins, lectins),EGF/Laminin,3.28,0.30,text 3d pdb
705,g,18,1,1,d1ojva2,Complement control module/SCR domain,Complement control module/SCR domain,2.95,0.30,text 3d pdb
706,g,7,1,1,d1nora_,Snake toxin-like,Snake toxin-like,3.26,0.30,text 3d pdb
707,g,3,1,1,d4amla2,Knottins (small inhibitors toxins, lectins),Plant lectins/antimicrobial peptides,2.75,0.30,text 3d pdb
708,d,78,1,1,d1i50e2,RPB5-like RNA polymerase subunit,RPB5-like RNA polymerase subunit,2.89,0.30,text 3d pdb
709,g,18,1,1,d2ersa1,Complement control module/SCR domain,Complement control module/SCR domain,3.41,0.30,text 3d pdb
710,d,230,3,1,d2fk1a1,Dodecin subunit-like,Amyloid beta a4 protein copper binding domain (domain 2),3.04,0.30,text 3d pdb
711,g,27,1,0,d2ckua2,FnI-like domain,FnI-like domain,1.63,0.30,text 3d pdb
712,g,3,16,1,d1i8ya_,Knottins (small inhibitors toxins, lectins),Granulin repeat,1.91,0.30,text 3d pdb
713,b,71,1,1,d1rp9a1,Glycosyl hydrolase domain,Glycosyl hydrolase domain,3.11,0.30,text 3d pdb
714,g,18,1,1,d1ok1a1,Complement control module/SCR domain,Complement control module/SCR domain,3.19,0.30,text 3d pdb
715,b,82,5,1,d4b27c_,Double-stranded beta-helix,TRAP-like,2.67,0.30,text 3d pdb
716,d,78,1,1,d4c2mt2,RPB5-like RNA polymerase subunit,RPB5-like RNA polymerase subunit,2.87,0.30,text 3d pdb
717,d,59,1,1,d1bxyb_,Ribosomal protein L30p/L7e,Ribosomal protein L30p/L7e,2.84,0.30,text 3d pdb
718,b,82,5,1,d4b27a_,Double-stranded beta-helix,TRAP-like,2.89,0.30,text 3d pdb
719,b,72,1,1,d2zr4a1,WW domain-like,WW domain,2.49,0.30,text 3d pdb
720,g,3,1,1,d1wgtb2,Knottins (small inhibitors toxins, lectins),Plant lectins/antimicrobial peptides,3.61,0.30,text 3d pdb
721,d,26,1,2,d2etna2,FKBP-like,FKBP-like,2.91,0.30,text 3d pdb
722,g,18,1,1,d1ok2a1,Complement control module/SCR domain,Complement control module/SCR domain,3.21,0.30,text 3d pdb
723,g,3,11,1,d1ht8a2,Knottins (small inhibitors toxins, lectins),EGF/Laminin,3.10,0.30,text 3d pdb
724,g,18,1,1,d1ok9b2,Complement control module/SCR domain,Complement control module/SCR domain,2.94,0.30,text 3d pdb
725,b,72,1,1,d1pina1,WW domain-like,WW domain,2.64,0.30,text 3d pdb
726,g,26,1,1,d1afpa_,Antifungal protein (AGAFP),Antifungal protein (AGAFP),4.04,0.30,text 3d pdb
727,d,78,1,1,d2b63e2,RPB5-like RNA polymerase subunit,RPB5-like RNA polymerase subunit,3.27,0.30,text 3d pdb
728,g,18,1,1,d1ok3a2,Complement control module/SCR domain,Complement control module/SCR domain,2.96,0.30,text 3d pdb
729,b,34,13,1,d1wtqa_,SH3-like barrel,Chromo domain-like,3.08,0.30,text 3d pdb
730,g,3,1,1,d2uwga2,Knottins (small inhibitors toxins, lectins),Plant lectins/antimicrobial peptides,2.76,0.30,text 3d pdb
731,g,18,1,1,d1ok9a1,Complement control module/SCR domain,Complement control module/SCR domain,3.21,0.30,text 3d pdb
732,b,82,5,1,d4b27b_,Double-stranded beta-helix,TRAP-like,2.67,0.30,text 3d pdb
733,b,34,9,1,d1ssfa1,SH3-like barrel,Tudor/PWWP/MBT,3.44,0.30,text 3d pdb
734,b,82,5,1,d4b27e_,Double-stranded beta-helix,TRAP-like,2.69,0.30,text 3d pdb
735,d,97,1,1,d2assc_,Cell cycle regulatory proteins,Cell cycle regulatory proteins,2.86,0.30,text 3d pdb
736,b,34,2,0,d2knbb_,SH3-like barrel,SH3-domain,2.62,0.30,text 3d pdb
737,b,82,5,1,d3zzsd_,Double-stranded beta-helix,TRAP-like,2.48,0.30,text 3d pdb
738,d,78,1,0,d3s1me2,RPB5-like RNA polymerase subunit,RPB5-like RNA polymerase subunit,3.24,0.30,text 3d pdb
739,d,7,1,0,d4uz2d2,LysM domain,LysM domain,3.76,0.30,text 3d pdb
740,d,40,1,1,d1tina_,CI-2 family of serine protease inhibitors,CI-2 family of serine protease inhibitors,3.60,0.30,text 3d pdb
741,d,7,1,0,d4pxvb_,LysM domain,LysM domain,3.67,0.30,text 3d pdb
742,b,82,5,1,d3zzsa_,Double-stranded beta-helix,TRAP-like,2.52,0.30,text 3d pdb
743,b,38,1,2,d2ylca_,Sm-like fold,Sm-like ribonucleoproteins,2.04,0.30,text 3d pdb
744,j,3,1,6,d1kfpa_,Antimicrobial beta-hairpin,Antimicrobial beta-hairpin,1.63,0.29,text 3d pdb
745,b,34,1,1,d2ejfb1,SH3-like barrel,C-terminal domain of transcriptional repressors,2.78,0.29,text 3d pdb
746,g,41,9,3,d3p8bc_,Rubredoxin-like,RNA polymerase subunits,2.96,0.29,text 3d pdb
747,d,58,5,0,d4yb7d2,Ferredoxin-like,GlnB-like,2.54,0.29,text 3d pdb
748,d,97,1,1,d2astc_,Cell cycle regulatory proteins,Cell cycle regulatory proteins,2.77,0.29,text 3d pdb
749,g,60,1,1,d3r6ba2,TSP-1 type 1 repeat,TSP-1 type 1 repeat,2.84,0.29,text 3d pdb
750,g,27,1,1,d1e8ba3,FnI-like domain,FnI-like domain,3.35,0.29,text 3d pdb
751,b,82,5,1,d4b27d_,Double-stranded beta-helix,TRAP-like,2.68,0.29,text 3d pdb
752,d,78,1,1,d1twae2,RPB5-like RNA polymerase subunit,RPB5-like RNA polymerase subunit,3.12,0.29,text 3d pdb
753,g,18,1,1,d1ok1a2,Complement control module/SCR domain,Complement control module/SCR domain,2.98,0.29,text 3d pdb
754,d,58,5,0,d3dfef_,Ferredoxin-like,GlnB-like,2.78,0.29,text 3d pdb
755,g,3,1,1,d2uvof2,Knottins (small inhibitors toxins, lectins),Plant lectins/antimicrobial peptides,2.78,0.29,text 3d pdb
756,g,3,11,0,d2oyep2,Knottins (small inhibitors toxins, lectins),EGF/Laminin,3.07,0.29,text 3d pdb
757,b,34,2,1,d1tuda_,SH3-like barrel,SH3-domain,2.90,0.29,text 3d pdb
758,g,41,9,3,d3p8ba_,Rubredoxin-like,RNA polymerase subunits,2.97,0.29,text 3d pdb
759,g,18,1,1,d1ojya2,Complement control module/SCR domain,Complement control module/SCR domain,3.30,0.29,text 3d pdb
760,g,18,1,1,d1ojyb2,Complement control module/SCR domain,Complement control module/SCR domain,3.30,0.29,text 3d pdb
761,b,38,1,2,d4j6xd_,Sm-like fold,Sm-like ribonucleoproteins,2.10,0.29,text 3d pdb
762,b,38,1,2,d3qsui_,Sm-like fold,Sm-like ribonucleoproteins,2.17,0.29,text 3d pdb
763,b,72,1,1,d2mwea_,WW domain-like,WW domain,2.00,0.29,text 3d pdb
764,d,58,56,0,d4p7tc_,Ferredoxin-like,CcmK-like,2.60,0.29,text 3d pdb
765,b,82,5,1,d3zzsg_,Double-stranded beta-helix,TRAP-like,2.53,0.29,text 3d pdb
766,g,18,1,1,d1ojvb2,Complement control module/SCR domain,Complement control module/SCR domain,2.98,0.29,text 3d pdb
767,d,59,1,1,d2j0331,Ribosomal protein L30p/L7e,Ribosomal protein L30p/L7e,2.90,0.29,text 3d pdb
768,d,59,1,1,d2j0131,Ribosomal protein L30p/L7e,Ribosomal protein L30p/L7e,2.89,0.29,text 3d pdb
769,d,78,1,1,d1i3qe2,RPB5-like RNA polymerase subunit,RPB5-like RNA polymerase subunit,2.93,0.29,text 3d pdb
770,g,18,1,1,d1ojwa2,Complement control module/SCR domain,Complement control module/SCR domain,3.16,0.29,text 3d pdb
771,g,18,1,1,d1ok3b2,Complement control module/SCR domain,Complement control module/SCR domain,3.00,0.29,text 3d pdb
772,d,78,1,1,d2nvye2,RPB5-like RNA polymerase subunit,RPB5-like RNA polymerase subunit,2.86,0.29,text 3d pdb
773,d,97,1,1,d4yc6h_,Cell cycle regulatory proteins,Cell cycle regulatory proteins,3.11,0.29,text 3d pdb
774,g,18,1,1,d1ok1b2,Complement control module/SCR domain,Complement control module/SCR domain,3.01,0.29,text 3d pdb
775,g,3,11,1,d1eqha2,Knottins (small inhibitors toxins, lectins),EGF/Laminin,3.10,0.29,text 3d pdb
776,b,71,1,1,d2qpub1,Glycosyl hydrolase domain,Glycosyl hydrolase domain,2.69,0.29,text 3d pdb
777,d,78,1,1,d1twfe2,RPB5-like RNA polymerase subunit,RPB5-like RNA polymerase subunit,2.95,0.29,text 3d pdb
778,g,9,1,3,d3d4ub2,Defensin-like,Defensin-like,3.58,0.29,text 3d pdb
779,b,1,1,2,d4nhuc2,Immunoglobulin-like beta-sandwich,Immunoglobulin,2.72,0.29,text 3d pdb
780,g,3,11,1,d1eqhb2,Knottins (small inhibitors toxins, lectins),EGF/Laminin,3.09,0.29,text 3d pdb
781,d,78,1,1,d1twge2,RPB5-like RNA polymerase subunit,RPB5-like RNA polymerase subunit,2.66,0.29,text 3d pdb
782,d,15,7,1,d5ubsa_,beta-Grasp (ubiquitin-like),Immunoglobulin-binding domains,2.72,0.29,text 3d pdb
783,g,3,1,1,d2uvob2,Knottins (small inhibitors toxins, lectins),Plant lectins/antimicrobial peptides,2.79,0.29,text 3d pdb
784,b,34,13,2,d1pdqa_,SH3-like barrel,Chromo domain-like,3.00,0.29,text 3d pdb
785,g,3,11,1,d1eqgb2,Knottins (small inhibitors toxins, lectins),EGF/Laminin,3.21,0.29,text 3d pdb
786,d,78,1,1,d1twhe2,RPB5-like RNA polymerase subunit,RPB5-like RNA polymerase subunit,3.12,0.29,text 3d pdb
787,g,3,6,2,d1ryva_,Knottins (small inhibitors toxins, lectins),omega toxin-like,3.09,0.29,text 3d pdb
788,g,3,1,1,d2uvoe2,Knottins (small inhibitors toxins, lectins),Plant lectins/antimicrobial peptides,2.80,0.29,text 3d pdb
789,g,24,1,1,d1sg1x1,TNF receptor-like,TNF receptor-like,4.01,0.29,text 3d pdb
790,d,344,1,0,d2ehoe2,GINS/PriA/YqbF domain,PriA/YqbF domain,2.34,0.29,text 3d pdb
791,d,26,1,2,d2eulb2,FKBP-like,FKBP-like,3.03,0.29,text 3d pdb
792,g,18,1,1,d1quba3,Complement control module/SCR domain,Complement control module/SCR domain,3.20,0.29,text 3d pdb
793,a,4,5,0,d4wf2a1,DNA/RNA-binding 3-helical bundle,"Winged helix" DNA-binding domain,3.01,0.29,text 3d pdb
794,b,38,1,0,d5caid_,Sm-like fold,Sm-like ribonucleoproteins,2.56,0.29,text 3d pdb
795,g,3,11,1,d1ivoc_,Knottins (small inhibitors toxins, lectins),EGF/Laminin,1.43,0.29,text 3d pdb
796,d,78,1,0,d3s1ne2,RPB5-like RNA polymerase subunit,RPB5-like RNA polymerase subunit,3.25,0.29,text 3d pdb
797,b,82,5,1,d3zzse_,Double-stranded beta-helix,TRAP-like,2.51,0.29,text 3d pdb
798,g,41,9,0,d3lpeb_,Rubredoxin-like,RNA polymerase subunits,3.01,0.29,text 3d pdb
799,g,18,1,1,d1c1za3,Complement control module/SCR domain,Complement control module/SCR domain,2.79,0.29,text 3d pdb
800,d,58,8,1,d1jjha1,Ferredoxin-like,Viral DNA-binding domain,2.98,0.29,text 3d pdb
801,b,82,5,1,d3zzsb_,Double-stranded beta-helix,TRAP-like,2.52,0.29,text 3d pdb
802,g,18,1,1,d1ok2b2,Complement control module/SCR domain,Complement control module/SCR domain,3.09,0.29,text 3d pdb
803,d,58,36,1,d1aopa1,Ferredoxin-like,Nitrite/Sulfite reductase N-terminal domain-like,2.79,0.29,text 3d pdb
804,b,82,5,1,d2exsb_,Double-stranded beta-helix,TRAP-like,2.50,0.29,text 3d pdb
805,b,82,5,1,d3zzsh_,Double-stranded beta-helix,TRAP-like,2.52,0.29,text 3d pdb
806,b,82,5,1,d2exsc_,Double-stranded beta-helix,TRAP-like,2.51,0.29,text 3d pdb
807,g,9,1,1,d1bnba_,Defensin-like,Defensin-like,3.86,0.29,text 3d pdb
808,d,58,1,1,d1fdna_,Ferredoxin-like,4Fe-4S ferredoxins,2.61,0.29,text 3d pdb
809,g,27,1,1,d2rl0f2,FnI-like domain,FnI-like domain,3.45,0.29,text 3d pdb
810,b,34,1,1,d1hxdb2,SH3-like barrel,C-terminal domain of transcriptional repressors,2.95,0.29,text 3d pdb
811,g,3,11,4,d1ceja2,Knottins (small inhibitors toxins, lectins),EGF/Laminin,3.29,0.29,text 3d pdb
812,g,3,11,0,d2oyup2,Knottins (small inhibitors toxins, lectins),EGF/Laminin,3.08,0.29,text 3d pdb
813,g,69,1,1,d2jzma_,Plant proteinase inhibitors,Plant proteinase inhibitors,2.35,0.29,text 3d pdb
814,b,82,5,1,d3zzsi_,Double-stranded beta-helix,TRAP-like,2.52,0.29,text 3d pdb
815,g,3,11,1,d1ivod_,Knottins (small inhibitors toxins, lectins),EGF/Laminin,1.46,0.29,text 3d pdb
816,b,34,2,1,d1grib2,SH3-like barrel,SH3-domain,2.24,0.29,text 3d pdb
817,a,4,5,1,d1hxda1,DNA/RNA-binding 3-helical bundle,"Winged helix" DNA-binding domain,2.64,0.29,text 3d pdb
818,g,3,1,1,d2uvoa2,Knottins (small inhibitors toxins, lectins),Plant lectins/antimicrobial peptides,2.78,0.29,text 3d pdb
819,g,41,2,1,d3akya2,Rubredoxin-like,Microbial and mitochondrial ADK insert "zinc finger" domain,3.27,0.29,text 3d pdb
820,b,38,1,1,d1n9rd_,Sm-like fold,Sm-like ribonucleoproteins,2.78,0.29,text 3d pdb
821,b,82,5,1,d3zzsc_,Double-stranded beta-helix,TRAP-like,2.53,0.29,text 3d pdb
822,b,34,2,1,d1gria2,SH3-like barrel,SH3-domain,2.18,0.29,text 3d pdb
823,b,38,1,2,d2yhtl_,Sm-like fold,Sm-like ribonucleoproteins,2.38,0.29,text 3d pdb
824,d,15,7,1,d1uwxb_,beta-Grasp (ubiquitin-like),Immunoglobulin-binding domains,3.49,0.29,text 3d pdb
825,g,27,1,1,d2rkzb1,FnI-like domain,FnI-like domain,3.23,0.29,text 3d pdb
826,g,42,1,1,d2hgu81,Ribosomal protein L36,Ribosomal protein L36,2.73,0.29,text 3d pdb
827,g,39,1,6,d1yj9u1,Glucocorticoid receptor-like (DNA-binding domain),Glucocorticoid receptor-like (DNA-binding domain),3.10,0.29,text 3d pdb
828,g,18,1,1,d1h04p2,Complement control module/SCR domain,Complement control module/SCR domain,3.25,0.29,text 3d pdb
829,b,82,5,1,d3zzsf_,Double-stranded beta-helix,TRAP-like,2.53,0.29,text 3d pdb
830,g,3,1,1,d9wgaa2,Knottins (small inhibitors toxins, lectins),Plant lectins/antimicrobial peptides,3.15,0.29,text 3d pdb
831,b,82,5,1,d3zzqa_,Double-stranded beta-helix,TRAP-like,2.72,0.29,text 3d pdb
832,g,18,1,1,d1ojwb2,Complement control module/SCR domain,Complement control module/SCR domain,2.99,0.29,text 3d pdb
833,b,72,1,1,d1ywia1,WW domain-like,WW domain,0.95,0.29,text 3d pdb
834,d,58,17,1,d2aw0a_,Ferredoxin-like,HMA heavy metal-associated domain,2.12,0.29,text 3d pdb
835,d,58,5,0,d4yb5f2,Ferredoxin-like,GlnB-like,2.63,0.29,text 3d pdb
836,g,41,9,0,d4zn1b1,Rubredoxin-like,RNA polymerase subunits,3.39,0.29,text 3d pdb
837,d,58,40,1,d1lkzb2,Ferredoxin-like,D-ribose-5-phosphate isomerase (RpiA) lid domain,3.15,0.29,text 3d pdb
838,b,38,1,2,d1kq1b_,Sm-like fold,Sm-like ribonucleoproteins,2.42,0.29,text 3d pdb
839,b,38,1,1,d1n9rc_,Sm-like fold,Sm-like ribonucleoproteins,2.79,0.29,text 3d pdb
840,g,39,1,3,d1nypa1,Glucocorticoid receptor-like (DNA-binding domain),Glucocorticoid receptor-like (DNA-binding domain),3.31,0.29,text 3d pdb
841,g,3,11,1,d1pgfb2,Knottins (small inhibitors toxins, lectins),EGF/Laminin,3.10,0.29,text 3d pdb
842,g,3,11,1,d1pgfa2,Knottins (small inhibitors toxins, lectins),EGF/Laminin,3.10,0.29,text 3d pdb
843,g,3,11,1,d1pgga2,Knottins (small inhibitors toxins, lectins),EGF/Laminin,3.10,0.29,text 3d pdb
844,d,26,1,2,d2eula2,FKBP-like,FKBP-like,3.08,0.29,text 3d pdb
845,g,3,11,1,d1pggb2,Knottins (small inhibitors toxins, lectins),EGF/Laminin,3.10,0.29,text 3d pdb
846,b,38,1,1,d1n9ra_,Sm-like fold,Sm-like ribonucleoproteins,2.82,0.29,text 3d pdb
847,b,38,1,2,d4mmkg_,Sm-like fold,Sm-like ribonucleoproteins,2.12,0.29,text 3d pdb
848,d,58,5,0,d4yb5e2,Ferredoxin-like,GlnB-like,2.63,0.29,text 3d pdb
849,d,58,40,1,d1lkza2,Ferredoxin-like,D-ribose-5-phosphate isomerase (RpiA) lid domain,3.15,0.29,text 3d pdb
850,d,58,5,0,d3dfee_,Ferredoxin-like,GlnB-like,2.79,0.29,text 3d pdb
851,b,71,1,1,d1lwha1,Glycosyl hydrolase domain,Glycosyl hydrolase domain,2.51,0.29,text 3d pdb
852,b,82,5,1,d3zzqd_,Double-stranded beta-helix,TRAP-like,2.72,0.29,text 3d pdb
853,d,58,5,0,d4yb7f2,Ferredoxin-like,GlnB-like,2.57,0.29,text 3d pdb
854,g,41,9,0,d3lped_,Rubredoxin-like,RNA polymerase subunits,3.24,0.29,text 3d pdb
855,d,58,36,1,d5aopa1,Ferredoxin-like,Nitrite/Sulfite reductase N-terminal domain-like,2.79,0.29,text 3d pdb
856,b,72,1,1,d2zqta1,WW domain-like,WW domain,2.52,0.29,text 3d pdb
857,d,58,5,0,d4yb5a2,Ferredoxin-like,GlnB-like,2.63,0.29,text 3d pdb
858,a,4,5,1,d1hxdb1,DNA/RNA-binding 3-helical bundle,"Winged helix" DNA-binding domain,2.68,0.29,text 3d pdb
859,b,1,1,2,d3qehh2,Immunoglobulin-like beta-sandwich,Immunoglobulin,2.44,0.29,text 3d pdb
860,b,34,2,1,d2rnaa2,SH3-like barrel,SH3-domain,2.81,0.29,text 3d pdb
861,g,41,9,0,d3lpeh_,Rubredoxin-like,RNA polymerase subunits,3.24,0.29,text 3d pdb
862,g,3,1,0,d2x52b2,Knottins (small inhibitors toxins, lectins),Plant lectins/antimicrobial peptides,3.58,0.29,text 3d pdb
863,g,41,9,0,d3lpef_,Rubredoxin-like,RNA polymerase subunits,3.24,0.29,text 3d pdb
864,d,58,18,0,d3c20b3,Ferredoxin-like,ACT-like,2.54,0.29,text 3d pdb
865,b,38,1,1,d1n9re_,Sm-like fold,Sm-like ribonucleoproteins,2.79,0.29,text 3d pdb
866,g,39,1,6,d1kqst_,Glucocorticoid receptor-like (DNA-binding domain),Glucocorticoid receptor-like (DNA-binding domain),3.10,0.29,text 3d pdb
867,b,82,5,1,d1qawa_,Double-stranded beta-helix,TRAP-like,2.52,0.29,text 3d pdb
868,g,18,1,1,d1h03p2,Complement control module/SCR domain,Complement control module/SCR domain,3.20,0.29,text 3d pdb
869,d,78,1,1,d1i6he2,RPB5-like RNA polymerase subunit,RPB5-like RNA polymerase subunit,2.83,0.29,text 3d pdb
870,b,38,1,1,d1n9sa_,Sm-like fold,Sm-like ribonucleoproteins,2.83,0.29,text 3d pdb
871,d,58,18,0,d3c20a3,Ferredoxin-like,ACT-like,2.55,0.29,text 3d pdb
872,g,42,1,1,d1vsab1,Ribosomal protein L36,Ribosomal protein L36,3.09,0.29,text 3d pdb
873,g,3,11,1,d1dx5i2,Knottins (small inhibitors toxins, lectins),EGF/Laminin,2.32,0.29,text 3d pdb
874,a,4,5,47,d1wi9a1,DNA/RNA-binding 3-helical bundle,"Winged helix" DNA-binding domain,2.76,0.29,text 3d pdb
875,g,41,14,1,d2gb5b2,Rubredoxin-like,NADH pyrophosphatase intervening domain,2.62,0.29,text 3d pdb
876,d,58,5,0,d4yb5c2,Ferredoxin-like,GlnB-like,2.64,0.29,text 3d pdb
877,g,3,1,0,d2uwzb2,Knottins (small inhibitors toxins, lectins),Plant lectins/antimicrobial peptides,3.59,0.29,text 3d pdb
878,b,34,1,1,d1biba2,SH3-like barrel,C-terminal domain of transcriptional repressors,2.98,0.29,text 3d pdb
879,g,55,1,1,d1e8qa_,Cellulose docking domain dockering,Cellulose docking domain dockering,4.14,0.29,text 3d pdb
880,b,82,5,1,d2zd0c_,Double-stranded beta-helix,TRAP-like,2.50,0.29,text 3d pdb
881,d,58,5,0,d4yb5b2,Ferredoxin-like,GlnB-like,2.64,0.29,text 3d pdb
882,g,3,11,1,d1dx5k2,Knottins (small inhibitors toxins, lectins),EGF/Laminin,2.34,0.29,text 3d pdb
883,g,39,1,14,d1xx6b2,Glucocorticoid receptor-like (DNA-binding domain),Glucocorticoid receptor-like (DNA-binding domain),2.97,0.29,text 3d pdb
884,d,58,5,0,d4yb5d2,Ferredoxin-like,GlnB-like,2.64,0.29,text 3d pdb
885,b,72,1,1,d2ysba2,WW domain-like,WW domain,2.76,0.29,text 3d pdb
886,b,82,5,1,d2zczf_,Double-stranded beta-helix,TRAP-like,2.51,0.29,text 3d pdb
887,b,38,1,1,d1n9rg_,Sm-like fold,Sm-like ribonucleoproteins,2.82,0.29,text 3d pdb
888,b,82,5,1,d2extb_,Double-stranded beta-helix,TRAP-like,2.49,0.29,text 3d pdb
889,k,18,1,1,d1kvfa_,Erythropoietin (EPO) mimetic peptides,Erythropoietin (EPO) mimetic peptides,2.06,0.29,text 3d pdb
890,g,43,1,0,d5jpxa_,B-box zinc-binding domain,B-box zinc-binding domain,2.68,0.29,text 3d pdb
891,g,39,1,0,d5itqa3,Glucocorticoid receptor-like (DNA-binding domain),Glucocorticoid receptor-like (DNA-binding domain),3.14,0.29,text 3d pdb
892,g,41,9,0,d4zn3b1,Rubredoxin-like,RNA polymerase subunits,3.26,0.29,text 3d pdb
893,d,58,5,0,d4yb7g2,Ferredoxin-like,GlnB-like,2.62,0.29,text 3d pdb
894,b,82,5,1,d2extc_,Double-stranded beta-helix,TRAP-like,2.50,0.29,text 3d pdb
895,d,97,1,1,d1buhb_,Cell cycle regulatory proteins,Cell cycle regulatory proteins,3.00,0.29,text 3d pdb
896,g,3,11,1,d1dx5j2,Knottins (small inhibitors toxins, lectins),EGF/Laminin,2.33,0.29,text 3d pdb
897,b,38,1,1,d1n9se_,Sm-like fold,Sm-like ribonucleoproteins,2.77,0.29,text 3d pdb
898,b,82,5,1,d1qawg_,Double-stranded beta-helix,TRAP-like,2.51,0.29,text 3d pdb
899,b,38,1,2,d4juve_,Sm-like fold,Sm-like ribonucleoproteins,2.39,0.29,text 3d pdb
900,g,27,1,1,d1tpna_,FnI-like domain,FnI-like domain,3.77,0.29,text 3d pdb
901,i,1,1,2,d3cd6u1,Ribosome and ribosomal fragments,Ribosome and ribosomal fragments,3.10,0.29,text 3d pdb
902,b,72,1,1,d2xp8a1,WW domain-like,WW domain,1.85,0.29,text 3d pdb
903,b,38,1,6,d3bdud_,Sm-like fold,Sm-like ribonucleoproteins,2.38,0.29,text 3d pdb
904,b,82,5,1,d2zczc_,Double-stranded beta-helix,TRAP-like,2.51,0.29,text 3d pdb
905,g,18,1,1,d1vvda2,Complement control module/SCR domain,Complement control module/SCR domain,3.08,0.29,text 3d pdb
906,d,58,17,1,d1mwya_,Ferredoxin-like,HMA heavy metal-associated domain,2.05,0.29,text 3d pdb
907,d,97,1,1,d4yc6d_,Cell cycle regulatory proteins,Cell cycle regulatory proteins,2.80,0.29,text 3d pdb
908,d,7,1,0,d4uz2c2,LysM domain,LysM domain,3.75,0.29,text 3d pdb
909,d,285,1,1,d1u3em2,DNA-binding domain of intron-encoded endonucleases,DNA-binding domain of intron-encoded endonucleases,3.04,0.29,text 3d pdb
910,b,38,1,2,d1hk9b_,Sm-like fold,Sm-like ribonucleoproteins,2.41,0.29,text 3d pdb
911,g,17,1,2,d1nyud_,Cystine-knot cytokines,Cystine-knot cytokines,3.14,0.29,text 3d pdb
912,d,9,1,1,d4hsvb_,IL8-like,Interleukin 8-like chemokines,2.67,0.29,text 3d pdb
913,b,82,5,1,d3zzqc_,Double-stranded beta-helix,TRAP-like,2.52,0.29,text 3d pdb
914,g,3,11,4,d1ob1c2,Knottins (small inhibitors toxins, lectins),EGF/Laminin,3.52,0.29,text 3d pdb
915,b,82,5,1,d3zzqb_,Double-stranded beta-helix,TRAP-like,2.71,0.29,text 3d pdb
916,b,34,1,1,d1hxda2,SH3-like barrel,C-terminal domain of transcriptional repressors,2.58,0.29,text 3d pdb
917,d,97,1,1,d4yc6f_,Cell cycle regulatory proteins,Cell cycle regulatory proteins,2.81,0.29,text 3d pdb
918,b,82,5,1,d3zzqf_,Double-stranded beta-helix,TRAP-like,2.52,0.29,text 3d pdb
919,g,18,1,1,d4jhsa1,Complement control module/SCR domain,Complement control module/SCR domain,3.88,0.29,text 3d pdb
920,g,3,7,1,d1i6fa_,Knottins (small inhibitors toxins, lectins),Scorpion toxin-like,2.90,0.29,text 3d pdb
921,b,82,5,1,d2zd0b_,Double-stranded beta-helix,TRAP-like,2.53,0.29,text 3d pdb
922,b,82,5,1,d3zzqe_,Double-stranded beta-helix,TRAP-like,2.70,0.29,text 3d pdb
923,b,72,1,0,d4u86a1,WW domain-like,WW domain,1.84,0.29,text 3d pdb
924,d,58,58,1,d4maka_,Ferredoxin-like,CRISPR associated protein Cas2-like,2.32,0.29,text 3d pdb
925,b,34,13,2,d3i90a_,SH3-like barrel,Chromo domain-like,2.76,0.29,text 3d pdb
926,b,82,5,1,d1c9sj_,Double-stranded beta-helix,TRAP-like,2.51,0.29,text 3d pdb
927,g,18,1,1,d1ojyc4,Complement control module/SCR domain,Complement control module/SCR domain,3.22,0.29,text 3d pdb
928,d,97,1,1,d4yc6b_,Cell cycle regulatory proteins,Cell cycle regulatory proteins,2.81,0.29,text 3d pdb
929,b,38,1,1,d1n9sb_,Sm-like fold,Sm-like ribonucleoproteins,2.87,0.29,text 3d pdb
930,b,82,5,1,d1gtfj_,Double-stranded beta-helix,TRAP-like,2.50,0.29,text 3d pdb
931,b,82,5,1,d1qawj_,Double-stranded beta-helix,TRAP-like,2.55,0.29,text 3d pdb
932,g,3,6,3,d1i26a_,Knottins (small inhibitors toxins, lectins),omega toxin-like,2.38,0.29,text 3d pdb
933,b,1,1,2,d4x6de2,Immunoglobulin-like beta-sandwich,Immunoglobulin,2.88,0.29,text 3d pdb
934,b,71,1,1,d1lwhb1,Glycosyl hydrolase domain,Glycosyl hydrolase domain,2.58,0.29,text 3d pdb
935,g,24,1,1,d1d0gr3,TNF receptor-like,TNF receptor-like,2.71,0.29,text 3d pdb
936,b,82,5,1,d3ztes_,Double-stranded beta-helix,TRAP-like,2.87,0.29,text 3d pdb
937,b,72,1,0,d3wh0a1,WW domain-like,WW domain,1.88,0.29,text 3d pdb
938,g,3,6,2,d2knia1,Knottins (small inhibitors toxins, lectins),omega toxin-like,3.56,0.29,text 3d pdb
939,d,13,1,0,d4zgle_,HIT-like,HIT-like,2.25,0.29,text 3d pdb
940,g,27,1,1,d1fbra2,FnI-like domain,FnI-like domain,3.03,0.29,text 3d pdb
941,d,9,1,1,d2n54a_,IL8-like,Interleukin 8-like chemokines,3.04,0.29,text 3d pdb
942,g,18,1,1,d1ojvb4,Complement control module/SCR domain,Complement control module/SCR domain,3.14,0.29,text 3d pdb
943,g,41,3,1,d2ja8i1,Rubredoxin-like,Zinc beta-ribbon,3.00,0.29,text 3d pdb
944,b,1,1,2,d2uwel2,Immunoglobulin-like beta-sandwich,Immunoglobulin,2.90,0.29,text 3d pdb
945,g,3,1,1,d1wgca2,Knottins (small inhibitors toxins, lectins),Plant lectins/antimicrobial peptides,3.62,0.29,text 3d pdb
946,b,34,13,1,d1wtxa_,SH3-like barrel,Chromo domain-like,3.10,0.29,text 3d pdb
947,b,38,1,2,d2yhtd_,Sm-like fold,Sm-like ribonucleoproteins,2.42,0.29,text 3d pdb
948,b,38,1,6,d3bdub_,Sm-like fold,Sm-like ribonucleoproteins,2.43,0.29,text 3d pdb
949,d,15,7,1,d1ynte_,beta-Grasp (ubiquitin-like),Immunoglobulin-binding domains,3.41,0.29,text 3d pdb
950,g,27,1,1,d2cg6a2,FnI-like domain,FnI-like domain,3.63,0.29,text 3d pdb
951,g,3,11,0,d3th2l2,Knottins (small inhibitors toxins, lectins),EGF/Laminin,2.98,0.29,text 3d pdb
952,g,3,11,1,d1eqga2,Knottins (small inhibitors toxins, lectins),EGF/Laminin,3.13,0.29,text 3d pdb
953,d,58,17,1,d1qupb2,Ferredoxin-like,HMA heavy metal-associated domain,2.46,0.29,text 3d pdb
954,b,1,1,0,d5iw1a2,Immunoglobulin-like beta-sandwich,Immunoglobulin,3.04,0.28,text 3d pdb
955,b,40,17,1,d3h43d2,OB-fold,Proteasome regulatory subunits PAN/Rpt OB-fold domain,3.72,0.28,text 3d pdb
956,g,41,5,2,d1dcdb_,Rubredoxin-like,Rubredoxin-like,3.07,0.28,text 3d pdb
957,b,1,1,2,d3c09c2,Immunoglobulin-like beta-sandwich,Immunoglobulin,2.39,0.28,text 3d pdb
958,b,40,4,5,d1uebb2,OB-fold,Nucleic acid-binding proteins,3.63,0.28,text 3d pdb
959,b,1,1,2,d3pl6c2,Immunoglobulin-like beta-sandwich,Immunoglobulin,2.56,0.28,text 3d pdb
960,g,39,1,3,d1u5sb1,Glucocorticoid receptor-like (DNA-binding domain),Glucocorticoid receptor-like (DNA-binding domain),2.90,0.28,text 3d pdb
961,b,1,1,2,d3c6le2,Immunoglobulin-like beta-sandwich,Immunoglobulin,2.71,0.28,text 3d pdb
962,b,38,1,2,d3rera_,Sm-like fold,Sm-like ribonucleoproteins,2.50,0.28,text 3d pdb
963,g,27,1,1,d1tpma_,FnI-like domain,FnI-like domain,3.54,0.28,text 3d pdb
964,b,1,1,2,d3c6la2,Immunoglobulin-like beta-sandwich,Immunoglobulin,2.99,0.28,text 3d pdb
965,g,3,11,0,d3th4l2,Knottins (small inhibitors toxins, lectins),EGF/Laminin,3.00,0.28,text 3d pdb
966,d,26,3,1,d2anfa2,FKBP-like,Chitinase insertion domain,3.36,0.28,text 3d pdb
967,b,34,3,1,d1d1ba1,SH3-like barrel,Myosin S1 fragment N-terminal domain,3.79,0.27,text 3d pdb
968,b,34,1,1,d2fyka1,SH3-like barrel,C-terminal domain of transcriptional repressors,2.72,0.27,text 3d pdb
969,b,1,1,2,d4nqcd2,Immunoglobulin-like beta-sandwich,Immunoglobulin,2.90,0.27,text 3d pdb
970,g,27,1,1,d2cg7a1,FnI-like domain,FnI-like domain,3.46,0.27,text 3d pdb
971,b,34,1,1,d2e65a2,SH3-like barrel,C-terminal domain of transcriptional repressors,2.11,0.27,text 3d pdb
972,g,9,1,3,d3lmsb2,Defensin-like,Defensin-like,3.57,0.27,text 3d pdb
973,i,1,1,2,d1vw4g_,Ribosome and ribosomal fragments,Ribosome and ribosomal fragments,2.97,0.27,text 3d pdb
974,g,3,11,1,d1ht5a2,Knottins (small inhibitors toxins, lectins),EGF/Laminin,3.57,0.27,text 3d pdb
975,g,9,1,1,d1zmid_,Defensin-like,Defensin-like,3.40,0.27,text 3d pdb
976,b,38,1,6,d2ra2e_,Sm-like fold,Sm-like ribonucleoproteins,2.75,0.27,text 3d pdb
977,b,1,1,2,d3qiuc2,Immunoglobulin-like beta-sandwich,Immunoglobulin,2.80,0.26,text 3d pdb
978,d,58,17,1,d1qupa2,Ferredoxin-like,HMA heavy metal-associated domain,3.23,0.26,text 3d pdb
979,g,3,11,1,d3n8xa1,Knottins (small inhibitors toxins, lectins),EGF/Laminin,3.58,0.26,text 3d pdb
980,d,58,17,0,d2ldia_,Ferredoxin-like,HMA heavy metal-associated domain,2.98,0.26,text 3d pdb
981,d,15,7,1,d1heze_,beta-Grasp (ubiquitin-like),Immunoglobulin-binding domains,4.14,0.26,text 3d pdb
982,g,3,7,1,d1kv0b_,Knottins (small inhibitors toxins, lectins),Scorpion toxin-like,3.13,0.26,text 3d pdb
983,g,42,1,1,d1dfea_,Ribosomal protein L36,Ribosomal protein L36,3.37,0.26,text 3d pdb
984,g,3,11,1,d1q4gb2,Knottins (small inhibitors toxins, lectins),EGF/Laminin,3.27,0.26,text 3d pdb
985,b,34,1,1,d1x01a1,SH3-like barrel,C-terminal domain of transcriptional repressors,3.36,0.25,text 3d pdb
986,b,1,1,2,d2z93d2,Immunoglobulin-like beta-sandwich,Immunoglobulin,3.11,0.25,text 3d pdb
987,d,26,3,1,d1e9la2,FKBP-like,Chitinase insertion domain,3.83,0.25,text 3d pdb
988,g,14,1,2,d1cxwa_,Kringle-like,Kringle-like,4.17,0.25,text 3d pdb
989,b,71,1,1,d1bg9a1,Glycosyl hydrolase domain,Glycosyl hydrolase domain,3.79,0.25,text 3d pdb
990,g,41,5,2,d1cfwb_,Rubredoxin-like,Rubredoxin-like,3.05,0.25,text 3d pdb
991,d,58,17,1,d2xmjb_,Ferredoxin-like,HMA heavy metal-associated domain,4.07,0.24,text 3d pdb
992,b,71,1,1,d1avab1,Glycosyl hydrolase domain,Glycosyl hydrolase domain,3.11,0.24,text 3d pdb
993,g,3,1,1,d2cwgb1,Knottins (small inhibitors toxins, lectins),Plant lectins/antimicrobial peptides,3.48,0.24,text 3d pdb
994,d,58,17,1,d4a47d_,Ferredoxin-like,HMA heavy metal-associated domain,4.15,0.24,text 3d pdb
995,g,3,6,2,d1d1ha_,Knottins (small inhibitors toxins, lectins),omega toxin-like,3.53,0.24,text 3d pdb
996,d,58,17,1,d4a46b_,Ferredoxin-like,HMA heavy metal-associated domain,3.99,0.24,text 3d pdb
997,g,3,6,2,d1eita_,Knottins (small inhibitors toxins, lectins),omega toxin-like,4.07,0.24,text 3d pdb
998,i,1,1,1,d3j3bm_,Ribosome and ribosomal fragments,Ribosome and ribosomal fragments,4.06,0.24,text 3d pdb
999,d,58,17,1,d3k7rl_,Ferredoxin-like,HMA heavy metal-associated domain,3.78,0.23,text 3d pdb
1000,g,3,1,1,d1wgtb1,Knottins (small inhibitors toxins, lectins),Plant lectins/antimicrobial peptides,3.19,0.20,text 3d pdb