#,C,A,T,H,s35,CATH Domain,Topology,Superfamily,RMSD,TM-Score,TM-Align
1,3,10,50,70,1,5do2A02,Chitinase A; domain 3,,0.61,0.64,text 3d pdb
2,3,10,50,70,1,5do2B02,Chitinase A; domain 3,,0.66,0.64,text 3d pdb
3,3,10,50,70,1,4xakB02,Chitinase A; domain 3,,0.66,0.64,text 3d pdb
4,3,10,50,70,1,4l3nB02,Chitinase A; domain 3,,0.68,0.64,text 3d pdb
5,3,10,50,70,1,4zptR02,Chitinase A; domain 3,,0.70,0.64,text 3d pdb
6,3,10,50,70,1,4xakA02,Chitinase A; domain 3,,0.72,0.63,text 3d pdb
7,3,10,50,70,1,4zpwS02,Chitinase A; domain 3,,0.73,0.63,text 3d pdb
8,3,10,50,70,1,4kr0B02,Chitinase A; domain 3,,0.73,0.63,text 3d pdb
9,3,10,50,70,1,4zpvR02,Chitinase A; domain 3,,0.77,0.63,text 3d pdb
10,3,10,50,70,1,4l72B02,Chitinase A; domain 3,,0.82,0.63,text 3d pdb
11,3,10,50,70,1,4kqzA02,Chitinase A; domain 3,,0.82,0.63,text 3d pdb
12,3,10,50,70,1,4l3nA02,Chitinase A; domain 3,,0.82,0.62,text 3d pdb
13,3,10,50,70,1,4zpwR02,Chitinase A; domain 3,,0.85,0.62,text 3d pdb
14,3,10,50,70,1,4kqzB02,Chitinase A; domain 3,,0.85,0.62,text 3d pdb
15,3,10,50,70,1,4zptS02,Chitinase A; domain 3,,0.89,0.62,text 3d pdb
16,3,10,50,70,1,4zpvS02,Chitinase A; domain 3,,0.94,0.61,text 3d pdb
17,3,10,50,70,1,4zs6B02,Chitinase A; domain 3,,0.98,0.61,text 3d pdb
18,3,10,50,70,1,4zs6A02,Chitinase A; domain 3,,1.06,0.60,text 3d pdb
19,3,10,50,70,1,4qzvB02,Chitinase A; domain 3,,1.32,0.55,text 3d pdb
20,3,10,50,70,1,4qzvD02,Chitinase A; domain 3,,1.33,0.55,text 3d pdb
21,2,60,40,10,720,3ztnL02,Immunoglobulin-like,Immunoglobulins,2.15,0.48,text 3d pdb
22,2,20,20,100,1,2hj9D02,Anthopleurin-A,,2.10,0.47,text 3d pdb
23,2,20,20,100,1,2hj9C02,Anthopleurin-A,,2.32,0.46,text 3d pdb
24,2,20,210,10,1,1nbfB02,ubp-family deubiquitinating enzyme fold,ubp-family deubiquitinating enzyme superfamily,2.08,0.45,text 3d pdb
25,2,20,210,10,1,1nb8A02,ubp-family deubiquitinating enzyme fold,ubp-family deubiquitinating enzyme superfamily,2.15,0.45,text 3d pdb
26,2,60,40,10,720,4gmsM02,Immunoglobulin-like,Immunoglobulins,2.40,0.45,text 3d pdb
27,2,20,210,10,1,2f1zA03,ubp-family deubiquitinating enzyme fold,ubp-family deubiquitinating enzyme superfamily,2.22,0.44,text 3d pdb
28,2,60,40,10,765,3gbnL02,Immunoglobulin-like,Immunoglobulins,1.56,0.44,text 3d pdb
29,2,20,28,120,4,4jux600,Rubrerythrin domain 2,,3.04,0.44,text 3d pdb
30,2,20,210,10,1,2f1zB03,ubp-family deubiquitinating enzyme fold,ubp-family deubiquitinating enzyme superfamily,2.42,0.43,text 3d pdb
31,2,60,40,10,114,4x6dC02,Immunoglobulin-like,Immunoglobulins,2.57,0.43,text 3d pdb
32,2,20,25,290,1,3t4nB01,N-terminal domain of TfIIb,,2.82,0.42,text 3d pdb
33,2,20,25,290,1,3te5B01,N-terminal domain of TfIIb,,2.86,0.42,text 3d pdb
34,3,30,70,2000,1,3drxB03,Alpha-Beta Plaits,,2.97,0.42,text 3d pdb
35,3,10,330,20,7,2b25B01,Vcp-like ATPase; Chain A domain 2,,2.28,0.41,text 3d pdb
36,2,20,28,120,4,3f1f600,Rubrerythrin domain 2,,3.03,0.41,text 3d pdb
37,2,20,28,120,4,3f1h600,Rubrerythrin domain 2,,3.03,0.41,text 3d pdb
38,2,20,28,120,1,3i20100,Rubrerythrin domain 2,,3.48,0.41,text 3d pdb
39,2,20,25,290,1,3tdhB01,N-terminal domain of TfIIb,,2.04,0.41,text 3d pdb
40,2,20,28,120,1,4wap100,Rubrerythrin domain 2,,3.32,0.41,text 3d pdb
41,2,20,28,120,1,3i1r100,Rubrerythrin domain 2,,3.49,0.41,text 3d pdb
42,2,20,28,120,1,3orb100,Rubrerythrin domain 2,,3.42,0.41,text 3d pdb
43,2,60,40,10,7,4hg4Q02,Immunoglobulin-like,Immunoglobulins,2.38,0.41,text 3d pdb
44,2,20,28,120,1,3ofz100,Rubrerythrin domain 2,,3.19,0.41,text 3d pdb
45,3,30,1140,32,5,4bszA03,Ribosomal protein S3 C-terminal domain,Ribosomal protein S3 C-terminal domain,2.17,0.41,text 3d pdb
46,2,20,28,120,1,4war100,Rubrerythrin domain 2,,2.96,0.41,text 3d pdb
47,2,20,28,120,1,4tpd100,Rubrerythrin domain 2,,3.32,0.41,text 3d pdb
48,2,20,28,120,1,3ofc100,Rubrerythrin domain 2,,3.51,0.41,text 3d pdb
49,2,20,28,120,1,3r8s100,Rubrerythrin domain 2,,3.12,0.41,text 3d pdb
50,2,20,28,120,1,4kj7100,Rubrerythrin domain 2,,3.39,0.41,text 3d pdb
51,2,20,28,120,1,4tp5100,Rubrerythrin domain 2,,3.32,0.41,text 3d pdb
52,2,20,28,120,1,4tom100,Rubrerythrin domain 2,,3.33,0.40,text 3d pdb
53,2,20,28,120,4,4g5n600,Rubrerythrin domain 2,,3.25,0.40,text 3d pdb
54,2,20,28,120,1,3ofr100,Rubrerythrin domain 2,,3.36,0.40,text 3d pdb
55,2,20,28,120,4,4kfl600,Rubrerythrin domain 2,,3.03,0.40,text 3d pdb
56,2,20,28,120,4,4kfi600,Rubrerythrin domain 2,,3.03,0.40,text 3d pdb
57,2,20,28,120,1,4pec100,Rubrerythrin domain 2,,3.31,0.40,text 3d pdb
58,2,20,28,120,1,3r8t100,Rubrerythrin domain 2,,3.44,0.40,text 3d pdb
59,2,10,70,10,34,2iz3A01,Complement Module; domain 1,Complement Module domain 1,1.82,0.40,text 3d pdb
60,2,20,28,120,1,2qbc100,Rubrerythrin domain 2,,3.34,0.40,text 3d pdb
61,2,20,28,120,1,4tox100,Rubrerythrin domain 2,,3.07,0.40,text 3d pdb
62,2,20,28,120,1,4kj1100,Rubrerythrin domain 2,,3.24,0.40,text 3d pdb
63,2,20,28,120,1,4kiz100,Rubrerythrin domain 2,,3.26,0.40,text 3d pdb
64,2,20,28,120,1,4tp1100,Rubrerythrin domain 2,,3.17,0.40,text 3d pdb
65,2,20,28,120,1,4tov100,Rubrerythrin domain 2,,3.18,0.40,text 3d pdb
66,2,10,70,10,34,3ix0A01,Complement Module; domain 1,Complement Module domain 1,2.49,0.40,text 3d pdb
67,2,20,28,120,1,4tp9100,Rubrerythrin domain 2,,3.16,0.40,text 3d pdb
68,2,20,20,100,2,3c30A02,Anthopleurin-A,,2.40,0.40,text 3d pdb
69,2,20,28,120,4,3pyr300,Rubrerythrin domain 2,,3.33,0.40,text 3d pdb
70,2,20,28,120,4,3pyo300,Rubrerythrin domain 2,,3.33,0.40,text 3d pdb
71,2,20,28,120,1,3ofq100,Rubrerythrin domain 2,,3.28,0.40,text 3d pdb
72,2,20,28,120,1,3j7z100,Rubrerythrin domain 2,,3.06,0.40,text 3d pdb
73,2,20,28,120,1,4kix100,Rubrerythrin domain 2,,3.06,0.40,text 3d pdb
74,2,20,28,120,1,4uy8100,Rubrerythrin domain 2,,3.06,0.40,text 3d pdb
75,3,10,330,70,1,2qqrA02,Vcp-like ATPase; Chain A domain 2,,2.84,0.40,text 3d pdb
76,3,10,330,70,1,2qqrB02,Vcp-like ATPase; Chain A domain 2,,2.84,0.40,text 3d pdb
77,2,20,28,120,4,3ms1300,Rubrerythrin domain 2,,3.34,0.40,text 3d pdb
78,2,20,28,120,4,3mrz300,Rubrerythrin domain 2,,3.34,0.40,text 3d pdb
79,3,30,70,2140,1,3pejA02,Alpha-Beta Plaits,,2.64,0.39,text 3d pdb
80,3,30,70,2140,1,3pejB02,Alpha-Beta Plaits,,2.65,0.39,text 3d pdb
81,2,20,28,120,1,2i2t100,Rubrerythrin domain 2,,2.86,0.39,text 3d pdb
82,2,20,28,120,1,4kj9100,Rubrerythrin domain 2,,3.21,0.39,text 3d pdb
83,3,30,70,2000,1,3dryA03,Alpha-Beta Plaits,,3.28,0.39,text 3d pdb
84,3,30,70,2140,1,3pehA02,Alpha-Beta Plaits,,2.62,0.39,text 3d pdb
85,2,20,28,120,1,4kjb100,Rubrerythrin domain 2,,3.34,0.39,text 3d pdb
86,2,20,28,120,1,4gau100,Rubrerythrin domain 2,,3.35,0.39,text 3d pdb
87,2,20,28,120,1,5gahc00,Rubrerythrin domain 2,,3.52,0.39,text 3d pdb
88,2,10,70,10,34,2iz4A01,Complement Module; domain 1,Complement Module domain 1,2.30,0.39,text 3d pdb
89,2,20,28,120,1,5gadc00,Rubrerythrin domain 2,,3.52,0.39,text 3d pdb
90,2,20,25,290,1,2qlvB02,N-terminal domain of TfIIb,,2.53,0.39,text 3d pdb
91,2,20,28,120,4,3v25600,Rubrerythrin domain 2,,3.30,0.39,text 3d pdb
92,2,60,40,10,319,2j88H02,Immunoglobulin-like,Immunoglobulins,2.33,0.39,text 3d pdb
93,3,10,50,10,9,4s3kA03,Chitinase A; domain 3,,2.90,0.39,text 3d pdb
94,2,20,28,120,4,2y17600,Rubrerythrin domain 2,,3.20,0.39,text 3d pdb
95,2,20,28,120,4,2y15600,Rubrerythrin domain 2,,3.19,0.39,text 3d pdb
96,3,10,330,20,2,2pwyB01,Vcp-like ATPase; Chain A domain 2,,2.77,0.39,text 3d pdb
97,3,30,30,10,15,1ti5A00,Defensin A-like,Knottin scorpion toxin-like,2.78,0.39,text 3d pdb
98,3,30,70,2000,1,3dryE03,Alpha-Beta Plaits,,3.10,0.39,text 3d pdb
99,3,30,70,2000,1,3drxD03,Alpha-Beta Plaits,,2.98,0.39,text 3d pdb
100,2,20,20,20,1,1el6A02,Anthopleurin-A,Baseplate structural protein gp11,2.95,0.39,text 3d pdb
101,2,20,20,20,1,1el6B02,Anthopleurin-A,Baseplate structural protein gp11,2.96,0.39,text 3d pdb
102,2,20,20,20,1,1el6C02,Anthopleurin-A,Baseplate structural protein gp11,2.95,0.39,text 3d pdb
103,2,20,28,120,4,3v23600,Rubrerythrin domain 2,,3.31,0.39,text 3d pdb
104,2,20,28,120,1,2i2v100,Rubrerythrin domain 2,,3.22,0.39,text 3d pdb
105,3,10,50,10,13,3bxwA03,Chitinase A; domain 3,,2.79,0.38,text 3d pdb
106,3,10,50,10,9,4s3jC03,Chitinase A; domain 3,,2.93,0.38,text 3d pdb
107,3,10,50,10,9,3cz8B02,Chitinase A; domain 3,,2.60,0.38,text 3d pdb
108,3,10,330,20,2,2pwyA01,Vcp-like ATPase; Chain A domain 2,,2.07,0.38,text 3d pdb
109,3,30,70,2000,1,3drxE03,Alpha-Beta Plaits,,2.72,0.38,text 3d pdb
110,2,20,28,10,4,1yuxA02,Rubrerythrin domain 2,,2.77,0.38,text 3d pdb
111,3,10,50,10,9,4s3jA03,Chitinase A; domain 3,,2.70,0.38,text 3d pdb
112,2,20,28,120,1,4gar100,Rubrerythrin domain 2,,3.52,0.38,text 3d pdb
113,2,20,28,10,4,1yuzB02,Rubrerythrin domain 2,,2.78,0.38,text 3d pdb
114,2,20,28,120,1,4kj3100,Rubrerythrin domain 2,,3.61,0.38,text 3d pdb
115,2,60,40,10,774,3tvmE02,Immunoglobulin-like,Immunoglobulins,1.89,0.38,text 3d pdb
116,3,30,70,2000,1,3dryB03,Alpha-Beta Plaits,,3.37,0.38,text 3d pdb
117,2,20,25,120,1,1np6B02,N-terminal domain of TfIIb,,2.25,0.38,text 3d pdb
118,2,20,28,10,4,1yuxB02,Rubrerythrin domain 2,,2.77,0.38,text 3d pdb
119,2,40,10,10,154,2hrvB01,Thrombin subunit H,Trypsin-like serine proteases,2.88,0.38,text 3d pdb
120,2,20,28,10,4,1yuzA02,Rubrerythrin domain 2,,2.79,0.38,text 3d pdb
121,2,20,25,140,1,1s7mE03,N-terminal domain of TfIIb,,2.36,0.38,text 3d pdb
122,2,20,28,10,4,1yv1B02,Rubrerythrin domain 2,,2.83,0.38,text 3d pdb
123,3,30,1070,10,1,3mcdA00,Cell Cycle; Chain A,Cell division topological specificity factor MinE,2.67,0.38,text 3d pdb
124,2,40,50,40,32,2jp1B00,OB fold (Dihydrolipoamide Acetyltransferase E2P),,2.63,0.38,text 3d pdb
125,2,30,36,70,1,2gwkA02,Actin; Chain A domain 2,Actin; Chain A domain 2,1.87,0.38,text 3d pdb
126,3,30,30,10,6,2kyqA00,Defensin A-like,Knottin scorpion toxin-like,2.77,0.38,text 3d pdb
127,3,30,70,1550,1,4x4nA04,Alpha-Beta Plaits,Archaeal tRNA CCA-adding enzyme catalytic domain,2.88,0.38,text 3d pdb
128,2,20,28,120,1,3df2100,Rubrerythrin domain 2,,2.96,0.38,text 3d pdb
129,2,60,40,10,7,1jrhL02,Immunoglobulin-like,Immunoglobulins,2.32,0.38,text 3d pdb
130,2,20,28,10,4,1yv1A02,Rubrerythrin domain 2,,2.83,0.38,text 3d pdb
131,2,20,28,120,1,3df4100,Rubrerythrin domain 2,,2.96,0.38,text 3d pdb
132,3,30,70,2000,1,3dryD03,Alpha-Beta Plaits,,3.06,0.37,text 3d pdb
133,2,20,28,200,1,5mgnB02,Rubrerythrin domain 2,,2.48,0.37,text 3d pdb
134,3,30,70,1550,1,4x4tC04,Alpha-Beta Plaits,Archaeal tRNA CCA-adding enzyme catalytic domain,2.89,0.37,text 3d pdb
135,2,20,28,260,1,2nydA02,Rubrerythrin domain 2,,1.78,0.37,text 3d pdb
136,3,30,70,1550,1,1tfwB04,Alpha-Beta Plaits,Archaeal tRNA CCA-adding enzyme catalytic domain,2.90,0.37,text 3d pdb
137,3,30,70,1550,1,3ov7B04,Alpha-Beta Plaits,Archaeal tRNA CCA-adding enzyme catalytic domain,2.89,0.37,text 3d pdb
138,2,20,28,200,1,3k35A02,Rubrerythrin domain 2,,2.52,0.37,text 3d pdb
139,3,30,70,1550,1,1uevA04,Alpha-Beta Plaits,Archaeal tRNA CCA-adding enzyme catalytic domain,2.93,0.37,text 3d pdb
140,3,30,70,1550,1,4x4sC04,Alpha-Beta Plaits,Archaeal tRNA CCA-adding enzyme catalytic domain,2.91,0.37,text 3d pdb
141,3,30,70,1550,1,4x4rC04,Alpha-Beta Plaits,Archaeal tRNA CCA-adding enzyme catalytic domain,2.90,0.37,text 3d pdb
142,3,30,70,1550,1,4x4pA04,Alpha-Beta Plaits,Archaeal tRNA CCA-adding enzyme catalytic domain,2.97,0.37,text 3d pdb
143,3,30,70,1550,1,3ouyB04,Alpha-Beta Plaits,Archaeal tRNA CCA-adding enzyme catalytic domain,2.91,0.37,text 3d pdb
144,3,30,70,2560,1,2yvsA02,Alpha-Beta Plaits,,2.59,0.37,text 3d pdb
145,3,30,70,1550,1,4x4nC04,Alpha-Beta Plaits,Archaeal tRNA CCA-adding enzyme catalytic domain,2.88,0.37,text 3d pdb
146,3,30,70,1550,1,1tfwD04,Alpha-Beta Plaits,Archaeal tRNA CCA-adding enzyme catalytic domain,2.75,0.37,text 3d pdb
147,3,30,70,1550,1,4x4qC04,Alpha-Beta Plaits,Archaeal tRNA CCA-adding enzyme catalytic domain,2.89,0.37,text 3d pdb
148,3,30,70,1550,1,1r89A04,Alpha-Beta Plaits,Archaeal tRNA CCA-adding enzyme catalytic domain,2.90,0.37,text 3d pdb
149,3,30,70,1550,1,4x4uA04,Alpha-Beta Plaits,Archaeal tRNA CCA-adding enzyme catalytic domain,2.92,0.37,text 3d pdb
150,3,30,200,20,157,5m53A01,Phosphorylase Kinase; domain 1,Phosphorylase Kinase; domain 1,1.99,0.37,text 3d pdb
151,3,30,70,1550,1,3ovsB04,Alpha-Beta Plaits,Archaeal tRNA CCA-adding enzyme catalytic domain,2.93,0.37,text 3d pdb
152,3,30,70,1550,1,3ovbB04,Alpha-Beta Plaits,Archaeal tRNA CCA-adding enzyme catalytic domain,2.94,0.37,text 3d pdb
153,3,30,70,1550,1,1r8bA04,Alpha-Beta Plaits,Archaeal tRNA CCA-adding enzyme catalytic domain,2.90,0.37,text 3d pdb
154,3,30,70,1550,1,4x4pC04,Alpha-Beta Plaits,Archaeal tRNA CCA-adding enzyme catalytic domain,2.99,0.37,text 3d pdb
155,3,30,70,1550,1,3ovbA04,Alpha-Beta Plaits,Archaeal tRNA CCA-adding enzyme catalytic domain,2.77,0.37,text 3d pdb
156,2,20,28,120,1,5dm6100,Rubrerythrin domain 2,,3.34,0.37,text 3d pdb
157,2,40,50,410,1,1ynnD03,OB fold (Dihydrolipoamide Acetyltransferase E2P),,2.73,0.37,text 3d pdb
158,2,20,25,10,21,1lqlA01,N-terminal domain of TfIIb,,1.84,0.37,text 3d pdb
159,3,30,70,1550,1,2zh9A04,Alpha-Beta Plaits,Archaeal tRNA CCA-adding enzyme catalytic domain,2.94,0.37,text 3d pdb
160,3,30,70,1550,1,2zhaA04,Alpha-Beta Plaits,Archaeal tRNA CCA-adding enzyme catalytic domain,2.96,0.37,text 3d pdb
161,2,40,50,410,1,1ynjD03,OB fold (Dihydrolipoamide Acetyltransferase E2P),,2.71,0.37,text 3d pdb
162,3,30,70,1550,1,2dr7A04,Alpha-Beta Plaits,Archaeal tRNA CCA-adding enzyme catalytic domain,2.95,0.37,text 3d pdb
163,3,30,70,1550,1,2zh4A04,Alpha-Beta Plaits,Archaeal tRNA CCA-adding enzyme catalytic domain,2.96,0.37,text 3d pdb
164,2,20,28,200,1,3k35C02,Rubrerythrin domain 2,,2.53,0.37,text 3d pdb
165,2,20,28,200,1,3k35D02,Rubrerythrin domain 2,,2.54,0.37,text 3d pdb
166,3,30,70,1550,1,1ueuA04,Alpha-Beta Plaits,Archaeal tRNA CCA-adding enzyme catalytic domain,2.95,0.37,text 3d pdb
167,3,30,70,1550,1,2zh8A04,Alpha-Beta Plaits,Archaeal tRNA CCA-adding enzyme catalytic domain,2.78,0.37,text 3d pdb
168,3,30,70,1550,1,4x4vA04,Alpha-Beta Plaits,Archaeal tRNA CCA-adding enzyme catalytic domain,2.93,0.37,text 3d pdb
169,3,30,70,1550,1,2zh5A04,Alpha-Beta Plaits,Archaeal tRNA CCA-adding enzyme catalytic domain,2.77,0.37,text 3d pdb
170,3,30,70,1550,1,4x4tF04,Alpha-Beta Plaits,Archaeal tRNA CCA-adding enzyme catalytic domain,2.98,0.37,text 3d pdb
171,3,30,70,1550,1,2zh7A04,Alpha-Beta Plaits,Archaeal tRNA CCA-adding enzyme catalytic domain,2.77,0.37,text 3d pdb
172,3,30,70,1550,1,2zh3A04,Alpha-Beta Plaits,Archaeal tRNA CCA-adding enzyme catalytic domain,2.77,0.37,text 3d pdb
173,3,30,70,1550,1,2zh1A04,Alpha-Beta Plaits,Archaeal tRNA CCA-adding enzyme catalytic domain,2.98,0.37,text 3d pdb
174,2,20,28,120,1,3uos500,Rubrerythrin domain 2,,3.29,0.37,text 3d pdb
175,3,30,70,1550,1,2dr5A04,Alpha-Beta Plaits,Archaeal tRNA CCA-adding enzyme catalytic domain,2.93,0.37,text 3d pdb
176,2,20,25,290,2,2ooxB01,N-terminal domain of TfIIb,,2.84,0.37,text 3d pdb
177,3,30,70,1550,1,3ouyA04,Alpha-Beta Plaits,Archaeal tRNA CCA-adding enzyme catalytic domain,2.96,0.37,text 3d pdb
178,2,20,25,10,4,1x3wA04,N-terminal domain of TfIIb,,1.35,0.37,text 3d pdb
179,3,30,70,1550,1,2zhbA04,Alpha-Beta Plaits,Archaeal tRNA CCA-adding enzyme catalytic domain,2.97,0.37,text 3d pdb
180,2,30,30,1070,1,4pkcC00,SH3 type barrels.,,2.53,0.37,text 3d pdb
181,3,30,70,1550,1,1tfwC04,Alpha-Beta Plaits,Archaeal tRNA CCA-adding enzyme catalytic domain,2.80,0.37,text 3d pdb
182,3,30,70,1550,1,1r8aA04,Alpha-Beta Plaits,Archaeal tRNA CCA-adding enzyme catalytic domain,2.75,0.37,text 3d pdb
183,3,40,1620,10,5,3kh2F01,YefM-like fold,YefM-like domain,1.82,0.37,text 3d pdb
184,2,60,40,10,720,3rifN02,Immunoglobulin-like,Immunoglobulins,2.30,0.37,text 3d pdb
185,2,10,70,20,1,3ci0J02,Complement Module; domain 1,gspk-gspi-gspj complex like domains,2.86,0.37,text 3d pdb
186,3,30,70,1550,1,1uetA04,Alpha-Beta Plaits,Archaeal tRNA CCA-adding enzyme catalytic domain,2.94,0.37,text 3d pdb
187,2,20,20,70,1,2b9kA00,Anthopleurin-A,,2.67,0.37,text 3d pdb
188,2,20,28,120,1,3sgf500,Rubrerythrin domain 2,,3.30,0.37,text 3d pdb
189,3,30,70,1550,1,4x4oA04,Alpha-Beta Plaits,Archaeal tRNA CCA-adding enzyme catalytic domain,2.93,0.37,text 3d pdb
190,3,30,30,80,1,3gkuB01,Defensin A-like,probable RNA-binding protein from clostridium symbiosum atcc 14940,3.02,0.37,text 3d pdb
191,2,20,25,290,2,2qr1B01,N-terminal domain of TfIIb,,2.89,0.37,text 3d pdb
192,2,20,25,290,2,2qrcB01,N-terminal domain of TfIIb,,2.89,0.37,text 3d pdb
193,3,40,1620,10,5,3kh2G01,YefM-like fold,YefM-like domain,1.85,0.37,text 3d pdb
194,2,20,28,200,1,3k35E02,Rubrerythrin domain 2,,2.53,0.36,text 3d pdb
195,3,30,70,2000,1,3dryC03,Alpha-Beta Plaits,,3.16,0.36,text 3d pdb
196,3,10,50,10,13,3bxwB03,Chitinase A; domain 3,,3.12,0.36,text 3d pdb
197,3,30,70,1550,1,3ovaA04,Alpha-Beta Plaits,Archaeal tRNA CCA-adding enzyme catalytic domain,2.94,0.36,text 3d pdb
198,2,10,70,10,34,3ix0B01,Complement Module; domain 1,Complement Module domain 1,2.51,0.36,text 3d pdb
199,3,30,1490,20,12,1uc8B02,Dna Ligase; domain 1,ATP-grasp fold A domain,2.70,0.36,text 3d pdb
200,3,30,70,1550,1,3ov7A04,Alpha-Beta Plaits,Archaeal tRNA CCA-adding enzyme catalytic domain,2.76,0.36,text 3d pdb
201,2,20,25,290,2,2qrdB01,N-terminal domain of TfIIb,,3.02,0.36,text 3d pdb
202,3,30,70,1550,1,4x4uF04,Alpha-Beta Plaits,Archaeal tRNA CCA-adding enzyme catalytic domain,2.79,0.36,text 3d pdb
203,3,30,30,10,5,1n4nA00,Defensin A-like,Knottin scorpion toxin-like,3.12,0.36,text 3d pdb
204,3,30,70,1550,1,4x4nE04,Alpha-Beta Plaits,Archaeal tRNA CCA-adding enzyme catalytic domain,2.81,0.36,text 3d pdb
205,2,20,25,290,2,2qreB01,N-terminal domain of TfIIb,,2.95,0.36,text 3d pdb
206,2,30,36,70,1,3cjbA02,Actin; Chain A domain 2,Actin; Chain A domain 2,1.62,0.36,text 3d pdb
207,3,30,70,1550,1,3ovsA04,Alpha-Beta Plaits,Archaeal tRNA CCA-adding enzyme catalytic domain,2.94,0.36,text 3d pdb
208,2,10,70,10,34,3ix0C01,Complement Module; domain 1,Complement Module domain 1,2.50,0.36,text 3d pdb
209,3,30,70,1550,1,2dr9A04,Alpha-Beta Plaits,Archaeal tRNA CCA-adding enzyme catalytic domain,2.81,0.36,text 3d pdb
210,3,30,70,1550,1,2zh6A04,Alpha-Beta Plaits,Archaeal tRNA CCA-adding enzyme catalytic domain,2.99,0.36,text 3d pdb
211,3,30,750,60,2,4hizB01,Transcription Regulator spoIIAA,Endosialidase N-terminal extension domain,2.70,0.36,text 3d pdb
212,3,30,1490,20,7,4egjC03,Dna Ligase; domain 1,ATP-grasp fold A domain,3.05,0.36,text 3d pdb
213,3,10,360,10,1,1fd4J00,Antimicrobial Peptide Beta-defensin 2; Chain A,Antimicrobial Peptide Beta-defensin 2; Chain A,3.10,0.36,text 3d pdb
214,2,20,28,50,2,3pl5A02,Rubrerythrin domain 2,degv family protein,1.72,0.36,text 3d pdb
215,3,10,360,10,1,1fd4F00,Antimicrobial Peptide Beta-defensin 2; Chain A,Antimicrobial Peptide Beta-defensin 2; Chain A,3.31,0.36,text 3d pdb
216,2,20,25,80,1,2aydA01,N-terminal domain of TfIIb,WRKY domain,2.60,0.36,text 3d pdb
217,2,20,25,200,1,2zaeB02,N-terminal domain of TfIIb,,2.05,0.36,text 3d pdb
218,3,10,360,10,1,1fd3B00,Antimicrobial Peptide Beta-defensin 2; Chain A,Antimicrobial Peptide Beta-defensin 2; Chain A,3.13,0.36,text 3d pdb
219,2,20,28,120,1,3og0100,Rubrerythrin domain 2,,3.20,0.36,text 3d pdb
220,2,10,70,10,34,3ix0D01,Complement Module; domain 1,Complement Module domain 1,2.84,0.36,text 3d pdb
221,3,10,360,10,1,1fd4N00,Antimicrobial Peptide Beta-defensin 2; Chain A,Antimicrobial Peptide Beta-defensin 2; Chain A,3.20,0.36,text 3d pdb
222,3,30,160,110,5,3c6mD01,Double Stranded RNA Binding Domain,Siroheme synthase; domain 2,2.34,0.36,text 3d pdb
223,3,30,70,1550,1,2dr8A04,Alpha-Beta Plaits,Archaeal tRNA CCA-adding enzyme catalytic domain,2.83,0.36,text 3d pdb
224,3,30,1490,30,1,1bgwA01,Dna Ligase; domain 1,,2.43,0.36,text 3d pdb
225,2,20,25,290,2,2qreD01,N-terminal domain of TfIIb,,3.10,0.36,text 3d pdb
226,3,10,360,10,1,1fd3A00,Antimicrobial Peptide Beta-defensin 2; Chain A,Antimicrobial Peptide Beta-defensin 2; Chain A,3.15,0.36,text 3d pdb
227,3,30,70,1550,1,2draA04,Alpha-Beta Plaits,Archaeal tRNA CCA-adding enzyme catalytic domain,3.02,0.36,text 3d pdb
228,3,10,50,40,20,2m2aA01,Chitinase A; domain 3,,2.87,0.36,text 3d pdb
229,3,40,1620,10,5,3kh2E01,YefM-like fold,YefM-like domain,1.94,0.36,text 3d pdb
230,2,20,28,120,1,3i1t100,Rubrerythrin domain 2,,3.18,0.36,text 3d pdb
231,3,30,70,1550,1,2drbA04,Alpha-Beta Plaits,Archaeal tRNA CCA-adding enzyme catalytic domain,2.83,0.36,text 3d pdb
232,2,20,28,120,1,2qov100,Rubrerythrin domain 2,,3.17,0.36,text 3d pdb
233,3,10,360,10,1,1fd4D00,Antimicrobial Peptide Beta-defensin 2; Chain A,Antimicrobial Peptide Beta-defensin 2; Chain A,3.29,0.36,text 3d pdb
234,2,20,28,120,1,2qam100,Rubrerythrin domain 2,,3.22,0.36,text 3d pdb
235,3,10,360,10,1,1fd4B00,Antimicrobial Peptide Beta-defensin 2; Chain A,Antimicrobial Peptide Beta-defensin 2; Chain A,3.04,0.36,text 3d pdb
236,3,30,1490,30,1,2rgrA02,Dna Ligase; domain 1,,2.89,0.36,text 3d pdb
237,2,20,28,120,1,3i22100,Rubrerythrin domain 2,,3.19,0.36,text 3d pdb
238,2,30,30,100,16,4xtxA02,SH3 type barrels.,,2.34,0.36,text 3d pdb
239,2,20,25,290,2,2ooxD01,N-terminal domain of TfIIb,,2.96,0.36,text 3d pdb
240,2,20,28,120,1,2qao100,Rubrerythrin domain 2,,3.21,0.36,text 3d pdb
241,2,20,28,120,1,3i1p100,Rubrerythrin domain 2,,3.18,0.36,text 3d pdb
242,2,20,28,120,1,2qox100,Rubrerythrin domain 2,,3.17,0.36,text 3d pdb
243,3,30,200,20,169,4hokS01,Phosphorylase Kinase; domain 1,Phosphorylase Kinase; domain 1,2.90,0.36,text 3d pdb
244,2,20,28,120,1,2qba100,Rubrerythrin domain 2,,3.20,0.35,text 3d pdb
245,3,30,70,1550,1,4x4pG04,Alpha-Beta Plaits,Archaeal tRNA CCA-adding enzyme catalytic domain,2.79,0.35,text 3d pdb
246,3,40,1620,10,5,3hryA01,YefM-like fold,YefM-like domain,1.98,0.35,text 3d pdb
247,2,20,25,200,1,1x0tA02,N-terminal domain of TfIIb,,2.13,0.35,text 3d pdb
248,2,20,28,120,1,2qbi100,Rubrerythrin domain 2,,3.20,0.35,text 3d pdb
249,2,20,25,290,2,2ooyD01,N-terminal domain of TfIIb,,3.01,0.35,text 3d pdb
250,3,10,360,10,1,1fd4C00,Antimicrobial Peptide Beta-defensin 2; Chain A,Antimicrobial Peptide Beta-defensin 2; Chain A,3.08,0.35,text 3d pdb
251,3,30,1490,20,37,2z04B02,Dna Ligase; domain 1,ATP-grasp fold A domain,3.30,0.35,text 3d pdb
252,2,20,28,120,1,2qbk100,Rubrerythrin domain 2,,3.20,0.35,text 3d pdb
253,3,30,1490,20,12,1uc9B02,Dna Ligase; domain 1,ATP-grasp fold A domain,2.71,0.35,text 3d pdb
254,2,20,28,120,1,2qbe100,Rubrerythrin domain 2,,3.22,0.35,text 3d pdb
255,2,20,28,120,1,2qbg100,Rubrerythrin domain 2,,3.22,0.35,text 3d pdb
256,2,20,25,290,2,2qr1D01,N-terminal domain of TfIIb,,3.02,0.35,text 3d pdb
257,2,20,25,290,2,2qrcD01,N-terminal domain of TfIIb,,3.02,0.35,text 3d pdb
258,3,10,330,100,1,2mm0A00,Vcp-like ATPase; Chain A domain 2,,2.86,0.35,text 3d pdb
259,3,30,1490,190,2,4rb1B02,Dna Ligase; domain 1,,2.89,0.35,text 3d pdb
260,2,20,28,120,1,3oat100,Rubrerythrin domain 2,,3.35,0.35,text 3d pdb
261,2,20,28,120,1,4peb100,Rubrerythrin domain 2,,3.35,0.35,text 3d pdb
262,2,30,30,100,16,4xtyA02,SH3 type barrels.,,2.33,0.35,text 3d pdb
263,3,30,1490,20,12,1uc8A02,Dna Ligase; domain 1,ATP-grasp fold A domain,2.71,0.35,text 3d pdb
264,2,30,36,70,1,1lcuB02,Actin; Chain A domain 2,Actin; Chain A domain 2,2.71,0.35,text 3d pdb
265,3,40,1620,10,3,2a6qC01,YefM-like fold,YefM-like domain,2.13,0.35,text 3d pdb
266,2,20,28,120,1,5dm8100,Rubrerythrin domain 2,,3.27,0.35,text 3d pdb
267,3,30,1490,190,2,1mzbA02,Dna Ligase; domain 1,,3.23,0.35,text 3d pdb
268,2,40,10,330,2,3prbB02,Thrombin subunit H,,2.76,0.35,text 3d pdb
269,2,30,30,100,16,4xtwA02,SH3 type barrels.,,2.34,0.35,text 3d pdb
270,3,30,200,20,41,1yojB01,Phosphorylase Kinase; domain 1,Phosphorylase Kinase; domain 1,3.04,0.35,text 3d pdb
271,3,30,1070,10,1,3mcdB00,Cell Cycle; Chain A,Cell division topological specificity factor MinE,2.80,0.35,text 3d pdb
272,2,30,30,100,16,4xtvA02,SH3 type barrels.,,2.35,0.35,text 3d pdb
273,3,30,70,1170,2,2nxeB01,Alpha-Beta Plaits,Sun protein; domain 3,2.63,0.35,text 3d pdb
274,2,20,28,120,1,2qoz100,Rubrerythrin domain 2,,3.22,0.35,text 3d pdb
275,3,30,30,10,12,1bk8A00,Defensin A-like,Knottin scorpion toxin-like,2.94,0.35,text 3d pdb
276,3,30,70,1170,2,2zbpA01,Alpha-Beta Plaits,Sun protein; domain 3,2.69,0.35,text 3d pdb
277,2,20,25,400,1,3mzlB01,N-terminal domain of TfIIb,,2.25,0.35,text 3d pdb
278,2,20,25,400,1,3mzlD01,N-terminal domain of TfIIb,,2.26,0.35,text 3d pdb
279,2,20,28,120,1,2qp1100,Rubrerythrin domain 2,,3.23,0.35,text 3d pdb
280,2,30,30,100,16,4xu3A02,SH3 type barrels.,,2.38,0.35,text 3d pdb
281,3,10,50,10,9,4s3jB03,Chitinase A; domain 3,,3.38,0.35,text 3d pdb
282,3,30,1490,20,11,4o2bF03,Dna Ligase; domain 1,ATP-grasp fold A domain,2.88,0.35,text 3d pdb
283,3,10,330,20,1,3lhdC01,Vcp-like ATPase; Chain A domain 2,,2.76,0.35,text 3d pdb
284,3,40,1620,10,3,3ctoA01,YefM-like fold,YefM-like domain,2.05,0.35,text 3d pdb
285,2,30,30,100,16,4xtuA02,SH3 type barrels.,,2.38,0.35,text 3d pdb
286,2,30,30,100,16,4xu2A02,SH3 type barrels.,,2.37,0.35,text 3d pdb
287,2,30,30,100,16,4xtzA02,SH3 type barrels.,,2.37,0.35,text 3d pdb
288,3,30,30,10,5,4ab0A00,Defensin A-like,Knottin scorpion toxin-like,3.29,0.35,text 3d pdb
289,3,30,1490,20,23,1pk8E01,Dna Ligase; domain 1,ATP-grasp fold A domain,2.40,0.35,text 3d pdb
290,3,30,60,10,2,9wgaA01,Wheat Germ Agglutinin (Isolectin 2); domain 1,Endochitinase-like,2.51,0.35,text 3d pdb
291,3,30,70,1170,2,2zbqA01,Alpha-Beta Plaits,Sun protein; domain 3,2.72,0.35,text 3d pdb
292,3,30,70,1170,2,2zbrA01,Alpha-Beta Plaits,Sun protein; domain 3,2.69,0.35,text 3d pdb
293,3,10,330,20,7,2b25A01,Vcp-like ATPase; Chain A domain 2,,2.88,0.35,text 3d pdb
294,2,30,30,570,1,3gnfB01,SH3 type barrels.,,2.63,0.35,text 3d pdb
295,3,30,1490,20,23,1pk8C01,Dna Ligase; domain 1,ATP-grasp fold A domain,2.40,0.35,text 3d pdb
296,2,20,28,120,1,4tpb100,Rubrerythrin domain 2,,3.31,0.35,text 3d pdb
297,2,20,28,120,1,3i1n100,Rubrerythrin domain 2,,3.24,0.35,text 3d pdb
298,3,40,1620,10,5,3k33C01,YefM-like fold,YefM-like domain,2.24,0.35,text 3d pdb
299,2,30,30,100,16,4xu0A02,SH3 type barrels.,,2.37,0.35,text 3d pdb
300,2,20,28,120,1,4tp7100,Rubrerythrin domain 2,,3.18,0.35,text 3d pdb
301,3,10,360,10,1,1fd4L00,Antimicrobial Peptide Beta-defensin 2; Chain A,Antimicrobial Peptide Beta-defensin 2; Chain A,3.27,0.35,text 3d pdb
302,3,30,1490,20,23,1pk8G01,Dna Ligase; domain 1,ATP-grasp fold A domain,2.41,0.35,text 3d pdb
303,2,20,28,270,1,2m6oA00,Rubrerythrin domain 2,,3.20,0.35,text 3d pdb
304,2,40,50,410,1,2cw0D03,OB fold (Dihydrolipoamide Acetyltransferase E2P),,2.84,0.35,text 3d pdb
305,3,30,1490,20,23,1pk8H01,Dna Ligase; domain 1,ATP-grasp fold A domain,2.41,0.35,text 3d pdb
306,3,10,360,10,1,1fd4O00,Antimicrobial Peptide Beta-defensin 2; Chain A,Antimicrobial Peptide Beta-defensin 2; Chain A,3.10,0.35,text 3d pdb
307,2,20,28,120,1,4tpf100,Rubrerythrin domain 2,,3.18,0.35,text 3d pdb
308,3,10,330,100,1,2mm2A00,Vcp-like ATPase; Chain A domain 2,,3.00,0.35,text 3d pdb
309,3,30,1490,20,23,1pk8F01,Dna Ligase; domain 1,ATP-grasp fold A domain,2.42,0.35,text 3d pdb
310,3,30,200,20,169,3uysB01,Phosphorylase Kinase; domain 1,Phosphorylase Kinase; domain 1,3.36,0.35,text 3d pdb
311,3,10,360,10,1,1fd4P00,Antimicrobial Peptide Beta-defensin 2; Chain A,Antimicrobial Peptide Beta-defensin 2; Chain A,3.19,0.35,text 3d pdb
312,3,30,1490,20,23,1auxB01,Dna Ligase; domain 1,ATP-grasp fold A domain,2.42,0.35,text 3d pdb
313,3,30,1490,20,11,5gonF03,Dna Ligase; domain 1,ATP-grasp fold A domain,3.13,0.35,text 3d pdb
314,3,10,50,10,2,2b2pA02,Chitinase A; domain 3,,2.84,0.35,text 3d pdb
315,3,10,50,10,2,2dswA02,Chitinase A; domain 3,,2.84,0.35,text 3d pdb
316,3,10,50,10,2,2aokA02,Chitinase A; domain 3,,2.84,0.35,text 3d pdb
317,3,30,1490,20,7,4egqD03,Dna Ligase; domain 1,ATP-grasp fold A domain,3.39,0.35,text 3d pdb
318,3,10,50,10,2,4s06A02,Chitinase A; domain 3,,2.85,0.35,text 3d pdb
319,3,30,720,110,2,3m2oB02,Signal recognition particle alu RNA binding heterodimer srp9/1,,3.21,0.35,text 3d pdb
320,3,10,50,10,2,2dt1A02,Chitinase A; domain 3,,2.87,0.35,text 3d pdb
321,3,10,50,10,2,2olhA02,Chitinase A; domain 3,,2.86,0.35,text 3d pdb
322,3,30,30,10,5,4ab0B00,Defensin A-like,Knottin scorpion toxin-like,3.36,0.35,text 3d pdb
323,3,10,50,10,2,2ao8A02,Chitinase A; domain 3,,2.86,0.35,text 3d pdb
324,2,20,28,120,1,4tp3100,Rubrerythrin domain 2,,3.20,0.35,text 3d pdb
325,3,10,50,10,2,4mtvA02,Chitinase A; domain 3,,3.10,0.35,text 3d pdb
326,3,10,50,10,2,2dsuA02,Chitinase A; domain 3,,2.86,0.35,text 3d pdb
327,3,10,50,10,2,2dt2A02,Chitinase A; domain 3,,2.86,0.35,text 3d pdb
328,3,10,50,10,2,2b40A02,Chitinase A; domain 3,,2.86,0.35,text 3d pdb
329,3,30,60,10,2,2x3tA01,Wheat Germ Agglutinin (Isolectin 2); domain 1,Endochitinase-like,2.52,0.35,text 3d pdb
330,3,10,50,10,2,2a0oA02,Chitinase A; domain 3,,2.86,0.35,text 3d pdb
331,3,30,60,10,2,2uvoA01,Wheat Germ Agglutinin (Isolectin 2); domain 1,Endochitinase-like,2.52,0.35,text 3d pdb
332,3,30,1490,20,23,2p0aB03,Dna Ligase; domain 1,ATP-grasp fold A domain,2.42,0.35,text 3d pdb
333,3,30,1490,20,23,1pk8B01,Dna Ligase; domain 1,ATP-grasp fold A domain,2.42,0.35,text 3d pdb
334,3,10,50,10,2,4s19A02,Chitinase A; domain 3,,3.10,0.35,text 3d pdb
335,3,10,50,10,2,2a09A02,Chitinase A; domain 3,,2.87,0.35,text 3d pdb
336,3,40,1620,10,5,3kh2H01,YefM-like fold,YefM-like domain,2.30,0.35,text 3d pdb
337,3,30,1490,20,23,1pk8D01,Dna Ligase; domain 1,ATP-grasp fold A domain,2.42,0.35,text 3d pdb
338,3,10,360,10,1,1fd4K00,Antimicrobial Peptide Beta-defensin 2; Chain A,Antimicrobial Peptide Beta-defensin 2; Chain A,3.08,0.35,text 3d pdb
339,3,30,1490,20,23,1px2A01,Dna Ligase; domain 1,ATP-grasp fold A domain,2.45,0.35,text 3d pdb
340,3,30,1490,190,4,3f8nA02,Dna Ligase; domain 1,,3.01,0.35,text 3d pdb
341,3,10,360,10,1,1fd3D00,Antimicrobial Peptide Beta-defensin 2; Chain A,Antimicrobial Peptide Beta-defensin 2; Chain A,3.21,0.35,text 3d pdb
342,3,30,1490,20,11,4yj2F03,Dna Ligase; domain 1,ATP-grasp fold A domain,2.83,0.35,text 3d pdb
343,3,10,50,10,2,2pi6A02,Chitinase A; domain 3,,2.88,0.35,text 3d pdb
344,3,10,50,10,2,2b41A02,Chitinase A; domain 3,,2.87,0.35,text 3d pdb
345,3,10,50,10,2,1zu7A02,Chitinase A; domain 3,,2.87,0.35,text 3d pdb
346,3,10,50,10,2,1ljyA02,Chitinase A; domain 3,,2.88,0.35,text 3d pdb
347,3,10,50,10,2,2o9oA02,Chitinase A; domain 3,,2.73,0.35,text 3d pdb
348,3,30,30,10,5,5kk4D00,Defensin A-like,Knottin scorpion toxin-like,3.36,0.35,text 3d pdb
349,3,10,50,10,2,2dszA02,Chitinase A; domain 3,,2.88,0.35,text 3d pdb
350,2,20,28,120,1,4too100,Rubrerythrin domain 2,,3.20,0.35,text 3d pdb
351,3,30,1040,10,1,1dtdB00,Carboxypeptidase Inhibitor; Chain A,Carboxypeptidase inhibitor,2.40,0.35,text 3d pdb
352,3,30,30,10,11,1ayjA00,Defensin A-like,Knottin scorpion toxin-like,3.06,0.35,text 3d pdb
353,3,10,50,10,2,2dt0A02,Chitinase A; domain 3,,2.87,0.35,text 3d pdb
354,3,10,50,10,2,1sv8A02,Chitinase A; domain 3,,2.74,0.35,text 3d pdb
355,2,20,28,120,1,5dm7100,Rubrerythrin domain 2,,3.33,0.35,text 3d pdb
356,3,10,50,10,2,1qzoA02,Chitinase A; domain 3,,2.87,0.34,text 3d pdb
357,2,20,20,10,2,2k2xA02,Anthopleurin-A,Anthopleurin-A,3.21,0.34,text 3d pdb
358,3,10,360,10,1,1fd4G00,Antimicrobial Peptide Beta-defensin 2; Chain A,Antimicrobial Peptide Beta-defensin 2; Chain A,3.21,0.34,text 3d pdb
359,3,30,200,20,169,3uysA01,Phosphorylase Kinase; domain 1,Phosphorylase Kinase; domain 1,3.02,0.34,text 3d pdb
360,2,20,28,120,4,4rbe600,Rubrerythrin domain 2,,3.27,0.34,text 3d pdb
361,3,10,50,10,2,1sytA02,Chitinase A; domain 3,,2.87,0.34,text 3d pdb
362,3,10,50,10,2,1zbwA02,Chitinase A; domain 3,,2.88,0.34,text 3d pdb
363,3,10,50,10,2,2b2zA02,Chitinase A; domain 3,,2.77,0.34,text 3d pdb
364,3,10,50,10,2,1zu6A02,Chitinase A; domain 3,,2.77,0.34,text 3d pdb
365,3,10,330,20,1,3mb5A01,Vcp-like ATPase; Chain A domain 2,,2.99,0.34,text 3d pdb
366,3,10,50,10,2,1zbvA02,Chitinase A; domain 3,,2.89,0.34,text 3d pdb
367,3,30,1490,20,11,4o2aF03,Dna Ligase; domain 1,ATP-grasp fold A domain,2.86,0.34,text 3d pdb
368,3,10,50,10,2,2b31A02,Chitinase A; domain 3,,2.88,0.34,text 3d pdb
369,3,10,50,10,2,1zu9A02,Chitinase A; domain 3,,2.88,0.34,text 3d pdb
370,2,20,28,120,1,5gaec00,Rubrerythrin domain 2,,3.46,0.34,text 3d pdb
371,3,10,50,10,2,1zl1A02,Chitinase A; domain 3,,2.78,0.34,text 3d pdb
372,3,10,50,10,2,1zu8A02,Chitinase A; domain 3,,2.76,0.34,text 3d pdb
373,3,10,50,10,2,1r2vA02,Chitinase A; domain 3,,2.77,0.34,text 3d pdb
374,3,10,50,10,2,2qf8A02,Chitinase A; domain 3,,3.10,0.34,text 3d pdb
375,3,30,1490,190,2,4rb2C02,Dna Ligase; domain 1,,3.24,0.34,text 3d pdb
376,3,10,50,10,2,2dpeA02,Chitinase A; domain 3,,2.78,0.34,text 3d pdb
377,3,10,50,10,2,2escA02,Chitinase A; domain 3,,2.87,0.34,text 3d pdb
378,3,10,50,10,2,2g8zA02,Chitinase A; domain 3,,2.77,0.34,text 3d pdb
379,3,30,70,1680,1,4kjiA00,Alpha-Beta Plaits,,2.48,0.34,text 3d pdb
380,3,10,50,10,2,1owqA02,Chitinase A; domain 3,,3.11,0.34,text 3d pdb
381,2,20,28,120,1,4kj5100,Rubrerythrin domain 2,,3.30,0.34,text 3d pdb
382,3,10,50,10,2,1zbcA02,Chitinase A; domain 3,,3.10,0.34,text 3d pdb
383,2,20,25,290,2,2qrdD01,N-terminal domain of TfIIb,,3.35,0.34,text 3d pdb
384,3,10,330,20,1,3lgaA01,Vcp-like ATPase; Chain A domain 2,,2.99,0.34,text 3d pdb
385,2,20,28,10,2,4tpuA02,Rubrerythrin domain 2,,2.90,0.34,text 3d pdb
386,3,10,330,20,1,3lgaD01,Vcp-like ATPase; Chain A domain 2,,2.99,0.34,text 3d pdb
387,3,10,330,20,1,3lgaC01,Vcp-like ATPase; Chain A domain 2,,3.00,0.34,text 3d pdb
388,2,20,28,120,4,3uxr600,Rubrerythrin domain 2,,3.26,0.34,text 3d pdb
389,3,30,30,10,5,5kk4C00,Defensin A-like,Knottin scorpion toxin-like,3.39,0.34,text 3d pdb
390,4,10,80,40,4,1fumA04,Rhinovirus 14 subunit 4,succinate dehydrogenase protein domain,3.45,0.34,text 3d pdb
391,2,30,30,550,3,2zuoL07,SH3 type barrels.,,2.22,0.34,text 3d pdb
392,3,30,1490,20,12,1uc9A02,Dna Ligase; domain 1,ATP-grasp fold A domain,2.89,0.34,text 3d pdb
393,3,10,50,10,12,4wiwE02,Chitinase A; domain 3,,3.12,0.34,text 3d pdb
394,3,10,330,20,3,1i9gA01,Vcp-like ATPase; Chain A domain 2,,2.86,0.34,text 3d pdb
395,2,20,28,120,4,3kiw600,Rubrerythrin domain 2,,3.20,0.34,text 3d pdb
396,2,20,28,120,4,3kiy600,Rubrerythrin domain 2,,3.20,0.34,text 3d pdb
397,4,10,80,40,4,3p4qM04,Rhinovirus 14 subunit 4,succinate dehydrogenase protein domain,3.56,0.34,text 3d pdb
398,2,10,70,10,9,3r62B01,Complement Module; domain 1,Complement Module domain 1,2.58,0.34,text 3d pdb
399,2,20,25,480,1,3bg0G01,N-terminal domain of TfIIb,,2.61,0.34,text 3d pdb
400,3,10,330,20,1,3lgaB01,Vcp-like ATPase; Chain A domain 2,,3.00,0.34,text 3d pdb
401,2,20,25,480,1,3bg0C01,N-terminal domain of TfIIb,,2.61,0.34,text 3d pdb
402,3,30,1490,190,4,3f8nB02,Dna Ligase; domain 1,,2.88,0.34,text 3d pdb
403,2,20,28,120,1,5jvh100,Rubrerythrin domain 2,,3.50,0.34,text 3d pdb
404,3,30,70,260,12,1y7pC01,Alpha-Beta Plaits,,2.59,0.34,text 3d pdb
405,3,30,505,40,1,2ci8A01,SHC Adaptor Protein,,2.58,0.34,text 3d pdb
406,2,60,40,1770,1,3fl7A02,Immunoglobulin-like,ephrin a2 ectodomain,2.81,0.34,text 3d pdb
407,3,30,720,110,2,3m2oA02,Signal recognition particle alu RNA binding heterodimer srp9/1,,3.59,0.34,text 3d pdb
408,2,20,28,120,4,4l6j300,Rubrerythrin domain 2,,3.20,0.34,text 3d pdb
409,3,30,1490,140,1,2fk3D00,Dna Ligase; domain 1,Amyloidogenic glycoprotein copper-binding domain,2.91,0.34,text 3d pdb
410,3,30,1490,20,3,5d8dE03,Dna Ligase; domain 1,ATP-grasp fold A domain,2.76,0.34,text 3d pdb
411,2,20,28,120,4,4l6l300,Rubrerythrin domain 2,,3.20,0.34,text 3d pdb
412,3,30,1490,30,1,3l4kA02,Dna Ligase; domain 1,,2.72,0.34,text 3d pdb
413,3,30,200,20,169,4kbkD01,Phosphorylase Kinase; domain 1,Phosphorylase Kinase; domain 1,3.03,0.34,text 3d pdb
414,2,30,30,550,3,2zuoI07,SH3 type barrels.,,2.26,0.34,text 3d pdb
415,3,10,330,20,1,3lhdB01,Vcp-like ATPase; Chain A domain 2,,3.01,0.34,text 3d pdb
416,3,30,30,80,1,3gkuA01,Defensin A-like,probable RNA-binding protein from clostridium symbiosum atcc 14940,3.20,0.34,text 3d pdb
417,3,10,50,10,12,4wiwF02,Chitinase A; domain 3,,2.94,0.34,text 3d pdb
418,2,30,30,550,3,2zuoG07,SH3 type barrels.,,2.21,0.34,text 3d pdb
419,3,30,30,90,1,3r2vA02,Defensin A-like,,3.25,0.34,text 3d pdb
420,2,30,30,550,3,2zuoH07,SH3 type barrels.,,2.24,0.34,text 3d pdb
421,3,10,330,20,1,3lhdD01,Vcp-like ATPase; Chain A domain 2,,2.99,0.34,text 3d pdb
422,2,60,40,10,21,5jw4Q02,Immunoglobulin-like,Immunoglobulins,3.00,0.34,text 3d pdb
423,4,10,80,40,4,3p4sA04,Rhinovirus 14 subunit 4,succinate dehydrogenase protein domain,3.75,0.34,text 3d pdb
424,3,30,30,10,5,4aazA00,Defensin A-like,Knottin scorpion toxin-like,3.47,0.34,text 3d pdb
425,2,30,30,550,3,2zuoA07,SH3 type barrels.,,2.22,0.34,text 3d pdb
426,2,30,30,550,3,2zuoK07,SH3 type barrels.,,2.22,0.34,text 3d pdb
427,2,30,30,550,3,2zuoB07,SH3 type barrels.,,2.28,0.34,text 3d pdb
428,3,30,70,1800,1,4i67A01,Alpha-Beta Plaits,,2.27,0.34,text 3d pdb
429,2,60,40,10,574,5cayB02,Immunoglobulin-like,Immunoglobulins,2.80,0.34,text 3d pdb
430,3,10,50,10,12,4wiwB02,Chitinase A; domain 3,,2.93,0.34,text 3d pdb
431,3,10,50,10,12,4wiwA02,Chitinase A; domain 3,,2.96,0.34,text 3d pdb
432,2,30,30,550,3,3gnfB07,SH3 type barrels.,,2.04,0.34,text 3d pdb
433,3,30,60,70,1,3r5bE02,Wheat Germ Agglutinin (Isolectin 2); domain 1,Trimeric LpxA-like enzymes,2.19,0.34,text 3d pdb
434,2,20,25,610,1,1n98A00,N-terminal domain of TfIIb,,3.63,0.34,text 3d pdb
435,2,30,30,550,3,2zuoF07,SH3 type barrels.,,2.25,0.34,text 3d pdb
436,3,30,1490,190,2,5fd6D02,Dna Ligase; domain 1,,3.35,0.34,text 3d pdb
437,2,30,30,550,3,2zuoJ07,SH3 type barrels.,,2.22,0.34,text 3d pdb
438,2,20,28,120,4,4dhc600,Rubrerythrin domain 2,,3.35,0.34,text 3d pdb
439,3,30,70,330,98,1cvjH02,Alpha-Beta Plaits,,1.81,0.34,text 3d pdb
440,3,30,30,10,5,5kk4B00,Defensin A-like,Knottin scorpion toxin-like,3.41,0.34,text 3d pdb
441,2,20,25,120,1,1np6A02,N-terminal domain of TfIIb,,2.27,0.34,text 3d pdb
442,4,10,80,40,4,2b76A04,Rhinovirus 14 subunit 4,succinate dehydrogenase protein domain,3.25,0.34,text 3d pdb
443,3,30,30,90,3,3kc6A02,Defensin A-like,,3.25,0.34,text 3d pdb
444,2,20,20,10,5,1bdsA00,Anthopleurin-A,Anthopleurin-A,2.78,0.34,text 3d pdb
445,2,30,30,550,3,3gf5A07,SH3 type barrels.,,1.89,0.34,text 3d pdb
446,2,30,30,550,3,2zuoD07,SH3 type barrels.,,2.23,0.34,text 3d pdb
447,2,30,30,550,3,2zuoM07,SH3 type barrels.,,2.24,0.34,text 3d pdb
448,2,20,25,480,1,3bg1C01,N-terminal domain of TfIIb,,2.60,0.34,text 3d pdb
449,3,10,50,10,12,4wiwC02,Chitinase A; domain 3,,3.18,0.34,text 3d pdb
450,2,20,25,480,1,3bg1G01,N-terminal domain of TfIIb,,2.60,0.34,text 3d pdb
451,3,30,70,80,4,3vhqA01,Alpha-Beta Plaits,Peptidase S8 propeptide/proteinase inhibitor I9,2.43,0.34,text 3d pdb
452,2,60,40,1770,1,4m4rC02,Immunoglobulin-like,ephrin a2 ectodomain,3.57,0.34,text 3d pdb
453,3,10,360,10,1,1fd4H00,Antimicrobial Peptide Beta-defensin 2; Chain A,Antimicrobial Peptide Beta-defensin 2; Chain A,3.23,0.34,text 3d pdb
454,3,30,1490,20,23,1i7lA01,Dna Ligase; domain 1,ATP-grasp fold A domain,2.48,0.34,text 3d pdb
455,3,10,360,10,1,1fd4I00,Antimicrobial Peptide Beta-defensin 2; Chain A,Antimicrobial Peptide Beta-defensin 2; Chain A,3.15,0.34,text 3d pdb
456,2,20,28,50,4,1pzxB02,Rubrerythrin domain 2,degv family protein,2.15,0.34,text 3d pdb
457,2,10,70,10,9,3zd1B01,Complement Module; domain 1,Complement Module domain 1,2.56,0.34,text 3d pdb
458,2,20,28,10,3,1ltlD03,Rubrerythrin domain 2,,3.32,0.34,text 3d pdb
459,3,30,200,20,169,4kbaD01,Phosphorylase Kinase; domain 1,Phosphorylase Kinase; domain 1,3.09,0.34,text 3d pdb
460,2,20,25,120,1,1p9nB02,N-terminal domain of TfIIb,,2.59,0.34,text 3d pdb
461,2,30,30,100,16,4op0A02,SH3 type barrels.,,2.37,0.34,text 3d pdb
462,2,20,28,120,4,3kir600,Rubrerythrin domain 2,,3.78,0.34,text 3d pdb
463,2,20,28,120,4,3kit600,Rubrerythrin domain 2,,3.78,0.34,text 3d pdb
464,2,20,28,10,3,1ltlE03,Rubrerythrin domain 2,,3.32,0.34,text 3d pdb
465,3,30,60,70,1,3r5bD02,Wheat Germ Agglutinin (Isolectin 2); domain 1,Trimeric LpxA-like enzymes,2.21,0.34,text 3d pdb
466,2,10,70,10,9,4ontD01,Complement Module; domain 1,Complement Module domain 1,2.55,0.34,text 3d pdb
467,3,40,1620,10,3,2a6qA01,YefM-like fold,YefM-like domain,2.20,0.34,text 3d pdb
468,2,10,70,10,28,2xrdA01,Complement Module; domain 1,Complement Module domain 1,2.98,0.34,text 3d pdb
469,2,30,30,100,22,3fifE00,SH3 type barrels.,,1.86,0.34,text 3d pdb
470,2,10,70,10,9,3oxuD01,Complement Module; domain 1,Complement Module domain 1,2.74,0.34,text 3d pdb
471,2,20,25,510,1,3kihC01,N-terminal domain of TfIIb,,2.01,0.33,text 3d pdb
472,2,60,260,20,10,4j80D02,HSP40/DNAj peptide-binding domain,Urease metallochaperone UreE N-terminal domain,3.62,0.33,text 3d pdb
473,3,30,30,10,3,3psmB00,Defensin A-like,Knottin scorpion toxin-like,3.23,0.33,text 3d pdb
474,2,10,70,10,9,4mucB01,Complement Module; domain 1,Complement Module domain 1,2.64,0.33,text 3d pdb
475,3,30,200,20,169,4jjrB01,Phosphorylase Kinase; domain 1,Phosphorylase Kinase; domain 1,3.13,0.33,text 3d pdb
476,2,10,70,10,61,1u5mA01,Complement Module; domain 1,Complement Module domain 1,1.82,0.33,text 3d pdb
477,3,30,1490,190,2,4rayA02,Dna Ligase; domain 1,,3.28,0.33,text 3d pdb
478,3,30,30,10,5,1mr4A00,Defensin A-like,Knottin scorpion toxin-like,3.41,0.33,text 3d pdb
479,2,10,70,10,9,4mucA01,Complement Module; domain 1,Complement Module domain 1,2.69,0.33,text 3d pdb
480,3,30,1490,20,11,4wbnF03,Dna Ligase; domain 1,ATP-grasp fold A domain,3.03,0.33,text 3d pdb
481,2,10,70,10,9,2g7iA01,Complement Module; domain 1,Complement Module domain 1,2.65,0.33,text 3d pdb
482,3,30,1330,20,3,4u39I02,60s Ribosomal Protein L30; Chain: A;,Tubulin/FtsZ C-terminal domain,2.37,0.33,text 3d pdb
483,2,10,70,10,9,3rj3E01,Complement Module; domain 1,Complement Module domain 1,2.77,0.33,text 3d pdb
484,3,30,60,70,1,3r5bB02,Wheat Germ Agglutinin (Isolectin 2); domain 1,Trimeric LpxA-like enzymes,2.22,0.33,text 3d pdb
485,2,30,210,10,1,1obcA03,Leucyl-tRNA synthetase domain 3,Leucyl-tRNA synthetase domain 3,3.02,0.33,text 3d pdb
486,2,30,30,550,3,2zuoE07,SH3 type barrels.,,2.28,0.33,text 3d pdb
487,3,30,200,20,169,4jjrA01,Phosphorylase Kinase; domain 1,Phosphorylase Kinase; domain 1,2.99,0.33,text 3d pdb
488,2,10,70,10,9,3oxuE01,Complement Module; domain 1,Complement Module domain 1,2.77,0.33,text 3d pdb
489,3,30,1490,20,11,4ihjF03,Dna Ligase; domain 1,ATP-grasp fold A domain,2.93,0.33,text 3d pdb
490,2,10,70,10,9,4zh1E01,Complement Module; domain 1,Complement Module domain 1,2.75,0.33,text 3d pdb
491,2,20,70,40,1,2waeA01,Ubiquitin Ligase Nedd4; Chain: W;,,1.60,0.33,text 3d pdb
492,2,30,210,10,1,1h3nA03,Leucyl-tRNA synthetase domain 3,Leucyl-tRNA synthetase domain 3,2.76,0.33,text 3d pdb
493,3,30,60,70,1,3r5bC02,Wheat Germ Agglutinin (Isolectin 2); domain 1,Trimeric LpxA-like enzymes,2.22,0.33,text 3d pdb
494,2,60,260,20,10,4j80C02,HSP40/DNAj peptide-binding domain,Urease metallochaperone UreE N-terminal domain,3.24,0.33,text 3d pdb
495,2,10,70,10,9,4zh1D01,Complement Module; domain 1,Complement Module domain 1,2.75,0.33,text 3d pdb
496,2,10,70,10,9,3zd1A01,Complement Module; domain 1,Complement Module domain 1,2.59,0.33,text 3d pdb
497,2,30,30,100,39,2ewnB03,SH3 type barrels.,,2.47,0.33,text 3d pdb
498,2,10,50,10,19,1za3R01,Tumor Necrosis Factor Receptor subunit A; domain 2,Tumor Necrosis Factor Receptor subunit A, domain 2,2.38,0.33,text 3d pdb
499,2,30,30,550,3,3gngA07,SH3 type barrels.,,2.05,0.33,text 3d pdb
500,2,10,70,10,9,4ontE01,Complement Module; domain 1,Complement Module domain 1,2.78,0.33,text 3d pdb
501,2,60,40,1770,1,4m4rE02,Immunoglobulin-like,ephrin a2 ectodomain,3.34,0.33,text 3d pdb
502,3,30,1490,140,1,2fk3C00,Dna Ligase; domain 1,Amyloidogenic glycoprotein copper-binding domain,2.45,0.33,text 3d pdb
503,3,30,1490,20,5,3n6rK02,Dna Ligase; domain 1,ATP-grasp fold A domain,2.65,0.33,text 3d pdb
504,2,20,25,470,1,2yn3D03,N-terminal domain of TfIIb,,2.00,0.33,text 3d pdb
505,3,30,70,240,8,2wbmA03,Alpha-Beta Plaits,,2.85,0.33,text 3d pdb
506,2,30,30,550,3,2zuoC07,SH3 type barrels.,,2.40,0.33,text 3d pdb
507,2,30,30,550,2,1y7xA01,SH3 type barrels.,,2.55,0.33,text 3d pdb
508,3,30,750,60,2,4hizA01,Transcription Regulator spoIIAA,Endosialidase N-terminal extension domain,2.26,0.33,text 3d pdb
509,3,30,30,90,3,3khwA02,Defensin A-like,,3.25,0.33,text 3d pdb
510,3,30,1490,20,5,3n6rG02,Dna Ligase; domain 1,ATP-grasp fold A domain,2.66,0.33,text 3d pdb
511,2,20,28,10,3,1ltlB03,Rubrerythrin domain 2,,3.53,0.33,text 3d pdb
512,2,60,40,1770,1,4m4rA02,Immunoglobulin-like,ephrin a2 ectodomain,3.54,0.33,text 3d pdb
513,3,30,1490,20,11,5lp6F03,Dna Ligase; domain 1,ATP-grasp fold A domain,2.72,0.33,text 3d pdb
514,3,30,30,90,3,3khwB02,Defensin A-like,,3.28,0.33,text 3d pdb
515,2,20,28,10,3,1ltlF03,Rubrerythrin domain 2,,3.53,0.33,text 3d pdb
516,2,20,70,10,17,2ysiA01,Ubiquitin Ligase Nedd4; Chain: W;,,2.04,0.33,text 3d pdb
517,2,20,28,10,3,1ltlA03,Rubrerythrin domain 2,,3.53,0.33,text 3d pdb
518,2,30,30,100,54,2k57A00,SH3 type barrels.,,2.17,0.33,text 3d pdb
519,2,30,30,100,39,2ewnA03,SH3 type barrels.,,2.31,0.33,text 3d pdb
520,2,30,30,100,16,3l1aA02,SH3 type barrels.,,2.66,0.33,text 3d pdb
521,3,30,30,10,5,4uj0A00,Defensin A-like,Knottin scorpion toxin-like,3.49,0.33,text 3d pdb
522,2,40,10,10,154,2m5tA01,Thrombin subunit H,Trypsin-like serine proteases,2.92,0.33,text 3d pdb
523,3,30,60,70,1,3r5dD02,Wheat Germ Agglutinin (Isolectin 2); domain 1,Trimeric LpxA-like enzymes,2.22,0.33,text 3d pdb
524,3,30,70,80,4,4jp8A01,Alpha-Beta Plaits,Peptidase S8 propeptide/proteinase inhibitor I9,2.56,0.33,text 3d pdb
525,3,30,30,10,5,5kk4F00,Defensin A-like,Knottin scorpion toxin-like,3.45,0.33,text 3d pdb
526,3,30,30,90,1,2vy6A02,Defensin A-like,,3.31,0.33,text 3d pdb
527,3,30,1490,20,5,3n6rI02,Dna Ligase; domain 1,ATP-grasp fold A domain,2.24,0.33,text 3d pdb
528,3,30,30,10,5,4cqkB00,Defensin A-like,Knottin scorpion toxin-like,3.49,0.33,text 3d pdb
529,2,10,70,10,9,3rj3D01,Complement Module; domain 1,Complement Module domain 1,2.78,0.33,text 3d pdb
530,2,60,40,1770,1,4m4pA02,Immunoglobulin-like,ephrin a2 ectodomain,3.43,0.33,text 3d pdb
531,4,10,80,40,4,3p4pM04,Rhinovirus 14 subunit 4,succinate dehydrogenase protein domain,3.76,0.33,text 3d pdb
532,2,60,40,10,114,3u0pE02,Immunoglobulin-like,Immunoglobulins,2.74,0.33,text 3d pdb
533,2,30,30,100,16,4xtwB02,SH3 type barrels.,,2.76,0.33,text 3d pdb
534,2,10,70,10,9,3kxvA01,Complement Module; domain 1,Complement Module domain 1,2.66,0.33,text 3d pdb
535,3,30,1490,140,1,2fk3E00,Dna Ligase; domain 1,Amyloidogenic glycoprotein copper-binding domain,2.80,0.33,text 3d pdb
536,4,10,80,40,4,3p4sM04,Rhinovirus 14 subunit 4,succinate dehydrogenase protein domain,3.44,0.33,text 3d pdb
537,4,10,80,40,4,1kf6M04,Rhinovirus 14 subunit 4,succinate dehydrogenase protein domain,3.72,0.33,text 3d pdb
538,4,10,80,40,4,1kfyM04,Rhinovirus 14 subunit 4,succinate dehydrogenase protein domain,3.88,0.33,text 3d pdb
539,2,60,40,1180,85,4uzsB03,Immunoglobulin-like,Golgi alpha-mannosidase II,2.93,0.33,text 3d pdb
540,3,30,30,10,5,4cqkN00,Defensin A-like,Knottin scorpion toxin-like,3.48,0.33,text 3d pdb
541,2,10,70,10,16,3calC02,Complement Module; domain 1,Complement Module domain 1,2.46,0.33,text 3d pdb
542,3,30,1370,150,1,2lf0A02,Ribosomal Protein S8; Chain: A domain 1,,3.15,0.33,text 3d pdb
543,3,30,1490,20,11,5kx5F03,Dna Ligase; domain 1,ATP-grasp fold A domain,2.89,0.33,text 3d pdb
544,3,30,30,10,6,2n69A00,Defensin A-like,Knottin scorpion toxin-like,3.11,0.33,text 3d pdb
545,3,10,20,10,1,4ozcA00,Ubiquitin-like (UB roll),,3.51,0.33,text 3d pdb
546,2,60,260,20,10,4j80B02,HSP40/DNAj peptide-binding domain,Urease metallochaperone UreE N-terminal domain,3.38,0.33,text 3d pdb
547,2,40,50,300,1,1z47A02,OB fold (Dihydrolipoamide Acetyltransferase E2P),,3.38,0.33,text 3d pdb
548,3,30,1490,30,1,3l4jA02,Dna Ligase; domain 1,,2.80,0.33,text 3d pdb
549,3,30,70,1800,1,3i31A01,Alpha-Beta Plaits,,2.31,0.33,text 3d pdb
550,2,60,40,10,7,4q5zL02,Immunoglobulin-like,Immunoglobulins,2.83,0.33,text 3d pdb
551,3,30,1040,50,1,3pjvF02,Carboxypeptidase Inhibitor; Chain A,,2.52,0.33,text 3d pdb
552,4,10,40,20,3,1xi7A00,Omega-AgatoxinV,,2.67,0.33,text 3d pdb
553,3,30,70,2000,1,3drxC03,Alpha-Beta Plaits,,3.30,0.33,text 3d pdb
554,3,30,30,10,5,4cqkG00,Defensin A-like,Knottin scorpion toxin-like,3.50,0.33,text 3d pdb
555,3,30,30,10,3,2gl1A00,Defensin A-like,Knottin scorpion toxin-like,3.40,0.33,text 3d pdb
556,3,30,750,60,2,3gvkA01,Transcription Regulator spoIIAA,Endosialidase N-terminal extension domain,2.24,0.33,text 3d pdb
557,2,10,70,10,9,4j38B01,Complement Module; domain 1,Complement Module domain 1,2.73,0.33,text 3d pdb
558,4,10,80,40,4,1kfyA04,Rhinovirus 14 subunit 4,succinate dehydrogenase protein domain,3.67,0.33,text 3d pdb
559,3,30,30,10,5,4cqkC00,Defensin A-like,Knottin scorpion toxin-like,3.51,0.33,text 3d pdb
560,2,20,20,30,2,1gl9B01,Anthopleurin-A,reverse gyrase domain,2.93,0.33,text 3d pdb
561,2,40,50,60,1,2mhvA00,OB fold (Dihydrolipoamide Acetyltransferase E2P),,3.89,0.33,text 3d pdb
562,2,20,25,480,1,3ikoE01,N-terminal domain of TfIIb,,2.76,0.33,text 3d pdb
563,3,30,70,330,86,3vaiB02,Alpha-Beta Plaits,,2.76,0.33,text 3d pdb
564,3,30,70,80,4,2zwpB01,Alpha-Beta Plaits,Peptidase S8 propeptide/proteinase inhibitor I9,2.47,0.33,text 3d pdb
565,2,60,40,10,7,4q5zR02,Immunoglobulin-like,Immunoglobulins,2.82,0.33,text 3d pdb
566,2,40,50,140,158,1z47A03,OB fold (Dihydrolipoamide Acetyltransferase E2P),Nucleic acid-binding proteins,2.66,0.33,text 3d pdb
567,3,30,30,10,5,5kk4E00,Defensin A-like,Knottin scorpion toxin-like,3.39,0.33,text 3d pdb
568,2,60,260,20,4,2q2gB01,HSP40/DNAj peptide-binding domain,Urease metallochaperone UreE N-terminal domain,3.22,0.33,text 3d pdb
569,3,30,30,10,5,4cqkE00,Defensin A-like,Knottin scorpion toxin-like,3.49,0.33,text 3d pdb
570,2,60,40,1220,2,2wquC02,Immunoglobulin-like,,2.58,0.33,text 3d pdb
571,3,10,50,10,9,3cz8A02,Chitinase A; domain 3,,3.55,0.33,text 3d pdb
572,2,20,210,20,1,3hs0C01,ubp-family deubiquitinating enzyme fold,,2.85,0.33,text 3d pdb
573,2,10,70,10,9,4zh1F01,Complement Module; domain 1,Complement Module domain 1,2.57,0.33,text 3d pdb
574,3,30,160,110,2,3c6mC01,Double Stranded RNA Binding Domain,Siroheme synthase; domain 2,2.44,0.33,text 3d pdb
575,3,30,30,10,5,5kk4A00,Defensin A-like,Knottin scorpion toxin-like,3.47,0.33,text 3d pdb
576,2,20,28,120,2,4v19600,Rubrerythrin domain 2,,3.93,0.33,text 3d pdb
577,2,30,30,550,3,3gf5B07,SH3 type barrels.,,1.87,0.33,text 3d pdb
578,2,20,25,480,1,3ikoH01,N-terminal domain of TfIIb,,3.18,0.33,text 3d pdb
579,3,30,30,10,5,4cqkF00,Defensin A-like,Knottin scorpion toxin-like,3.52,0.33,text 3d pdb
580,3,30,30,180,1,2yilB02,Defensin A-like,,2.79,0.33,text 3d pdb
581,2,20,28,50,3,3jr7B02,Rubrerythrin domain 2,degv family protein,1.98,0.33,text 3d pdb
582,2,30,30,550,1,3gf5B05,SH3 type barrels.,,2.10,0.33,text 3d pdb
583,2,20,28,120,2,3j7y100,Rubrerythrin domain 2,,3.41,0.33,text 3d pdb
584,2,10,260,10,1,5itmF00,Pemi-like Protein 1; Chain: D,,2.90,0.33,text 3d pdb
585,2,30,30,100,16,4xtyB02,SH3 type barrels.,,2.35,0.33,text 3d pdb
586,3,30,30,10,3,3psmA00,Defensin A-like,Knottin scorpion toxin-like,3.32,0.33,text 3d pdb
587,3,30,1490,190,5,3mwmA02,Dna Ligase; domain 1,,3.12,0.33,text 3d pdb
588,4,10,80,40,4,4kx6M04,Rhinovirus 14 subunit 4,succinate dehydrogenase protein domain,3.50,0.33,text 3d pdb
589,2,20,25,400,1,3mzlF01,N-terminal domain of TfIIb,,2.03,0.33,text 3d pdb
590,3,30,60,30,15,3hh2D03,Wheat Germ Agglutinin (Isolectin 2); domain 1,,2.34,0.33,text 3d pdb
591,3,10,330,60,1,2ky9A02,Vcp-like ATPase; Chain A domain 2,,3.82,0.33,text 3d pdb
592,3,30,60,70,1,3r5dE02,Wheat Germ Agglutinin (Isolectin 2); domain 1,Trimeric LpxA-like enzymes,2.23,0.33,text 3d pdb
593,2,10,25,10,41,1jl9A00,Laminin,Laminin,1.35,0.33,text 3d pdb
594,3,30,30,10,5,4cqkI00,Defensin A-like,Knottin scorpion toxin-like,3.54,0.33,text 3d pdb
595,3,30,720,110,6,2kjzB02,Signal recognition particle alu RNA binding heterodimer srp9/1,,3.51,0.33,text 3d pdb
596,3,30,70,330,86,3vamB02,Alpha-Beta Plaits,,2.79,0.33,text 3d pdb
597,3,30,720,110,6,2kjzA02,Signal recognition particle alu RNA binding heterodimer srp9/1,,3.50,0.33,text 3d pdb
598,3,30,30,10,5,4cqkH00,Defensin A-like,Knottin scorpion toxin-like,3.53,0.33,text 3d pdb
599,2,30,30,100,16,4op0B02,SH3 type barrels.,,2.81,0.33,text 3d pdb
600,3,30,1490,20,16,1m6vC07,Dna Ligase; domain 1,ATP-grasp fold A domain,2.53,0.33,text 3d pdb
601,3,30,1490,20,16,1m6vA07,Dna Ligase; domain 1,ATP-grasp fold A domain,2.51,0.33,text 3d pdb
602,3,30,1490,20,16,1m6vE07,Dna Ligase; domain 1,ATP-grasp fold A domain,2.53,0.33,text 3d pdb
603,3,30,30,90,3,2gmoA01,Defensin A-like,,3.22,0.33,text 3d pdb
604,2,10,50,10,19,4i9xC01,Tumor Necrosis Factor Receptor subunit A; domain 2,Tumor Necrosis Factor Receptor subunit A, domain 2,3.15,0.33,text 3d pdb
605,3,30,30,10,5,4cqkA00,Defensin A-like,Knottin scorpion toxin-like,3.53,0.33,text 3d pdb
606,2,30,30,100,16,2cghB02,SH3 type barrels.,,2.84,0.33,text 3d pdb
607,4,10,80,40,4,3p4qA04,Rhinovirus 14 subunit 4,succinate dehydrogenase protein domain,3.62,0.33,text 3d pdb
608,2,40,10,420,1,4fetA02,Thrombin subunit H,,2.70,0.33,text 3d pdb
609,3,30,30,90,3,3l56A02,Defensin A-like,,3.23,0.33,text 3d pdb
610,3,30,70,1170,4,2yxlA03,Alpha-Beta Plaits,Sun protein; domain 3,2.09,0.33,text 3d pdb
611,4,10,80,40,4,3cirA04,Rhinovirus 14 subunit 4,succinate dehydrogenase protein domain,3.74,0.33,text 3d pdb
612,2,60,40,1180,85,4uzsC03,Immunoglobulin-like,Golgi alpha-mannosidase II,2.54,0.33,text 3d pdb
613,2,10,50,10,19,4i9xD01,Tumor Necrosis Factor Receptor subunit A; domain 2,Tumor Necrosis Factor Receptor subunit A, domain 2,3.14,0.33,text 3d pdb
614,4,10,80,40,4,3p4pA04,Rhinovirus 14 subunit 4,succinate dehydrogenase protein domain,3.57,0.33,text 3d pdb
615,3,40,1620,50,1,5fpfC00,YefM-like fold,,2.94,0.33,text 3d pdb
616,2,20,25,260,1,3mzkB01,N-terminal domain of TfIIb,,2.58,0.33,text 3d pdb
617,3,30,30,180,1,2yilE02,Defensin A-like,,2.74,0.33,text 3d pdb
618,3,30,1490,140,1,2fk3F00,Dna Ligase; domain 1,Amyloidogenic glycoprotein copper-binding domain,2.86,0.33,text 3d pdb
619,4,10,80,40,4,3p4rA04,Rhinovirus 14 subunit 4,succinate dehydrogenase protein domain,3.49,0.33,text 3d pdb
620,2,10,70,10,9,3r62A01,Complement Module; domain 1,Complement Module domain 1,2.82,0.33,text 3d pdb
621,3,30,30,180,1,2yilF02,Defensin A-like,,2.81,0.33,text 3d pdb
622,3,30,30,180,1,2yipD02,Defensin A-like,,2.78,0.33,text 3d pdb
623,3,30,505,50,1,3lyvF01,SHC Adaptor Protein,,2.17,0.32,text 3d pdb
624,3,30,70,2550,1,2yq3B03,Alpha-Beta Plaits,,2.81,0.32,text 3d pdb
625,2,30,30,550,1,3gngA05,SH3 type barrels.,,2.21,0.32,text 3d pdb
626,2,30,30,550,1,2zuoD04,SH3 type barrels.,,2.71,0.32,text 3d pdb
627,3,40,1620,10,5,3hs2H00,YefM-like fold,YefM-like domain,2.28,0.32,text 3d pdb
628,2,30,30,550,1,3gf5A05,SH3 type barrels.,,2.24,0.32,text 3d pdb
629,2,40,50,410,1,2aujD04,OB fold (Dihydrolipoamide Acetyltransferase E2P),,3.00,0.32,text 3d pdb
630,2,10,70,10,9,3kzjA01,Complement Module; domain 1,Complement Module domain 1,2.67,0.32,text 3d pdb
631,3,10,330,20,5,2yvlB01,Vcp-like ATPase; Chain A domain 2,,2.95,0.32,text 3d pdb
632,2,10,60,10,2,1eraA00,CD59,CD59,3.14,0.32,text 3d pdb
633,3,30,1490,190,5,2o03A02,Dna Ligase; domain 1,,3.22,0.32,text 3d pdb
634,2,20,25,10,12,3d6wA02,N-terminal domain of TfIIb,,2.73,0.32,text 3d pdb
635,3,30,70,2550,1,2yq3A03,Alpha-Beta Plaits,,2.80,0.32,text 3d pdb
636,2,30,30,550,1,3gnfB05,SH3 type barrels.,,2.16,0.32,text 3d pdb
637,2,20,28,10,5,4pofB03,Rubrerythrin domain 2,,2.17,0.32,text 3d pdb
638,4,10,80,40,4,3p4rM04,Rhinovirus 14 subunit 4,succinate dehydrogenase protein domain,3.89,0.32,text 3d pdb
639,3,30,60,30,7,1an1I00,Wheat Germ Agglutinin (Isolectin 2); domain 1,,2.37,0.32,text 3d pdb
640,2,30,30,550,1,2zuoC04,SH3 type barrels.,,2.72,0.32,text 3d pdb
641,3,30,1370,120,3,4ec5B02,Ribosomal Protein S8; Chain: A domain 1,,2.37,0.32,text 3d pdb
642,2,20,28,10,5,4pofD03,Rubrerythrin domain 2,,2.17,0.32,text 3d pdb
643,2,10,60,10,2,5ebxA00,CD59,CD59,3.49,0.32,text 3d pdb
644,2,10,60,10,2,1iq9A00,CD59,CD59,3.10,0.32,text 3d pdb
645,3,30,200,20,169,4kb8D01,Phosphorylase Kinase; domain 1,Phosphorylase Kinase; domain 1,2.76,0.32,text 3d pdb
646,2,30,30,100,16,4xu3B02,SH3 type barrels.,,2.37,0.32,text 3d pdb
647,2,30,30,100,16,4xtuB02,SH3 type barrels.,,2.34,0.32,text 3d pdb
648,2,20,28,10,5,4pofE03,Rubrerythrin domain 2,,2.18,0.32,text 3d pdb
649,3,30,720,120,4,2kjzB01,Signal recognition particle alu RNA binding heterodimer srp9/1,,2.77,0.32,text 3d pdb
650,2,20,28,10,5,4pofF03,Rubrerythrin domain 2,,2.18,0.32,text 3d pdb
651,2,60,40,1770,1,3mbwA02,Immunoglobulin-like,ephrin a2 ectodomain,2.95,0.32,text 3d pdb
652,2,20,28,10,7,2vl6B03,Rubrerythrin domain 2,,3.89,0.32,text 3d pdb
653,2,20,70,10,3,2jmfA01,Ubiquitin Ligase Nedd4; Chain: W;,,1.61,0.32,text 3d pdb
654,3,40,1620,50,1,5fpfD00,YefM-like fold,,3.00,0.32,text 3d pdb
655,2,10,70,10,9,3oxuF01,Complement Module; domain 1,Complement Module domain 1,2.78,0.32,text 3d pdb
656,3,30,720,120,4,2kjzA01,Signal recognition particle alu RNA binding heterodimer srp9/1,,2.77,0.32,text 3d pdb
657,2,20,28,10,5,4pofA03,Rubrerythrin domain 2,,2.18,0.32,text 3d pdb
658,2,10,70,60,3,3fgtA01,Complement Module; domain 1,,3.11,0.32,text 3d pdb
659,2,20,28,10,5,4pofC03,Rubrerythrin domain 2,,2.18,0.32,text 3d pdb
660,2,20,28,10,5,5iy0C03,Rubrerythrin domain 2,,2.84,0.32,text 3d pdb
661,3,30,1490,190,2,4rb3C02,Dna Ligase; domain 1,,3.28,0.32,text 3d pdb
662,3,30,30,10,5,4cqkJ00,Defensin A-like,Knottin scorpion toxin-like,3.52,0.32,text 3d pdb
663,3,30,70,1170,2,2nxcA01,Alpha-Beta Plaits,Sun protein; domain 3,2.38,0.32,text 3d pdb
664,3,40,5,50,2,5ghrB00,Ribosomal Protein L9; domain 1,,2.20,0.32,text 3d pdb
665,2,20,28,10,5,5iy0F03,Rubrerythrin domain 2,,2.84,0.32,text 3d pdb
666,2,10,60,10,2,1qkdA00,CD59,CD59,3.23,0.32,text 3d pdb
667,2,10,70,10,28,2xrbA01,Complement Module; domain 1,Complement Module domain 1,2.76,0.32,text 3d pdb
668,2,20,28,10,5,5iy0E03,Rubrerythrin domain 2,,2.84,0.32,text 3d pdb
669,2,20,28,10,5,5iy0D03,Rubrerythrin domain 2,,2.84,0.32,text 3d pdb
670,3,10,330,20,5,2yvlA01,Vcp-like ATPase; Chain A domain 2,,2.98,0.32,text 3d pdb
671,2,30,30,550,1,2zuoK04,SH3 type barrels.,,2.72,0.32,text 3d pdb
672,2,20,28,10,5,5iy0A03,Rubrerythrin domain 2,,2.84,0.32,text 3d pdb
673,2,30,30,550,1,3gf5A04,SH3 type barrels.,,2.16,0.32,text 3d pdb
674,2,20,28,10,7,2vl6A03,Rubrerythrin domain 2,,3.87,0.32,text 3d pdb
675,2,20,28,10,7,2vl6C03,Rubrerythrin domain 2,,3.88,0.32,text 3d pdb
676,3,30,30,180,1,2yipA02,Defensin A-like,,2.73,0.32,text 3d pdb
677,2,20,28,10,5,5iy0B03,Rubrerythrin domain 2,,2.84,0.32,text 3d pdb
678,2,30,30,100,16,4xu2B02,SH3 type barrels.,,2.35,0.32,text 3d pdb
679,3,30,30,180,1,2yipB02,Defensin A-like,,2.80,0.32,text 3d pdb
680,2,10,70,10,49,3m7pA01,Complement Module; domain 1,Complement Module domain 1,2.84,0.32,text 3d pdb
681,2,10,60,10,2,3eraB00,CD59,CD59,2.75,0.32,text 3d pdb
682,3,30,1490,190,3,2xigA02,Dna Ligase; domain 1,,3.29,0.32,text 3d pdb
683,2,20,28,120,3,5mlc300,Rubrerythrin domain 2,,3.45,0.32,text 3d pdb
684,3,10,350,10,5,5c8oA02,Membrane-bound Lytic Murein Transglycosylase D; Chain A,LysM domain,3.53,0.32,text 3d pdb
685,2,40,50,140,168,1g29202,OB fold (Dihydrolipoamide Acetyltransferase E2P),Nucleic acid-binding proteins,2.77,0.32,text 3d pdb
686,3,30,60,70,1,3r5aE02,Wheat Germ Agglutinin (Isolectin 2); domain 1,Trimeric LpxA-like enzymes,2.29,0.32,text 3d pdb
687,2,20,28,50,3,3jr7A02,Rubrerythrin domain 2,degv family protein,2.67,0.32,text 3d pdb
688,3,30,30,10,5,4cqkK00,Defensin A-like,Knottin scorpion toxin-like,3.55,0.32,text 3d pdb
689,2,40,50,140,167,3gd7B03,OB fold (Dihydrolipoamide Acetyltransferase E2P),Nucleic acid-binding proteins,3.28,0.32,text 3d pdb
690,2,10,60,10,2,2eraA00,CD59,CD59,3.23,0.32,text 3d pdb
691,2,60,40,10,761,2j3sA03,Immunoglobulin-like,Immunoglobulins,2.16,0.32,text 3d pdb
692,2,10,70,10,23,2v8eA03,Complement Module; domain 1,Complement Module domain 1,2.65,0.32,text 3d pdb
693,2,30,30,550,1,2zv4R04,SH3 type barrels.,,2.76,0.32,text 3d pdb
694,3,30,1490,20,11,5c8yF03,Dna Ligase; domain 1,ATP-grasp fold A domain,3.23,0.32,text 3d pdb
695,2,10,60,10,2,1qkeA00,CD59,CD59,3.22,0.32,text 3d pdb
696,3,30,1490,20,11,5ezyF03,Dna Ligase; domain 1,ATP-grasp fold A domain,2.83,0.32,text 3d pdb
697,2,10,50,10,19,1du3I02,Tumor Necrosis Factor Receptor subunit A; domain 2,Tumor Necrosis Factor Receptor subunit A, domain 2,3.18,0.32,text 3d pdb
698,2,10,260,10,1,5itmD00,Pemi-like Protein 1; Chain: D,,3.01,0.32,text 3d pdb
699,3,30,1040,20,1,1m3iD02,Carboxypeptidase Inhibitor; Chain A,,2.78,0.32,text 3d pdb
700,2,20,25,120,1,1p9nA02,N-terminal domain of TfIIb,,2.44,0.32,text 3d pdb
701,3,30,30,10,23,1c56A00,Defensin A-like,Knottin scorpion toxin-like,3.30,0.32,text 3d pdb
702,2,30,30,550,1,2zuoB04,SH3 type barrels.,,2.72,0.32,text 3d pdb
703,2,10,260,10,1,5itmB00,Pemi-like Protein 1; Chain: D,,2.99,0.32,text 3d pdb
704,2,60,40,10,744,3gbnH02,Immunoglobulin-like,Immunoglobulins,2.27,0.32,text 3d pdb
705,2,60,40,3040,1,2ztbA03,Immunoglobulin-like,,2.29,0.32,text 3d pdb
706,2,10,50,10,19,2h9gR01,Tumor Necrosis Factor Receptor subunit A; domain 2,Tumor Necrosis Factor Receptor subunit A, domain 2,3.28,0.32,text 3d pdb
707,2,10,60,10,2,1qkdB00,CD59,CD59,2.69,0.32,text 3d pdb
708,3,30,1490,20,11,4tuyF03,Dna Ligase; domain 1,ATP-grasp fold A domain,2.66,0.32,text 3d pdb
709,2,40,50,100,49,2nn6I01,OB fold (Dihydrolipoamide Acetyltransferase E2P),,3.04,0.32,text 3d pdb
710,3,30,1490,20,16,1a9xE07,Dna Ligase; domain 1,ATP-grasp fold A domain,2.53,0.32,text 3d pdb
711,2,10,70,10,23,2uwnA03,Complement Module; domain 1,Complement Module domain 1,2.69,0.32,text 3d pdb
712,2,10,60,10,2,6ebxA00,CD59,CD59,3.25,0.32,text 3d pdb
713,2,60,40,1770,1,4bk4A02,Immunoglobulin-like,ephrin a2 ectodomain,3.09,0.32,text 3d pdb
714,2,40,10,420,1,4fetB02,Thrombin subunit H,,2.59,0.32,text 3d pdb
715,2,20,20,40,1,3if4D01,Anthopleurin-A,Integron cassette protein,2.79,0.32,text 3d pdb
716,2,10,70,10,9,4ontF01,Complement Module; domain 1,Complement Module domain 1,2.83,0.32,text 3d pdb
717,2,40,50,140,167,3puyA03,OB fold (Dihydrolipoamide Acetyltransferase E2P),Nucleic acid-binding proteins,3.18,0.32,text 3d pdb
718,2,30,30,550,1,2zuoL04,SH3 type barrels.,,2.73,0.32,text 3d pdb
719,2,10,60,10,2,3eraA00,CD59,CD59,3.25,0.32,text 3d pdb
720,4,10,80,30,1,2pzsD06,Rhinovirus 14 subunit 4,DNA polymerase; domain 6,3.79,0.32,text 3d pdb
721,2,40,50,140,167,2r6gB03,OB fold (Dihydrolipoamide Acetyltransferase E2P),Nucleic acid-binding proteins,3.03,0.32,text 3d pdb
722,3,30,30,10,5,4cqkL00,Defensin A-like,Knottin scorpion toxin-like,3.53,0.32,text 3d pdb
723,2,60,40,10,479,3qnyD02,Immunoglobulin-like,Immunoglobulins,2.76,0.32,text 3d pdb
724,3,40,5,90,1,4ooaE01,Ribosomal Protein L9; domain 1,,2.80,0.32,text 3d pdb
725,3,30,30,180,1,2yilD02,Defensin A-like,,2.88,0.32,text 3d pdb
726,2,20,25,200,1,2k3rA02,N-terminal domain of TfIIb,,2.73,0.32,text 3d pdb
727,2,60,40,10,479,3qnyB02,Immunoglobulin-like,Immunoglobulins,2.53,0.32,text 3d pdb
728,3,30,30,90,2,3l56B02,Defensin A-like,,3.25,0.32,text 3d pdb
729,2,30,30,100,16,3l2zB02,SH3 type barrels.,,2.83,0.32,text 3d pdb
730,3,30,1490,20,16,1a9xC07,Dna Ligase; domain 1,ATP-grasp fold A domain,2.51,0.32,text 3d pdb
731,2,60,40,10,479,3m8oH02,Immunoglobulin-like,Immunoglobulins,2.52,0.32,text 3d pdb
732,3,30,60,30,9,1ytpA00,Wheat Germ Agglutinin (Isolectin 2); domain 1,,2.55,0.32,text 3d pdb
733,2,60,40,10,720,3ri5N02,Immunoglobulin-like,Immunoglobulins,2.06,0.32,text 3d pdb
734,3,30,1490,190,2,4rb0B02,Dna Ligase; domain 1,,3.20,0.32,text 3d pdb
735,2,40,50,60,1,2kcnA00,OB fold (Dihydrolipoamide Acetyltransferase E2P),,3.72,0.32,text 3d pdb
736,2,40,50,140,167,1q1bD02,OB fold (Dihydrolipoamide Acetyltransferase E2P),Nucleic acid-binding proteins,3.46,0.32,text 3d pdb
737,3,30,1490,20,26,2yzmA03,Dna Ligase; domain 1,ATP-grasp fold A domain,3.23,0.32,text 3d pdb
738,2,20,28,10,5,4ywlH03,Rubrerythrin domain 2,,2.57,0.32,text 3d pdb
739,2,30,30,100,22,3fifF00,SH3 type barrels.,,1.95,0.32,text 3d pdb
740,2,60,260,20,10,4j80A02,HSP40/DNAj peptide-binding domain,Urease metallochaperone UreE N-terminal domain,3.25,0.32,text 3d pdb
741,3,30,30,10,1,1zu3A00,Defensin A-like,Knottin scorpion toxin-like,2.71,0.32,text 3d pdb
742,2,20,28,10,5,4ywlJ03,Rubrerythrin domain 2,,2.57,0.32,text 3d pdb
743,2,20,28,10,5,4ywlD03,Rubrerythrin domain 2,,2.55,0.32,text 3d pdb
744,2,30,30,100,22,3fifG00,SH3 type barrels.,,1.88,0.32,text 3d pdb
745,2,30,30,550,1,2zuoE04,SH3 type barrels.,,2.75,0.32,text 3d pdb
746,3,40,1620,10,5,4zm0D00,YefM-like fold,YefM-like domain,2.10,0.32,text 3d pdb
747,2,20,28,10,5,4ywlB03,Rubrerythrin domain 2,,2.55,0.32,text 3d pdb
748,2,10,60,10,2,3ebxA00,CD59,CD59,3.24,0.32,text 3d pdb
749,3,10,20,10,1,5hfyB00,Ubiquitin-like (UB roll),,3.15,0.32,text 3d pdb
750,2,40,50,180,2,1b3qA04,OB fold (Dihydrolipoamide Acetyltransferase E2P),CheA-289 Domain 4,3.35,0.32,text 3d pdb
751,2,10,70,10,9,3rj3F01,Complement Module; domain 1,Complement Module domain 1,2.68,0.32,text 3d pdb
752,4,10,80,40,4,1kf6A04,Rhinovirus 14 subunit 4,succinate dehydrogenase protein domain,3.84,0.32,text 3d pdb
753,3,40,5,90,1,4ooaF01,Ribosomal Protein L9; domain 1,,2.69,0.32,text 3d pdb
754,2,10,60,10,2,6ebxB00,CD59,CD59,3.31,0.32,text 3d pdb
755,2,10,50,10,19,1du3B03,Tumor Necrosis Factor Receptor subunit A; domain 2,Tumor Necrosis Factor Receptor subunit A, domain 2,2.79,0.32,text 3d pdb
756,3,30,30,10,23,1c55A00,Defensin A-like,Knottin scorpion toxin-like,3.36,0.32,text 3d pdb
757,2,20,28,10,5,4ywlI03,Rubrerythrin domain 2,,2.57,0.32,text 3d pdb
758,4,10,80,40,4,1l0vA04,Rhinovirus 14 subunit 4,succinate dehydrogenase protein domain,3.84,0.32,text 3d pdb
759,3,30,360,10,70,1jkfB03,Dihydrodipicolinate Reductase; domain 2,Dihydrodipicolinate Reductase; domain 2,2.49,0.32,text 3d pdb
760,2,20,28,10,5,4ywlG03,Rubrerythrin domain 2,,2.57,0.32,text 3d pdb
761,2,20,28,10,5,4ywlE03,Rubrerythrin domain 2,,2.56,0.32,text 3d pdb
762,2,20,28,10,5,4ywlF03,Rubrerythrin domain 2,,2.57,0.32,text 3d pdb
763,2,20,28,10,5,4ywlA03,Rubrerythrin domain 2,,2.55,0.32,text 3d pdb
764,2,20,180,10,1,2r01A02,putative fmn-dependent nitroreductase like fold,putative fmn-dependent nitroreductase like domains,3.52,0.32,text 3d pdb
765,2,10,60,10,2,1fraA00,CD59,CD59,3.53,0.32,text 3d pdb
766,3,30,1490,380,1,4apmA03,Dna Ligase; domain 1,,2.98,0.32,text 3d pdb
767,3,30,1490,190,2,5fd5B02,Dna Ligase; domain 1,,3.38,0.32,text 3d pdb
768,2,60,40,1770,1,4bk5A02,Immunoglobulin-like,ephrin a2 ectodomain,3.02,0.32,text 3d pdb
769,2,30,30,550,1,3gnfB04,SH3 type barrels.,,2.30,0.32,text 3d pdb
770,2,40,50,140,167,2r6gA03,OB fold (Dihydrolipoamide Acetyltransferase E2P),Nucleic acid-binding proteins,3.05,0.32,text 3d pdb
771,4,10,80,40,4,4kx6A04,Rhinovirus 14 subunit 4,succinate dehydrogenase protein domain,3.63,0.32,text 3d pdb
772,3,30,30,10,5,4cqkD00,Defensin A-like,Knottin scorpion toxin-like,3.59,0.32,text 3d pdb
773,3,30,30,10,5,4cqkM00,Defensin A-like,Knottin scorpion toxin-like,3.53,0.32,text 3d pdb
774,3,10,330,60,1,4fibB02,Vcp-like ATPase; Chain A domain 2,,3.92,0.32,text 3d pdb
775,2,30,30,550,1,3gngA04,SH3 type barrels.,,2.32,0.32,text 3d pdb
776,2,10,25,10,58,4bxwA01,Laminin,Laminin,2.07,0.32,text 3d pdb
777,3,30,1490,190,2,5fd5C02,Dna Ligase; domain 1,,3.39,0.32,text 3d pdb
778,3,30,30,130,1,3qi7B03,Defensin A-like,,3.45,0.32,text 3d pdb
779,3,10,350,10,5,5c8pA02,Membrane-bound Lytic Murein Transglycosylase D; Chain A,LysM domain,3.47,0.32,text 3d pdb
780,3,30,1490,20,21,2qk4B02,Dna Ligase; domain 1,ATP-grasp fold A domain,2.85,0.32,text 3d pdb
781,2,20,28,50,4,1pzxA02,Rubrerythrin domain 2,degv family protein,2.02,0.32,text 3d pdb
782,4,10,40,20,3,1xj1A00,Omega-AgatoxinV,,2.88,0.32,text 3d pdb
783,3,30,30,180,1,2yioB02,Defensin A-like,,2.88,0.32,text 3d pdb
784,2,30,30,550,1,3gf5B04,SH3 type barrels.,,2.20,0.32,text 3d pdb
785,2,10,60,10,2,3ndsA00,CD59,CD59,3.26,0.32,text 3d pdb
786,3,30,70,1170,2,3cjrA01,Alpha-Beta Plaits,Sun protein; domain 3,2.76,0.32,text 3d pdb
787,3,30,30,180,1,2yipE02,Defensin A-like,,2.87,0.32,text 3d pdb
788,3,30,1490,20,3,5bpfB03,Dna Ligase; domain 1,ATP-grasp fold A domain,3.21,0.32,text 3d pdb
789,2,10,70,40,1,5dn5A02,Complement Module; domain 1,peptidoglycan hydrolase,3.03,0.32,text 3d pdb
790,2,40,50,100,21,3d4rF02,OB fold (Dihydrolipoamide Acetyltransferase E2P),,2.65,0.32,text 3d pdb
791,2,10,70,10,9,2xqwC01,Complement Module; domain 1,Complement Module domain 1,2.77,0.32,text 3d pdb
792,3,30,30,180,1,2yipC02,Defensin A-like,,2.90,0.32,text 3d pdb
793,2,40,50,140,167,3puwA03,OB fold (Dihydrolipoamide Acetyltransferase E2P),Nucleic acid-binding proteins,3.07,0.32,text 3d pdb
794,2,30,30,550,1,2zuoA05,SH3 type barrels.,,2.53,0.32,text 3d pdb
795,2,30,30,550,1,2zuoJ05,SH3 type barrels.,,2.54,0.32,text 3d pdb
796,3,30,30,180,1,2yipF02,Defensin A-like,,2.88,0.32,text 3d pdb
797,2,20,20,10,4,2mubA00,Anthopleurin-A,Anthopleurin-A,3.22,0.32,text 3d pdb
798,2,30,30,550,1,2zv4R05,SH3 type barrels.,,2.51,0.32,text 3d pdb
799,3,30,70,80,2,3whiB01,Alpha-Beta Plaits,Peptidase S8 propeptide/proteinase inhibitor I9,2.31,0.32,text 3d pdb
800,3,30,30,10,1,1djtB00,Defensin A-like,Knottin scorpion toxin-like,2.79,0.32,text 3d pdb
801,3,30,30,10,1,1zvgA00,Defensin A-like,Knottin scorpion toxin-like,2.86,0.32,text 3d pdb
802,3,10,350,10,3,4a52A01,Membrane-bound Lytic Murein Transglycosylase D; Chain A,LysM domain,3.15,0.32,text 3d pdb
803,2,10,70,40,1,5dn5C02,Complement Module; domain 1,peptidoglycan hydrolase,3.07,0.32,text 3d pdb
804,3,10,20,520,1,3egrA00,Ubiquitin-like (UB roll),,3.36,0.32,text 3d pdb
805,3,10,330,60,1,4fibC02,Vcp-like ATPase; Chain A domain 2,,3.94,0.32,text 3d pdb
806,2,30,30,550,1,2zuoL05,SH3 type barrels.,,2.52,0.32,text 3d pdb
807,3,30,30,180,1,2yilC02,Defensin A-like,,2.87,0.32,text 3d pdb
808,3,30,1490,20,11,5ca1F03,Dna Ligase; domain 1,ATP-grasp fold A domain,3.26,0.32,text 3d pdb
809,2,20,20,40,1,3if4C01,Anthopleurin-A,Integron cassette protein,2.69,0.32,text 3d pdb
810,3,30,720,120,2,3sk1B01,Signal recognition particle alu RNA binding heterodimer srp9/1,,2.96,0.32,text 3d pdb
811,3,30,30,130,1,3qi7A03,Defensin A-like,,3.46,0.32,text 3d pdb
812,3,40,5,90,1,4ooaA01,Ribosomal Protein L9; domain 1,,2.77,0.32,text 3d pdb
813,2,10,25,10,20,1pxxA01,Laminin,Laminin,3.27,0.32,text 3d pdb
814,2,40,50,140,167,2awnA03,OB fold (Dihydrolipoamide Acetyltransferase E2P),Nucleic acid-binding proteins,3.49,0.32,text 3d pdb
815,3,30,1490,20,10,1b6sC03,Dna Ligase; domain 1,ATP-grasp fold A domain,3.50,0.32,text 3d pdb
816,3,10,20,10,1,5hfyA00,Ubiquitin-like (UB roll),,3.36,0.32,text 3d pdb
817,3,30,1490,190,3,2xigC02,Dna Ligase; domain 1,,3.28,0.32,text 3d pdb
818,3,10,360,10,1,1fqqA00,Antimicrobial Peptide Beta-defensin 2; Chain A,Antimicrobial Peptide Beta-defensin 2; Chain A,3.78,0.32,text 3d pdb
819,2,20,28,120,4,4kcz600,Rubrerythrin domain 2,,3.54,0.32,text 3d pdb
820,2,10,70,10,39,2wiiC01,Complement Module; domain 1,Complement Module domain 1,2.78,0.32,text 3d pdb
821,2,10,70,10,18,1hfhA02,Complement Module; domain 1,Complement Module domain 1,3.39,0.32,text 3d pdb
822,2,40,50,140,175,1nbwC05,OB fold (Dihydrolipoamide Acetyltransferase E2P),Nucleic acid-binding proteins,3.24,0.32,text 3d pdb
823,2,20,25,10,9,3eswA02,N-terminal domain of TfIIb,,2.76,0.32,text 3d pdb
824,3,30,30,10,1,1t7bA00,Defensin A-like,Knottin scorpion toxin-like,2.69,0.32,text 3d pdb
825,2,40,50,140,167,3rlfB03,OB fold (Dihydrolipoamide Acetyltransferase E2P),Nucleic acid-binding proteins,3.12,0.32,text 3d pdb
826,3,30,70,100,40,4a46C00,Alpha-Beta Plaits,,2.13,0.32,text 3d pdb
827,2,20,25,610,1,4monA00,N-terminal domain of TfIIb,,2.30,0.32,text 3d pdb
828,3,10,330,60,1,4fibA02,Vcp-like ATPase; Chain A domain 2,,3.93,0.32,text 3d pdb
829,2,10,70,10,26,5hytF01,Complement Module; domain 1,Complement Module domain 1,2.78,0.32,text 3d pdb
830,2,10,70,10,9,3sw0X01,Complement Module; domain 1,Complement Module domain 1,3.00,0.32,text 3d pdb
831,2,20,20,10,7,2rngA02,Anthopleurin-A,Anthopleurin-A,3.10,0.32,text 3d pdb
832,2,10,70,40,1,5dn5B02,Complement Module; domain 1,peptidoglycan hydrolase,3.05,0.31,text 3d pdb
833,2,40,50,140,167,4ki0A03,OB fold (Dihydrolipoamide Acetyltransferase E2P),Nucleic acid-binding proteins,2.81,0.31,text 3d pdb
834,3,30,1040,20,1,1pfoA02,Carboxypeptidase Inhibitor; Chain A,,2.94,0.31,text 3d pdb
835,2,30,30,550,1,2zuoC05,SH3 type barrels.,,2.54,0.31,text 3d pdb
836,2,30,30,550,1,2zuoK05,SH3 type barrels.,,2.56,0.31,text 3d pdb
837,2,10,25,10,32,2fd6A01,Laminin,Laminin,1.79,0.31,text 3d pdb
838,2,40,50,140,167,1q12D02,OB fold (Dihydrolipoamide Acetyltransferase E2P),Nucleic acid-binding proteins,3.09,0.31,text 3d pdb
839,3,10,350,10,8,1e0gA00,Membrane-bound Lytic Murein Transglycosylase D; Chain A,LysM domain,3.03,0.31,text 3d pdb
840,2,40,50,140,167,3puyB03,OB fold (Dihydrolipoamide Acetyltransferase E2P),Nucleic acid-binding proteins,3.10,0.31,text 3d pdb
841,3,30,30,10,1,1t7aA00,Defensin A-like,Knottin scorpion toxin-like,2.35,0.31,text 3d pdb
842,3,30,720,120,2,3sk1A01,Signal recognition particle alu RNA binding heterodimer srp9/1,,2.98,0.31,text 3d pdb
843,2,30,30,100,22,2ra2A00,SH3 type barrels.,,2.58,0.31,text 3d pdb
844,2,60,260,20,6,3i38F01,HSP40/DNAj peptide-binding domain,Urease metallochaperone UreE N-terminal domain,3.62,0.31,text 3d pdb
845,2,40,50,140,167,1q12B02,OB fold (Dihydrolipoamide Acetyltransferase E2P),Nucleic acid-binding proteins,3.09,0.31,text 3d pdb
846,3,10,50,10,2,1xrvA02,Chitinase A; domain 3,,2.72,0.31,text 3d pdb
847,2,60,260,20,6,3i38E01,HSP40/DNAj peptide-binding domain,Urease metallochaperone UreE N-terminal domain,3.69,0.31,text 3d pdb
848,3,10,50,10,2,4mavA02,Chitinase A; domain 3,,2.72,0.31,text 3d pdb
849,3,10,50,10,2,4mpkA02,Chitinase A; domain 3,,2.71,0.31,text 3d pdb
850,3,10,50,10,2,2g41A02,Chitinase A; domain 3,,2.73,0.31,text 3d pdb
851,2,40,50,140,175,1nbwA05,OB fold (Dihydrolipoamide Acetyltransferase E2P),Nucleic acid-binding proteins,3.23,0.31,text 3d pdb
852,2,10,25,10,20,4rryD01,Laminin,Laminin,3.25,0.31,text 3d pdb
853,2,60,40,10,7,5hj3F02,Immunoglobulin-like,Immunoglobulins,2.28,0.31,text 3d pdb
854,2,30,33,40,2,1wnrF00,10 Kd Chaperonin Protein Cpn10; Chain O,GroES chaperonin,3.10,0.31,text 3d pdb
855,3,30,30,10,1,1zyvA00,Defensin A-like,Knottin scorpion toxin-like,2.35,0.31,text 3d pdb
856,2,60,260,20,6,3i38B01,HSP40/DNAj peptide-binding domain,Urease metallochaperone UreE N-terminal domain,3.62,0.31,text 3d pdb
857,3,30,70,1170,2,2nxjB01,Alpha-Beta Plaits,Sun protein; domain 3,2.76,0.31,text 3d pdb
858,2,20,60,10,2,2luuA01,Heparin-binding Growth Factor Midkine; Chain A,Pleiotrophin/Midkine N-terminal domain,2.58,0.31,text 3d pdb
859,4,10,80,30,1,2pyjB06,Rhinovirus 14 subunit 4,DNA polymerase; domain 6,3.85,0.31,text 3d pdb
860,3,30,30,10,1,1zywA00,Defensin A-like,Knottin scorpion toxin-like,2.85,0.31,text 3d pdb
861,3,30,30,180,1,2yilA02,Defensin A-like,,2.93,0.31,text 3d pdb
862,3,30,30,10,1,1zveA00,Defensin A-like,Knottin scorpion toxin-like,2.75,0.31,text 3d pdb
863,3,30,1490,20,3,5d8dC03,Dna Ligase; domain 1,ATP-grasp fold A domain,3.26,0.31,text 3d pdb
864,2,10,260,10,1,5itmC00,Pemi-like Protein 1; Chain: D,,2.99,0.31,text 3d pdb
865,2,30,30,550,1,2zuoI05,SH3 type barrels.,,2.58,0.31,text 3d pdb
866,3,30,70,100,14,1tl4A00,Alpha-Beta Plaits,,2.33,0.31,text 3d pdb
867,3,30,30,10,1,1zutA00,Defensin A-like,Knottin scorpion toxin-like,2.86,0.31,text 3d pdb
868,4,10,40,20,2,2dcvA00,Omega-AgatoxinV,,3.01,0.31,text 3d pdb
869,2,30,30,100,16,4xu1B02,SH3 type barrels.,,2.95,0.31,text 3d pdb
870,2,10,25,10,64,3v65B01,Laminin,Laminin,1.02,0.31,text 3d pdb
871,3,30,200,20,198,2ipxA01,Phosphorylase Kinase; domain 1,Phosphorylase Kinase; domain 1,3.15,0.31,text 3d pdb
872,2,40,50,140,167,4ki0B03,OB fold (Dihydrolipoamide Acetyltransferase E2P),Nucleic acid-binding proteins,2.82,0.31,text 3d pdb
873,3,30,200,20,169,4hgtB01,Phosphorylase Kinase; domain 1,Phosphorylase Kinase; domain 1,3.21,0.31,text 3d pdb
874,2,10,25,10,17,3laqA01,Laminin,Laminin,1.68,0.31,text 3d pdb
875,4,10,80,40,4,3cirM04,Rhinovirus 14 subunit 4,succinate dehydrogenase protein domain,3.23,0.31,text 3d pdb
876,3,10,50,10,2,2aosA02,Chitinase A; domain 3,,2.74,0.31,text 3d pdb
877,3,10,350,10,5,5c8qB02,Membrane-bound Lytic Murein Transglycosylase D; Chain A,LysM domain,3.38,0.31,text 3d pdb
878,2,20,25,10,7,1vlaB01,N-terminal domain of TfIIb,,3.51,0.31,text 3d pdb
879,2,10,25,10,20,4fm5D01,Laminin,Laminin,3.23,0.31,text 3d pdb
880,2,30,30,550,1,2zuoM05,SH3 type barrels.,,2.59,0.31,text 3d pdb
881,3,30,70,100,40,4a46A00,Alpha-Beta Plaits,,2.27,0.31,text 3d pdb
882,2,30,36,70,1,3ffkE02,Actin; Chain A domain 2,Actin; Chain A domain 2,2.60,0.31,text 3d pdb
883,2,10,70,10,16,3calA02,Complement Module; domain 1,Complement Module domain 1,2.98,0.31,text 3d pdb
884,2,20,28,30,1,3rzdL00,Rubrerythrin domain 2,RNA polymerase ii chain L,2.75,0.31,text 3d pdb
885,3,10,50,10,2,2dsvA02,Chitinase A; domain 3,,2.74,0.31,text 3d pdb
886,2,10,25,10,20,5jw1A01,Laminin,Laminin,3.26,0.31,text 3d pdb
887,2,60,260,20,4,3agxB01,HSP40/DNAj peptide-binding domain,Urease metallochaperone UreE N-terminal domain,2.86,0.31,text 3d pdb
888,2,10,25,10,20,4fm5A01,Laminin,Laminin,3.24,0.31,text 3d pdb
889,3,10,50,10,2,2b2lA02,Chitinase A; domain 3,,2.74,0.31,text 3d pdb
890,2,10,25,10,20,4fm5C01,Laminin,Laminin,3.24,0.31,text 3d pdb
891,3,10,50,10,2,2o92A02,Chitinase A; domain 3,,2.74,0.31,text 3d pdb
892,3,10,350,10,3,4a1iH01,Membrane-bound Lytic Murein Transglycosylase D; Chain A,LysM domain,3.48,0.31,text 3d pdb
893,2,10,70,10,26,5i0qB01,Complement Module; domain 1,Complement Module domain 1,2.93,0.31,text 3d pdb
894,2,20,25,610,1,4monC00,N-terminal domain of TfIIb,,2.79,0.31,text 3d pdb
895,2,40,50,450,1,3fvqB02,OB fold (Dihydrolipoamide Acetyltransferase E2P),,3.78,0.31,text 3d pdb
896,2,30,33,40,2,1wnrB00,10 Kd Chaperonin Protein Cpn10; Chain O,GroES chaperonin,2.86,0.31,text 3d pdb
897,2,10,60,10,2,2mj4A00,CD59,CD59,3.53,0.31,text 3d pdb
898,2,10,25,10,20,3oluB01,Laminin,Laminin,3.27,0.31,text 3d pdb
899,2,10,25,10,20,4rrwA01,Laminin,Laminin,3.25,0.31,text 3d pdb
900,2,10,25,10,20,4rrzA01,Laminin,Laminin,3.25,0.31,text 3d pdb
901,4,10,1240,10,8,4dloA01,Hormone receptor fold,GPCR family 2, extracellular hormone receptor domain,2.26,0.31,text 3d pdb
902,2,10,70,10,26,5hyuB01,Complement Module; domain 1,Complement Module domain 1,2.92,0.31,text 3d pdb
903,2,10,25,10,20,4rrwC01,Laminin,Laminin,3.25,0.31,text 3d pdb
904,2,10,25,10,20,4rrzC01,Laminin,Laminin,3.25,0.31,text 3d pdb
905,2,10,25,10,20,4z0lC01,Laminin,Laminin,3.23,0.31,text 3d pdb
906,3,30,70,100,40,2xmkA00,Alpha-Beta Plaits,,2.27,0.31,text 3d pdb
907,2,30,33,40,2,1wnrD00,10 Kd Chaperonin Protein Cpn10; Chain O,GroES chaperonin,2.87,0.31,text 3d pdb
908,2,60,40,10,39,2yklH02,Immunoglobulin-like,Immunoglobulins,2.91,0.31,text 3d pdb
909,2,10,25,10,20,3oltA01,Laminin,Laminin,3.26,0.31,text 3d pdb
910,2,10,25,10,42,1dx5J03,Laminin,Laminin,2.76,0.31,text 3d pdb
911,2,40,50,300,1,1z47B02,OB fold (Dihydrolipoamide Acetyltransferase E2P),,3.42,0.31,text 3d pdb
912,2,10,25,10,20,4e1gB01,Laminin,Laminin,3.25,0.31,text 3d pdb
913,2,10,70,10,36,1qubA01,Complement Module; domain 1,Complement Module domain 1,2.61,0.31,text 3d pdb
914,2,10,25,10,20,4otjA01,Laminin,Laminin,3.21,0.31,text 3d pdb
915,2,60,40,1180,99,3wfzA04,Immunoglobulin-like,Golgi alpha-mannosidase II,2.72,0.31,text 3d pdb
916,2,10,25,10,20,4m11A01,Laminin,Laminin,3.12,0.31,text 3d pdb
917,2,10,25,10,20,4rrwB01,Laminin,Laminin,3.25,0.31,text 3d pdb
918,2,10,25,10,20,4rrzB01,Laminin,Laminin,3.25,0.31,text 3d pdb
919,3,10,20,10,1,4kgrC00,Ubiquitin-like (UB roll),,3.43,0.31,text 3d pdb
920,2,10,25,10,20,4rrwD01,Laminin,Laminin,3.26,0.31,text 3d pdb
921,2,10,25,10,20,4rrzD01,Laminin,Laminin,3.26,0.31,text 3d pdb
922,3,30,70,100,40,2xmmA00,Alpha-Beta Plaits,,2.51,0.31,text 3d pdb
923,2,10,25,10,20,4z0lB01,Laminin,Laminin,3.22,0.31,text 3d pdb
924,2,60,260,20,6,3i38J01,HSP40/DNAj peptide-binding domain,Urease metallochaperone UreE N-terminal domain,3.61,0.31,text 3d pdb
925,2,60,40,10,28,5swzP02,Immunoglobulin-like,Immunoglobulins,2.82,0.31,text 3d pdb
926,3,30,70,100,40,2xmtB00,Alpha-Beta Plaits,,2.51,0.31,text 3d pdb
927,2,30,30,550,1,2zuoG05,SH3 type barrels.,,2.59,0.31,text 3d pdb
928,3,10,350,10,3,1y7mA01,Membrane-bound Lytic Murein Transglycosylase D; Chain A,LysM domain,3.11,0.31,text 3d pdb
929,4,10,80,40,4,1l0vM04,Rhinovirus 14 subunit 4,succinate dehydrogenase protein domain,3.42,0.31,text 3d pdb
930,2,60,40,2940,1,3hkzI06,Immunoglobulin-like,,2.27,0.31,text 3d pdb
931,2,10,25,10,20,3q7dB01,Laminin,Laminin,3.26,0.31,text 3d pdb
932,2,30,30,550,1,2zuoD05,SH3 type barrels.,,2.52,0.31,text 3d pdb
933,2,30,33,40,2,1wnrA00,10 Kd Chaperonin Protein Cpn10; Chain O,GroES chaperonin,2.88,0.31,text 3d pdb
934,3,30,70,100,40,2xmtA00,Alpha-Beta Plaits,,2.02,0.31,text 3d pdb
935,3,40,1620,40,1,2a6qD00,YefM-like fold,,2.20,0.31,text 3d pdb
936,2,60,40,3040,1,2ztbB03,Immunoglobulin-like,,2.36,0.31,text 3d pdb
937,3,30,70,100,40,2xmkB00,Alpha-Beta Plaits,,2.35,0.31,text 3d pdb
938,2,10,70,10,26,5hytB01,Complement Module; domain 1,Complement Module domain 1,2.66,0.31,text 3d pdb
939,2,30,140,10,1,4yv0A01,Spermidine Synthase; Chain: A domain 2,Spermidine synthase tetramerisation domain,2.58,0.31,text 3d pdb
940,3,30,70,100,40,2xmjA00,Alpha-Beta Plaits,,2.28,0.31,text 3d pdb
941,2,30,26,10,1,2dorB02,Dihydroorotate Dehydrogenase A; chain A domain 2,Dihydroorotate Dehydrogenase A chain A, domain 2,3.52,0.31,text 3d pdb
942,2,10,70,10,1,4k12A00,Complement Module; domain 1,Complement Module domain 1,2.30,0.31,text 3d pdb
943,2,30,26,10,1,2dorA02,Dihydroorotate Dehydrogenase A; chain A domain 2,Dihydroorotate Dehydrogenase A chain A, domain 2,3.53,0.31,text 3d pdb
944,3,10,350,10,3,4a1iE01,Membrane-bound Lytic Murein Transglycosylase D; Chain A,LysM domain,3.50,0.31,text 3d pdb
945,3,40,5,90,1,4f1eF01,Ribosomal Protein L9; domain 1,,2.51,0.31,text 3d pdb
946,3,30,505,50,1,3k2tA01,SHC Adaptor Protein,,2.12,0.31,text 3d pdb
947,3,30,1490,190,3,2xigD02,Dna Ligase; domain 1,,3.15,0.31,text 3d pdb
948,2,30,33,40,2,1wnrE00,10 Kd Chaperonin Protein Cpn10; Chain O,GroES chaperonin,2.89,0.31,text 3d pdb
949,2,40,50,140,175,2d0oA05,OB fold (Dihydrolipoamide Acetyltransferase E2P),Nucleic acid-binding proteins,3.41,0.31,text 3d pdb
950,2,60,40,10,7,4q5zP02,Immunoglobulin-like,Immunoglobulins,2.63,0.31,text 3d pdb
951,3,30,1490,10,1,1fjgH02,Dna Ligase; domain 1,,3.00,0.31,text 3d pdb
952,2,20,25,610,1,1krlC00,N-terminal domain of TfIIb,,2.66,0.31,text 3d pdb
953,3,30,30,10,14,1gptA00,Defensin A-like,Knottin scorpion toxin-like,3.65,0.31,text 3d pdb
954,3,30,1490,190,3,2xigB02,Dna Ligase; domain 1,,3.48,0.31,text 3d pdb
955,2,60,40,1180,99,2zuwC04,Immunoglobulin-like,Golgi alpha-mannosidase II,2.69,0.31,text 3d pdb
956,2,30,26,10,1,2bslB02,Dihydroorotate Dehydrogenase A; chain A domain 2,Dihydroorotate Dehydrogenase A chain A, domain 2,3.43,0.31,text 3d pdb
957,2,40,50,140,167,3puxB03,OB fold (Dihydrolipoamide Acetyltransferase E2P),Nucleic acid-binding proteins,3.47,0.31,text 3d pdb
958,2,60,40,2940,1,2y0sA06,Immunoglobulin-like,,2.29,0.31,text 3d pdb
959,2,10,25,10,20,4otjB01,Laminin,Laminin,3.24,0.31,text 3d pdb
960,2,30,30,560,1,2zuoC06,SH3 type barrels.,,2.43,0.31,text 3d pdb
961,2,60,40,2940,1,2y0sW06,Immunoglobulin-like,,2.28,0.31,text 3d pdb
962,2,20,210,20,1,3frpB01,ubp-family deubiquitinating enzyme fold,,2.82,0.31,text 3d pdb
963,2,10,70,10,1,2wiiC04,Complement Module; domain 1,Complement Module domain 1,3.05,0.31,text 3d pdb
964,2,20,25,400,2,2pm9A02,N-terminal domain of TfIIb,,1.81,0.31,text 3d pdb
965,2,10,70,10,26,5hytH01,Complement Module; domain 1,Complement Module domain 1,3.28,0.31,text 3d pdb
966,2,10,70,60,2,4bwcA01,Complement Module; domain 1,,3.38,0.31,text 3d pdb
967,2,40,50,140,167,3rlfA03,OB fold (Dihydrolipoamide Acetyltransferase E2P),Nucleic acid-binding proteins,3.54,0.30,text 3d pdb
968,2,30,30,550,1,2zuoF05,SH3 type barrels.,,2.78,0.30,text 3d pdb
969,3,30,1490,190,2,5fd5A02,Dna Ligase; domain 1,,3.41,0.30,text 3d pdb
970,2,10,25,10,20,5f1aA01,Laminin,Laminin,3.24,0.30,text 3d pdb
971,2,20,25,200,1,2zaeD02,N-terminal domain of TfIIb,,2.96,0.30,text 3d pdb
972,2,30,30,370,2,1wzoD01,SH3 type barrels.,FAH,2.83,0.30,text 3d pdb
973,3,10,50,10,2,4ml4A02,Chitinase A; domain 3,,3.39,0.30,text 3d pdb
974,3,30,70,100,64,1qupB01,Alpha-Beta Plaits,,2.46,0.29,text 3d pdb
975,2,20,28,10,5,4ywlC03,Rubrerythrin domain 2,,4.10,0.29,text 3d pdb
976,2,10,70,10,57,1tpnA00,Complement Module; domain 1,Complement Module domain 1,3.77,0.29,text 3d pdb
977,2,40,50,140,167,1q12C02,OB fold (Dihydrolipoamide Acetyltransferase E2P),Nucleic acid-binding proteins,2.85,0.29,text 3d pdb
978,2,40,50,140,167,1q12A02,OB fold (Dihydrolipoamide Acetyltransferase E2P),Nucleic acid-binding proteins,2.85,0.29,text 3d pdb
979,3,30,1490,20,16,1m6vG07,Dna Ligase; domain 1,ATP-grasp fold A domain,3.60,0.28,text 3d pdb
980,2,60,260,20,6,3i38H01,HSP40/DNAj peptide-binding domain,Urease metallochaperone UreE N-terminal domain,4.15,0.28,text 3d pdb
981,2,60,40,1180,100,1kwgA03,Immunoglobulin-like,Golgi alpha-mannosidase II,3.33,0.28,text 3d pdb
982,4,10,80,30,1,1xhxA06,Rhinovirus 14 subunit 4,DNA polymerase; domain 6,3.13,0.28,text 3d pdb
983,2,10,70,10,57,1tpmA00,Complement Module; domain 1,Complement Module domain 1,3.54,0.28,text 3d pdb
984,3,10,50,10,2,2anfA02,Chitinase A; domain 3,,3.36,0.28,text 3d pdb
985,2,20,28,10,5,4pogD03,Rubrerythrin domain 2,,4.63,0.28,text 3d pdb
986,3,30,1490,20,23,1auvB01,Dna Ligase; domain 1,ATP-grasp fold A domain,2.67,0.27,text 3d pdb
987,2,10,110,40,1,5lktA02,Cysteine Rich Protein,,3.04,0.26,text 3d pdb
988,3,30,30,30,1,5bpnA02,Defensin A-like,,3.29,0.26,text 3d pdb
989,2,30,30,840,5,3mlqG00,SH3 type barrels.,,2.58,0.26,text 3d pdb
990,2,60,40,10,7,2z93D02,Immunoglobulin-like,Immunoglobulins,3.11,0.26,text 3d pdb
991,3,30,1490,20,23,1auvA01,Dna Ligase; domain 1,ATP-grasp fold A domain,3.07,0.26,text 3d pdb
992,3,30,1490,20,26,2zdgD03,Dna Ligase; domain 1,ATP-grasp fold A domain,3.16,0.25,text 3d pdb
993,3,30,1490,10,1,4aqyH02,Dna Ligase; domain 1,,2.90,0.24,text 3d pdb
994,3,30,70,100,40,2xmjB00,Alpha-Beta Plaits,,4.07,0.24,text 3d pdb
995,2,10,25,10,23,4xlwG02,Laminin,Laminin,2.81,0.24,text 3d pdb
996,2,10,25,10,23,4xlwC02,Laminin,Laminin,2.81,0.24,text 3d pdb
997,2,10,25,10,23,4xlwE02,Laminin,Laminin,3.11,0.24,text 3d pdb
998,2,10,25,10,23,4xlwA02,Laminin,Laminin,2.82,0.24,text 3d pdb
999,2,10,25,10,23,4xl1A02,Laminin,Laminin,2.89,0.23,text 3d pdb
1000,2,10,110,20,1,4ezhB03,Cysteine Rich Protein,,3.28,0.21,text 3d pdb