#,X,H,T,F,ECOD Domain,T-Group,Family,RMSD,TM-Score,TM-Align
1,11,1,1,992,e4gmsM3,Immunoglobulin/Fibronectin type III/E set domains/PapD-like,C1-set_4,2.40,0.45,text 3d pdb
2,11,1,1,300,e3gbnL2,Immunoglobulin/Fibronectin type III/E set domains/PapD-like,C1-set,1.56,0.43,text 3d pdb
3,11,1,1,2544,e4x6dC1,Immunoglobulin/Fibronectin type III/E set domains/PapD-like,C1-set_2,2.57,0.43,text 3d pdb
4,11,1,1,992,e6hkgD1,Immunoglobulin/Fibronectin type III/E set domains/PapD-like,C1-set_4,1.97,0.43,text 3d pdb
5,375,1,1,259,e6n1dBL331,Rubredoxin-related,Ribosomal_L33,3.01,0.43,text 3d pdb
6,4012,4,1,1,e6bw5C1,DPAGT1 insertion domain,KOG2788,2.95,0.43,text 3d pdb
7,223,1,1,242,e5ereA4,sensor domains,EUF08502,2.15,0.42,text 3d pdb
8,4012,4,1,1,e6fwzA2,DPAGT1 insertion domain,KOG2788,2.83,0.42,text 3d pdb
9,375,1,1,259,e5j7lC21,Rubredoxin-related,Ribosomal_L33,3.10,0.42,text 3d pdb
10,375,1,1,259,e5jc9C21,Rubredoxin-related,Ribosomal_L33,3.11,0.42,text 3d pdb
11,4012,4,1,1,e5levA2,DPAGT1 insertion domain,KOG2788,2.88,0.42,text 3d pdb
12,375,1,1,259,e5j91C21,Rubredoxin-related,Ribosomal_L33,3.10,0.42,text 3d pdb
13,375,1,1,259,e5j5bC21,Rubredoxin-related,Ribosomal_L33,3.10,0.42,text 3d pdb
14,375,1,1,259,e4ybbC21,Rubredoxin-related,Ribosomal_L33,3.29,0.42,text 3d pdb
15,4012,4,1,1,e6fm9A1,DPAGT1 insertion domain,KOG2788,2.88,0.42,text 3d pdb
16,375,1,1,259,e5it8C21,Rubredoxin-related,Ribosomal_L33,3.11,0.41,text 3d pdb
17,4012,4,1,1,e6bw5A1,DPAGT1 insertion domain,KOG2788,2.94,0.41,text 3d pdb
18,375,1,1,259,e5j8aC21,Rubredoxin-related,Ribosomal_L33,3.31,0.41,text 3d pdb
19,375,1,1,259,e4v6eB11,Rubredoxin-related,Ribosomal_L33,3.48,0.41,text 3d pdb
20,375,1,1,259,e4wf1B11,Rubredoxin-related,Ribosomal_L33,3.32,0.41,text 3d pdb
21,375,1,1,259,e4v6dB11,Rubredoxin-related,Ribosomal_L33,3.49,0.41,text 3d pdb
22,375,1,1,259,e5iqrc1,Rubredoxin-related,Ribosomal_L33,3.28,0.41,text 3d pdb
23,375,1,1,259,e4wwwR11,Rubredoxin-related,Ribosomal_L33,3.42,0.41,text 3d pdb
24,4012,4,1,1,e5o5eA2,DPAGT1 insertion domain,KOG2788,2.93,0.41,text 3d pdb
25,375,1,1,259,e4v7vB11,Rubredoxin-related,Ribosomal_L33,3.19,0.41,text 3d pdb
26,284,1,1,15,e5c0oF2,FKBP-like,GCD14_N,2.16,0.41,text 3d pdb
27,375,1,1,259,e4wf1D11,Rubredoxin-related,Ribosomal_L33,2.96,0.41,text 3d pdb
28,375,1,1,259,e4u27B11,Rubredoxin-related,Ribosomal_L33,3.32,0.41,text 3d pdb
29,375,1,1,259,e6ha111,Rubredoxin-related,Ribosomal_L33,3.31,0.41,text 3d pdb
30,375,1,1,259,e4v7tB11,Rubredoxin-related,Ribosomal_L33,3.51,0.41,text 3d pdb
31,375,1,1,259,e4v9dC11,Rubredoxin-related,Ribosomal_L33,3.12,0.41,text 3d pdb
32,375,1,1,259,e4v6tB11,Rubredoxin-related,Ribosomal_L33,3.12,0.41,text 3d pdb
33,375,1,1,259,e4v9pC11,Rubredoxin-related,Ribosomal_L33,3.39,0.41,text 3d pdb
34,375,1,1,259,e5j88C21,Rubredoxin-related,Ribosomal_L33,3.13,0.41,text 3d pdb
35,375,1,1,259,e4u25B11,Rubredoxin-related,Ribosomal_L33,3.32,0.41,text 3d pdb
36,375,1,1,259,e4v6yB11,Rubredoxin-related,Ribosomal_L33,2.94,0.40,text 3d pdb
37,375,1,1,259,e4u1vB11,Rubredoxin-related,Ribosomal_L33,3.33,0.40,text 3d pdb
38,387,1,5,8,e2ck4A1,Scorpion toxin-like,Toxin_2,2.57,0.40,text 3d pdb
39,375,1,1,259,e3j5l11,Rubredoxin-related,Ribosomal_L33,3.36,0.40,text 3d pdb
40,375,1,1,259,e4v7uB11,Rubredoxin-related,Ribosomal_L33,3.36,0.40,text 3d pdb
41,375,1,1,259,e4kfl61,Rubredoxin-related,Ribosomal_L33,3.03,0.40,text 3d pdb
42,375,1,1,259,e4v9nD61,Rubredoxin-related,Ribosomal_L33,3.03,0.40,text 3d pdb
43,375,1,1,259,e4kfi61,Rubredoxin-related,Ribosomal_L33,3.03,0.40,text 3d pdb
44,375,1,1,259,e4v9nB61,Rubredoxin-related,Ribosomal_L33,3.03,0.40,text 3d pdb
45,375,1,1,259,e4u1uD11,Rubredoxin-related,Ribosomal_L33,3.31,0.40,text 3d pdb
46,375,1,1,291,e5v9311,Rubredoxin-related,NOB1_Zn_bindRibosomal_L33,3.37,0.40,text 3d pdb
47,375,1,1,259,e4v9dD11,Rubredoxin-related,Ribosomal_L33,3.44,0.40,text 3d pdb
48,325,1,7,123,e4xlnD11,Single hybrid motif,Biotin_lipoyl_2_like,2.10,0.40,text 3d pdb
49,375,1,1,259,e4v53D11,Rubredoxin-related,Ribosomal_L33,3.34,0.40,text 3d pdb
50,375,1,1,259,e4v78B11,Rubredoxin-related,Ribosomal_L33,3.19,0.40,text 3d pdb
51,375,1,1,259,e4u20D11,Rubredoxin-related,Ribosomal_L33,3.07,0.40,text 3d pdb
52,375,1,1,291,e5v7q11,Rubredoxin-related,NOB1_Zn_bindRibosomal_L33,2.86,0.40,text 3d pdb
53,375,1,1,259,e5u9f311,Rubredoxin-related,Ribosomal_L33,3.23,0.40,text 3d pdb
54,375,1,1,7,e3irbA2,Rubredoxin-related,DUF35_N,2.70,0.40,text 3d pdb
55,375,1,1,259,e6dddO1,Rubredoxin-related,Ribosomal_L33,3.04,0.40,text 3d pdb
56,375,1,1,259,e4v9oE11,Rubredoxin-related,Ribosomal_L33,3.24,0.40,text 3d pdb
57,325,1,7,123,e5tmcD10,Single hybrid motif,Biotin_lipoyl_2_like,2.13,0.40,text 3d pdb
58,374,1,1,1,e5bweC1,HIPIP (high potential iron protein),BssC_TutF,2.39,0.40,text 3d pdb
59,374,1,1,1,e5bweG1,HIPIP (high potential iron protein),BssC_TutF,2.39,0.40,text 3d pdb
60,375,1,1,259,e4v9oC11,Rubredoxin-related,Ribosomal_L33,3.26,0.40,text 3d pdb
61,375,1,1,259,e4u24B11,Rubredoxin-related,Ribosomal_L33,3.17,0.40,text 3d pdb
62,325,1,7,123,e4xlqD8,Single hybrid motif,Biotin_lipoyl_2_like,2.10,0.40,text 3d pdb
63,11,1,1,64,e4lccA2,Immunoglobulin/Fibronectin type III/E set domains/PapD-like,DUF1968,2.50,0.40,text 3d pdb
64,375,1,1,259,e6dncGA1,Rubredoxin-related,Ribosomal_L33,3.34,0.40,text 3d pdb
65,325,1,7,123,e5tmfD6,Single hybrid motif,Biotin_lipoyl_2_like,2.15,0.40,text 3d pdb
66,4012,2,1,1,e2du5A1,SSHS domain in O-phosphoseryl-tRNA synthetase,sepS,2.59,0.40,text 3d pdb
67,375,1,1,259,e4u20B11,Rubredoxin-related,Ribosomal_L33,3.18,0.40,text 3d pdb
68,374,1,1,1,e4pkfC1,HIPIP (high potential iron protein),BssC_TutF,2.39,0.40,text 3d pdb
69,375,1,1,259,e4u26B11,Rubredoxin-related,Ribosomal_L33,3.16,0.40,text 3d pdb
70,375,1,1,259,e5zet41,Rubredoxin-related,Ribosomal_L33,3.19,0.40,text 3d pdb
71,375,1,1,259,e3jbv41,Rubredoxin-related,Ribosomal_L33,3.13,0.40,text 3d pdb
72,375,1,1,259,e5tcuLS1,Rubredoxin-related,Ribosomal_L33,3.46,0.40,text 3d pdb
73,375,1,1,259,e5lze11,Rubredoxin-related,Ribosomal_L33,3.05,0.40,text 3d pdb
74,325,1,7,123,e4xlpD2,Single hybrid motif,Biotin_lipoyl_2_like,2.10,0.40,text 3d pdb
75,375,1,1,259,e3pyr31,Rubredoxin-related,Ribosomal_L33,3.33,0.40,text 3d pdb
76,375,1,1,259,e4v83D31,Rubredoxin-related,Ribosomal_L33,3.33,0.40,text 3d pdb
77,375,1,1,259,e5afi11,Rubredoxin-related,Ribosomal_L33,3.13,0.40,text 3d pdb
78,375,1,1,259,e3j9y11,Rubredoxin-related,Ribosomal_L33,3.13,0.40,text 3d pdb
79,375,1,1,259,e3pyo31,Rubredoxin-related,Ribosomal_L33,3.33,0.40,text 3d pdb
80,375,1,1,259,e4v83B31,Rubredoxin-related,Ribosomal_L33,3.33,0.40,text 3d pdb
81,375,1,1,259,e5kcr161,Rubredoxin-related,Ribosomal_L33,3.43,0.40,text 3d pdb
82,375,1,1,259,e5nwyo1,Rubredoxin-related,Ribosomal_L33,3.46,0.40,text 3d pdb
83,375,1,1,259,e4v7uD11,Rubredoxin-related,Ribosomal_L33,3.28,0.40,text 3d pdb
84,375,1,1,259,e4v7bB11,Rubredoxin-related,Ribosomal_L33,3.06,0.40,text 3d pdb
85,375,1,1,259,e3j7z11,Rubredoxin-related,Ribosomal_L33,3.06,0.40,text 3d pdb
86,375,1,1,259,e4v9oA11,Rubredoxin-related,Ribosomal_L33,3.06,0.40,text 3d pdb
87,375,1,1,259,e4uy811,Rubredoxin-related,Ribosomal_L33,3.06,0.40,text 3d pdb
88,375,1,1,259,e6i0y11,Rubredoxin-related,Ribosomal_L33,3.06,0.40,text 3d pdb
89,375,1,1,259,e3ms131,Rubredoxin-related,Ribosomal_L33,3.34,0.40,text 3d pdb
90,375,1,1,259,e4v7pB31,Rubredoxin-related,Ribosomal_L33,3.34,0.40,text 3d pdb
91,375,1,1,259,e3mrz31,Rubredoxin-related,Ribosomal_L33,3.34,0.40,text 3d pdb
92,375,1,1,259,e4v7pC31,Rubredoxin-related,Ribosomal_L33,3.34,0.40,text 3d pdb
93,375,1,1,259,e5zep11,Rubredoxin-related,Ribosomal_L33,3.34,0.39,text 3d pdb
94,223,1,1,28,e3t4kB2,sensor domains,EUF08492,2.39,0.39,text 3d pdb
95,375,1,1,259,e4v50B11,Rubredoxin-related,Ribosomal_L33,2.86,0.39,text 3d pdb
96,325,1,7,123,e5tjgD11,Single hybrid motif,Biotin_lipoyl_2_like,2.15,0.39,text 3d pdb
97,375,1,1,259,e6ddgO1,Rubredoxin-related,Ribosomal_L33,3.23,0.39,text 3d pdb
98,375,1,1,259,e4v9pE11,Rubredoxin-related,Ribosomal_L33,3.21,0.39,text 3d pdb
99,375,1,1,,e6oskc1,Rubredoxin-related,F_UNCLASSIFIED,3.32,0.39,text 3d pdb
100,375,1,1,259,e5kcs161,Rubredoxin-related,Ribosomal_L33,3.16,0.39,text 3d pdb
101,375,1,1,259,e4v9pG11,Rubredoxin-related,Ribosomal_L33,3.34,0.39,text 3d pdb
102,223,1,1,28,e3t4sB2,sensor domains,EUF08492,2.65,0.39,text 3d pdb
103,375,1,1,259,e6enj11,Rubredoxin-related,Ribosomal_L33,2.94,0.39,text 3d pdb
104,375,1,1,259,e5kpw21,Rubredoxin-related,Ribosomal_L33,3.49,0.39,text 3d pdb
105,375,1,1,259,e5kpx21,Rubredoxin-related,Ribosomal_L33,3.25,0.39,text 3d pdb
106,223,1,1,28,e3t4lB2,sensor domains,EUF08492,2.39,0.39,text 3d pdb
107,223,1,1,28,e3t4oB2,sensor domains,EUF08492,2.39,0.39,text 3d pdb
108,375,1,1,259,e6hma11,Rubredoxin-related,Ribosomal_L33,2.83,0.39,text 3d pdb
109,284,1,1,15,e5c1iB1,FKBP-like,GCD14_N,2.15,0.39,text 3d pdb
110,223,1,1,28,e3t4jB2,sensor domains,EUF08492,2.68,0.39,text 3d pdb
111,375,1,1,259,e5myjB51,Rubredoxin-related,Ribosomal_L33,3.16,0.39,text 3d pdb
112,375,1,1,259,e5wfs11,Rubredoxin-related,Ribosomal_L33,3.42,0.39,text 3d pdb
113,375,1,1,259,e4wquC61,Rubredoxin-related,Ribosomal_L33,3.28,0.39,text 3d pdb
114,223,1,1,28,e3t4tB2,sensor domains,EUF08492,2.69,0.39,text 3d pdb
115,375,1,1,259,e5zeb41,Rubredoxin-related,Ribosomal_L33,3.34,0.39,text 3d pdb
116,5,5,1,,e6ekeA1,beta-Prism III,F_UNCLASSIFIED,2.94,0.39,text 3d pdb
117,375,1,1,259,e6ot3c1,Rubredoxin-related,Ribosomal_L33,3.18,0.39,text 3d pdb
118,375,1,1,259,e6ouoc1,Rubredoxin-related,Ribosomal_L33,3.18,0.39,text 3d pdb
119,375,1,1,259,e5gafc1,Rubredoxin-related,Ribosomal_L33,3.52,0.39,text 3d pdb
120,375,1,1,259,e5gahc1,Rubredoxin-related,Ribosomal_L33,3.52,0.39,text 3d pdb
121,375,1,1,259,e5ncoc1,Rubredoxin-related,Ribosomal_L33,3.52,0.39,text 3d pdb
122,375,1,1,259,e5gadc1,Rubredoxin-related,Ribosomal_L33,3.52,0.39,text 3d pdb
123,375,1,1,259,e3jcn11,Rubredoxin-related,Ribosomal_L33,3.10,0.39,text 3d pdb
124,223,1,1,28,e3t4qA2,sensor domains,EUF08492,2.57,0.39,text 3d pdb
125,375,1,1,259,e3jcja1,Rubredoxin-related,Ribosomal_L33,3.29,0.39,text 3d pdb
126,375,1,1,259,e5mdvc1,Rubredoxin-related,Ribosomal_L33,3.40,0.39,text 3d pdb
127,284,1,1,15,e2pwyB1,FKBP-like,GCD14_N,2.57,0.39,text 3d pdb
128,375,1,1,259,e4v8gD61,Rubredoxin-related,Ribosomal_L33,3.30,0.39,text 3d pdb
129,375,1,1,259,e5kps31,Rubredoxin-related,Ribosomal_L33,3.49,0.39,text 3d pdb
130,375,1,1,259,e5lza11,Rubredoxin-related,Ribosomal_L33,3.21,0.39,text 3d pdb
131,223,1,1,28,e3t4jA1,sensor domains,EUF08492,2.58,0.39,text 3d pdb
132,325,1,7,123,e4xlsD5,Single hybrid motif,Biotin_lipoyl_2_like,2.14,0.39,text 3d pdb
133,375,1,1,259,e6o9k61,Rubredoxin-related,Ribosomal_L33,3.35,0.39,text 3d pdb
134,223,1,1,28,e3t4lA2,sensor domains,EUF08492,2.57,0.39,text 3d pdb
135,375,1,1,259,e4v5sB61,Rubredoxin-related,Ribosomal_L33,3.19,0.39,text 3d pdb
136,375,1,1,259,e5o2r11,Rubredoxin-related,Ribosomal_L33,3.39,0.39,text 3d pdb
137,375,1,1,259,e5uyn311,Rubredoxin-related,Ribosomal_L33,3.25,0.39,text 3d pdb
138,375,1,1,259,e5lzb11,Rubredoxin-related,Ribosomal_L33,3.25,0.39,text 3d pdb
139,375,1,1,259,e4v5hB41,Rubredoxin-related,Ribosomal_L33,3.27,0.39,text 3d pdb
140,375,1,1,259,e5lzd11,Rubredoxin-related,Ribosomal_L33,3.54,0.39,text 3d pdb
141,375,1,1,259,e6gbz11,Rubredoxin-related,Ribosomal_L33,3.17,0.39,text 3d pdb
142,375,1,1,167,e1yuzA2,Rubredoxin-related,Rubredoxin_1,2.81,0.39,text 3d pdb
143,375,1,1,259,e5mdwc1,Rubredoxin-related,Ribosomal_L33,3.52,0.39,text 3d pdb
144,375,1,1,259,e6q9ac1,Rubredoxin-related,Ribosomal_L33,3.23,0.39,text 3d pdb
145,375,1,1,259,e6fxcB11,Rubredoxin-related,Ribosomal_L33,3.76,0.39,text 3d pdb
146,375,1,1,259,e5ngmA11,Rubredoxin-related,Ribosomal_L33,3.76,0.39,text 3d pdb
147,375,1,1,259,e6fxcA11,Rubredoxin-related,Ribosomal_L33,3.76,0.39,text 3d pdb
148,375,1,1,259,e6gc811,Rubredoxin-related,Ribosomal_L33,3.18,0.39,text 3d pdb
149,223,1,1,53,e5ltvB2,sensor domains,Cache_3-Cache_2,2.31,0.39,text 3d pdb
150,375,1,1,7,e5mg5N2,Rubredoxin-related,DUF35_N,2.76,0.39,text 3d pdb
151,375,1,1,259,e4v8gB61,Rubredoxin-related,Ribosomal_L33,3.31,0.39,text 3d pdb
152,5,5,1,,e6fx1G1,beta-Prism III,F_UNCLASSIFIED,2.81,0.39,text 3d pdb
153,375,1,1,140,e5mgnB1,Rubredoxin-related,KOG1905,2.18,0.39,text 3d pdb
154,383,1,1,,e1zmqC1,Defensin-related,F_UNCLASSIFIED,2.70,0.39,text 3d pdb
155,223,1,1,53,e5ltvA1,sensor domains,Cache_3-Cache_2,2.49,0.39,text 3d pdb
156,375,1,1,259,e4v50D11,Rubredoxin-related,Ribosomal_L33,3.22,0.39,text 3d pdb
157,284,1,1,15,e2pwyA2,FKBP-like,GCD14_N,1.87,0.38,text 3d pdb
158,375,1,1,259,e6enu11,Rubredoxin-related,Ribosomal_L33,3.32,0.38,text 3d pdb
159,375,1,1,259,e6bohIC1,Rubredoxin-related,Ribosomal_L33,3.50,0.38,text 3d pdb
160,375,1,1,7,e6esqE1,Rubredoxin-related,DUF35_N,2.62,0.38,text 3d pdb
161,375,1,1,259,e6bohDA1,Rubredoxin-related,Ribosomal_L33,3.50,0.38,text 3d pdb
162,375,1,1,259,e5u9g311,Rubredoxin-related,Ribosomal_L33,3.18,0.38,text 3d pdb
163,375,1,1,259,e6gc011,Rubredoxin-related,Ribosomal_L33,3.11,0.38,text 3d pdb
164,5,5,1,,e6fx1J1,beta-Prism III,F_UNCLASSIFIED,2.81,0.38,text 3d pdb
165,5,5,1,,e6fx1C1,beta-Prism III,F_UNCLASSIFIED,2.89,0.38,text 3d pdb
166,304,8,1,15,e1y7pC4,ACT-like,ACT_5,2.59,0.38,text 3d pdb
167,375,1,1,7,e5mg5W1,Rubredoxin-related,DUF35_N,2.34,0.38,text 3d pdb
168,375,1,1,259,e5lzc11,Rubredoxin-related,Ribosomal_L33,2.96,0.38,text 3d pdb
169,375,1,1,140,e3k35A3,Rubredoxin-related,KOG1905,2.24,0.38,text 3d pdb
170,375,1,1,259,e5lzf11,Rubredoxin-related,Ribosomal_L33,3.48,0.38,text 3d pdb
171,223,1,1,28,e3t4sA2,sensor domains,EUF08492,2.57,0.38,text 3d pdb
172,223,1,1,28,e3t4kA2,sensor domains,EUF08492,2.57,0.38,text 3d pdb
173,223,1,1,28,e3t4oA2,sensor domains,EUF08492,2.58,0.38,text 3d pdb
174,375,1,1,259,e5np6z1,Rubredoxin-related,Ribosomal_L33,3.54,0.38,text 3d pdb
175,4012,1,1,,e3ksaD1,SSHS domain in type II DNA topoisomerase,F_UNCLASSIFIED,1.74,0.38,text 3d pdb
176,375,1,1,259,e3j9wB51,Rubredoxin-related,Ribosomal_L33,3.34,0.38,text 3d pdb
177,375,1,1,259,e6gxp11,Rubredoxin-related,Ribosomal_L33,3.18,0.38,text 3d pdb
178,325,1,7,123,e4xlrD6,Single hybrid motif,Biotin_lipoyl_2_like,2.21,0.38,text 3d pdb
179,375,1,1,259,e5l3p61,Rubredoxin-related,Ribosomal_L33,3.34,0.38,text 3d pdb
180,375,1,1,259,e6bz7Y61,Rubredoxin-related,Ribosomal_L33,3.17,0.38,text 3d pdb
181,223,1,1,28,e3t4tA2,sensor domains,EUF08492,2.60,0.38,text 3d pdb
182,375,1,1,7,e5mg5E2,Rubredoxin-related,DUF35_N,2.79,0.38,text 3d pdb
183,223,1,1,28,e3t4qB2,sensor domains,EUF08492,2.63,0.38,text 3d pdb
184,375,1,1,7,e6esqH1,Rubredoxin-related,DUF35_N,2.70,0.38,text 3d pdb
185,375,1,1,259,e5uym311,Rubredoxin-related,Ribosomal_L33,3.64,0.38,text 3d pdb
186,375,1,1,259,e4v9cB11,Rubredoxin-related,Ribosomal_L33,3.52,0.38,text 3d pdb
187,375,1,1,259,e5mgp11,Rubredoxin-related,Ribosomal_L33,3.56,0.38,text 3d pdb
188,5,5,1,,e6a86D1,beta-Prism III,F_UNCLASSIFIED,2.93,0.38,text 3d pdb
189,375,1,1,259,e4v9oG11,Rubredoxin-related,Ribosomal_L33,3.61,0.38,text 3d pdb
190,719,1,1,15,e3sr2H1,XRCC4 N-terminal domain,XLF_N,2.08,0.38,text 3d pdb
191,4012,1,1,,e3ltnC1,SSHS domain in type II DNA topoisomerase,F_UNCLASSIFIED,2.09,0.38,text 3d pdb
192,383,1,1,,e1zmqA1,Defensin-related,F_UNCLASSIFIED,3.00,0.38,text 3d pdb
193,4012,1,1,,e3ltnD1,SSHS domain in type II DNA topoisomerase,F_UNCLASSIFIED,2.09,0.38,text 3d pdb
194,375,1,1,259,e5j88D21,Rubredoxin-related,Ribosomal_L33,3.51,0.38,text 3d pdb
195,375,1,1,140,e3k35C3,Rubredoxin-related,KOG1905,2.24,0.38,text 3d pdb
196,375,1,1,7,e5mg5K2,Rubredoxin-related,DUF35_N,2.81,0.38,text 3d pdb
197,375,1,1,259,e5wfk11,Rubredoxin-related,Ribosomal_L33,3.27,0.38,text 3d pdb
198,375,1,1,140,e6hoyA2,Rubredoxin-related,KOG1905,2.23,0.38,text 3d pdb
199,375,1,1,259,e6enf11,Rubredoxin-related,Ribosomal_L33,3.22,0.38,text 3d pdb
200,375,1,1,7,e6esqF2,Rubredoxin-related,DUF35_N,2.60,0.38,text 3d pdb
201,375,1,1,140,e6hoyB2,Rubredoxin-related,KOG1905,2.24,0.38,text 3d pdb
202,5,5,1,,e6fx2A1,beta-Prism III,F_UNCLASSIFIED,3.08,0.38,text 3d pdb
203,5,5,1,,e6a87F1,beta-Prism III,F_UNCLASSIFIED,2.93,0.38,text 3d pdb
204,375,1,1,7,e6esqG2,Rubredoxin-related,DUF35_N,2.60,0.38,text 3d pdb
205,383,1,1,1,e3qteB1,Defensin-related,Defensin_1,3.11,0.38,text 3d pdb
206,5,5,1,,e6a87D1,beta-Prism III,F_UNCLASSIFIED,2.98,0.38,text 3d pdb
207,375,1,1,259,e4v79B11,Rubredoxin-related,Ribosomal_L33,3.25,0.38,text 3d pdb
208,375,1,1,259,e4v73B11,Rubredoxin-related,Ribosomal_L33,3.12,0.38,text 3d pdb
209,387,1,5,6,e2kyqA1,Scorpion toxin-like,SLR1-BP,2.77,0.38,text 3d pdb
210,375,1,1,259,e4v64B11,Rubredoxin-related,Ribosomal_L33,2.96,0.38,text 3d pdb
211,5,5,1,,e6fx3A1,beta-Prism III,F_UNCLASSIFIED,3.09,0.38,text 3d pdb
212,4012,1,1,2,e2rgrA4,SSHS domain in type II DNA topoisomerase,TOPRIM_C,2.89,0.38,text 3d pdb
213,375,1,1,259,e4v64D11,Rubredoxin-related,Ribosomal_L33,2.96,0.38,text 3d pdb
214,4012,1,1,,e3ksaC2,SSHS domain in type II DNA topoisomerase,F_UNCLASSIFIED,1.96,0.38,text 3d pdb
215,375,1,1,259,e4v69B11,Rubredoxin-related,Ribosomal_L33,3.09,0.37,text 3d pdb
216,375,1,1,259,e5ady11,Rubredoxin-related,Ribosomal_L33,3.04,0.37,text 3d pdb
217,375,1,1,167,e1yuxA1,Rubredoxin-related,Rubredoxin_1,2.77,0.37,text 3d pdb
218,4086,1,1,1,e4eakB1,AMPKBI-like,AMPKBI,2.77,0.37,text 3d pdb
219,375,1,1,167,e1yuzB1,Rubredoxin-related,Rubredoxin_1,2.78,0.37,text 3d pdb
220,375,1,1,140,e3k35E3,Rubredoxin-related,KOG1905,2.25,0.37,text 3d pdb
221,375,1,1,167,e1yuxB1,Rubredoxin-related,Rubredoxin_1,2.77,0.37,text 3d pdb
222,375,1,1,,e1pfvA4,Rubredoxin-related,F_UNCLASSIFIED,2.70,0.37,text 3d pdb
223,383,1,1,1,e1zmkB1,Defensin-related,Defensin_1,2.60,0.37,text 3d pdb
224,5,5,1,,e6fx1F1,beta-Prism III,F_UNCLASSIFIED,2.85,0.37,text 3d pdb
225,375,1,1,167,e1yv1B1,Rubredoxin-related,Rubredoxin_1,2.83,0.37,text 3d pdb
226,375,1,1,259,e3jce11,Rubredoxin-related,Ribosomal_L33,3.62,0.37,text 3d pdb
227,5,5,1,,e6fx1D1,beta-Prism III,F_UNCLASSIFIED,3.13,0.37,text 3d pdb
228,5,5,1,,e6fx1K1,beta-Prism III,F_UNCLASSIFIED,2.94,0.37,text 3d pdb
229,387,1,5,8,e2uvsA1,Scorpion toxin-like,Toxin_2,2.62,0.37,text 3d pdb
230,325,1,7,123,e3wodD3,Single hybrid motif,Biotin_lipoyl_2_like,2.48,0.37,text 3d pdb
231,5,5,1,,e6fx1A1,beta-Prism III,F_UNCLASSIFIED,2.90,0.37,text 3d pdb
232,387,1,2,1,e1wgcB4,Plant lectins/antimicrobial peptides,Chitin_bind_1,2.66,0.37,text 3d pdb
233,375,1,1,13,e2kwqA1,Rubredoxin-related,Mcm10,2.39,0.37,text 3d pdb
234,375,1,1,259,e4v7cB41,Rubredoxin-related,Ribosomal_L33,3.32,0.37,text 3d pdb
235,375,1,1,259,e3jbu41,Rubredoxin-related,Ribosomal_L33,3.20,0.37,text 3d pdb
236,375,1,1,167,e1yv1A1,Rubredoxin-related,Rubredoxin_1,2.83,0.37,text 3d pdb
237,375,1,1,,e3ziuA3,Rubredoxin-related,F_UNCLASSIFIED,3.20,0.37,text 3d pdb
238,375,1,1,259,e5dm611,Rubredoxin-related,Ribosomal_L33,3.34,0.37,text 3d pdb
239,325,1,7,123,e5xj0D6,Single hybrid motif,Biotin_lipoyl_2_like,2.48,0.37,text 3d pdb
240,5,5,1,,e6a87C1,beta-Prism III,F_UNCLASSIFIED,3.05,0.37,text 3d pdb
241,375,1,1,259,e4v7dA51,Rubredoxin-related,Ribosomal_L33,3.32,0.37,text 3d pdb
242,375,1,1,7,e6et9F1,Rubredoxin-related,DUF35_N,2.72,0.37,text 3d pdb
243,387,1,2,1,e2cwgB3,Plant lectins/antimicrobial peptides,Chitin_bind_1,2.59,0.37,text 3d pdb
244,325,1,7,94,e3aohI5,Single hybrid motif,RnfC_N_like_1,3.03,0.37,text 3d pdb
245,304,51,1,57,e5h9eK1,CRISPR transcript (pre-crRNA) processing endoribonuclease-related,CRISPR_assoc_N,2.30,0.37,text 3d pdb
246,4012,1,1,,e3ksbC1,SSHS domain in type II DNA topoisomerase,F_UNCLASSIFIED,2.01,0.37,text 3d pdb
247,375,1,1,259,e5zluy1,Rubredoxin-related,Ribosomal_L33,3.43,0.37,text 3d pdb
248,375,1,1,,e3ziuB4,Rubredoxin-related,F_UNCLASSIFIED,2.92,0.37,text 3d pdb
249,375,1,1,259,e4v72B11,Rubredoxin-related,Ribosomal_L33,3.28,0.37,text 3d pdb
250,375,1,1,259,e4v76B11,Rubredoxin-related,Ribosomal_L33,3.36,0.37,text 3d pdb
251,375,1,1,7,e6et9H1,Rubredoxin-related,DUF35_N,2.70,0.37,text 3d pdb
252,5,5,1,,e6a87E1,beta-Prism III,F_UNCLASSIFIED,2.90,0.37,text 3d pdb
253,375,1,1,259,e4woiC11,Rubredoxin-related,Ribosomal_L33,3.34,0.37,text 3d pdb
254,375,1,1,2,e4nu0A1,Rubredoxin-related,ADK_lid,2.12,0.37,text 3d pdb
255,375,1,1,259,e4v89B51,Rubredoxin-related,Ribosomal_L33,3.29,0.37,text 3d pdb
256,706,2,1,4,e5tu9A1,G5 and E repeats in surface protein G,SasG_E,3.52,0.37,text 3d pdb
257,304,51,1,57,e5h9fK2,CRISPR transcript (pre-crRNA) processing endoribonuclease-related,CRISPR_assoc_N,2.37,0.37,text 3d pdb
258,374,1,1,1,e4pkcC1,HIPIP (high potential iron protein),BssC_TutF,2.53,0.37,text 3d pdb
259,375,1,1,259,e5njtq1,Rubredoxin-related,Ribosomal_L33,3.30,0.37,text 3d pdb
260,375,1,1,259,e4v85B51,Rubredoxin-related,Ribosomal_L33,3.30,0.37,text 3d pdb
261,11,1,1,792,e4bsjA4,Immunoglobulin/Fibronectin type III/E set domains/PapD-like,I-set_13,2.40,0.37,text 3d pdb
262,719,1,1,15,e3sr2D1,XRCC4 N-terminal domain,XLF_N,2.51,0.36,text 3d pdb
263,387,1,2,1,e1k7tA3,Plant lectins/antimicrobial peptides,Chitin_bind_1,2.52,0.36,text 3d pdb
264,375,1,1,259,e4v77B11,Rubredoxin-related,Ribosomal_L33,3.21,0.36,text 3d pdb
265,387,1,5,8,e2ktxA1,Scorpion toxin-like,Toxin_2,2.82,0.36,text 3d pdb
266,4076,3,1,2,e2hjqA2,GINS/PriA/YqbF domain,YqbF,2.42,0.36,text 3d pdb
267,387,1,5,3,e1n4nA1,Scorpion toxin-like,Gamma-thionin,3.12,0.36,text 3d pdb
268,11,1,1,787,e3rifN2,Immunoglobulin/Fibronectin type III/E set domains/PapD-like,C1-set_1,2.30,0.36,text 3d pdb
269,11,1,1,992,e1jrhL3,Immunoglobulin/Fibronectin type III/E set domains/PapD-like,C1-set_4,2.32,0.36,text 3d pdb
270,325,1,7,94,e3aoiI5,Single hybrid motif,RnfC_N_like_1,3.13,0.36,text 3d pdb
271,5,5,1,,e6fx1H1,beta-Prism III,F_UNCLASSIFIED,2.92,0.36,text 3d pdb
272,383,1,1,1,e1zmiC1,Defensin-related,Defensin_1,2.74,0.36,text 3d pdb
273,5,5,1,,e6a86F1,beta-Prism III,F_UNCLASSIFIED,2.89,0.36,text 3d pdb
274,2,22,1,4,e5a0dB3,Pilus-presented adhesin barrel insertion domain,TED_like_C,1.85,0.36,text 3d pdb
275,375,1,1,259,e3j9m11,Rubredoxin-related,Ribosomal_L33,3.20,0.36,text 3d pdb
276,375,1,1,7,e3irbB2,Rubredoxin-related,DUF35_N,2.58,0.36,text 3d pdb
277,375,1,1,259,e5ju8B11,Rubredoxin-related,Ribosomal_L33,3.60,0.36,text 3d pdb
278,325,1,7,94,e5xj0D9,Single hybrid motif,RnfC_N_like_1,2.43,0.36,text 3d pdb
279,3850,1,1,8,e4rouB3,Protein-only RNase P Zn-binding domain,PRORP_NPRORP_C,2.65,0.36,text 3d pdb
280,383,1,1,4,e1fd4J1,Defensin-related,Defensin_beta,3.10,0.36,text 3d pdb
281,383,1,1,4,e1fd4F1,Defensin-related,Defensin_beta,3.31,0.36,text 3d pdb
282,387,1,2,1,e2wgcB3,Plant lectins/antimicrobial peptides,Chitin_bind_1,2.62,0.36,text 3d pdb
283,375,1,1,,e1pfwA1,Rubredoxin-related,F_UNCLASSIFIED,2.70,0.36,text 3d pdb
284,5,5,1,,e6fx2B1,beta-Prism III,F_UNCLASSIFIED,2.89,0.36,text 3d pdb
285,383,1,1,4,e1fd3B1,Defensin-related,Defensin_beta,3.13,0.36,text 3d pdb
286,375,1,1,7,e6et9E2,Rubredoxin-related,DUF35_N,2.42,0.36,text 3d pdb
287,375,1,1,259,e6ostc1,Rubredoxin-related,Ribosomal_L33,3.46,0.36,text 3d pdb
288,375,1,1,259,e4v7vD11,Rubredoxin-related,Ribosomal_L33,3.20,0.36,text 3d pdb
289,375,1,1,259,e4v6nA41,Rubredoxin-related,Ribosomal_L33,3.55,0.36,text 3d pdb
290,3850,1,1,8,e4rouA3,Protein-only RNase P Zn-binding domain,PRORP_NPRORP_C,2.58,0.36,text 3d pdb
291,5,5,1,,e6fx3B1,beta-Prism III,F_UNCLASSIFIED,2.90,0.36,text 3d pdb
292,375,1,1,259,e4v74B11,Rubredoxin-related,Ribosomal_L33,3.41,0.36,text 3d pdb
293,375,1,1,259,e6i7vD21,Rubredoxin-related,Ribosomal_L33,3.36,0.36,text 3d pdb
294,383,1,1,4,e1fd4N1,Defensin-related,Defensin_beta,3.20,0.36,text 3d pdb
295,375,1,1,,e3h9cA2,Rubredoxin-related,F_UNCLASSIFIED,2.70,0.36,text 3d pdb
296,4012,1,1,2,e1bgwA5,SSHS domain in type II DNA topoisomerase,TOPRIM_C,2.43,0.36,text 3d pdb
297,375,1,1,7,e6et9G1,Rubredoxin-related,DUF35_N,2.39,0.36,text 3d pdb
298,387,1,5,8,e1m2sA1,Scorpion toxin-like,Toxin_2,2.41,0.36,text 3d pdb
299,11,1,1,792,e5oyjC1,Immunoglobulin/Fibronectin type III/E set domains/PapD-like,I-set_13,2.36,0.36,text 3d pdb
300,375,1,1,259,e4v6dD11,Rubredoxin-related,Ribosomal_L33,3.18,0.36,text 3d pdb
301,325,1,7,18,e2o5iN4,Single hybrid motif,biotinyl_domain_like,2.40,0.36,text 3d pdb
302,375,1,1,,e1f4lA3,Rubredoxin-related,F_UNCLASSIFIED,2.70,0.36,text 3d pdb
303,383,1,1,4,e1fd4D1,Defensin-related,Defensin_beta,3.29,0.36,text 3d pdb
304,706,2,1,4,e5dblA1,G5 and E repeats in surface protein G,SasG_E,3.19,0.36,text 3d pdb
305,383,1,1,1,e1zmiB1,Defensin-related,Defensin_1,2.69,0.36,text 3d pdb
306,375,1,1,259,e4v52B11,Rubredoxin-related,Ribosomal_L33,3.22,0.36,text 3d pdb
307,325,1,7,18,e2o5iD2,Single hybrid motif,biotinyl_domain_like,2.40,0.36,text 3d pdb
308,375,1,1,259,e4v6eD11,Rubredoxin-related,Ribosomal_L33,3.19,0.36,text 3d pdb
309,5,5,1,,e6a86A1,beta-Prism III,F_UNCLASSIFIED,2.93,0.36,text 3d pdb
310,375,1,1,,e3h97A2,Rubredoxin-related,F_UNCLASSIFIED,2.70,0.36,text 3d pdb
311,375,1,1,259,e4v52D11,Rubredoxin-related,Ribosomal_L33,3.21,0.36,text 3d pdb
312,375,1,1,259,e4v6cD11,Rubredoxin-related,Ribosomal_L33,3.18,0.36,text 3d pdb
313,4012,1,1,2,e3l4kA3,SSHS domain in type II DNA topoisomerase,TOPRIM_C,2.45,0.36,text 3d pdb
314,325,1,7,18,e2ppbN39,Single hybrid motif,biotinyl_domain_like,2.39,0.36,text 3d pdb
315,375,1,1,259,e4v5yB11,Rubredoxin-related,Ribosomal_L33,3.21,0.36,text 3d pdb
316,375,1,1,,e3h9bA1,Rubredoxin-related,F_UNCLASSIFIED,2.70,0.36,text 3d pdb
317,375,1,1,,e3h99A3,Rubredoxin-related,F_UNCLASSIFIED,2.70,0.35,text 3d pdb
318,325,1,7,18,e2ppbD1,Single hybrid motif,biotinyl_domain_like,2.39,0.35,text 3d pdb
319,375,1,1,83,e1iciB1,Rubredoxin-related,Zn-ribbon_8,2.66,0.35,text 3d pdb
320,325,1,7,94,e4xlrD2,Single hybrid motif,RnfC_N_like_1,2.63,0.35,text 3d pdb
321,375,1,1,259,e4v53B11,Rubredoxin-related,Ribosomal_L33,3.20,0.35,text 3d pdb
322,706,2,1,4,e3tiqA2,G5 and E repeats in surface protein G,SasG_E,3.10,0.35,text 3d pdb
323,325,1,7,94,e2ppbN38,Single hybrid motif,RnfC_N_like_1,2.53,0.35,text 3d pdb
324,325,1,7,94,e6asgD1,Single hybrid motif,RnfC_N_like_1,2.50,0.35,text 3d pdb
325,5,5,1,,e6fx1L1,beta-Prism III,F_UNCLASSIFIED,3.13,0.35,text 3d pdb
326,5,5,1,,e6a86C1,beta-Prism III,F_UNCLASSIFIED,3.17,0.35,text 3d pdb
327,375,1,1,259,e4v55B11,Rubredoxin-related,Ribosomal_L33,3.20,0.35,text 3d pdb
328,375,1,1,259,e3j9zL21,Rubredoxin-related,Ribosomal_L33,3.20,0.35,text 3d pdb
329,375,1,1,83,e4twiA1,Rubredoxin-related,Zn-ribbon_8,2.97,0.35,text 3d pdb
330,375,1,1,259,e4v55D11,Rubredoxin-related,Ribosomal_L33,3.20,0.35,text 3d pdb
331,375,1,1,140,e5y2fA1,Rubredoxin-related,KOG1905,3.15,0.35,text 3d pdb
332,375,1,1,259,e4v54B11,Rubredoxin-related,Ribosomal_L33,3.22,0.35,text 3d pdb
333,5,5,1,,e6a87A1,beta-Prism III,F_UNCLASSIFIED,2.98,0.35,text 3d pdb
334,375,1,1,259,e4v54D11,Rubredoxin-related,Ribosomal_L33,3.22,0.35,text 3d pdb
335,325,1,7,18,e4xlqD5,Single hybrid motif,biotinyl_domain_like,2.53,0.35,text 3d pdb
336,3363,1,1,3,e2mm0A1,avirulence protein AvrPiz-t homologs,EUF07823,2.86,0.35,text 3d pdb
337,284,1,1,13,e2yvlD1,FKBP-like,GCD14_N_1,2.35,0.35,text 3d pdb
338,3529,1,1,1,e3gnfB6,Major vault protein (MVP) structural repeat domain,Vault,2.63,0.35,text 3d pdb
339,375,1,1,259,e4v7sB11,Rubredoxin-related,Ribosomal_L33,3.35,0.35,text 3d pdb
340,706,2,1,4,e4funA2,G5 and E repeats in surface protein G,SasG_E,3.55,0.35,text 3d pdb
341,375,1,1,83,e1m2jA1,Rubredoxin-related,Zn-ribbon_8,2.94,0.35,text 3d pdb
342,375,1,1,259,e3j5sH1,Rubredoxin-related,Ribosomal_L33,3.62,0.35,text 3d pdb
343,284,1,1,13,e2yvlC1,FKBP-like,GCD14_N_1,2.37,0.35,text 3d pdb
344,375,1,1,259,e4u1uB11,Rubredoxin-related,Ribosomal_L33,3.35,0.35,text 3d pdb
345,375,1,1,259,e5o60c1,Rubredoxin-related,Ribosomal_L33,3.35,0.35,text 3d pdb
346,325,1,7,94,e4xlsD8,Single hybrid motif,RnfC_N_like_1,2.68,0.35,text 3d pdb
347,375,1,1,259,e5dm811,Rubredoxin-related,Ribosomal_L33,3.27,0.35,text 3d pdb
348,5,5,1,,e6fx1B1,beta-Prism III,F_UNCLASSIFIED,2.95,0.35,text 3d pdb
349,383,1,1,1,e1zmhD1,Defensin-related,Defensin_1,2.41,0.35,text 3d pdb
350,706,2,1,4,e4fupA6,G5 and E repeats in surface protein G,SasG_E,3.26,0.35,text 3d pdb
351,812,1,1,1,e3mcdB1,Cell division protein MinE topological specificity domain,MinE,2.80,0.35,text 3d pdb
352,5,5,1,,e6a86E1,beta-Prism III,F_UNCLASSIFIED,3.02,0.35,text 3d pdb
353,375,1,1,259,e4v7aB11,Rubredoxin-related,Ribosomal_L33,3.30,0.35,text 3d pdb
354,387,1,5,8,e6atnA1,Scorpion toxin-like,Toxin_2,2.50,0.35,text 3d pdb
355,375,1,1,259,e4v57B11,Rubredoxin-related,Ribosomal_L33,3.22,0.35,text 3d pdb
356,5,5,1,,e6fx1E1,beta-Prism III,F_UNCLASSIFIED,2.92,0.35,text 3d pdb
357,375,1,1,83,e1iciA1,Rubredoxin-related,Zn-ribbon_8,2.73,0.35,text 3d pdb
358,387,1,5,8,e3odvA1,Scorpion toxin-like,Toxin_2,3.08,0.35,text 3d pdb
359,284,1,1,13,e2yvlB1,FKBP-like,GCD14_N_1,2.38,0.35,text 3d pdb
360,375,1,1,259,e4v57D11,Rubredoxin-related,Ribosomal_L33,3.23,0.35,text 3d pdb
361,375,1,1,5,e5w66L1,Rubredoxin-related,DNA_RNApol_7kD,2.07,0.35,text 3d pdb
362,325,1,7,18,e5d4cN4,Single hybrid motif,biotinyl_domain_like,2.35,0.35,text 3d pdb
363,11,1,1,64,e6dfqG2,Immunoglobulin/Fibronectin type III/E set domains/PapD-like,DUF1968,2.74,0.35,text 3d pdb
364,375,1,1,259,e6orlc1,Rubredoxin-related,Ribosomal_L33,3.19,0.35,text 3d pdb
365,387,1,5,3,e1ayjA1,Scorpion toxin-like,Gamma-thionin,3.06,0.35,text 3d pdb
366,3529,1,1,1,e6bp7A10,Major vault protein (MVP) structural repeat domain,Vault,2.32,0.35,text 3d pdb
367,375,1,1,259,e6hrmc1,Rubredoxin-related,Ribosomal_L33,3.44,0.35,text 3d pdb
368,284,1,1,11,e2b25A2,FKBP-like,KOG2915,2.88,0.35,text 3d pdb
369,325,1,7,94,e5tjgD10,Single hybrid motif,RnfC_N_like_1,2.60,0.35,text 3d pdb
370,375,1,1,259,e4u26D11,Rubredoxin-related,Ribosomal_L33,3.31,0.35,text 3d pdb
371,375,1,1,259,e4v6cB11,Rubredoxin-related,Ribosomal_L33,3.24,0.35,text 3d pdb
372,325,1,7,18,e4oipD10,Single hybrid motif,biotinyl_domain_like,2.86,0.35,text 3d pdb
373,375,1,1,259,e4u25D11,Rubredoxin-related,Ribosomal_L33,3.18,0.35,text 3d pdb
374,325,1,7,18,e5d4cD3,Single hybrid motif,biotinyl_domain_like,2.35,0.35,text 3d pdb
375,383,1,1,4,e1fd4L1,Defensin-related,Defensin_beta,3.27,0.35,text 3d pdb
376,706,2,1,4,e4fupB6,G5 and E repeats in surface protein G,SasG_E,3.28,0.35,text 3d pdb
377,375,1,1,8,e2m6oA1,Rubredoxin-related,RbpA,3.20,0.35,text 3d pdb
378,375,1,1,259,e3jcd11,Rubredoxin-related,Ribosomal_L33,3.23,0.35,text 3d pdb
379,325,1,7,18,e4xlpD10,Single hybrid motif,biotinyl_domain_like,2.80,0.35,text 3d pdb
380,325,1,7,18,e4xlnD6,Single hybrid motif,biotinyl_domain_like,2.79,0.35,text 3d pdb
381,375,1,1,259,e5o61c1,Rubredoxin-related,Ribosomal_L33,3.37,0.35,text 3d pdb
382,3529,1,1,1,e6bp8A4,Major vault protein (MVP) structural repeat domain,Vault,2.27,0.35,text 3d pdb
383,375,1,1,259,e4u27D11,Rubredoxin-related,Ribosomal_L33,3.18,0.35,text 3d pdb
384,207,2,1,7,e4hizB4,Pectin lyase-like,End_N_terminal,2.26,0.35,text 3d pdb
385,375,1,1,259,e4v6rB41,Rubredoxin-related,Ribosomal_L33,3.47,0.35,text 3d pdb
386,325,1,7,18,e5e17D9,Single hybrid motif,biotinyl_domain_like,2.55,0.35,text 3d pdb
387,3363,1,1,3,e2mm2A1,avirulence protein AvrPiz-t homologs,EUF07823,3.00,0.35,text 3d pdb
388,376,1,1,32,e6cw3G2,RING/U-box,ZZ,1.84,0.35,text 3d pdb
389,5,5,1,,e6fx1I1,beta-Prism III,F_UNCLASSIFIED,3.12,0.35,text 3d pdb
390,211,1,1,6,e5ujpA1,Glyoxalase/Bleomycin resistance protein/Dihydroxybiphenyl dioxygenase,Glyoxalase_2_C,3.22,0.35,text 3d pdb
391,3253,1,1,4,e6ch3A4,ferredoxin-like domain in flagellar biosynthesis protein flhA,FHIPEP_1st_1,2.20,0.35,text 3d pdb
392,325,1,7,18,e4oioD6,Single hybrid motif,biotinyl_domain_like,2.51,0.35,text 3d pdb
393,325,1,7,18,e2o5jD17,Single hybrid motif,biotinyl_domain_like,2.39,0.35,text 3d pdb
394,375,1,1,259,e4u24D11,Rubredoxin-related,Ribosomal_L33,3.20,0.35,text 3d pdb
395,325,1,7,94,e5x22D9,Single hybrid motif,RnfC_N_like_1,2.61,0.35,text 3d pdb
396,4076,4,1,1,e5of3D2,primase chain A C-terminal domain,PRK00419_like,2.81,0.35,text 3d pdb
397,375,1,1,259,e5u4i21,Rubredoxin-related,Ribosomal_L33,3.45,0.35,text 3d pdb
398,375,1,1,259,e5j7lD21,Rubredoxin-related,Ribosomal_L33,3.28,0.35,text 3d pdb
399,284,1,1,15,e3lgaA1,FKBP-like,GCD14_N,2.99,0.35,text 3d pdb
400,383,1,1,1,e3lvxA1,Defensin-related,Defensin_1,3.10,0.35,text 3d pdb
401,325,1,7,18,e4oiqD10,Single hybrid motif,biotinyl_domain_like,2.50,0.35,text 3d pdb
402,706,2,1,4,e3tipA2,G5 and E repeats in surface protein G,SasG_E,3.59,0.35,text 3d pdb
403,325,1,7,18,e5e18D11,Single hybrid motif,biotinyl_domain_like,2.50,0.35,text 3d pdb
404,284,1,1,15,e3lgaD1,FKBP-like,GCD14_N,2.99,0.35,text 3d pdb
405,375,1,1,259,e6czr261,Rubredoxin-related,Ribosomal_L33,3.34,0.35,text 3d pdb
406,383,1,1,,e5ki9A1,Defensin-related,F_UNCLASSIFIED,3.14,0.35,text 3d pdb
407,375,1,1,259,e4v71B11,Rubredoxin-related,Ribosomal_L33,3.48,0.35,text 3d pdb
408,387,1,5,3,e5kk4D1,Scorpion toxin-like,Gamma-thionin,3.36,0.35,text 3d pdb
409,375,1,1,259,e4u1vD11,Rubredoxin-related,Ribosomal_L33,3.20,0.35,text 3d pdb
410,905,1,1,1,e1dtdB1,Carboxypeptidase inhibitor,EUF08743,2.40,0.35,text 3d pdb
411,383,1,1,1,e3hj2B1,Defensin-related,Defensin_1,3.28,0.35,text 3d pdb
412,375,1,1,259,e5kpv21,Rubredoxin-related,Ribosomal_L33,3.37,0.35,text 3d pdb
413,211,1,1,160,e1xqaA2,Glyoxalase/Bleomycin resistance protein/Dihydroxybiphenyl dioxygenase,Glyoxalase_12,3.49,0.35,text 3d pdb
414,375,1,1,259,e5we611,Rubredoxin-related,Ribosomal_L33,3.34,0.35,text 3d pdb
415,325,1,7,94,e4oipD6,Single hybrid motif,RnfC_N_like_1,2.58,0.34,text 3d pdb
416,4,1,1,775,e4mdwA2,SH3,DUF1541_1,3.29,0.34,text 3d pdb
417,383,1,1,1,e3hj2A1,Defensin-related,Defensin_1,3.01,0.34,text 3d pdb
418,375,1,1,5,e5w5yL1,Rubredoxin-related,DNA_RNApol_7kD,2.16,0.34,text 3d pdb
419,325,1,7,18,e4oirD10,Single hybrid motif,biotinyl_domain_like,2.53,0.34,text 3d pdb
420,325,1,7,94,e5d4dD6,Single hybrid motif,RnfC_N_like_1,2.58,0.34,text 3d pdb
421,383,1,1,4,e1fd4G1,Defensin-related,Defensin_beta,3.21,0.34,text 3d pdb
422,325,1,7,18,e3aoiI1,Single hybrid motif,biotinyl_domain_like,2.61,0.34,text 3d pdb
423,284,1,1,15,e3lgaB1,FKBP-like,GCD14_N,3.00,0.34,text 3d pdb
424,325,1,7,123,e5x22N9,Single hybrid motif,Biotin_lipoyl_2_like,2.55,0.34,text 3d pdb
425,325,1,7,15,e2xhaB2,Single hybrid motif,EUF08552,2.46,0.34,text 3d pdb
426,3253,1,1,4,e6ai3B4,ferredoxin-like domain in flagellar biosynthesis protein flhA,FHIPEP_1st_1,2.12,0.34,text 3d pdb
427,4012,1,1,2,e5zadA2,SSHS domain in type II DNA topoisomerase,TOPRIM_C,1.95,0.34,text 3d pdb
428,375,1,1,259,e4w2hB61,Rubredoxin-related,Ribosomal_L33,3.27,0.34,text 3d pdb
429,325,1,7,18,e2o5jN23,Single hybrid motif,biotinyl_domain_like,2.41,0.34,text 3d pdb
430,375,1,1,259,e5wdt11,Rubredoxin-related,Ribosomal_L33,3.43,0.34,text 3d pdb
431,325,1,7,18,e4xlsD10,Single hybrid motif,biotinyl_domain_like,2.61,0.34,text 3d pdb
432,3253,1,1,4,e6ch2B1,ferredoxin-like domain in flagellar biosynthesis protein flhA,FHIPEP_1st_1,2.14,0.34,text 3d pdb
433,325,1,7,18,e5d4dN2,Single hybrid motif,biotinyl_domain_like,2.47,0.34,text 3d pdb
434,4267,1,1,1,e3k33C2,YefM-like,PhdYeFM_antitox,2.24,0.34,text 3d pdb
435,375,1,1,259,e5gaec1,Rubredoxin-related,Ribosomal_L33,3.46,0.34,text 3d pdb
436,11,1,1,792,e5oyjD1,Immunoglobulin/Fibronectin type III/E set domains/PapD-like,I-set_13,2.54,0.34,text 3d pdb
437,3268,1,1,1,e3on5B1,N-terminal domain in xanthine dehydrogenase,XdhC_CoxI,2.98,0.34,text 3d pdb
438,284,1,1,15,e3lhdB1,FKBP-like,GCD14_N,3.01,0.34,text 3d pdb
439,375,1,1,259,e6nd5261,Rubredoxin-related,Ribosomal_L33,3.28,0.34,text 3d pdb
440,3253,1,1,4,e6ch2A2,ferredoxin-like domain in flagellar biosynthesis protein flhA,FHIPEP_1st_1,2.12,0.34,text 3d pdb
441,903,1,1,1,e2j4wD1,Apical membrane antigen 1,AMA-1_3rd,3.15,0.34,text 3d pdb
442,375,1,1,259,e4v9pA11,Rubredoxin-related,Ribosomal_L33,3.30,0.34,text 3d pdb
443,284,1,1,15,e3lhdC1,FKBP-like,GCD14_N,3.01,0.34,text 3d pdb
444,375,1,1,259,e4csu41,Rubredoxin-related,Ribosomal_L33,3.24,0.34,text 3d pdb
445,325,1,7,18,e5x22N5,Single hybrid motif,biotinyl_domain_like,2.51,0.34,text 3d pdb
446,3253,1,1,4,e6ch1A2,ferredoxin-like domain in flagellar biosynthesis protein flhA,FHIPEP_1st_1,2.13,0.34,text 3d pdb
447,375,1,1,259,e6bokDA1,Rubredoxin-related,Ribosomal_L33,3.37,0.34,text 3d pdb
448,64,1,1,1,e2idhC1,WW domain,WW,2.31,0.34,text 3d pdb
449,325,1,7,18,e5d4dD8,Single hybrid motif,biotinyl_domain_like,2.52,0.34,text 3d pdb
450,4056,1,1,7,e2jesC1,Barrel domain in upper collar protein,Phage_prot_Gp6_1st,2.33,0.34,text 3d pdb
451,325,1,7,18,e4oinD2,Single hybrid motif,biotinyl_domain_like,2.55,0.34,text 3d pdb
452,375,1,1,259,e5wf011,Rubredoxin-related,Ribosomal_L33,3.39,0.34,text 3d pdb
453,375,1,1,259,e5we411,Rubredoxin-related,Ribosomal_L33,3.44,0.34,text 3d pdb
454,11,1,1,29,e5cayB1,Immunoglobulin/Fibronectin type III/E set domains/PapD-like,C2-set,2.78,0.34,text 3d pdb
455,375,1,1,259,e4v75B11,Rubredoxin-related,Ribosomal_L33,2.91,0.34,text 3d pdb
456,375,1,1,259,e6bokGC1,Rubredoxin-related,Ribosomal_L33,3.38,0.34,text 3d pdb
457,383,1,1,15,e2k2xA3,Defensin-related,Inhibitor_I68_C,3.21,0.34,text 3d pdb
458,375,1,1,19,e4tpuA2,Rubredoxin-related,YotD,2.90,0.34,text 3d pdb
459,375,1,1,259,e6qulc1,Rubredoxin-related,Ribosomal_L33,3.48,0.34,text 3d pdb
460,375,1,1,259,e4v8aB61,Rubredoxin-related,Ribosomal_L33,3.26,0.34,text 3d pdb
461,4056,1,1,7,e2jesY1,Barrel domain in upper collar protein,Phage_prot_Gp6_1st,2.36,0.34,text 3d pdb
462,325,1,7,18,e4q4zD2,Single hybrid motif,biotinyl_domain_like,2.54,0.34,text 3d pdb
463,387,1,5,3,e5kk4C1,Scorpion toxin-like,Gamma-thionin,3.39,0.34,text 3d pdb
464,4056,1,1,7,e2jesE1,Barrel domain in upper collar protein,Phage_prot_Gp6_1st,2.35,0.34,text 3d pdb
465,4056,1,1,7,e2jesG1,Barrel domain in upper collar protein,Phage_prot_Gp6_1st,2.34,0.34,text 3d pdb
466,4076,4,1,1,e5of3A1,primase chain A C-terminal domain,PRK00419_like,2.73,0.34,text 3d pdb
467,3253,1,1,4,e3a5iA2,ferredoxin-like domain in flagellar biosynthesis protein flhA,FHIPEP_1st_1,2.19,0.34,text 3d pdb
468,4056,1,1,7,e2jesI1,Barrel domain in upper collar protein,Phage_prot_Gp6_1st,2.36,0.34,text 3d pdb
469,325,1,7,94,e4mq9D6,Single hybrid motif,RnfC_N_like_1,2.76,0.34,text 3d pdb
470,375,1,1,259,e6c4i31,Rubredoxin-related,Ribosomal_L33,3.31,0.34,text 3d pdb
471,375,1,1,261,e4v1cB1,Rubredoxin-related,SIR2_2nd_1,3.42,0.34,text 3d pdb
472,3529,1,1,1,e2zv4O25,Major vault protein (MVP) structural repeat domain,Vault,2.22,0.34,text 3d pdb
473,3529,1,1,1,e4v60O5,Major vault protein (MVP) structural repeat domain,Vault,2.22,0.34,text 3d pdb
474,4056,1,1,7,e2jesQ1,Barrel domain in upper collar protein,Phage_prot_Gp6_1st,2.36,0.34,text 3d pdb
475,284,1,1,15,e5c0oE1,FKBP-like,GCD14_N,2.37,0.34,text 3d pdb
476,3253,1,1,4,e6ai3A1,ferredoxin-like domain in flagellar biosynthesis protein flhA,FHIPEP_1st_1,2.10,0.34,text 3d pdb
477,211,1,1,20,e2p7oB3,Glyoxalase/Bleomycin resistance protein/Dihydroxybiphenyl dioxygenase,Glyoxalase_9,3.03,0.34,text 3d pdb
478,375,1,1,259,e4v70B11,Rubredoxin-related,Ribosomal_L33,3.44,0.34,text 3d pdb
479,375,1,1,259,e4v6sA41,Rubredoxin-related,Ribosomal_L33,3.36,0.34,text 3d pdb
480,375,1,1,259,e4v7iA11,Rubredoxin-related,Ribosomal_L33,3.34,0.34,text 3d pdb
481,4056,1,1,7,e2jesM1,Barrel domain in upper collar protein,Phage_prot_Gp6_1st,2.34,0.34,text 3d pdb
482,325,1,7,18,e6cuuD2,Single hybrid motif,biotinyl_domain_like,2.35,0.34,text 3d pdb
483,325,1,7,15,e2xhaA3,Single hybrid motif,EUF08552,2.51,0.34,text 3d pdb
484,872,8,1,1,e3gkuA1,Probable RNA-binding protein N-terminal domain,Jag_N,3.20,0.34,text 3d pdb
485,387,1,1,16,e1rygA1,omega toxin-related,Toxin_12,2.90,0.34,text 3d pdb
486,11,1,1,64,e4gg8A3,Immunoglobulin/Fibronectin type III/E set domains/PapD-like,DUF1968,2.92,0.34,text 3d pdb
487,325,1,7,123,e5d4eN11,Single hybrid motif,Biotin_lipoyl_2_like,2.64,0.34,text 3d pdb
488,325,1,7,94,e5voiD2,Single hybrid motif,RnfC_N_like_1,2.57,0.34,text 3d pdb
489,211,1,1,6,e2i7rB2,Glyoxalase/Bleomycin resistance protein/Dihydroxybiphenyl dioxygenase,Glyoxalase_2_C,3.46,0.34,text 3d pdb
490,387,1,5,3,e5vypS1,Scorpion toxin-like,Gamma-thionin,3.36,0.34,text 3d pdb
491,375,1,1,259,e6czr161,Rubredoxin-related,Ribosomal_L33,3.55,0.34,text 3d pdb
492,375,1,1,259,e4woiB11,Rubredoxin-related,Ribosomal_L33,3.38,0.34,text 3d pdb
493,387,1,5,3,e5vypF1,Scorpion toxin-like,Gamma-thionin,3.39,0.34,text 3d pdb
494,3529,1,1,1,e2zv5m25,Major vault protein (MVP) structural repeat domain,Vault,2.23,0.34,text 3d pdb
495,3529,1,1,1,e4v60m5,Major vault protein (MVP) structural repeat domain,Vault,2.23,0.34,text 3d pdb
496,375,1,1,261,e4bn5B2,Rubredoxin-related,SIR2_2nd_1,2.95,0.34,text 3d pdb
497,3529,1,1,1,e2zuoH25,Major vault protein (MVP) structural repeat domain,Vault,2.24,0.34,text 3d pdb
498,3529,1,1,1,e4v60H5,Major vault protein (MVP) structural repeat domain,Vault,2.24,0.34,text 3d pdb
499,3529,1,1,1,e2zv5a25,Major vault protein (MVP) structural repeat domain,Vault,2.22,0.34,text 3d pdb
500,3529,1,1,1,e4v60a5,Major vault protein (MVP) structural repeat domain,Vault,2.22,0.34,text 3d pdb
501,325,1,7,94,e5i2dO6,Single hybrid motif,RnfC_N_like_1,2.58,0.34,text 3d pdb
502,387,1,5,8,e6ay8A1,Scorpion toxin-like,Toxin_2,2.96,0.34,text 3d pdb
503,325,1,7,18,e5d4eD11,Single hybrid motif,biotinyl_domain_like,2.54,0.34,text 3d pdb
504,375,1,1,259,e5mdyc1,Rubredoxin-related,Ribosomal_L33,3.32,0.34,text 3d pdb
505,325,1,7,18,e5tjgD6,Single hybrid motif,biotinyl_domain_like,2.99,0.34,text 3d pdb
506,325,1,7,123,e4g7hN1,Single hybrid motif,Biotin_lipoyl_2_like,2.65,0.34,text 3d pdb
507,11,1,1,787,e5jw4Q1,Immunoglobulin/Fibronectin type III/E set domains/PapD-like,C1-set_1,3.00,0.34,text 3d pdb
508,375,1,1,261,e3jwpA3,Rubredoxin-related,SIR2_2nd_1,2.86,0.34,text 3d pdb
509,325,1,7,123,e5d4cN5,Single hybrid motif,Biotin_lipoyl_2_like,2.67,0.34,text 3d pdb
510,3529,1,1,1,e2zuoA7,Major vault protein (MVP) structural repeat domain,Vault,2.22,0.34,text 3d pdb
511,3529,1,1,1,e4v60A5,Major vault protein (MVP) structural repeat domain,Vault,2.22,0.34,text 3d pdb
512,387,1,5,3,e5vypG1,Scorpion toxin-like,Gamma-thionin,3.41,0.34,text 3d pdb
513,3529,1,1,1,e2zuoK25,Major vault protein (MVP) structural repeat domain,Vault,2.22,0.34,text 3d pdb
514,3529,1,1,1,e4v60K5,Major vault protein (MVP) structural repeat domain,Vault,2.22,0.34,text 3d pdb
515,3253,1,1,4,e6ai2A3,ferredoxin-like domain in flagellar biosynthesis protein flhA,FHIPEP_1st_1,2.08,0.34,text 3d pdb
516,3253,1,1,4,e3a5iB2,ferredoxin-like domain in flagellar biosynthesis protein flhA,FHIPEP_1st_1,2.18,0.34,text 3d pdb
517,11,1,1,64,e4gg8E3,Immunoglobulin/Fibronectin type III/E set domains/PapD-like,DUF1968,2.57,0.34,text 3d pdb
518,325,1,7,123,e4g7hD1,Single hybrid motif,Biotin_lipoyl_2_like,2.65,0.34,text 3d pdb
519,375,1,1,259,e6i7vC21,Rubredoxin-related,Ribosomal_L33,3.19,0.34,text 3d pdb
520,4056,1,1,7,e2jesU1,Barrel domain in upper collar protein,Phage_prot_Gp6_1st,1.82,0.34,text 3d pdb
521,4187,2,1,,e5h3kA5,DUF2233,F_UNCLASSIFIED,2.51,0.34,text 3d pdb
522,375,1,1,,e6osqc1,Rubredoxin-related,F_UNCLASSIFIED,3.33,0.34,text 3d pdb
523,211,1,1,6,e2i7rA2,Glyoxalase/Bleomycin resistance protein/Dihydroxybiphenyl dioxygenase,Glyoxalase_2_C,3.51,0.34,text 3d pdb
524,387,1,5,3,e5vypR1,Scorpion toxin-like,Gamma-thionin,3.40,0.34,text 3d pdb
525,387,1,5,3,e5vypJ1,Scorpion toxin-like,Gamma-thionin,3.44,0.34,text 3d pdb
526,375,1,1,259,e4v95D61,Rubredoxin-related,Ribosomal_L33,3.35,0.34,text 3d pdb
527,387,1,5,3,e5vypK1,Scorpion toxin-like,Gamma-thionin,3.43,0.34,text 3d pdb
528,387,1,5,3,e5vypA1,Scorpion toxin-like,Gamma-thionin,3.43,0.34,text 3d pdb
529,376,1,1,32,e6cw3E2,RING/U-box,ZZ,1.82,0.34,text 3d pdb
530,4056,1,1,7,e2jesW1,Barrel domain in upper collar protein,Phage_prot_Gp6_1st,1.83,0.34,text 3d pdb
531,387,1,5,3,e5kk4B1,Scorpion toxin-like,Gamma-thionin,3.41,0.34,text 3d pdb
532,375,1,1,259,e6bu8311,Rubredoxin-related,Ribosomal_L33,3.31,0.34,text 3d pdb
533,375,1,1,259,e5jteB11,Rubredoxin-related,Ribosomal_L33,3.26,0.34,text 3d pdb
534,383,1,1,3,e1bdsA1,Defensin-related,Defensin_4,2.78,0.34,text 3d pdb
535,375,1,1,259,e5mdzc1,Rubredoxin-related,Ribosomal_L33,3.31,0.34,text 3d pdb
536,375,1,1,259,e5uyp311,Rubredoxin-related,Ribosomal_L33,3.50,0.34,text 3d pdb
537,325,1,7,18,e4g7oD12,Single hybrid motif,biotinyl_domain_like,2.58,0.34,text 3d pdb
538,325,1,7,94,e5d4dN8,Single hybrid motif,RnfC_N_like_1,2.63,0.34,text 3d pdb
539,325,1,7,123,e4g7oD1,Single hybrid motif,Biotin_lipoyl_2_like,2.57,0.34,text 3d pdb
540,325,1,7,123,e4g7zD1,Single hybrid motif,Biotin_lipoyl_2_like,2.62,0.34,text 3d pdb
541,375,1,1,5,e5w65L1,Rubredoxin-related,DNA_RNApol_7kD,2.02,0.34,text 3d pdb
542,375,1,1,259,e5h5uc1,Rubredoxin-related,Ribosomal_L33,3.32,0.34,text 3d pdb
543,3529,1,1,1,e2zv5d25,Major vault protein (MVP) structural repeat domain,Vault,2.28,0.34,text 3d pdb
544,3529,1,1,1,e4v60d5,Major vault protein (MVP) structural repeat domain,Vault,2.28,0.34,text 3d pdb
545,4056,1,1,7,e2jesS1,Barrel domain in upper collar protein,Phage_prot_Gp6_1st,1.83,0.34,text 3d pdb
546,375,1,1,261,e4v1cA3,Rubredoxin-related,SIR2_2nd_1,3.42,0.34,text 3d pdb
547,3529,1,1,1,e2zv4Z25,Major vault protein (MVP) structural repeat domain,Vault,2.24,0.34,text 3d pdb
548,3529,1,1,1,e4v60Z5,Major vault protein (MVP) structural repeat domain,Vault,2.24,0.34,text 3d pdb
549,325,1,7,123,e5d4dD2,Single hybrid motif,Biotin_lipoyl_2_like,2.66,0.34,text 3d pdb
550,325,1,7,123,e5x22D10,Single hybrid motif,Biotin_lipoyl_2_like,2.71,0.34,text 3d pdb
551,211,1,1,20,e2p7oA3,Glyoxalase/Bleomycin resistance protein/Dihydroxybiphenyl dioxygenase,Glyoxalase_9,3.06,0.34,text 3d pdb
552,375,1,1,259,e6ndkR61,Rubredoxin-related,Ribosomal_L33,3.57,0.34,text 3d pdb
553,387,1,5,3,e5vypM1,Scorpion toxin-like,Gamma-thionin,3.41,0.34,text 3d pdb
554,4056,1,1,7,e2jesO1,Barrel domain in upper collar protein,Phage_prot_Gp6_1st,1.83,0.34,text 3d pdb
555,325,1,7,18,e4g7oN6,Single hybrid motif,biotinyl_domain_like,2.58,0.34,text 3d pdb
556,375,1,1,48,e1ivsA7,Rubredoxin-related,MCM_OB_3,2.55,0.34,text 3d pdb
557,375,1,1,259,e6buwR61,Rubredoxin-related,Ribosomal_L33,3.34,0.34,text 3d pdb
558,375,1,1,261,e4bvfA2,Rubredoxin-related,SIR2_2nd_1,2.96,0.34,text 3d pdb
559,11,1,1,64,e1zglM3,Immunoglobulin/Fibronectin type III/E set domains/PapD-like,DUF1968,2.22,0.34,text 3d pdb
560,383,1,1,4,e1fd4H1,Defensin-related,Defensin_beta,3.23,0.34,text 3d pdb
561,375,1,1,7,e5mg5B2,Rubredoxin-related,DUF35_N,2.53,0.34,text 3d pdb
562,387,1,5,3,e5vypW1,Scorpion toxin-like,Gamma-thionin,3.38,0.34,text 3d pdb
563,4056,1,1,7,e2jesA2,Barrel domain in upper collar protein,Phage_prot_Gp6_1st,1.83,0.34,text 3d pdb
564,325,1,7,18,e5x22D6,Single hybrid motif,biotinyl_domain_like,2.77,0.34,text 3d pdb
565,383,1,1,4,e1fd4I1,Defensin-related,Defensin_beta,3.15,0.34,text 3d pdb
566,3853,1,1,5,e4nnaA5,Oxalate Biosynthetic Component A (ObcA) insertion domains,EUF08461,3.27,0.34,text 3d pdb
567,325,1,7,123,e5d4eD7,Single hybrid motif,Biotin_lipoyl_2_like,2.59,0.34,text 3d pdb
568,383,1,3,2,e4x0nB1,Helianthamide,Defensin_beta_2_like,3.23,0.34,text 3d pdb
569,325,1,7,123,e4g7oN8,Single hybrid motif,Biotin_lipoyl_2_like,2.66,0.34,text 3d pdb
570,375,1,1,261,e4bn5E2,Rubredoxin-related,SIR2_2nd_1,2.99,0.34,text 3d pdb
571,375,1,1,56,e1ltlD3,Rubredoxin-related,MCM_OB_1,3.32,0.34,text 3d pdb
572,5,5,1,,e6ekeC1,beta-Prism III,F_UNCLASSIFIED,2.91,0.34,text 3d pdb
573,387,1,5,3,e6b55M1,Scorpion toxin-like,Gamma-thionin,3.40,0.34,text 3d pdb
574,387,1,5,3,e5vypV1,Scorpion toxin-like,Gamma-thionin,3.42,0.34,text 3d pdb
575,375,1,1,259,e5jc9D21,Rubredoxin-related,Ribosomal_L33,3.34,0.34,text 3d pdb
576,3529,1,1,1,e3gngA7,Major vault protein (MVP) structural repeat domain,Vault,2.27,0.34,text 3d pdb
577,387,1,5,3,e6b55B1,Scorpion toxin-like,Gamma-thionin,3.41,0.34,text 3d pdb
578,325,1,7,123,e5d4cD5,Single hybrid motif,Biotin_lipoyl_2_like,2.67,0.34,text 3d pdb
579,375,1,1,259,e6orec1,Rubredoxin-related,Ribosomal_L33,3.33,0.34,text 3d pdb
580,375,1,1,259,e5j4dIC1,Rubredoxin-related,Ribosomal_L33,3.48,0.34,text 3d pdb
581,375,1,1,56,e1ltlE3,Rubredoxin-related,MCM_OB_1,3.32,0.34,text 3d pdb
582,375,1,1,259,e6bz7R61,Rubredoxin-related,Ribosomal_L33,3.41,0.34,text 3d pdb
583,375,1,1,259,e5j5bD21,Rubredoxin-related,Ribosomal_L33,3.32,0.34,text 3d pdb
584,375,1,1,259,e5j91D21,Rubredoxin-related,Ribosomal_L33,3.32,0.34,text 3d pdb
585,4076,4,1,1,e1zt2C2,primase chain A C-terminal domain,PRK00419_like,2.62,0.34,text 3d pdb
586,387,1,5,3,e6b55D1,Scorpion toxin-like,Gamma-thionin,3.42,0.34,text 3d pdb
587,3529,1,1,1,e3gf5A7,Major vault protein (MVP) structural repeat domain,Vault,2.28,0.34,text 3d pdb
588,211,1,1,69,e4rt5B2,Glyoxalase/Bleomycin resistance protein/Dihydroxybiphenyl dioxygenase,Glyoxalase_14,3.01,0.34,text 3d pdb
589,3529,1,1,1,e2zv4Y25,Major vault protein (MVP) structural repeat domain,Vault,2.30,0.34,text 3d pdb
590,3529,1,1,1,e4v60Y5,Major vault protein (MVP) structural repeat domain,Vault,2.30,0.34,text 3d pdb
591,389,1,2,1,e2xrdA6,Complement control module/SCR domain,Sushi_4,2.98,0.34,text 3d pdb
592,4,1,1,26,e3fifE1,SH3,DUF903,1.86,0.34,text 3d pdb
593,325,1,7,123,e5e18D1,Single hybrid motif,Biotin_lipoyl_2_like,2.63,0.34,text 3d pdb
594,325,1,7,123,e4g7zN1,Single hybrid motif,Biotin_lipoyl_2_like,2.59,0.34,text 3d pdb
595,3529,1,1,1,e3gnfB7,Major vault protein (MVP) structural repeat domain,Vault,2.45,0.34,text 3d pdb
596,325,1,7,94,e4xlrJ6,Single hybrid motif,RnfC_N_like_1,2.68,0.34,text 3d pdb
597,375,1,1,259,e5j4dDA1,Rubredoxin-related,Ribosomal_L33,3.48,0.33,text 3d pdb
598,375,1,1,261,e6isoA2,Rubredoxin-related,SIR2_2nd_1,3.31,0.33,text 3d pdb
599,284,4,1,2,e3luoA2,Archaeal FKBP insertion domain,SlpA_1,3.01,0.33,text 3d pdb
600,387,1,5,3,e3psmB1,Scorpion toxin-like,Gamma-thionin,3.23,0.33,text 3d pdb
601,387,1,5,3,e6b55Q1,Scorpion toxin-like,Gamma-thionin,3.43,0.33,text 3d pdb
602,325,1,7,123,e5d4dN5,Single hybrid motif,Biotin_lipoyl_2_like,2.68,0.33,text 3d pdb
603,375,14,1,,e4cqnA7,Rubredoxin-like domain in leucyl-tRNA synthetase (LS1),F_UNCLASSIFIED,3.64,0.33,text 3d pdb
604,387,1,5,3,e1mr4A1,Scorpion toxin-like,Gamma-thionin,3.41,0.33,text 3d pdb
605,325,1,7,94,e4xlnJ4,Single hybrid motif,RnfC_N_like_1,2.53,0.33,text 3d pdb
606,375,1,1,261,e4bn5H2,Rubredoxin-related,SIR2_2nd_1,2.99,0.33,text 3d pdb
607,706,2,1,4,e5tu8A1,G5 and E repeats in surface protein G,SasG_E,3.51,0.33,text 3d pdb
608,375,1,1,259,e4wpoC61,Rubredoxin-related,Ribosomal_L33,3.40,0.33,text 3d pdb
609,284,1,1,15,e3mb5A2,FKBP-like,GCD14_N,2.91,0.33,text 3d pdb
610,4076,4,1,1,e1zt2A1,primase chain A C-terminal domain,PRK00419_like,2.66,0.33,text 3d pdb
611,375,1,1,259,e6q98c1,Rubredoxin-related,Ribosomal_L33,3.29,0.33,text 3d pdb
612,802,1,1,2,e1vjlA1,Hypothetical protein TM0160,DNase-RNase_N,3.48,0.33,text 3d pdb
613,387,1,5,3,e6b55S1,Scorpion toxin-like,Gamma-thionin,3.44,0.33,text 3d pdb
614,5,5,1,,e6a86B1,beta-Prism III,F_UNCLASSIFIED,2.16,0.33,text 3d pdb
615,387,1,3,2,e1ethD2,Colipase-like,Colipase_C,3.27,0.33,text 3d pdb
616,3529,1,1,1,e2zuoE25,Major vault protein (MVP) structural repeat domain,Vault,2.28,0.33,text 3d pdb
617,3529,1,1,1,e4v60E5,Major vault protein (MVP) structural repeat domain,Vault,2.28,0.33,text 3d pdb
618,387,1,5,3,e5vypD1,Scorpion toxin-like,Gamma-thionin,3.46,0.33,text 3d pdb
619,325,1,7,123,e4oinD3,Single hybrid motif,Biotin_lipoyl_2_like,2.68,0.33,text 3d pdb
620,325,1,7,123,e4q4zD10,Single hybrid motif,Biotin_lipoyl_2_like,2.68,0.33,text 3d pdb
621,4056,1,1,7,e2jesK1,Barrel domain in upper collar protein,Phage_prot_Gp6_1st,1.85,0.33,text 3d pdb
622,387,1,5,3,e6b55I1,Scorpion toxin-like,Gamma-thionin,3.48,0.33,text 3d pdb
623,375,1,1,259,e5j8aD21,Rubredoxin-related,Ribosomal_L33,3.35,0.33,text 3d pdb
624,387,1,3,2,e1ethB2,Colipase-like,Colipase_C,3.28,0.33,text 3d pdb
625,325,1,7,123,e6oy6D2,Single hybrid motif,Biotin_lipoyl_2_like,2.66,0.33,text 3d pdb
626,919,1,1,1,e4jux91,Ribosomal protein L36,Ribosomal_L36,2.57,0.33,text 3d pdb
627,919,1,1,1,e4v9hB91,Ribosomal protein L36,Ribosomal_L36,2.57,0.33,text 3d pdb
628,375,14,1,,e6q8aA6,Rubredoxin-like domain in leucyl-tRNA synthetase (LS1),F_UNCLASSIFIED,2.62,0.33,text 3d pdb
629,325,1,7,123,e4oiqD9,Single hybrid motif,Biotin_lipoyl_2_like,2.71,0.33,text 3d pdb
630,375,1,1,259,e6gxo11,Rubredoxin-related,Ribosomal_L33,3.47,0.33,text 3d pdb
631,4,1,1,34,e1c6vX1,SH3,IN_DBD_C,2.61,0.33,text 3d pdb
632,325,1,7,123,e5vo8D10,Single hybrid motif,Biotin_lipoyl_2_like,2.66,0.33,text 3d pdb
633,284,1,1,15,e3lgaC1,FKBP-like,GCD14_N,2.93,0.33,text 3d pdb
634,377,1,1,19,e2dfyC4,LIM domain-like,LIM_C,1.19,0.33,text 3d pdb
635,377,1,1,19,e2dfyX4,LIM domain-like,LIM_C,1.19,0.33,text 3d pdb
636,375,1,1,259,e6h58111,Rubredoxin-related,Ribosomal_L33,3.36,0.33,text 3d pdb
637,375,1,1,259,e6h5811,Rubredoxin-related,Ribosomal_L33,3.36,0.33,text 3d pdb
638,375,1,1,259,e6h4n11,Rubredoxin-related,Ribosomal_L33,3.36,0.33,text 3d pdb
639,375,1,1,261,e4c7bA2,Rubredoxin-related,SIR2_2nd_1,3.53,0.33,text 3d pdb
640,802,1,1,2,e1vjlB1,Hypothetical protein TM0160,DNase-RNase_N,3.46,0.33,text 3d pdb
641,325,1,7,123,e4oipD9,Single hybrid motif,Biotin_lipoyl_2_like,2.73,0.33,text 3d pdb
642,387,1,5,3,e6b55P1,Scorpion toxin-like,Gamma-thionin,3.41,0.33,text 3d pdb
643,389,1,3,53,e1za3R3,TNF receptor-like,TNFRSF10_1,2.38,0.33,text 3d pdb
644,387,1,5,3,e6b55R1,Scorpion toxin-like,Gamma-thionin,3.45,0.33,text 3d pdb
645,325,1,7,,e6p70D9,Single hybrid motif,F_UNCLASSIFIED,2.64,0.33,text 3d pdb
646,375,1,1,261,e4fz3A2,Rubredoxin-related,SIR2_2nd_1,2.98,0.33,text 3d pdb
647,375,1,1,261,e3glrA2,Rubredoxin-related,SIR2_2nd_1,2.97,0.33,text 3d pdb
648,375,1,1,259,e6gxm11,Rubredoxin-related,Ribosomal_L33,3.49,0.33,text 3d pdb
649,375,1,1,259,e6gwt11,Rubredoxin-related,Ribosomal_L33,3.48,0.33,text 3d pdb
650,375,1,1,5,e5xogL1,Rubredoxin-related,DNA_RNApol_7kD,2.51,0.33,text 3d pdb
651,375,1,1,48,e1gaxA6,Rubredoxin-related,MCM_OB_3,2.11,0.33,text 3d pdb
652,375,1,1,56,e1ltlB3,Rubredoxin-related,MCM_OB_1,3.53,0.33,text 3d pdb
653,375,1,1,261,e4bn4A2,Rubredoxin-related,SIR2_2nd_1,2.99,0.33,text 3d pdb
654,284,1,1,14,e1yb2A2,FKBP-like,Gcd14_like,2.64,0.33,text 3d pdb
655,211,1,1,69,e4rt5A1,Glyoxalase/Bleomycin resistance protein/Dihydroxybiphenyl dioxygenase,Glyoxalase_14,3.39,0.33,text 3d pdb
656,375,1,1,261,e4hd8A1,Rubredoxin-related,SIR2_2nd_1,3.53,0.33,text 3d pdb
657,375,1,1,261,e3gluA2,Rubredoxin-related,SIR2_2nd_1,2.97,0.33,text 3d pdb
658,6173,1,1,3,e4dqoC1,V1/V2 domain in HIV gp120,GP120_2nd,2.36,0.33,text 3d pdb
659,375,1,1,56,e1ltlA3,Rubredoxin-related,MCM_OB_1,3.53,0.33,text 3d pdb
660,375,1,1,259,e5uyl311,Rubredoxin-related,Ribosomal_L33,3.45,0.33,text 3d pdb
661,375,1,1,5,e6j4wL1,Rubredoxin-related,DNA_RNApol_7kD,2.39,0.33,text 3d pdb
662,375,1,1,5,e6j4xL1,Rubredoxin-related,DNA_RNApol_7kD,2.39,0.33,text 3d pdb
663,375,1,1,5,e6j51L1,Rubredoxin-related,DNA_RNApol_7kD,2.39,0.33,text 3d pdb
664,375,1,1,5,e6j4yL1,Rubredoxin-related,DNA_RNApol_7kD,2.39,0.33,text 3d pdb
665,375,1,1,5,e6ir9L1,Rubredoxin-related,DNA_RNApol_7kD,2.39,0.33,text 3d pdb
666,375,1,1,5,e6j4zL1,Rubredoxin-related,DNA_RNApol_7kD,2.39,0.33,text 3d pdb
667,375,1,1,5,e6j50L1,Rubredoxin-related,DNA_RNApol_7kD,2.39,0.33,text 3d pdb
668,325,1,7,94,e4xlsJ3,Single hybrid motif,RnfC_N_like_1,3.07,0.33,text 3d pdb
669,387,1,5,3,e6b55C1,Scorpion toxin-like,Gamma-thionin,3.45,0.33,text 3d pdb
670,325,1,7,123,e4oirD9,Single hybrid motif,Biotin_lipoyl_2_like,2.71,0.33,text 3d pdb
671,284,1,1,15,e3lhdD1,FKBP-like,GCD14_N,2.92,0.33,text 3d pdb
672,387,1,5,3,e5vypT1,Scorpion toxin-like,Gamma-thionin,3.18,0.33,text 3d pdb
673,387,1,5,3,e4uj0A1,Scorpion toxin-like,Gamma-thionin,3.49,0.33,text 3d pdb
674,387,1,5,3,e5kk4F1,Scorpion toxin-like,Gamma-thionin,3.45,0.33,text 3d pdb
675,387,1,5,3,e6b55E1,Scorpion toxin-like,Gamma-thionin,3.44,0.33,text 3d pdb
676,387,1,5,3,e5vypP1,Scorpion toxin-like,Gamma-thionin,3.48,0.33,text 3d pdb
677,387,1,5,3,e4cqkB1,Scorpion toxin-like,Gamma-thionin,3.49,0.33,text 3d pdb
678,375,1,1,259,e4v6pB41,Rubredoxin-related,Ribosomal_L33,3.53,0.33,text 3d pdb
679,387,1,5,3,e6b55L1,Scorpion toxin-like,Gamma-thionin,3.44,0.33,text 3d pdb
680,872,2,1,1,e2fk3E1,Amyloid beta a4 protein copper binding domain (domain 2),APP_Cu_bd,2.80,0.33,text 3d pdb
681,325,1,7,123,e6oy5D9,Single hybrid motif,Biotin_lipoyl_2_like,2.61,0.33,text 3d pdb
682,387,1,5,3,e6b55H1,Scorpion toxin-like,Gamma-thionin,3.44,0.33,text 3d pdb
683,387,1,5,3,e4cqkN1,Scorpion toxin-like,Gamma-thionin,3.48,0.33,text 3d pdb
684,383,1,1,4,e2nleB1,Defensin-related,Defensin_beta,3.52,0.33,text 3d pdb
685,325,1,7,123,e5x21D7,Single hybrid motif,Biotin_lipoyl_2_like,2.65,0.33,text 3d pdb
686,221,3,1,3,e4ozcA1,Immunoglobulin-binding domains,IgG_binding_B,3.51,0.33,text 3d pdb
687,4076,4,1,1,e5ofnA1,primase chain A C-terminal domain,PRK00419_like,3.62,0.33,text 3d pdb
688,375,1,1,261,e4bveA2,Rubredoxin-related,SIR2_2nd_1,2.99,0.33,text 3d pdb
689,383,1,1,1,e3hjdA1,Defensin-related,Defensin_1,2.99,0.33,text 3d pdb
690,325,1,7,123,e5voiD6,Single hybrid motif,Biotin_lipoyl_2_like,2.72,0.33,text 3d pdb
691,5,5,1,,e6a87B1,beta-Prism III,F_UNCLASSIFIED,3.28,0.33,text 3d pdb
692,375,1,1,259,e5it8D21,Rubredoxin-related,Ribosomal_L33,3.36,0.33,text 3d pdb
693,211,1,1,67,e3g12A4,Glyoxalase/Bleomycin resistance protein/Dihydroxybiphenyl dioxygenase,VOC_like_like,2.76,0.33,text 3d pdb
694,3071,1,1,6,e3cddB7,C-terminal insertion domain in phage tail proteins,COG4379_3rd_2,3.79,0.33,text 3d pdb
695,375,1,1,261,e4v1cI1,Rubredoxin-related,SIR2_2nd_1,3.46,0.33,text 3d pdb
696,387,1,5,3,e6b55T1,Scorpion toxin-like,Gamma-thionin,3.51,0.33,text 3d pdb
697,207,2,1,7,e4hizA1,Pectin lyase-like,End_N_terminal,2.26,0.33,text 3d pdb
698,387,1,1,27,e1xi7A1,omega toxin-related,Viral_cys_rich_like,2.67,0.33,text 3d pdb
699,387,1,5,3,e4cqkG1,Scorpion toxin-like,Gamma-thionin,3.50,0.33,text 3d pdb
700,375,1,1,259,e6gxn11,Rubredoxin-related,Ribosomal_L33,3.49,0.33,text 3d pdb
701,375,1,1,261,e4c78A2,Rubredoxin-related,SIR2_2nd_1,2.98,0.33,text 3d pdb
702,387,1,5,3,e6b55A1,Scorpion toxin-like,Gamma-thionin,3.53,0.33,text 3d pdb
703,325,1,7,94,e4wqsN10,Single hybrid motif,RnfC_N_like_1,2.79,0.33,text 3d pdb
704,387,1,5,3,e2gl1A1,Scorpion toxin-like,Gamma-thionin,3.40,0.33,text 3d pdb
705,325,1,7,123,e5e17D1,Single hybrid motif,Biotin_lipoyl_2_like,2.73,0.33,text 3d pdb
706,387,1,5,3,e5vypH1,Scorpion toxin-like,Gamma-thionin,3.50,0.33,text 3d pdb
707,387,1,5,3,e4cqkC1,Scorpion toxin-like,Gamma-thionin,3.51,0.33,text 3d pdb
708,2,11,1,1,e2mhvA1,Antifungal protein (AGAFP),Antifungal_prot,3.89,0.33,text 3d pdb
709,375,1,1,259,e5uyq311,Rubredoxin-related,Ribosomal_L33,3.50,0.33,text 3d pdb
710,375,1,1,7,e5mg5Q2,Rubredoxin-related,DUF35_N,2.56,0.33,text 3d pdb
711,383,1,1,4,e2plzA1,Defensin-related,Defensin_beta,3.31,0.33,text 3d pdb
712,387,1,5,3,e5kk4E1,Scorpion toxin-like,Gamma-thionin,3.39,0.33,text 3d pdb
713,375,1,1,261,e4jt9A2,Rubredoxin-related,SIR2_2nd_1,3.55,0.33,text 3d pdb
714,387,1,5,3,e4cqkE1,Scorpion toxin-like,Gamma-thionin,3.49,0.33,text 3d pdb
715,383,1,1,,e4e86E1,Defensin-related,F_UNCLASSIFIED,3.25,0.33,text 3d pdb
716,304,8,1,6,e5gt8A3,ACT-like,ACT_7,2.65,0.33,text 3d pdb
717,383,1,1,4,e1ijuC1,Defensin-related,Defensin_beta,3.34,0.33,text 3d pdb
718,304,8,1,6,e1zvpC2,ACT-like,ACT_7,2.61,0.33,text 3d pdb
719,387,1,5,3,e5vypO1,Scorpion toxin-like,Gamma-thionin,3.17,0.33,text 3d pdb
720,375,1,1,261,e5zgcA2,Rubredoxin-related,SIR2_2nd_1,3.33,0.33,text 3d pdb
721,387,1,5,3,e5kk4A1,Scorpion toxin-like,Gamma-thionin,3.47,0.33,text 3d pdb
722,375,1,1,261,e3glsE2,Rubredoxin-related,SIR2_2nd_1,2.98,0.33,text 3d pdb
723,375,1,1,259,e4v1961,Rubredoxin-related,Ribosomal_L33,3.93,0.33,text 3d pdb
724,375,1,1,48,e1ivsB6,Rubredoxin-related,MCM_OB_3,2.12,0.33,text 3d pdb
725,375,1,1,261,e4bvgA2,Rubredoxin-related,SIR2_2nd_1,3.57,0.33,text 3d pdb
726,11,1,1,2522,e5szqA4,Immunoglobulin/Fibronectin type III/E set domains/PapD-like,Cadherin,3.48,0.33,text 3d pdb
727,375,1,1,261,e4jsrA2,Rubredoxin-related,SIR2_2nd_1,3.54,0.33,text 3d pdb
728,383,1,1,4,e1e4sA1,Defensin-related,Defensin_beta,3.01,0.33,text 3d pdb
729,4264,1,1,2,e2vy6A1,PB2 C-terminal domain-like,Flu_PB2_7th,3.31,0.33,text 3d pdb
730,211,1,1,6,e5uhjA1,Glyoxalase/Bleomycin resistance protein/Dihydroxybiphenyl dioxygenase,Glyoxalase_2_C,3.46,0.33,text 3d pdb
731,387,1,5,3,e5vypQ1,Scorpion toxin-like,Gamma-thionin,3.51,0.33,text 3d pdb
732,387,1,5,3,e4cqkF1,Scorpion toxin-like,Gamma-thionin,3.52,0.33,text 3d pdb
733,387,1,2,1,e2wgcB2,Plant lectins/antimicrobial peptides,Chitin_bind_1,2.51,0.33,text 3d pdb
734,387,1,5,3,e5vypC1,Scorpion toxin-like,Gamma-thionin,3.21,0.33,text 3d pdb
735,375,1,1,2,e4jlaB1,Rubredoxin-related,ADK_lid,2.35,0.33,text 3d pdb
736,4012,1,1,2,e1bjtA3,SSHS domain in type II DNA topoisomerase,TOPRIM_C,3.12,0.33,text 3d pdb
737,3529,1,1,1,e3gf5B5,Major vault protein (MVP) structural repeat domain,Vault,2.10,0.33,text 3d pdb
738,387,1,5,3,e3psmA1,Scorpion toxin-like,Gamma-thionin,3.32,0.33,text 3d pdb
739,387,1,5,3,e5vypU1,Scorpion toxin-like,Gamma-thionin,3.20,0.33,text 3d pdb
740,383,1,1,1,e4du0B1,Defensin-related,Defensin_1,2.57,0.33,text 3d pdb
741,4264,1,1,2,e3r2vA3,PB2 C-terminal domain-like,Flu_PB2_7th,3.25,0.33,text 3d pdb
742,375,1,1,261,e6isoB2,Rubredoxin-related,SIR2_2nd_1,3.44,0.33,text 3d pdb
743,3253,1,1,5,e4a5pB3,ferredoxin-like domain in flagellar biosynthesis protein flhA,EUF08397,2.94,0.33,text 3d pdb
744,375,1,1,261,e3glsA2,Rubredoxin-related,SIR2_2nd_1,3.58,0.33,text 3d pdb
745,387,1,5,3,e6b55F1,Scorpion toxin-like,Gamma-thionin,3.52,0.33,text 3d pdb
746,375,1,1,261,e4bn5L2,Rubredoxin-related,SIR2_2nd_1,3.00,0.33,text 3d pdb
747,4,1,1,775,e2ky9A2,SH3,DUF1541_1,3.82,0.33,text 3d pdb
748,375,1,1,259,e4v6qB41,Rubredoxin-related,Ribosomal_L33,3.39,0.33,text 3d pdb
749,375,1,1,259,e5uyk311,Rubredoxin-related,Ribosomal_L33,3.35,0.33,text 3d pdb
750,389,1,1,15,e1jl9A1,EGF/Laminin,EGF,1.35,0.33,text 3d pdb
751,375,1,1,261,e4bn5J2,Rubredoxin-related,SIR2_2nd_1,2.97,0.33,text 3d pdb
752,387,1,5,3,e4cqkI1,Scorpion toxin-like,Gamma-thionin,3.54,0.33,text 3d pdb
753,383,1,1,4,e2nlbC1,Defensin-related,Defensin_beta,3.33,0.33,text 3d pdb
754,387,1,5,3,e4cqkH1,Scorpion toxin-like,Gamma-thionin,3.53,0.33,text 3d pdb
755,389,1,1,20,e2wg3C1,EGF/Laminin,EGF_2_like_1,1.54,0.33,text 3d pdb
756,3529,1,1,1,e3gf5B7,Major vault protein (MVP) structural repeat domain,Vault,2.24,0.33,text 3d pdb
757,375,1,1,259,e6q97c1,Rubredoxin-related,Ribosomal_L33,3.43,0.33,text 3d pdb
758,375,1,1,259,e6ndkY61,Rubredoxin-related,Ribosomal_L33,3.38,0.33,text 3d pdb
759,207,2,1,7,e3gvkA3,Pectin lyase-like,End_N_terminal,2.24,0.33,text 3d pdb
760,325,1,7,123,e6cuuD3,Single hybrid motif,Biotin_lipoyl_2_like,2.74,0.33,text 3d pdb
761,387,1,5,3,e5vypB1,Scorpion toxin-like,Gamma-thionin,3.47,0.33,text 3d pdb
762,375,1,1,261,e4jt8A2,Rubredoxin-related,SIR2_2nd_1,3.54,0.33,text 3d pdb
763,389,1,1,17,e5f86B1,EGF/Laminin,hEGF_3,1.26,0.33,text 3d pdb
764,387,1,5,3,e5vypX1,Scorpion toxin-like,Gamma-thionin,3.42,0.33,text 3d pdb
765,4,1,1,783,e5y5wD2,SH3,Spin-Ssty_2,3.27,0.33,text 3d pdb
766,387,1,5,3,e5vypN1,Scorpion toxin-like,Gamma-thionin,3.23,0.33,text 3d pdb
767,389,1,3,53,e4i9xC1,TNF receptor-like,TNFRSF10_1,3.15,0.33,text 3d pdb
768,387,1,5,3,e4cqkA1,Scorpion toxin-like,Gamma-thionin,3.53,0.33,text 3d pdb
769,387,1,1,17,e1dl0A1,omega toxin-related,Toxin_16,3.08,0.33,text 3d pdb
770,383,1,1,4,e2nlbA1,Defensin-related,Defensin_beta,3.03,0.33,text 3d pdb
771,375,1,1,261,e6isoI2,Rubredoxin-related,SIR2_2nd_1,3.50,0.33,text 3d pdb
772,211,1,1,6,e3g12A3,Glyoxalase/Bleomycin resistance protein/Dihydroxybiphenyl dioxygenase,Glyoxalase_2_C,3.51,0.33,text 3d pdb
773,375,1,1,261,e4bn5C2,Rubredoxin-related,SIR2_2nd_1,2.98,0.33,text 3d pdb
774,211,1,1,20,e1r9cB1,Glyoxalase/Bleomycin resistance protein/Dihydroxybiphenyl dioxygenase,Glyoxalase_9,2.73,0.33,text 3d pdb
775,375,1,1,,e2c2bC1,Rubredoxin-related,F_UNCLASSIFIED,2.52,0.33,text 3d pdb
776,389,1,3,53,e4i9xD1,TNF receptor-like,TNFRSF10_1,3.14,0.33,text 3d pdb
777,919,1,1,1,e6b4vGA1,Ribosomal protein L36,Ribosomal_L36,3.23,0.33,text 3d pdb
778,375,1,1,261,e3glsD2,Rubredoxin-related,SIR2_2nd_1,3.55,0.33,text 3d pdb
779,919,1,1,1,e6b4vKC1,Ribosomal protein L36,Ribosomal_L36,3.23,0.33,text 3d pdb
780,383,1,1,4,e2nlhB1,Defensin-related,Defensin_beta,3.31,0.33,text 3d pdb
781,67,1,1,4,e2q2gB1,HSP40/DnaJ peptide-binding domain,DnaJ_C_N_1,3.22,0.33,text 3d pdb
782,325,1,7,123,e4q5sD7,Single hybrid motif,Biotin_lipoyl_2_like,2.75,0.33,text 3d pdb
783,383,1,1,4,e2nlpB1,Defensin-related,Defensin_beta,3.10,0.33,text 3d pdb
784,4086,1,1,1,e4eaiB1,AMPKBI-like,AMPKBI,2.73,0.33,text 3d pdb
785,383,1,1,4,e1ijuD1,Defensin-related,Defensin_beta,3.51,0.32,text 3d pdb
786,387,1,5,3,e5vypI1,Scorpion toxin-like,Gamma-thionin,3.51,0.32,text 3d pdb
787,3529,1,1,1,e3gngA2,Major vault protein (MVP) structural repeat domain,Vault,2.21,0.32,text 3d pdb
788,3529,1,1,1,e3gf5A5,Major vault protein (MVP) structural repeat domain,Vault,2.24,0.32,text 3d pdb
789,383,1,1,4,e2nlqC1,Defensin-related,Defensin_beta,3.35,0.32,text 3d pdb
790,3529,1,1,1,e3gnfB2,Major vault protein (MVP) structural repeat domain,Vault,2.16,0.32,text 3d pdb
791,383,1,1,4,e2nlcB1,Defensin-related,Defensin_beta,3.16,0.32,text 3d pdb
792,375,1,1,48,e4pofB2,Rubredoxin-related,MCM_OB_3,2.17,0.32,text 3d pdb
793,4046,1,1,2,e1e3dD1,all-beta domain in nickel-iron hydrogenase large subunit,NiFeSe_Hases_2nd,2.40,0.32,text 3d pdb
794,379,1,1,4,e1an1I1,Kazal-type serine protease inhibitors,Kazal_1_1,2.37,0.32,text 3d pdb
795,391,1,1,4,e3calA1,Fibronectin type I module,fn1,2.93,0.32,text 3d pdb
796,3529,1,1,1,e2zuoC31,Major vault protein (MVP) structural repeat domain,Vault,2.72,0.32,text 3d pdb
797,3529,1,1,1,e4v60C8,Major vault protein (MVP) structural repeat domain,Vault,2.72,0.32,text 3d pdb
798,375,1,1,48,e4pofD2,Rubredoxin-related,MCM_OB_3,2.17,0.32,text 3d pdb
799,377,1,1,21,e1x68A1,LIM domain-like,LIM_N_2,1.03,0.32,text 3d pdb
800,375,1,1,,e1pfyA2,Rubredoxin-related,F_UNCLASSIFIED,2.91,0.32,text 3d pdb
801,211,1,1,20,e2p7pD3,Glyoxalase/Bleomycin resistance protein/Dihydroxybiphenyl dioxygenase,Glyoxalase_9,2.82,0.32,text 3d pdb
802,383,1,1,4,e2nlhC1,Defensin-related,Defensin_beta,3.12,0.32,text 3d pdb
803,375,1,1,48,e4pofE2,Rubredoxin-related,MCM_OB_3,2.18,0.32,text 3d pdb
804,375,1,1,259,e4v4pA61,Rubredoxin-related,Ribosomal_L33,3.68,0.32,text 3d pdb
805,375,1,1,48,e4pofF2,Rubredoxin-related,MCM_OB_3,2.18,0.32,text 3d pdb
806,389,1,1,152,e5ky8B1,EGF/Laminin,hEGF_2,1.18,0.32,text 3d pdb
807,375,1,1,48,e4pofA3,Rubredoxin-related,MCM_OB_3,2.18,0.32,text 3d pdb
808,375,1,1,48,e4pofC2,Rubredoxin-related,MCM_OB_3,2.18,0.32,text 3d pdb
809,375,1,1,48,e5iy0C2,Rubredoxin-related,MCM_OB_3,2.84,0.32,text 3d pdb
810,387,1,5,3,e6b55O1,Scorpion toxin-like,Gamma-thionin,3.53,0.32,text 3d pdb
811,375,1,1,259,e4v6mB11,Rubredoxin-related,Ribosomal_L33,3.42,0.32,text 3d pdb
812,4086,1,1,1,e4eajB1,AMPKBI-like,AMPKBI,2.73,0.32,text 3d pdb
813,387,1,5,3,e4cqkJ1,Scorpion toxin-like,Gamma-thionin,3.52,0.32,text 3d pdb
814,4076,3,1,10,e5ghrB1,GINS/PriA/YqbF domain,COG1711,2.20,0.32,text 3d pdb
815,375,1,1,48,e5iy0F2,Rubredoxin-related,MCM_OB_3,2.84,0.32,text 3d pdb
816,375,1,1,261,e3gltA2,Rubredoxin-related,SIR2_2nd_1,3.57,0.32,text 3d pdb
817,389,1,2,1,e2xrbA4,Complement control module/SCR domain,Sushi_4,2.76,0.32,text 3d pdb
818,375,1,1,48,e5iy0E1,Rubredoxin-related,MCM_OB_3,2.84,0.32,text 3d pdb
819,375,1,1,48,e5iy0D2,Rubredoxin-related,MCM_OB_3,2.84,0.32,text 3d pdb
820,3529,1,1,1,e2zuoK31,Major vault protein (MVP) structural repeat domain,Vault,2.72,0.32,text 3d pdb
821,3529,1,1,1,e4v60K8,Major vault protein (MVP) structural repeat domain,Vault,2.72,0.32,text 3d pdb
822,375,1,1,48,e5iy0A3,Rubredoxin-related,MCM_OB_3,2.84,0.32,text 3d pdb
823,3529,1,1,1,e3gf5A4,Major vault protein (MVP) structural repeat domain,Vault,2.16,0.32,text 3d pdb
824,383,1,1,4,e1ijvB1,Defensin-related,Defensin_beta,3.32,0.32,text 3d pdb
825,211,1,1,20,e2p7qD3,Glyoxalase/Bleomycin resistance protein/Dihydroxybiphenyl dioxygenase,Glyoxalase_9,2.82,0.32,text 3d pdb
826,375,1,1,48,e5iy0B3,Rubredoxin-related,MCM_OB_3,2.84,0.32,text 3d pdb
827,375,1,1,52,e1q1aA1,Rubredoxin-related,KOG2682,3.69,0.32,text 3d pdb
828,375,1,1,261,e4bn5F2,Rubredoxin-related,SIR2_2nd_1,2.67,0.32,text 3d pdb
829,802,1,1,2,e1sj5A2,Hypothetical protein TM0160,DNase-RNase_N,3.81,0.32,text 3d pdb
830,383,1,1,4,e2nlqB1,Defensin-related,Defensin_beta,3.28,0.32,text 3d pdb
831,387,1,5,3,e6b55G1,Scorpion toxin-like,Gamma-thionin,3.54,0.32,text 3d pdb
832,387,1,5,3,e5vypE1,Scorpion toxin-like,Gamma-thionin,3.54,0.32,text 3d pdb
833,383,1,1,1,e3hjdB1,Defensin-related,Defensin_1,2.96,0.32,text 3d pdb
834,211,1,1,66,e2rbbB3,Glyoxalase/Bleomycin resistance protein/Dihydroxybiphenyl dioxygenase,Glyoxalase_2_N,2.87,0.32,text 3d pdb
835,375,1,1,261,e5h4dA1,Rubredoxin-related,SIR2_2nd_1,3.11,0.32,text 3d pdb
836,375,1,1,249,e5mlc31,Rubredoxin-related,Ribosomal_L33_1,3.45,0.32,text 3d pdb
837,304,163,1,1,e4yerA2,ATP-binding protein TM_1403 insertion domain,drrA_like,1.60,0.32,text 3d pdb
838,387,1,5,3,e6b55K1,Scorpion toxin-like,Gamma-thionin,3.55,0.32,text 3d pdb
839,3529,1,1,1,e2zv4Y31,Major vault protein (MVP) structural repeat domain,Vault,2.72,0.32,text 3d pdb
840,3529,1,1,1,e4v60Y8,Major vault protein (MVP) structural repeat domain,Vault,2.72,0.32,text 3d pdb
841,389,1,3,53,e3x3fA2,TNF receptor-like,TNFRSF10_1,3.33,0.32,text 3d pdb
842,387,1,5,3,e4cqkK1,Scorpion toxin-like,Gamma-thionin,3.55,0.32,text 3d pdb
843,375,1,1,259,e6nu211,Rubredoxin-related,Ribosomal_L33,3.57,0.32,text 3d pdb
844,3529,1,1,1,e6bp8A10,Major vault protein (MVP) structural repeat domain,Vault,2.26,0.32,text 3d pdb
845,377,1,1,4,e1x6aA2,LIM domain-like,LIM_CLP36,1.17,0.32,text 3d pdb
846,3071,1,1,6,e3cddF7,C-terminal insertion domain in phage tail proteins,COG4379_3rd_2,3.88,0.32,text 3d pdb
847,383,1,1,4,e2nlhA1,Defensin-related,Defensin_beta,3.40,0.32,text 3d pdb
848,389,1,3,53,e1du3I3,TNF receptor-like,TNFRSF10_1,3.18,0.32,text 3d pdb
849,389,1,1,17,e5ky3B1,EGF/Laminin,hEGF_3,1.44,0.32,text 3d pdb
850,11,1,1,920,e3bz5A2,Immunoglobulin/Fibronectin type III/E set domains/PapD-like,LRR_adjacent_like,2.71,0.32,text 3d pdb
851,387,1,5,3,e6mryC1,Scorpion toxin-like,Gamma-thionin,3.39,0.32,text 3d pdb
852,387,1,5,9,e1t7aA1,Scorpion toxin-like,Toxin_3,2.35,0.32,text 3d pdb
853,11,1,1,787,e3gbnH2,Immunoglobulin/Fibronectin type III/E set domains/PapD-like,C1-set_1,2.27,0.32,text 3d pdb
854,3253,1,1,5,e4a5pC3,ferredoxin-like domain in flagellar biosynthesis protein flhA,EUF08397,2.67,0.32,text 3d pdb
855,383,1,1,4,e2nlpD1,Defensin-related,Defensin_beta,3.46,0.32,text 3d pdb
856,383,1,1,4,e2nlbB1,Defensin-related,Defensin_beta,3.00,0.32,text 3d pdb
857,389,1,3,53,e2h9gR1,TNF receptor-like,TNFRSF10_1,3.28,0.32,text 3d pdb
858,4,1,1,8,e2dxuB2,SH3,BPL_C,2.70,0.32,text 3d pdb
859,211,1,1,6,e3vcxA3,Glyoxalase/Bleomycin resistance protein/Dihydroxybiphenyl dioxygenase,Glyoxalase_2_C,3.26,0.32,text 3d pdb
860,387,1,5,3,e6dmzA1,Scorpion toxin-like,Gamma-thionin,3.63,0.32,text 3d pdb
861,387,1,3,2,e1lpbA2,Colipase-like,Colipase_C,3.44,0.32,text 3d pdb
862,387,1,1,86,e4aorD1,omega toxin-related,Toxin_18_like,2.84,0.32,text 3d pdb
863,375,1,1,,e2c2bF1,Rubredoxin-related,F_UNCLASSIFIED,2.52,0.32,text 3d pdb
864,919,1,1,1,e4zsnR91,Ribosomal protein L36,Ribosomal_L36,3.31,0.32,text 3d pdb
865,919,1,1,1,e4yzvR91,Ribosomal protein L36,Ribosomal_L36,3.31,0.32,text 3d pdb
866,919,1,1,1,e4w4gR91,Ribosomal protein L36,Ribosomal_L36,3.31,0.32,text 3d pdb
867,919,1,1,1,e4ypbR91,Ribosomal protein L36,Ribosomal_L36,3.31,0.32,text 3d pdb
868,383,1,1,4,e2nlhD1,Defensin-related,Defensin_beta,3.36,0.32,text 3d pdb
869,4264,1,1,2,e6evkC6,PB2 C-terminal domain-like,Flu_PB2_7th,3.40,0.32,text 3d pdb
870,387,1,5,3,e6mryB1,Scorpion toxin-like,Gamma-thionin,3.38,0.32,text 3d pdb
871,375,1,1,,e2c2bA2,Rubredoxin-related,F_UNCLASSIFIED,2.54,0.32,text 3d pdb
872,387,1,5,3,e6b55N1,Scorpion toxin-like,Gamma-thionin,3.53,0.32,text 3d pdb
873,3529,1,1,1,e2zv4O31,Major vault protein (MVP) structural repeat domain,Vault,2.63,0.32,text 3d pdb
874,3529,1,1,1,e4v60O8,Major vault protein (MVP) structural repeat domain,Vault,2.63,0.32,text 3d pdb
875,4264,1,1,2,e6evjF3,PB2 C-terminal domain-like,Flu_PB2_7th,3.27,0.32,text 3d pdb
876,387,1,5,3,e4cqkL1,Scorpion toxin-like,Gamma-thionin,3.53,0.32,text 3d pdb
877,375,1,1,2,e4ikeA1,Rubredoxin-related,ADK_lid,2.29,0.32,text 3d pdb
878,376,1,1,32,e6miuB1,RING/U-box,ZZ,2.39,0.32,text 3d pdb
879,211,1,1,86,e3zi1A11,Glyoxalase/Bleomycin resistance protein/Dihydroxybiphenyl dioxygenase,GLOD4_N,3.08,0.32,text 3d pdb
880,905,1,1,1,e2abzF1,Carboxypeptidase inhibitor,EUF08743,3.14,0.32,text 3d pdb
881,383,1,1,4,e2nlfB1,Defensin-related,Defensin_beta,3.60,0.32,text 3d pdb
882,1,1,7,6,e2c61A9,Alanine racemase-C,ATP-synt_ab_N,3.54,0.32,text 3d pdb
883,2,11,1,1,e2kcnA1,Antifungal protein (AGAFP),Antifungal_prot,3.72,0.32,text 3d pdb
884,3529,1,1,1,e2zv5l24,Major vault protein (MVP) structural repeat domain,Vault,2.49,0.32,text 3d pdb
885,3529,1,1,1,e4v60l6,Major vault protein (MVP) structural repeat domain,Vault,2.49,0.32,text 3d pdb
886,375,1,1,48,e4ywlH3,Rubredoxin-related,MCM_OB_3,2.57,0.32,text 3d pdb
887,4,1,1,26,e3fifF1,SH3,DUF903,1.95,0.32,text 3d pdb
888,3529,1,1,1,e6bp7A1,Major vault protein (MVP) structural repeat domain,Vault,2.45,0.32,text 3d pdb
889,375,1,1,48,e4ywlJ2,Rubredoxin-related,MCM_OB_3,2.57,0.32,text 3d pdb
890,375,1,1,48,e4ywlD1,Rubredoxin-related,MCM_OB_3,2.55,0.32,text 3d pdb
891,4,1,1,26,e3fifG1,SH3,DUF903,1.88,0.32,text 3d pdb
892,3529,1,1,1,e2zuoE31,Major vault protein (MVP) structural repeat domain,Vault,2.75,0.32,text 3d pdb
893,3529,1,1,1,e4v60E8,Major vault protein (MVP) structural repeat domain,Vault,2.75,0.32,text 3d pdb
894,375,1,1,48,e4ywlB3,Rubredoxin-related,MCM_OB_3,2.55,0.32,text 3d pdb
895,221,3,1,3,e5hfyB1,Immunoglobulin-binding domains,IgG_binding_B,3.15,0.32,text 3d pdb
896,3529,1,1,1,e2zv4P31,Major vault protein (MVP) structural repeat domain,Vault,2.69,0.32,text 3d pdb
897,3529,1,1,1,e4v60P8,Major vault protein (MVP) structural repeat domain,Vault,2.69,0.32,text 3d pdb
898,375,1,1,5,e6a5pL1,Rubredoxin-related,DNA_RNApol_7kD,2.48,0.32,text 3d pdb
899,375,1,1,5,e6a5oL1,Rubredoxin-related,DNA_RNApol_7kD,2.48,0.32,text 3d pdb
900,389,1,3,53,e1du3B1,TNF receptor-like,TNFRSF10_1,2.79,0.32,text 3d pdb
901,387,1,5,8,e1c55A2,Scorpion toxin-like,Toxin_2,3.36,0.32,text 3d pdb
902,375,1,1,2,e4jl8B1,Rubredoxin-related,ADK_lid,2.12,0.32,text 3d pdb
903,919,1,1,1,e4v95D91,Ribosomal protein L36,Ribosomal_L36,3.32,0.32,text 3d pdb
904,383,1,1,4,e2nlcA1,Defensin-related,Defensin_beta,3.49,0.32,text 3d pdb
905,375,1,1,52,e1q17B1,Rubredoxin-related,KOG2682,3.12,0.32,text 3d pdb
906,375,1,1,48,e4ywlI3,Rubredoxin-related,MCM_OB_3,2.57,0.32,text 3d pdb
907,919,1,1,1,e4wpoC91,Ribosomal protein L36,Ribosomal_L36,3.30,0.32,text 3d pdb
908,375,1,1,48,e4ywlG1,Rubredoxin-related,MCM_OB_3,2.57,0.32,text 3d pdb
909,375,1,1,48,e4ywlE2,Rubredoxin-related,MCM_OB_3,2.56,0.32,text 3d pdb
910,1150,1,1,,e5gwgA1,Rattusin a novel defensin with intermolecular disulfides,F_UNCLASSIFIED,3.35,0.32,text 3d pdb
911,375,1,1,48,e4ywlF2,Rubredoxin-related,MCM_OB_3,2.57,0.32,text 3d pdb
912,211,1,1,160,e5drhA1,Glyoxalase/Bleomycin resistance protein/Dihydroxybiphenyl dioxygenase,Glyoxalase_12,2.69,0.32,text 3d pdb
913,375,1,1,48,e4ywlA1,Rubredoxin-related,MCM_OB_3,2.55,0.32,text 3d pdb
914,375,1,1,52,e1q17C1,Rubredoxin-related,KOG2682,3.38,0.32,text 3d pdb
915,211,1,1,20,e2p7lD3,Glyoxalase/Bleomycin resistance protein/Dihydroxybiphenyl dioxygenase,Glyoxalase_9,2.86,0.32,text 3d pdb
916,304,163,1,1,e4yerB2,ATP-binding protein TM_1403 insertion domain,drrA_like,1.70,0.32,text 3d pdb
917,2,4,1,13,e1z47B3,MOP-like,EUF07551,3.16,0.32,text 3d pdb
918,4264,1,1,2,e6qctC2,PB2 C-terminal domain-like,Flu_PB2_7th,3.51,0.32,text 3d pdb
919,4264,1,1,2,e6fhhC4,PB2 C-terminal domain-like,Flu_PB2_7th,3.30,0.32,text 3d pdb
920,383,1,1,4,e2nlcC1,Defensin-related,Defensin_beta,3.30,0.32,text 3d pdb
921,3529,1,1,1,e3gnfB4,Major vault protein (MVP) structural repeat domain,Vault,2.30,0.32,text 3d pdb
922,304,7,1,40,e4zoqE1,Protease propeptides/inhibitors,EUF08350,2.66,0.32,text 3d pdb
923,383,1,1,4,e2nldB1,Defensin-related,Defensin_beta,3.63,0.32,text 3d pdb
924,387,1,5,3,e4cqkD1,Scorpion toxin-like,Gamma-thionin,3.59,0.32,text 3d pdb
925,387,1,5,3,e4cqkM1,Scorpion toxin-like,Gamma-thionin,3.53,0.32,text 3d pdb
926,4,1,1,775,e4fibB2,SH3,DUF1541_1,3.92,0.32,text 3d pdb
927,3529,1,1,1,e3gngA5,Major vault protein (MVP) structural repeat domain,Vault,2.32,0.32,text 3d pdb
928,3529,1,1,1,e2zv4V31,Major vault protein (MVP) structural repeat domain,Vault,2.62,0.32,text 3d pdb
929,375,1,1,88,e5fyqA2,Rubredoxin-related,SIR2_2nd,3.23,0.32,text 3d pdb
930,3253,1,1,4,e6ai2B3,ferredoxin-like domain in flagellar biosynthesis protein flhA,FHIPEP_1st_1,3.17,0.32,text 3d pdb
931,375,1,1,261,e4bvhB2,Rubredoxin-related,SIR2_2nd_1,3.47,0.32,text 3d pdb
932,2,4,1,,e1z47A2,MOP-like,F_UNCLASSIFIED,3.11,0.32,text 3d pdb
933,375,1,1,261,e3glsB2,Rubredoxin-related,SIR2_2nd_1,3.00,0.32,text 3d pdb
934,325,1,7,18,e5d4eN12,Single hybrid motif,biotinyl_domain_like,3.63,0.32,text 3d pdb
935,375,1,1,88,e4l3oC2,Rubredoxin-related,SIR2_2nd,3.13,0.31,text 3d pdb
936,383,1,1,1,e3lo6B1,Defensin-related,Defensin_1,2.89,0.31,text 3d pdb
937,375,1,1,261,e5ytkE2,Rubredoxin-related,SIR2_2nd_1,2.98,0.31,text 3d pdb
938,375,1,1,259,e3ja1L41,Rubredoxin-related,Ribosomal_L33,3.40,0.31,text 3d pdb
939,3253,1,1,4,e6ch2C2,ferredoxin-like domain in flagellar biosynthesis protein flhA,FHIPEP_1st_1,3.09,0.31,text 3d pdb
940,375,1,1,261,e5ytkD2,Rubredoxin-related,SIR2_2nd_1,2.98,0.31,text 3d pdb
941,375,1,1,261,e5ytkA2,Rubredoxin-related,SIR2_2nd_1,2.98,0.31,text 3d pdb
942,375,1,1,261,e5d7nD2,Rubredoxin-related,SIR2_2nd_1,2.99,0.31,text 3d pdb
943,375,1,1,261,e5d7nF2,Rubredoxin-related,SIR2_2nd_1,2.99,0.31,text 3d pdb
944,325,1,7,94,e4wqtI4,Single hybrid motif,RnfC_N_like_1,2.69,0.30,text 3d pdb
945,560,1,1,3,e2mxfA1,H-NS histone-like proteins C-terminal domain,MvaT_DBD,2.97,0.30,text 3d pdb
946,375,1,1,261,e5zgcC2,Rubredoxin-related,SIR2_2nd_1,3.78,0.29,text 3d pdb
947,325,1,7,94,e4wqtD9,Single hybrid motif,RnfC_N_like_1,2.96,0.29,text 3d pdb
948,325,1,7,94,e3aoiD5,Single hybrid motif,RnfC_N_like_1,2.81,0.29,text 3d pdb
949,375,1,1,48,e4ywlC2,Rubredoxin-related,MCM_OB_3,4.10,0.29,text 3d pdb
950,391,1,1,3,e1tpnA1,Fibronectin type I module,fn1_1,3.77,0.29,text 3d pdb
951,5,5,1,,e6ekeB1,beta-Prism III,F_UNCLASSIFIED,3.61,0.29,text 3d pdb
952,325,1,7,94,e5d4eD4,Single hybrid motif,RnfC_N_like_1,3.03,0.29,text 3d pdb
953,325,1,7,94,e4q5sD9,Single hybrid motif,RnfC_N_like_1,3.05,0.29,text 3d pdb
954,325,1,7,94,e4g7zN16,Single hybrid motif,RnfC_N_like_1,3.06,0.29,text 3d pdb
955,325,1,7,94,e4g7zD16,Single hybrid motif,RnfC_N_like_1,3.08,0.29,text 3d pdb
956,325,1,7,94,e5d4eN5,Single hybrid motif,RnfC_N_like_1,3.03,0.29,text 3d pdb
957,325,1,7,94,e5i2dD2,Single hybrid motif,RnfC_N_like_1,3.04,0.29,text 3d pdb
958,325,1,7,94,e5vo8D5,Single hybrid motif,RnfC_N_like_1,3.08,0.29,text 3d pdb
959,325,1,7,94,e5x22N10,Single hybrid motif,RnfC_N_like_1,3.09,0.29,text 3d pdb
960,325,1,7,94,e4g7oD16,Single hybrid motif,RnfC_N_like_1,3.05,0.29,text 3d pdb
961,325,1,7,94,e4g7oN7,Single hybrid motif,RnfC_N_like_1,3.05,0.29,text 3d pdb
962,325,1,7,94,e4g7hD25,Single hybrid motif,RnfC_N_like_1,3.06,0.29,text 3d pdb
963,706,2,1,4,e5tu9A3,G5 and E repeats in surface protein G,SasG_E,3.98,0.29,text 3d pdb
964,325,1,7,94,e4g7hN16,Single hybrid motif,RnfC_N_like_1,3.06,0.29,text 3d pdb
965,325,1,7,94,e5e17D4,Single hybrid motif,RnfC_N_like_1,3.08,0.29,text 3d pdb
966,325,1,7,94,e3aohN2,Single hybrid motif,RnfC_N_like_1,3.04,0.29,text 3d pdb
967,325,1,7,94,e4oirD6,Single hybrid motif,RnfC_N_like_1,3.11,0.29,text 3d pdb
968,391,1,1,4,e2rkyA1,Fibronectin type I module,fn1,2.85,0.29,text 3d pdb
969,325,1,7,94,e6oy5D4,Single hybrid motif,RnfC_N_like_1,3.10,0.29,text 3d pdb
970,325,1,7,94,e4q4zD6,Single hybrid motif,RnfC_N_like_1,3.09,0.29,text 3d pdb
971,325,1,7,94,e3aoiN3,Single hybrid motif,RnfC_N_like_1,3.04,0.29,text 3d pdb
972,325,1,7,94,e4oinD5,Single hybrid motif,RnfC_N_like_1,3.09,0.29,text 3d pdb
973,325,1,7,94,e5d4cD1,Single hybrid motif,RnfC_N_like_1,3.12,0.29,text 3d pdb
974,325,1,7,94,e3aohD1,Single hybrid motif,RnfC_N_like_1,3.04,0.28,text 3d pdb
975,325,1,7,94,e4oioD9,Single hybrid motif,RnfC_N_like_1,2.77,0.28,text 3d pdb
976,325,1,7,,e6p70D8,Single hybrid motif,F_UNCLASSIFIED,3.13,0.28,text 3d pdb
977,325,1,7,94,e5d4cN6,Single hybrid motif,RnfC_N_like_1,3.12,0.28,text 3d pdb
978,330,1,1,45,e4x8wG1,dsRNA-binding domain-like,KOG3732,2.82,0.28,text 3d pdb
979,387,1,1,225,e2mfsA1,omega toxin-related,Toxin_7_like,3.28,0.28,text 3d pdb
980,325,1,7,94,e6oy6D6,Single hybrid motif,RnfC_N_like_1,3.13,0.28,text 3d pdb
981,375,1,1,,e1p7pA1,Rubredoxin-related,F_UNCLASSIFIED,3.24,0.28,text 3d pdb
982,325,1,7,94,e6cuuD7,Single hybrid motif,RnfC_N_like_1,3.14,0.28,text 3d pdb
983,391,1,1,3,e1tpmA1,Fibronectin type I module,fn1_1,3.54,0.28,text 3d pdb
984,375,1,1,48,e4pogD2,Rubredoxin-related,MCM_OB_3,4.63,0.28,text 3d pdb
985,325,1,7,18,e4g7zD12,Single hybrid motif,biotinyl_domain_like,3.03,0.28,text 3d pdb
986,387,1,1,25,e2mquA1,omega toxin-related,Toxin_7,3.49,0.27,text 3d pdb
987,391,1,1,4,e2cg7A1,Fibronectin type I module,fn1,3.46,0.27,text 3d pdb
988,383,1,1,1,e1zmiD1,Defensin-related,Defensin_1,3.40,0.27,text 3d pdb
989,376,1,1,32,e6mj7A1,RING/U-box,ZZ,2.77,0.27,text 3d pdb
990,375,1,1,,e1rqgA3,Rubredoxin-related,F_UNCLASSIFIED,3.14,0.26,text 3d pdb
991,919,1,1,1,e1dfeA1,Ribosomal protein L36,Ribosomal_L36,3.37,0.26,text 3d pdb
992,4,1,1,261,e3mlqG1,SH3,CarD_CdnL_TRCF,2.58,0.26,text 3d pdb
993,375,1,1,,e5urbA3,Rubredoxin-related,F_UNCLASSIFIED,2.91,0.25,text 3d pdb
994,375,1,1,48,e1gaxB6,Rubredoxin-related,MCM_OB_3,4.36,0.25,text 3d pdb
995,387,1,2,1,e7wgaB3,Plant lectins/antimicrobial peptides,Chitin_bind_1,2.83,0.24,text 3d pdb
996,387,1,2,1,e1wgtB3,Plant lectins/antimicrobial peptides,Chitin_bind_1,2.84,0.24,text 3d pdb
997,387,1,2,1,e1k7uB3,Plant lectins/antimicrobial peptides,Chitin_bind_1,2.91,0.22,text 3d pdb
998,387,1,2,1,e1k7vB4,Plant lectins/antimicrobial peptides,Chitin_bind_1,3.49,0.22,text 3d pdb
999,387,1,2,1,e7wgaA3,Plant lectins/antimicrobial peptides,Chitin_bind_1,3.53,0.21,text 3d pdb
1000,387,1,2,1,e9wgaA4,Plant lectins/antimicrobial peptides,Chitin_bind_1,3.53,0.21,text 3d pdb