#,Chain Id,RMSD,TM-Score,TM-Align
1,6ni2V,0.28,0.38,text 3d pdb
2,2n9pA,2.20,0.37,text 3d pdb
3,6bvxA,1.60,0.36,text 3d pdb
4,1eojB,0.92,0.36,text 3d pdb
5,5znrP,0.56,0.35,text 3d pdb
6,2yyfA,0.73,0.34,text 3d pdb
7,2fseF,2.12,0.33,text 3d pdb
8,3s2qB,2.69,0.33,text 3d pdb
9,3s2qA,2.72,0.33,text 3d pdb
10,3s2rA,3.08,0.33,text 3d pdb
11,1t2vH,2.49,0.33,text 3d pdb
12,1t2vG,3.02,0.32,text 3d pdb
13,1a81J,1.15,0.32,text 3d pdb
14,5znrQ,0.67,0.32,text 3d pdb
15,2md0A,3.64,0.32,text 3d pdb
16,1beiA,2.90,0.32,text 3d pdb
17,4f1eO,2.98,0.32,text 3d pdb
18,4l3oH,1.45,0.32,text 3d pdb
19,4ooaB,3.36,0.32,text 3d pdb
20,2izqC,2.20,0.32,text 3d pdb
21,2m36A,2.82,0.32,text 3d pdb
22,3mlxQ,0.33,0.32,text 3d pdb
23,4f1eQ,2.94,0.32,text 3d pdb
24,4f1eR,2.93,0.32,text 3d pdb
25,4ooaE,2.82,0.31,text 3d pdb
26,5mmjx,2.65,0.31,text 3d pdb
27,4i7dB,0.62,0.31,text 3d pdb
28,4oo7B,3.09,0.31,text 3d pdb
29,4ooaD,2.70,0.31,text 3d pdb
30,4f1eP,2.73,0.31,text 3d pdb
31,4ooaA,2.79,0.31,text 3d pdb
32,3fnvB,3.09,0.31,text 3d pdb
33,4f1eN,2.80,0.31,text 3d pdb
34,4f1eC,2.97,0.31,text 3d pdb
35,5jekC,1.40,0.31,text 3d pdb
36,4f28B,2.75,0.31,text 3d pdb
37,2esyA,2.41,0.31,text 3d pdb
38,2qh7A,2.72,0.31,text 3d pdb
39,4f1eB,2.97,0.31,text 3d pdb
40,4f1eF,2.74,0.31,text 3d pdb
41,6upxL,2.92,0.31,text 3d pdb
42,4fasF,3.72,0.31,text 3d pdb
43,4f1eA,2.74,0.31,text 3d pdb
44,3fnvA,3.42,0.31,text 3d pdb
45,4ooaC,2.87,0.31,text 3d pdb
46,4f1eD,3.02,0.31,text 3d pdb
47,5flmL,3.11,0.31,text 3d pdb
48,2qh7B,2.75,0.31,text 3d pdb
49,4f1eG,2.98,0.31,text 3d pdb
50,2j2sA,3.74,0.31,text 3d pdb
51,6bvyA,1.55,0.31,text 3d pdb
52,4f1eI,2.72,0.31,text 3d pdb
53,2i9fB,3.54,0.31,text 3d pdb
54,2qd0A,2.88,0.31,text 3d pdb
55,1psfA,3.51,0.31,text 3d pdb
56,4f1eM,2.73,0.31,text 3d pdb
57,6blpL,3.15,0.30,text 3d pdb
58,4f1eK,3.03,0.30,text 3d pdb
59,4f2cB,2.71,0.30,text 3d pdb
60,6ysuv,1.82,0.30,text 3d pdb
61,4wfbU,2.72,0.30,text 3d pdb
62,4f2cA,2.92,0.30,text 3d pdb
63,6nclc4,4.12,0.30,text 3d pdb
64,4f1eH,3.39,0.30,text 3d pdb
65,2ayjA,2.83,0.30,text 3d pdb
66,4f1eJ,2.72,0.30,text 3d pdb
67,4oo7A,3.17,0.30,text 3d pdb
68,4ooaF,3.27,0.30,text 3d pdb
69,1twgL,3.16,0.30,text 3d pdb
70,1mr4A,1.47,0.30,text 3d pdb
71,5m5xL,2.69,0.30,text 3d pdb
72,4cqkL,3.06,0.30,text 3d pdb
73,1pftA,2.77,0.30,text 3d pdb
74,4cqkK,3.07,0.30,text 3d pdb
75,4odmK,1.10,0.30,text 3d pdb
76,5nd80,3.04,0.30,text 3d pdb
77,4cqkN,3.05,0.30,text 3d pdb
78,1ne3A,3.14,0.30,text 3d pdb
79,5kk4C,2.08,0.30,text 3d pdb
80,4y52L,3.44,0.30,text 3d pdb
81,1hbtI,2.72,0.30,text 3d pdb
82,4f28A,2.94,0.30,text 3d pdb
83,3j7r3,2.84,0.30,text 3d pdb
84,4y7nL,2.90,0.30,text 3d pdb
85,2kspB,2.79,0.30,text 3d pdb
86,5lvfB,1.78,0.30,text 3d pdb
87,1av2C,2.27,0.30,text 3d pdb
88,2eoqA,3.17,0.30,text 3d pdb
89,4cqkD,3.11,0.30,text 3d pdb
90,1i5hW,3.58,0.30,text 3d pdb
91,5mmmx,3.03,0.30,text 3d pdb
92,1w70C,1.80,0.30,text 3d pdb
93,5exhC,3.90,0.30,text 3d pdb
94,4l09D,3.37,0.30,text 3d pdb
95,1tjiP,1.94,0.30,text 3d pdb
96,5x50L,3.18,0.30,text 3d pdb
97,4ui4D,3.71,0.29,text 3d pdb
98,4cqkC,3.09,0.29,text 3d pdb
99,5ksuF,2.00,0.29,text 3d pdb
100,4cqkB,3.10,0.29,text 3d pdb
101,4cqkG,3.09,0.29,text 3d pdb
102,4hkkD,3.39,0.29,text 3d pdb
103,5adsB,3.40,0.29,text 3d pdb
104,1w5uD,2.23,0.29,text 3d pdb
105,2mxfA,3.39,0.29,text 3d pdb
106,4cqkF,3.09,0.29,text 3d pdb
107,4r6nH,2.52,0.29,text 3d pdb
108,5nvhJ,3.38,0.29,text 3d pdb
109,4l0sD,3.38,0.29,text 3d pdb
110,1ugxB,2.47,0.29,text 3d pdb
111,5zqpB,3.39,0.29,text 3d pdb
112,5nvfI,3.38,0.29,text 3d pdb
113,2mf3A,3.14,0.29,text 3d pdb
114,3llzB,2.48,0.29,text 3d pdb
115,1vexA,3.19,0.29,text 3d pdb
116,2g81I,3.83,0.29,text 3d pdb
117,4cqkI,3.08,0.29,text 3d pdb
118,4ui3D,3.38,0.29,text 3d pdb
119,5nt0D,3.38,0.29,text 3d pdb
120,5nwdI,3.39,0.29,text 3d pdb
121,4v6sA7,2.90,0.29,text 3d pdb
122,5nwcI,3.38,0.29,text 3d pdb
123,4ak4D,2.47,0.29,text 3d pdb
124,5ksuC,2.03,0.29,text 3d pdb
125,4l2gD,3.39,0.29,text 3d pdb
126,4hlfD,3.49,0.29,text 3d pdb
127,4btsD1,3.25,0.29,text 3d pdb
128,4btsA1,3.25,0.29,text 3d pdb
129,4l2kC,3.46,0.29,text 3d pdb
130,4btsC1,3.25,0.29,text 3d pdb
131,4btsB1,3.25,0.29,text 3d pdb
132,5kk4A,2.50,0.29,text 3d pdb
133,5jm1B,2.53,0.29,text 3d pdb
134,4l34D,3.38,0.29,text 3d pdb
135,4hlhC,3.44,0.29,text 3d pdb
136,4bxlB,3.44,0.29,text 3d pdb
137,4cqkH,3.10,0.29,text 3d pdb
138,6ft6l,3.95,0.29,text 3d pdb
139,5nxeI,3.38,0.29,text 3d pdb
140,5nwbD,3.39,0.29,text 3d pdb
141,4l2fD,3.39,0.29,text 3d pdb
142,4cqkA,3.09,0.29,text 3d pdb
143,4l10D,3.39,0.29,text 3d pdb
144,4hlhD,3.39,0.29,text 3d pdb
145,5a53A,3.65,0.29,text 3d pdb
146,4l0bD,3.50,0.29,text 3d pdb
147,6gymL,3.42,0.29,text 3d pdb
148,5nt0C,3.45,0.29,text 3d pdb
149,4l0tC,3.47,0.29,text 3d pdb
150,1a81F,1.58,0.29,text 3d pdb
151,5kk4B,2.52,0.29,text 3d pdb
152,4hknC,3.41,0.29,text 3d pdb
153,3l8lD,2.24,0.29,text 3d pdb
154,5j4tH,1.79,0.29,text 3d pdb
155,4hl5C,3.42,0.29,text 3d pdb
156,5kk4E,2.70,0.29,text 3d pdb
157,4kzuC,3.46,0.29,text 3d pdb
158,2brqD,2.47,0.29,text 3d pdb
159,3h0gX,2.97,0.29,text 3d pdb
160,3h0gL,2.97,0.29,text 3d pdb
161,5u0sl,2.97,0.29,text 3d pdb
162,4l31D,3.12,0.29,text 3d pdb
163,4ezfB,3.10,0.29,text 3d pdb
164,5nsxC,3.45,0.29,text 3d pdb
165,4ui5D,3.12,0.29,text 3d pdb
166,1al0B,3.98,0.29,text 3d pdb
167,4l0vD,3.39,0.29,text 3d pdb
168,4l31C,3.45,0.29,text 3d pdb
169,4akbB,2.52,0.29,text 3d pdb
170,3po2L,2.84,0.29,text 3d pdb
171,5nceA,3.27,0.29,text 3d pdb
172,4v5zB3,3.83,0.29,text 3d pdb
173,4cqkE,3.11,0.29,text 3d pdb
174,1rqqE,2.93,0.29,text 3d pdb
175,4hlkD,3.49,0.29,text 3d pdb
176,4u56o9,3.97,0.29,text 3d pdb
177,4uvpD,3.51,0.29,text 3d pdb
178,5j51B,2.53,0.29,text 3d pdb
179,5nt4H,3.47,0.29,text 3d pdb
180,4r6pH,2.51,0.29,text 3d pdb
181,2i9fA,3.33,0.29,text 3d pdb
182,2wwaO,2.81,0.29,text 3d pdb
183,1toqF,1.75,0.29,text 3d pdb
184,6n8kl,3.95,0.29,text 3d pdb
185,1mt1K,3.58,0.29,text 3d pdb
186,3s15L,3.01,0.29,text 3d pdb
187,4l09C,3.55,0.29,text 3d pdb
188,2e2hL,3.06,0.29,text 3d pdb
189,1w5uB,2.25,0.29,text 3d pdb
190,4l0sC,3.56,0.29,text 3d pdb
191,6nclc3,4.10,0.29,text 3d pdb
192,5laxF,0.82,0.29,text 3d pdb
193,1d6rI,3.99,0.29,text 3d pdb
194,2eowA,3.47,0.29,text 3d pdb
195,2l12B,2.86,0.29,text 3d pdb
196,4r11B,3.30,0.29,text 3d pdb
197,4kzuD,3.50,0.29,text 3d pdb
198,1m26B,1.76,0.29,text 3d pdb
199,4l33C,3.56,0.29,text 3d pdb
200,5j51H,2.54,0.29,text 3d pdb
201,5kk4D,3.07,0.29,text 3d pdb
202,4a3mL,2.90,0.29,text 3d pdb
203,6hgnB,2.85,0.29,text 3d pdb
204,5j4xH,2.51,0.29,text 3d pdb
205,4ui6C,3.55,0.29,text 3d pdb
206,1tabI,3.58,0.29,text 3d pdb
207,4uvpB,3.53,0.29,text 3d pdb
208,4l33D,3.44,0.29,text 3d pdb
209,4l2gC,3.54,0.29,text 3d pdb
210,3caaB,2.88,0.29,text 3d pdb
211,5w4uL,3.14,0.29,text 3d pdb
212,3m4oL,3.16,0.29,text 3d pdb
213,4r6pF,2.50,0.29,text 3d pdb
214,5j50H,2.54,0.29,text 3d pdb
215,5u4jw,3.94,0.28,text 3d pdb
216,5optU,3.35,0.28,text 3d pdb
217,4v7hB1,3.93,0.28,text 3d pdb
218,4ui5C,3.56,0.28,text 3d pdb
219,4r6rH,2.54,0.28,text 3d pdb
220,5w51L,3.14,0.28,text 3d pdb
221,4r6qH,1.82,0.28,text 3d pdb
222,6i7vD5,3.40,0.28,text 3d pdb
223,6cncL,4.00,0.28,text 3d pdb
224,1cjfD,2.08,0.28,text 3d pdb
225,3m3yL,2.86,0.28,text 3d pdb
226,5ki9A,2.37,0.28,text 3d pdb
227,2xb2U,2.63,0.28,text 3d pdb
228,3k7aL,2.94,0.28,text 3d pdb
229,3j7728,3.44,0.28,text 3d pdb
230,4ui3C,3.53,0.28,text 3d pdb
231,4uj0B,2.72,0.28,text 3d pdb
232,2n8tA,2.80,0.28,text 3d pdb
233,6skgBi,3.53,0.28,text 3d pdb
234,3l6fC,1.69,0.28,text 3d pdb
235,4r6oH,1.82,0.28,text 3d pdb
236,4hlgC,3.57,0.28,text 3d pdb
237,6mryI,3.12,0.28,text 3d pdb
238,2nvqL,3.06,0.28,text 3d pdb
239,4p3wI,2.44,0.28,text 3d pdb
240,5ip9L,3.33,0.28,text 3d pdb
241,3jbc4,3.75,0.28,text 3d pdb
242,6mryD,3.65,0.28,text 3d pdb
243,5nwbC,3.58,0.28,text 3d pdb
244,6bu834,2.45,0.28,text 3d pdb
245,2l14B,4.18,0.28,text 3d pdb
246,6pw6I,3.35,0.28,text 3d pdb
247,6pw6G,3.35,0.28,text 3d pdb
248,6pw6H,3.35,0.28,text 3d pdb
249,4hlkC,3.56,0.28,text 3d pdb
250,4ui4C,3.28,0.28,text 3d pdb
251,1i7xB,3.17,0.28,text 3d pdb
252,4hlgD,3.54,0.28,text 3d pdb
253,3l8lC,2.24,0.28,text 3d pdb
254,6driA,3.31,0.28,text 3d pdb
255,3gtjL,3.11,0.28,text 3d pdb
256,2dwvB,3.62,0.28,text 3d pdb
257,4l32C,3.56,0.28,text 3d pdb
258,3lpqA,2.91,0.28,text 3d pdb
259,1kluC,0.84,0.28,text 3d pdb
260,5nxeH,3.60,0.28,text 3d pdb
261,1toqB,1.80,0.28,text 3d pdb
262,6r6gFF,3.34,0.28,text 3d pdb
263,3jbe4,3.75,0.28,text 3d pdb
264,3s1mL,3.05,0.28,text 3d pdb
265,4r6qF,2.50,0.28,text 3d pdb
266,6mdoH,2.52,0.28,text 3d pdb
267,6th6Bi,4.20,0.28,text 3d pdb
268,1ku8H,1.82,0.28,text 3d pdb
269,1azhA,3.36,0.28,text 3d pdb
270,1n4nA,2.23,0.28,text 3d pdb
271,4aazA,2.57,0.28,text 3d pdb
272,3s16L,3.08,0.28,text 3d pdb
273,1w5uC,2.24,0.28,text 3d pdb
274,5j50F,2.50,0.28,text 3d pdb
275,6hivA9,3.82,0.28,text 3d pdb
276,1hxs4,3.57,0.28,text 3d pdb
277,3j9f4,3.57,0.28,text 3d pdb
278,1lm8H,2.04,0.28,text 3d pdb
279,3jbg4,3.56,0.28,text 3d pdb
280,3rzoL,3.09,0.28,text 3d pdb
281,6wdbF,3.04,0.28,text 3d pdb
282,3jbd4,3.75,0.28,text 3d pdb
283,3eggD,3.47,0.28,text 3d pdb
284,5e4xA,3.31,0.28,text 3d pdb
285,5mdv6,3.93,0.28,text 3d pdb
286,6mryL,3.12,0.28,text 3d pdb
287,2mxvA,3.61,0.28,text 3d pdb
288,2nvyL,3.09,0.28,text 3d pdb
289,1yfnF,0.89,0.28,text 3d pdb
290,6r5qFF,3.34,0.28,text 3d pdb
291,1sfoL,2.95,0.28,text 3d pdb
292,3lpqB,3.17,0.28,text 3d pdb
293,6z6kLl,3.74,0.28,text 3d pdb
294,4p2qC,2.39,0.28,text 3d pdb
295,3lu9F,1.53,0.28,text 3d pdb
296,3eghD,3.45,0.28,text 3d pdb
297,4f1zQ,1.76,0.28,text 3d pdb
298,4l2kD,3.51,0.28,text 3d pdb
299,3ew0A,2.91,0.28,text 3d pdb
300,1cd3B,3.54,0.28,text 3d pdb
301,6zlwd,3.34,0.28,text 3d pdb
302,5lybO9,3.97,0.28,text 3d pdb
303,1p65A,3.12,0.28,text 3d pdb
304,6r87n,3.97,0.28,text 3d pdb
305,6lcqB,3.50,0.28,text 3d pdb
306,3l8lB,2.21,0.28,text 3d pdb
307,1h34A,4.07,0.28,text 3d pdb
308,5oy05,3.90,0.28,text 3d pdb
309,6mryE,3.15,0.28,text 3d pdb
310,6hixA9,3.84,0.28,text 3d pdb
311,5v93X,3.95,0.28,text 3d pdb
312,1f3jQ,2.19,0.28,text 3d pdb
313,3mb2L,4.46,0.28,text 3d pdb
314,6gq1AS,3.08,0.28,text 3d pdb
315,1p65B,3.29,0.28,text 3d pdb
316,4ajyH,1.06,0.28,text 3d pdb
317,6wrsJ,3.30,0.28,text 3d pdb
318,1c6wA,2.60,0.28,text 3d pdb
319,3m20C,4.07,0.28,text 3d pdb
320,6t83cb,3.48,0.28,text 3d pdb
321,6p4gd,3.17,0.28,text 3d pdb
322,5dgeO9,4.00,0.28,text 3d pdb
323,6r7qFF,3.03,0.28,text 3d pdb
324,2n66A,2.74,0.28,text 3d pdb
325,2e2iL,3.23,0.28,text 3d pdb
326,3reeA,2.95,0.28,text 3d pdb
327,6gz4Bc,3.51,0.28,text 3d pdb
328,4bxrD,1.84,0.28,text 3d pdb
329,4x6aL,2.96,0.28,text 3d pdb
330,3s2dL,3.01,0.28,text 3d pdb
331,1crfA,3.05,0.28,text 3d pdb
332,1zfoA,2.82,0.28,text 3d pdb
333,6rk1A,3.66,0.28,text 3d pdb
334,6g18c,3.31,0.28,text 3d pdb
335,6mryK,3.14,0.28,text 3d pdb
336,5iyaL,3.31,0.28,text 3d pdb
337,5fciO9,3.75,0.28,text 3d pdb
338,5n1mB,2.05,0.28,text 3d pdb
339,3lm1D,1.03,0.28,text 3d pdb
340,2brqC,2.49,0.28,text 3d pdb
341,3psmA,3.03,0.28,text 3d pdb
342,6p5nd,3.34,0.28,text 3d pdb
343,1yfnH,0.90,0.28,text 3d pdb
344,6tnuL,3.23,0.28,text 3d pdb
345,6z6nSc,3.49,0.28,text 3d pdb
346,6xirl,3.94,0.28,text 3d pdb
347,6em1J,3.99,0.28,text 3d pdb
348,5o61e,4.29,0.28,text 3d pdb
349,2nvzL,3.79,0.28,text 3d pdb
350,6c4iw,3.97,0.28,text 3d pdb
351,5v7q3,4.08,0.28,text 3d pdb
352,6p4hd,3.15,0.28,text 3d pdb
353,3brdD,1.24,0.28,text 3d pdb
354,6skfAy,3.44,0.28,text 3d pdb
355,1k83L,3.06,0.28,text 3d pdb
356,4p3wK,2.40,0.28,text 3d pdb
357,4ce49,2.27,0.28,text 3d pdb
358,4kp3F,1.63,0.28,text 3d pdb
359,3hvqD,3.41,0.28,text 3d pdb
360,2jx8A,3.59,0.28,text 3d pdb
361,3s14L,3.39,0.28,text 3d pdb
362,3mb2F,4.47,0.28,text 3d pdb
363,5meiAM,4.21,0.27,text 3d pdb
364,5lzwcc,3.32,0.27,text 3d pdb
365,6th6Ay,3.37,0.27,text 3d pdb
366,4u56D8,3.36,0.27,text 3d pdb
367,4by7L,3.27,0.27,text 3d pdb
368,5dgvO9,4.00,0.27,text 3d pdb
369,3jcn4,2.58,0.27,text 3d pdb
370,6sv4AL,3.52,0.27,text 3d pdb
371,6r6pFF,3.42,0.27,text 3d pdb
372,3j6bZ,3.93,0.27,text 3d pdb
373,4p3wH,2.38,0.27,text 3d pdb
374,6by1C4,3.95,0.27,text 3d pdb
375,1f8uB,3.36,0.27,text 3d pdb
376,1nikL,3.02,0.27,text 3d pdb
377,1r5uL,3.02,0.27,text 3d pdb
378,5datd8,3.34,0.27,text 3d pdb
379,1i6hL,3.02,0.27,text 3d pdb
380,1r9sL,3.02,0.27,text 3d pdb
381,3s1qL,3.91,0.27,text 3d pdb
382,4js0B,3.26,0.27,text 3d pdb
383,3jaicc,3.13,0.27,text 3d pdb
384,1jrrP,1.38,0.27,text 3d pdb
385,3s1nL,3.02,0.27,text 3d pdb
386,5iqoB,0.86,0.27,text 3d pdb
387,5m1jc2,3.17,0.27,text 3d pdb
388,3j7889,4.00,0.27,text 3d pdb
389,4u51O9,4.08,0.27,text 3d pdb
390,3jaim,3.76,0.27,text 3d pdb
391,2dwvA,3.88,0.27,text 3d pdb
392,6i7vC5,3.36,0.27,text 3d pdb
393,6t7iSc,3.31,0.27,text 3d pdb
394,5lzucc,3.31,0.27,text 3d pdb
395,6qzpSc,3.54,0.27,text 3d pdb
396,6khiP,3.66,0.27,text 3d pdb
397,3ja1L7,2.60,0.27,text 3d pdb
398,5datD8,2.84,0.27,text 3d pdb
399,6sgcd1,3.55,0.27,text 3d pdb
400,5lybD8,3.34,0.27,text 3d pdb
401,5xdiA,2.87,0.27,text 3d pdb
402,6fecl,3.46,0.27,text 3d pdb
403,4v8mBq,3.10,0.27,text 3d pdb
404,6t4qLl,3.82,0.27,text 3d pdb
405,5k0yl,3.25,0.27,text 3d pdb
406,5t1iC,0.71,0.27,text 3d pdb
407,5tgaD8,3.34,0.27,text 3d pdb
408,6dddJ,2.96,0.27,text 3d pdb
409,3j6x28,3.20,0.27,text 3d pdb
410,5xyic,3.24,0.27,text 3d pdb
411,6z6mSc,3.53,0.27,text 3d pdb
412,6t7tSc,3.15,0.27,text 3d pdb
413,6de9A,2.96,0.27,text 3d pdb
414,6hhqd8,3.34,0.27,text 3d pdb
415,4v9pCH,3.31,0.27,text 3d pdb
416,1b41B,3.55,0.27,text 3d pdb
417,5dgeD8,3.11,0.27,text 3d pdb
418,4u4oo9,3.99,0.27,text 3d pdb
419,2r13A,2.93,0.27,text 3d pdb
420,4v6wCl,3.78,0.27,text 3d pdb
421,4v7eCl,3.36,0.27,text 3d pdb
422,4u1vB4,2.37,0.27,text 3d pdb
423,4v7aB3,4.24,0.27,text 3d pdb
424,6z6lSc,3.31,0.27,text 3d pdb
425,4u4od8,3.33,0.27,text 3d pdb
426,1bx2C,2.11,0.27,text 3d pdb
427,6r6pm,3.15,0.27,text 3d pdb
428,6zmiSc,3.35,0.27,text 3d pdb
429,1m26F,1.79,0.27,text 3d pdb
430,6q95f,2.41,0.27,text 3d pdb
431,5lzscc,3.12,0.27,text 3d pdb
432,6g5hc,3.24,0.27,text 3d pdb
433,6g53c,3.24,0.27,text 3d pdb
434,6g51c,3.24,0.27,text 3d pdb
435,6skfBi,4.13,0.27,text 3d pdb
436,5iqmB,0.88,0.27,text 3d pdb
437,2m14B,1.87,0.27,text 3d pdb
438,5v7qX,3.76,0.27,text 3d pdb
439,6sntc,3.58,0.27,text 3d pdb
440,6bloL,3.28,0.27,text 3d pdb
441,4odlD,2.00,0.27,text 3d pdb
442,1jd8A,2.05,0.27,text 3d pdb
443,5on6AM,4.02,0.27,text 3d pdb
444,5jm1H,2.55,0.27,text 3d pdb
445,2p4lA,3.43,0.27,text 3d pdb
446,2xcnD,1.47,0.27,text 3d pdb
447,6tb3L,3.30,0.27,text 3d pdb
448,5u9fY,4.19,0.27,text 3d pdb
449,7bzuD,3.48,0.27,text 3d pdb
450,2rf9C,2.33,0.27,text 3d pdb
451,6zm7Sc,3.30,0.27,text 3d pdb
452,3hhzE,3.69,0.27,text 3d pdb
453,5fciD8,3.34,0.27,text 3d pdb
454,3jagl,3.71,0.27,text 3d pdb
455,6gz3Bc,3.26,0.27,text 3d pdb
456,6b3xB,1.47,0.27,text 3d pdb
457,6mryF,2.65,0.27,text 3d pdb
458,3hkzX,3.26,0.27,text 3d pdb
459,4v9mB8,3.82,0.27,text 3d pdb
460,4u4uD8,3.36,0.27,text 3d pdb
461,3hkzP,3.27,0.27,text 3d pdb
462,4p3wG,2.77,0.27,text 3d pdb
463,6r86n,3.88,0.27,text 3d pdb
464,5jutQA,3.93,0.27,text 3d pdb
465,2j5lA,3.07,0.27,text 3d pdb
466,5ujtC,2.02,0.27,text 3d pdb
467,2izqD,2.58,0.27,text 3d pdb
468,6zmoSc,3.28,0.27,text 3d pdb
469,5cjqA,4.60,0.27,text 3d pdb
470,5c4jL,3.01,0.27,text 3d pdb
471,6sv4Lc,3.30,0.27,text 3d pdb
472,5nigC,0.88,0.27,text 3d pdb
473,4u55D8,3.31,0.27,text 3d pdb
474,6muoL,1.95,0.27,text 3d pdb
475,4v8yA2,3.37,0.27,text 3d pdb
476,4v8zA2,3.37,0.27,text 3d pdb
477,4uer1,3.37,0.27,text 3d pdb
478,4v88Ac,3.37,0.27,text 3d pdb
479,5fcjO9,3.77,0.27,text 3d pdb
480,6s47Bd,3.39,0.27,text 3d pdb
481,6ww4B,3.37,0.27,text 3d pdb
482,4u50D8,3.13,0.27,text 3d pdb
483,6tclE1,3.40,0.27,text 3d pdb
484,5fcjD8,3.47,0.27,text 3d pdb
485,5lzzcc,3.33,0.27,text 3d pdb
486,2izqA,2.26,0.27,text 3d pdb
487,6zvhc,3.28,0.27,text 3d pdb
488,5ndwD8,3.37,0.27,text 3d pdb
489,4a3lL,3.27,0.27,text 3d pdb
490,5fcid8,2.94,0.27,text 3d pdb
491,4u3nD8,3.39,0.27,text 3d pdb
492,5on6d,3.35,0.27,text 3d pdb
493,5xxbk,3.86,0.27,text 3d pdb
494,6gz5Bc,3.17,0.27,text 3d pdb
495,3mb2D,4.50,0.27,text 3d pdb
496,4u4nD8,3.35,0.27,text 3d pdb
497,4u52O9,4.02,0.27,text 3d pdb
498,4v9mD7,3.98,0.27,text 3d pdb
499,1vy6D8,4.00,0.27,text 3d pdb
500,4u4ud8,3.33,0.27,text 3d pdb
501,6v3a2,4.12,0.27,text 3d pdb
502,6g4wc,3.62,0.27,text 3d pdb
503,6g4sc,3.62,0.27,text 3d pdb
504,5aj0Bc,3.33,0.27,text 3d pdb
505,2rorB,1.12,0.27,text 3d pdb
506,5ndgd8,3.38,0.27,text 3d pdb
507,2fc6A,3.41,0.27,text 3d pdb
508,4u25D4,3.29,0.27,text 3d pdb
509,6b4hB,4.05,0.27,text 3d pdb
510,3hhwC,3.68,0.27,text 3d pdb
511,4v75B3,3.90,0.27,text 3d pdb
512,4u27D4,3.29,0.27,text 3d pdb
513,3mb2J,4.34,0.27,text 3d pdb
514,5tgmD8,3.12,0.27,text 3d pdb
515,4u4qD8,3.13,0.27,text 3d pdb
516,5h5u3,3.79,0.27,text 3d pdb
517,5o60e,4.35,0.27,text 3d pdb
518,5tbwd,3.36,0.27,text 3d pdb
519,4v3pLo,3.80,0.27,text 3d pdb
520,6om0Sc,3.34,0.27,text 3d pdb
521,1ho0A,2.72,0.27,text 3d pdb
522,2pnxA,3.37,0.27,text 3d pdb
523,1wj2A,2.82,0.27,text 3d pdb
524,6wqnO,3.40,0.27,text 3d pdb
525,6acuD,3.53,0.27,text 3d pdb
526,6jq0G,2.34,0.27,text 3d pdb
527,4v5bC3,4.17,0.27,text 3d pdb
528,4u6fD8,3.37,0.27,text 3d pdb
529,6pgkc,4.06,0.27,text 3d pdb
530,6zmeSc,3.39,0.27,text 3d pdb
531,6fyyc,3.17,0.27,text 3d pdb
532,6hhqd,3.11,0.27,text 3d pdb
533,4v6wAc,3.13,0.27,text 3d pdb
534,4v6dD3,4.08,0.27,text 3d pdb
535,4v72B3,4.01,0.27,text 3d pdb
536,6zolc,3.47,0.27,text 3d pdb
537,2p09A,4.20,0.27,text 3d pdb
538,5dgfd8,3.24,0.27,text 3d pdb
539,6rbdc,3.33,0.27,text 3d pdb
540,4v77B3,3.70,0.27,text 3d pdb
541,2pmzZ,3.33,0.27,text 3d pdb
542,6wdbE,4.01,0.27,text 3d pdb
543,5obmd8,3.43,0.27,text 3d pdb
544,3ulgA,3.93,0.27,text 3d pdb
545,3dgmA,4.22,0.27,text 3d pdb
546,5dc3d8,3.19,0.27,text 3d pdb
547,3j92m,3.80,0.27,text 3d pdb
548,6zmiLl,3.71,0.27,text 3d pdb
549,3m20A,3.99,0.27,text 3d pdb
550,1fasA,3.60,0.27,text 3d pdb
551,3bfqF,0.88,0.27,text 3d pdb
552,5zf0E5,3.95,0.27,text 3d pdb
553,1jmqA,3.67,0.27,text 3d pdb
554,1mujC,2.01,0.27,text 3d pdb
555,4hlfC,3.53,0.27,text 3d pdb
556,3avrB,1.07,0.27,text 3d pdb
557,3ltdA,4.22,0.27,text 3d pdb
558,6olzBc,3.38,0.27,text 3d pdb
559,4u52d8,3.34,0.27,text 3d pdb
560,3uatB,2.22,0.27,text 3d pdb
561,3lt8A,4.25,0.27,text 3d pdb
562,3lt9A,4.25,0.27,text 3d pdb
563,6i7oL,3.33,0.27,text 3d pdb
564,6y0gSc,3.71,0.27,text 3d pdb
565,6u48C5,2.37,0.27,text 3d pdb
566,4mlfD,3.22,0.27,text 3d pdb
567,5dgvD8,3.04,0.27,text 3d pdb
568,3ltbA,4.24,0.27,text 3d pdb
569,1gjzA,3.46,0.27,text 3d pdb
570,5lzvcc,3.70,0.27,text 3d pdb
571,3jcsl,3.82,0.27,text 3d pdb
572,6ftpB,3.52,0.27,text 3d pdb
573,3m20B,4.27,0.27,text 3d pdb
574,6zojc,3.44,0.27,text 3d pdb
575,6om0m,4.02,0.27,text 3d pdb
576,6w2td,3.31,0.27,text 3d pdb
577,4qiwK,4.48,0.27,text 3d pdb
578,4qiwT,4.48,0.27,text 3d pdb
579,6t4qSc,3.70,0.27,text 3d pdb
580,6xywAD,4.14,0.27,text 3d pdb
581,2izqB,2.25,0.27,text 3d pdb
582,5mgpw,3.80,0.27,text 3d pdb
583,4u52D8,3.11,0.27,text 3d pdb
584,4v4hD3,4.46,0.27,text 3d pdb
585,6oleSc,3.65,0.27,text 3d pdb
586,6olgBc,3.29,0.27,text 3d pdb
587,4u51d8,3.17,0.27,text 3d pdb
588,6pj6m,2.36,0.27,text 3d pdb
589,4u55O9,4.16,0.27,text 3d pdb
590,3j9zL4,4.25,0.27,text 3d pdb
591,3lm1L,2.40,0.27,text 3d pdb
592,4x67J,3.51,0.27,text 3d pdb
593,6fyxc,3.35,0.27,text 3d pdb
594,6n1dBL35,4.30,0.27,text 3d pdb
595,3jctl,3.38,0.27,text 3d pdb
596,5dged8,3.18,0.27,text 3d pdb
597,1r9sJ,3.53,0.27,text 3d pdb
598,1nikJ,3.53,0.27,text 3d pdb
599,3zg9A,4.00,0.27,text 3d pdb
600,1i6hJ,3.53,0.27,text 3d pdb
601,1r5uJ,3.53,0.27,text 3d pdb
602,3ulgB,3.89,0.27,text 3d pdb
603,4u20B3,3.88,0.27,text 3d pdb
604,5ni9C,2.37,0.27,text 3d pdb
605,4u3md8,3.34,0.27,text 3d pdb
606,6q8yAL,4.01,0.27,text 3d pdb
607,6ysu4,2.84,0.27,text 3d pdb
608,3lm1J,2.42,0.27,text 3d pdb
609,2b63J,3.54,0.27,text 3d pdb
610,6q8yL,3.41,0.27,text 3d pdb
611,1f3jP,1.86,0.27,text 3d pdb
612,5flxc,3.52,0.27,text 3d pdb
613,2x4yF,0.84,0.27,text 3d pdb
614,4u56d8,3.61,0.27,text 3d pdb
615,5lzxcc,3.39,0.27,text 3d pdb
616,5n1oB,2.06,0.27,text 3d pdb
617,6mtbcc,3.16,0.27,text 3d pdb
618,6zn5d,3.47,0.26,text 3d pdb
619,5gakn,4.04,0.26,text 3d pdb
620,5kkoC,4.25,0.26,text 3d pdb
621,5dc3D8,2.94,0.26,text 3d pdb
622,5ul6M,1.88,0.26,text 3d pdb
623,4u4qd8,3.35,0.26,text 3d pdb
624,4r6oD,2.67,0.26,text 3d pdb
625,6olem,3.75,0.26,text 3d pdb
626,3ltaA,4.25,0.26,text 3d pdb
627,6m62l,4.38,0.26,text 3d pdb
628,3dgoA,4.25,0.26,text 3d pdb
629,2pmzP,3.34,0.26,text 3d pdb
630,4v88Cc,3.41,0.26,text 3d pdb
631,6w2sd,3.36,0.26,text 3d pdb
632,6mtdcc,3.14,0.26,text 3d pdb
633,4v73B3,4.21,0.26,text 3d pdb
634,3pgcC,0.60,0.26,text 3d pdb
635,6n8oy,3.43,0.26,text 3d pdb
636,3ep3B,3.19,0.26,text 3d pdb
637,5u4iw,3.86,0.26,text 3d pdb
638,6yand,3.41,0.26,text 3d pdb
639,1hi7A,4.04,0.26,text 3d pdb
640,3ltcA,4.25,0.26,text 3d pdb
641,2ckcA,3.90,0.26,text 3d pdb
642,3gtqJ,3.57,0.26,text 3d pdb
643,6atvM,0.84,0.26,text 3d pdb
644,4b60C,3.04,0.26,text 3d pdb
645,6cnbL,3.10,0.26,text 3d pdb
646,6gq1l,4.45,0.26,text 3d pdb
647,3bybC,3.79,0.26,text 3d pdb
648,6e2pC,2.77,0.26,text 3d pdb
649,5t2ao,4.20,0.26,text 3d pdb
650,5wyjSd,3.44,0.26,text 3d pdb
651,3dglA,4.25,0.26,text 3d pdb
652,1hucC,3.63,0.26,text 3d pdb
653,6z6kSc,3.24,0.26,text 3d pdb
654,6n8my,3.46,0.26,text 3d pdb
655,2oonA,3.56,0.26,text 3d pdb
656,4u25D3,3.95,0.26,text 3d pdb
657,4v68B2,3.86,0.26,text 3d pdb
658,4v51B2,3.86,0.26,text 3d pdb
659,4u4no9,3.42,0.26,text 3d pdb
660,4a93L,3.18,0.26,text 3d pdb
661,3p45J,4.00,0.26,text 3d pdb
662,1jacD,2.43,0.26,text 3d pdb
663,5lztcc,3.72,0.26,text 3d pdb
664,3j6x79,3.59,0.26,text 3d pdb
665,5dgfD8,3.45,0.26,text 3d pdb
666,6pnjE,3.21,0.26,text 3d pdb
667,6pnje,3.21,0.26,text 3d pdb
668,6pnjP,3.21,0.26,text 3d pdb
669,5datO9,3.74,0.26,text 3d pdb
670,2yu9L,3.24,0.26,text 3d pdb
671,4v7cB6,4.21,0.26,text 3d pdb
672,5oa3c,3.65,0.26,text 3d pdb
673,3k48R,2.42,0.26,text 3d pdb
674,1gjzB,3.53,0.26,text 3d pdb
675,5zz9D,2.11,0.26,text 3d pdb
676,6bsbA,3.79,0.26,text 3d pdb
677,3jcnH,3.26,0.26,text 3d pdb
678,6hiwUT,3.47,0.26,text 3d pdb
679,6qzaFFF,2.03,0.26,text 3d pdb
680,4u4nd8,3.40,0.26,text 3d pdb
681,6jeocE,3.93,0.26,text 3d pdb
682,6jeoaE,3.93,0.26,text 3d pdb
683,6jeodE,3.93,0.26,text 3d pdb
684,6jeobE,3.93,0.26,text 3d pdb
685,1sfoJ,3.53,0.26,text 3d pdb
686,5fcjd8,3.25,0.26,text 3d pdb
687,6uz7c,3.43,0.26,text 3d pdb
688,4u4yD8,3.23,0.26,text 3d pdb
689,6pfyc,4.04,0.26,text 3d pdb
690,5tgmd8,3.49,0.26,text 3d pdb
691,6gz3Al,3.60,0.26,text 3d pdb
692,4u53D8,3.54,0.26,text 3d pdb
693,6tbvL361,2.39,0.26,text 3d pdb
694,5an9H,3.89,0.26,text 3d pdb
695,6n8ny,3.43,0.26,text 3d pdb
696,4u51D8,3.52,0.26,text 3d pdb
697,4u25B4,2.36,0.26,text 3d pdb
698,4u20B4,2.38,0.26,text 3d pdb
699,5a2qc,3.66,0.26,text 3d pdb
700,3j6y28,3.16,0.26,text 3d pdb
701,4eajB,2.70,0.26,text 3d pdb
702,5t6ry,3.97,0.26,text 3d pdb
703,6hcjl3,3.75,0.26,text 3d pdb
704,1tp8F,1.84,0.26,text 3d pdb
705,6hcql3,3.75,0.26,text 3d pdb
706,6p5jd,3.33,0.26,text 3d pdb
707,3q6sE,1.94,0.26,text 3d pdb
708,5wfk3,4.19,0.26,text 3d pdb
709,4u4rD8,3.51,0.26,text 3d pdb
710,1vitJ,1.65,0.26,text 3d pdb
711,4u3mD8,3.58,0.26,text 3d pdb
712,5tbwd8,3.54,0.26,text 3d pdb
713,5dgvd8,3.39,0.26,text 3d pdb
714,4u3mo9,3.45,0.26,text 3d pdb
715,4zqyA,3.46,0.26,text 3d pdb
716,4ey8B,3.62,0.26,text 3d pdb
717,6hivUT,3.44,0.26,text 3d pdb
718,6hiyUT,3.44,0.26,text 3d pdb
719,6drdF,3.66,0.26,text 3d pdb
720,6ijjE,3.97,0.26,text 3d pdb
721,4u27B4,2.36,0.26,text 3d pdb
722,5mdwf,2.42,0.26,text 3d pdb
723,5v933,4.32,0.26,text 3d pdb
724,4u4zd8,3.12,0.26,text 3d pdb
725,6ef2s,2.97,0.26,text 3d pdb
726,6dddR,2.99,0.26,text 3d pdb
727,3zg8A,3.77,0.26,text 3d pdb
728,6v392,4.26,0.26,text 3d pdb
729,6r84n,4.24,0.26,text 3d pdb
730,3p45D,4.02,0.26,text 3d pdb
731,5it9c,3.26,0.26,text 3d pdb
732,6nu21,3.13,0.26,text 3d pdb
733,4xz1B,2.55,0.26,text 3d pdb
734,1ffjA,3.20,0.26,text 3d pdb
735,5i4lD8,3.22,0.26,text 3d pdb
736,5k5gC,3.55,0.26,text 3d pdb
737,5meid,3.55,0.26,text 3d pdb
738,2k8fB,3.15,0.26,text 3d pdb
739,4u3ud8,3.40,0.26,text 3d pdb
740,5lybo9,4.09,0.26,text 3d pdb
741,4bbrJ,3.56,0.26,text 3d pdb
742,6n8ll,3.15,0.26,text 3d pdb
743,6hd7n,4.01,0.26,text 3d pdb
744,5zep3,4.05,0.26,text 3d pdb
745,4dczB,4.30,0.26,text 3d pdb
746,5zeb6,4.05,0.26,text 3d pdb
747,5zet6,4.05,0.26,text 3d pdb
748,6mtccc,3.41,0.26,text 3d pdb
749,2e6zA,3.05,0.26,text 3d pdb
750,6i7oXL,3.41,0.26,text 3d pdb
751,4q6sC,1.30,0.26,text 3d pdb
752,6hcjd2,3.37,0.26,text 3d pdb
753,6hcqd2,3.37,0.26,text 3d pdb
754,3j9wB7,4.37,0.26,text 3d pdb
755,5kps5,4.52,0.26,text 3d pdb
756,6uyjB,1.85,0.26,text 3d pdb
757,3c6wC,3.41,0.26,text 3d pdb
758,5wxeA,2.72,0.26,text 3d pdb
759,1a81L,2.01,0.26,text 3d pdb
760,3s14J,3.55,0.26,text 3d pdb
761,2ilnI,3.09,0.26,text 3d pdb
762,4bxxJ,3.61,0.26,text 3d pdb
763,6q1xA,3.28,0.26,text 3d pdb
764,6ystv,1.78,0.26,text 3d pdb
765,6z6mLl,3.71,0.26,text 3d pdb
766,6i7oLb,3.38,0.26,text 3d pdb
767,3rzdJ,3.56,0.26,text 3d pdb
768,4a93J,3.60,0.26,text 3d pdb
769,5juuZB,3.40,0.26,text 3d pdb
770,4v6cCS,2.62,0.26,text 3d pdb
771,1qdpA,3.76,0.26,text 3d pdb
772,3jce3,4.80,0.26,text 3d pdb
773,1y39A,4.38,0.26,text 3d pdb
774,4u3uD8,3.17,0.26,text 3d pdb
775,5mc6L,3.39,0.26,text 3d pdb
776,1spwA,3.07,0.26,text 3d pdb
777,2jz2A,2.46,0.26,text 3d pdb
778,3ew0B,2.95,0.26,text 3d pdb
779,5it7ll,3.42,0.26,text 3d pdb
780,2e3fA,3.47,0.26,text 3d pdb
781,5oy0E,4.32,0.26,text 3d pdb
782,1w0tA,4.01,0.26,text 3d pdb
783,4b6hC,1.30,0.26,text 3d pdb
784,6z6nLl,3.70,0.26,text 3d pdb
785,5ju8BH,3.46,0.26,text 3d pdb
786,6gqvl,3.40,0.26,text 3d pdb
787,4v5lB8,3.86,0.26,text 3d pdb
788,2x4yD,1.60,0.26,text 3d pdb
789,4v6cD3,4.18,0.26,text 3d pdb
790,6p07G,2.23,0.26,text 3d pdb
791,6gsjQ8,3.94,0.26,text 3d pdb
792,5jcsl,4.08,0.26,text 3d pdb
793,5fl8l,4.08,0.26,text 3d pdb
794,2ipkC,2.16,0.26,text 3d pdb
795,4u56O9,3.63,0.26,text 3d pdb
796,4v6eD3,4.18,0.26,text 3d pdb
797,4v7sD3,4.18,0.26,text 3d pdb
798,4v9cD3,4.04,0.26,text 3d pdb
799,4r2yB,3.53,0.26,text 3d pdb
800,5ndwd8,3.34,0.26,text 3d pdb
801,6sv4L,3.22,0.26,text 3d pdb
802,5wnaB,2.40,0.26,text 3d pdb
803,3jamc,2.93,0.26,text 3d pdb
804,4v9nD8,4.25,0.26,text 3d pdb
805,2nvtJ,3.59,0.26,text 3d pdb
806,4v9nB8,4.26,0.26,text 3d pdb
807,2nntA,3.52,0.26,text 3d pdb
808,1mahF,3.47,0.26,text 3d pdb
809,5ndgD8,3.58,0.26,text 3d pdb
810,6ftgl,4.35,0.26,text 3d pdb
811,6ftil,4.35,0.26,text 3d pdb
812,6ftjl,4.35,0.26,text 3d pdb
813,3jahl,4.35,0.26,text 3d pdb
814,4u50d8,3.61,0.26,text 3d pdb
815,6yssv,2.04,0.26,text 3d pdb
816,6sv4Lb,3.57,0.26,text 3d pdb
817,5jteBH,3.29,0.26,text 3d pdb
818,2mvaA,2.42,0.26,text 3d pdb
819,5gaee,4.40,0.26,text 3d pdb
820,2dlmA,3.13,0.26,text 3d pdb
821,3pip1,3.70,0.26,text 3d pdb
822,4j2xB,1.22,0.26,text 3d pdb
823,6qikk,3.40,0.26,text 3d pdb
824,5el4AA,2.64,0.26,text 3d pdb
825,5iqre,4.27,0.26,text 3d pdb
826,6sv4XL,3.44,0.26,text 3d pdb
827,5ndvO9,3.68,0.26,text 3d pdb
828,3mb2B,4.49,0.26,text 3d pdb
829,5m37C,0.99,0.26,text 3d pdb
830,5h4pl,4.14,0.26,text 3d pdb
831,4v9kB8,3.72,0.26,text 3d pdb
832,5jz8B,2.18,0.26,text 3d pdb
833,3jbu7,4.42,0.26,text 3d pdb
834,4kzyc,3.31,0.26,text 3d pdb
835,4kzxc,3.31,0.26,text 3d pdb
836,4v6xAc,3.31,0.26,text 3d pdb
837,4kzzc,3.31,0.26,text 3d pdb
838,4u24B3,3.98,0.26,text 3d pdb
839,3bu6B,2.21,0.26,text 3d pdb
840,6dddO,3.59,0.26,text 3d pdb
841,6ogiE,4.12,0.26,text 3d pdb
842,6s123,4.40,0.26,text 3d pdb
843,6oj2R9,2.24,0.26,text 3d pdb
844,4u1uB3,4.20,0.26,text 3d pdb
845,5jc9C4,4.20,0.26,text 3d pdb
846,6szcA,3.32,0.26,text 3d pdb
847,6eu2J,4.18,0.26,text 3d pdb
848,5m1jl5,4.38,0.26,text 3d pdb
849,4u4rO9,3.69,0.26,text 3d pdb
850,5on6DN,3.38,0.26,text 3d pdb
851,6mtecc,3.42,0.26,text 3d pdb
852,1k9bA,3.86,0.26,text 3d pdb
853,5tgaO9,3.72,0.26,text 3d pdb
854,4wqyA9,2.98,0.26,text 3d pdb
855,5doy29,2.98,0.26,text 3d pdb
856,6z6jLl,3.33,0.25,text 3d pdb
857,4u4ro9,3.70,0.25,text 3d pdb
858,4u4rd8,3.38,0.25,text 3d pdb
859,6ot3e,4.32,0.25,text 3d pdb
860,6ouoe,4.32,0.25,text 3d pdb
861,4u53o9,3.71,0.25,text 3d pdb
862,4w2hD9,3.00,0.25,text 3d pdb
863,4u27D3,4.29,0.25,text 3d pdb
864,5j88D4,4.29,0.25,text 3d pdb
865,5j7lC4,4.22,0.25,text 3d pdb
866,5ndvD8,3.30,0.25,text 3d pdb
867,6t7iLl,3.45,0.25,text 3d pdb
868,4om4C,3.75,0.25,text 3d pdb
869,4ab0A,3.24,0.25,text 3d pdb
870,3s1mJ,3.69,0.25,text 3d pdb
871,4v8uB8,4.29,0.25,text 3d pdb
872,4u4yo9,3.75,0.25,text 3d pdb
873,7jql19,3.00,0.25,text 3d pdb
874,6hhqDN,3.69,0.25,text 3d pdb
875,6by1D4,4.45,0.25,text 3d pdb
876,4wpoA9,2.97,0.25,text 3d pdb
877,4v6zB1,3.33,0.25,text 3d pdb
878,6wdiE,4.22,0.25,text 3d pdb
879,1ps2A,4.01,0.25,text 3d pdb
880,6gqbl,3.47,0.25,text 3d pdb
881,6oliSc,3.61,0.25,text 3d pdb
882,2a9hE,3.03,0.25,text 3d pdb
883,1hfgA,3.39,0.25,text 3d pdb
884,6hgjB,3.23,0.25,text 3d pdb
885,6hggB,3.23,0.25,text 3d pdb
886,5it7c,3.50,0.25,text 3d pdb
887,6wqnQ,4.54,0.25,text 3d pdb
888,3ej3C,4.33,0.25,text 3d pdb
889,6cfk19,2.99,0.25,text 3d pdb
890,5j30R9,3.02,0.25,text 3d pdb
891,5j4c18,4.12,0.25,text 3d pdb
892,1vy4B9,3.01,0.25,text 3d pdb
893,6cae29,3.03,0.25,text 3d pdb
894,1vy5D9,3.02,0.25,text 3d pdb
895,6t7tLl,3.01,0.25,text 3d pdb
896,6zmoLl,4.04,0.25,text 3d pdb
897,4v5mB8,4.10,0.25,text 3d pdb
898,1vy6D9,3.05,0.25,text 3d pdb
899,5j3cR9,3.02,0.25,text 3d pdb
900,4u51q0,4.34,0.25,text 3d pdb
901,6cfl19,3.01,0.25,text 3d pdb
902,6y2lLl,3.44,0.25,text 3d pdb
903,4u4yq0,4.04,0.25,text 3d pdb
904,3zgaA,3.84,0.25,text 3d pdb
905,4u1vD3,4.13,0.25,text 3d pdb
906,4v7tB3,4.13,0.25,text 3d pdb
907,5wit19,3.01,0.25,text 3d pdb
908,4u56q0,3.83,0.25,text 3d pdb
909,2emxA,3.30,0.25,text 3d pdb
910,6gz5Al,3.08,0.25,text 3d pdb
911,4ihlP,1.12,0.25,text 3d pdb
912,3gtgJ,4.08,0.25,text 3d pdb
913,6n8jl,3.80,0.25,text 3d pdb
914,5vp219,2.66,0.25,text 3d pdb
915,1olhD,4.17,0.25,text 3d pdb
916,1olhA,4.17,0.25,text 3d pdb
917,1olhB,4.17,0.25,text 3d pdb
918,4u3mq0,3.82,0.25,text 3d pdb
919,3j92l,3.60,0.25,text 3d pdb
920,3gtkJ,4.16,0.25,text 3d pdb
921,4wquA9,3.02,0.25,text 3d pdb
922,4v8uD8,4.33,0.25,text 3d pdb
923,5hcp19,2.62,0.24,text 3d pdb
924,6s0z1,4.26,0.24,text 3d pdb
925,5t62y,4.36,0.24,text 3d pdb
926,3janl,3.46,0.24,text 3d pdb
927,3jajl,3.46,0.24,text 3d pdb
928,6bz7Y7,3.71,0.24,text 3d pdb
929,6bz8Y7,3.64,0.24,text 3d pdb
930,3s1qJ,3.68,0.24,text 3d pdb
931,6l06F,2.87,0.24,text 3d pdb
932,6qnrQ8,4.37,0.24,text 3d pdb
933,5lybq0,4.20,0.24,text 3d pdb
934,5li00,3.70,0.24,text 3d pdb
935,5da7E,3.07,0.24,text 3d pdb
936,6e3yP,3.41,0.24,text 3d pdb
937,4w2gD9,3.05,0.24,text 3d pdb
938,4v8bB8,4.62,0.24,text 3d pdb
939,5mrc0,3.69,0.24,text 3d pdb
940,5mre0,3.69,0.24,text 3d pdb
941,5mrf0,3.69,0.24,text 3d pdb
942,3ddtA,4.34,0.24,text 3d pdb
943,4v6nA7,3.72,0.24,text 3d pdb
944,4u27B3,4.55,0.24,text 3d pdb
945,4v5mB6,3.01,0.24,text 3d pdb
946,5w4k19,3.05,0.24,text 3d pdb
947,6o9729,2.27,0.24,text 3d pdb
948,4v9bD8,4.64,0.24,text 3d pdb
949,4v9aD8,4.60,0.24,text 3d pdb
950,6ugdG,1.74,0.24,text 3d pdb
951,5gade,4.56,0.24,text 3d pdb
952,5gafe,4.56,0.24,text 3d pdb
953,5gahe,4.56,0.24,text 3d pdb
954,5ncoe,4.56,0.24,text 3d pdb
955,5gadf,3.69,0.24,text 3d pdb
956,1mm3A,3.80,0.24,text 3d pdb
957,5gaff,3.69,0.24,text 3d pdb
958,5gahf,3.69,0.24,text 3d pdb
959,5ncof,3.69,0.24,text 3d pdb
960,2e45A,3.43,0.24,text 3d pdb
961,4z8c19,3.04,0.24,text 3d pdb
962,4y4o19,3.06,0.24,text 3d pdb
963,5czpR9,3.06,0.24,text 3d pdb
964,5v93H,3.45,0.24,text 3d pdb
965,4wqfA9,3.04,0.24,text 3d pdb
966,6spf6,3.69,0.24,text 3d pdb
967,2k9iB,4.48,0.23,text 3d pdb
968,5j30Y9,3.06,0.23,text 3d pdb
969,5dfeR9,2.90,0.23,text 3d pdb
970,6cfl18,4.86,0.23,text 3d pdb
971,4y4o29,3.06,0.23,text 3d pdb
972,5czpY9,3.06,0.23,text 3d pdb
973,3qxdC,1.76,0.23,text 3d pdb
974,4v7dA7,4.18,0.23,text 3d pdb
975,5hcq28,4.93,0.23,text 3d pdb
976,4djzH,3.32,0.23,text 3d pdb
977,4w2iD9,2.93,0.23,text 3d pdb
978,4w2iB9,2.89,0.23,text 3d pdb
979,1k91A,4.28,0.23,text 3d pdb
980,4u20D3,4.41,0.23,text 3d pdb
981,4dpgI,3.31,0.23,text 3d pdb
982,4w2gB9,2.95,0.23,text 3d pdb
983,6v3b3,3.83,0.23,text 3d pdb
984,2epbA,3.96,0.23,text 3d pdb
985,6gc03,4.54,0.23,text 3d pdb
986,4v6kAg,3.67,0.23,text 3d pdb
987,4v9rB9,2.93,0.23,text 3d pdb
988,5j4c19,2.92,0.23,text 3d pdb
989,2kjuB,3.03,0.23,text 3d pdb
990,1d5sB,3.36,0.22,text 3d pdb
991,6v3a3,3.82,0.22,text 3d pdb
992,6ndkR9,3.15,0.22,text 3d pdb
993,6wd5F,4.14,0.21,text 3d pdb
994,1vy4D9,3.44,0.21,text 3d pdb
995,2bayE,3.97,0.20,text 3d pdb
996,6ordY8,3.76,0.19,text 3d pdb
997,1h15F,1.78,0.19,text 3d pdb
998,1h15C,1.78,0.19,text 3d pdb
999,4v89AS,4.09,0.16,text 3d pdb
1000,1jarA,2.46,0.16,text 3d pdb