#,X,H,T,F,ECOD Domain,T-Group,Family,RMSD,TM-Score,TM-Align
1,3567,1,1,,e5tpnA2,MPER trimer,F_UNCLASSIFIED,3.02,0.37,text 3d pdb
2,375,1,1,164,e2n9pA1,Rubredoxin-related,zinc_ribbon_9,2.20,0.37,text 3d pdb
3,375,1,1,35,e1y1vS2,Rubredoxin-related,TFIIS_C,2.73,0.36,text 3d pdb
4,375,1,1,35,e5fmf21,Rubredoxin-related,TFIIS_C,2.73,0.36,text 3d pdb
5,377,1,1,41,e2qqeB2,LIM domain-like,TK_C,2.77,0.36,text 3d pdb
6,3567,1,1,,e5tojC2,MPER trimer,F_UNCLASSIFIED,3.11,0.35,text 3d pdb
7,377,1,1,41,e2orwA2,LIM domain-like,TK_C,3.12,0.35,text 3d pdb
8,3567,1,1,,e5tojA2,MPER trimer,F_UNCLASSIFIED,2.83,0.35,text 3d pdb
9,377,1,1,41,e2qq0B1,LIM domain-like,TK_C,3.14,0.35,text 3d pdb
10,3567,1,1,,e5tdgA3,MPER trimer,F_UNCLASSIFIED,3.07,0.35,text 3d pdb
11,377,1,1,41,e2qqeA1,LIM domain-like,TK_C,3.34,0.34,text 3d pdb
12,377,1,1,41,e2qq0A2,LIM domain-like,TK_C,3.34,0.34,text 3d pdb
13,377,1,1,41,e2orwB2,LIM domain-like,TK_C,3.31,0.33,text 3d pdb
14,922,1,1,4,e5foeB3,TSP-1 type 1 repeat,TSP_1,3.12,0.33,text 3d pdb
15,922,1,1,4,e5foeA3,TSP-1 type 1 repeat,TSP_1,3.09,0.33,text 3d pdb
16,375,1,1,48,e1gaxA6,Rubredoxin-related,MCM_OB_3,2.53,0.33,text 3d pdb
17,3087,1,1,1,e3s2qA1,Type 1 and 2,zf-CDGSH_1,2.72,0.33,text 3d pdb
18,375,1,1,48,e1ivsA7,Rubredoxin-related,MCM_OB_3,2.51,0.33,text 3d pdb
19,375,1,1,48,e1gaxB6,Rubredoxin-related,MCM_OB_3,2.53,0.32,text 3d pdb
20,375,1,1,151,e4rvdA1,Rubredoxin-related,Methyltransf_13,3.10,0.32,text 3d pdb
21,354,1,1,2,e2md0A1,Sea anemone toxin k-related,ShK,3.64,0.32,text 3d pdb
22,3109,1,1,1,e3ptaA4,CXXC domain,zf-CXXC,4.08,0.32,text 3d pdb
23,354,1,1,3,e1beiA1,Sea anemone toxin k-related,ShK_like,2.90,0.32,text 3d pdb
24,377,1,1,41,e2j87A4,LIM domain-like,TK_C,3.01,0.32,text 3d pdb
25,375,1,1,145,e6fyxk4,Rubredoxin-related,KOG0466,2.24,0.32,text 3d pdb
26,387,1,1,19,e2m36A1,omega toxin-related,Toxin_21,2.82,0.32,text 3d pdb
27,377,1,1,41,e2j87B6,LIM domain-like,TK_C,3.01,0.32,text 3d pdb
28,377,1,1,41,e2j87C4,LIM domain-like,TK_C,3.01,0.32,text 3d pdb
29,377,1,1,41,e2j87D6,LIM domain-like,TK_C,3.01,0.32,text 3d pdb
30,4,1,1,4,e1w8jB2,SH3,Myosin_N_1,3.76,0.32,text 3d pdb
31,375,1,1,151,e4rvhA1,Rubredoxin-related,Methyltransf_13,3.25,0.32,text 3d pdb
32,4,1,1,4,e1w8jC2,SH3,Myosin_N_1,3.70,0.31,text 3d pdb
33,3087,1,1,1,e4f28B2,Type 1 and 2,zf-CDGSH_1,2.75,0.31,text 3d pdb
34,3087,1,1,1,e2qh7A1,Type 1 and 2,zf-CDGSH_1,2.72,0.31,text 3d pdb
35,389,1,2,3,e2v8eA1,Complement control module/SCR domain,Sushi,3.16,0.31,text 3d pdb
36,375,1,1,88,e5ojnA2,Rubredoxin-related,SIR2_2nd,2.71,0.31,text 3d pdb
37,270,1,1,7,e5vyqB2,FMT C-terminal domain-related,PRK07579,2.60,0.31,text 3d pdb
38,375,1,1,5,e5flmL1,Rubredoxin-related,DNA_RNApol_7kD,3.11,0.31,text 3d pdb
39,3087,1,1,1,e2qh7B1,Type 1 and 2,zf-CDGSH_1,2.75,0.31,text 3d pdb
40,270,1,1,7,e5vyqA2,FMT C-terminal domain-related,PRK07579,2.63,0.31,text 3d pdb
41,330,1,1,5,e6by1AE1,dsRNA-binding domain-like,Ribosomal_S5,3.30,0.31,text 3d pdb
42,270,1,1,7,e4pzuG2,FMT C-terminal domain-related,PRK07579,2.59,0.31,text 3d pdb
43,375,1,1,5,e6blpL1,Rubredoxin-related,DNA_RNApol_7kD,3.15,0.30,text 3d pdb
44,3087,1,1,1,e4f2cB2,Type 1 and 2,zf-CDGSH_1,2.71,0.30,text 3d pdb
45,4232,1,1,6,e4wfbU1,Ribosomal protein L28,Ribosomal_L28,2.72,0.30,text 3d pdb
46,270,1,1,7,e4q12A2,FMT C-terminal domain-related,PRK07579,2.77,0.30,text 3d pdb
47,922,1,1,4,e3ghmA6,TSP-1 type 1 repeat,TSP_1,3.05,0.30,text 3d pdb
48,375,1,1,151,e4rvfA3,Rubredoxin-related,Methyltransf_13,3.27,0.30,text 3d pdb
49,330,1,1,5,e1vosE4,dsRNA-binding domain-like,Ribosomal_S5,3.28,0.30,text 3d pdb
50,330,1,1,5,e4v4gCE2,dsRNA-binding domain-like,Ribosomal_S5,3.28,0.30,text 3d pdb
51,330,1,1,5,e1voxE4,dsRNA-binding domain-like,Ribosomal_S5,3.28,0.30,text 3d pdb
52,330,1,1,5,e4v4gGE2,dsRNA-binding domain-like,Ribosomal_S5,3.28,0.30,text 3d pdb
53,330,1,1,5,e1vozE4,dsRNA-binding domain-like,Ribosomal_S5,3.28,0.30,text 3d pdb
54,330,1,1,5,e4v4gIE2,dsRNA-binding domain-like,Ribosomal_S5,3.28,0.30,text 3d pdb
55,330,1,1,5,e4v4gAE2,dsRNA-binding domain-like,Ribosomal_S5,3.28,0.30,text 3d pdb
56,330,1,1,5,e1vovE4,dsRNA-binding domain-like,Ribosomal_S5,3.28,0.30,text 3d pdb
57,330,1,1,5,e4v4gEE2,dsRNA-binding domain-like,Ribosomal_S5,3.28,0.30,text 3d pdb
58,3246,1,1,2,e2rjpD2,Disulfide-rich domain in A Disintegrin And Metalloprotease (ADAM) domain-containing proteins,KOG3538_1st,3.70,0.30,text 3d pdb
59,375,1,1,83,e1m2nB1,Rubredoxin-related,Zn-ribbon_8,2.98,0.30,text 3d pdb
60,387,1,5,3,e1mr4A1,Scorpion toxin-like,Gamma-thionin,1.47,0.30,text 3d pdb
61,376,1,3,7,e5ofbA3,FYVE/PHD zinc finger,zf-CW,3.16,0.30,text 3d pdb
62,375,1,1,5,e5m5xL1,Rubredoxin-related,DNA_RNApol_7kD,2.69,0.30,text 3d pdb
63,375,1,1,36,e1pftA1,Rubredoxin-related,TF_Zn_Ribbon,2.77,0.30,text 3d pdb
64,373,1,1,2,e1qp9C1,Zn2/Cys6 DNA-binding domain,Zn_clus,2.84,0.30,text 3d pdb
65,375,1,1,261,e3u31A3,Rubredoxin-related,SIR2_2nd_1,3.11,0.30,text 3d pdb
66,4232,1,1,6,e5nd801,Ribosomal protein L28,Ribosomal_L28,3.04,0.30,text 3d pdb
67,375,1,1,56,e3ja844,Rubredoxin-related,MCM_OB_1,3.59,0.30,text 3d pdb
68,387,1,5,3,e5kk4C1,Scorpion toxin-like,Gamma-thionin,2.08,0.30,text 3d pdb
69,377,1,1,121,e5zwo53,LIM domain-like,PHF5_1PHF5_2,3.44,0.30,text 3d pdb
70,375,1,1,5,e4y52L1,Rubredoxin-related,DNA_RNApol_7kD,3.44,0.30,text 3d pdb
71,377,1,1,121,e6g90S3,LIM domain-like,PHF5_1PHF5_2,3.43,0.30,text 3d pdb
72,377,1,1,121,e5nrlS2,LIM domain-like,PHF5_1PHF5_2,3.43,0.30,text 3d pdb
73,3087,1,1,1,e4f28A2,Type 1 and 2,zf-CDGSH_1,2.94,0.30,text 3d pdb
74,377,1,1,121,e5zwm53,LIM domain-like,PHF5_1PHF5_2,3.31,0.30,text 3d pdb
75,3109,1,1,1,e3pt6A4,CXXC domain,zf-CXXC,4.16,0.30,text 3d pdb
76,376,1,3,7,e5ofaA3,FYVE/PHD zinc finger,zf-CW,3.40,0.30,text 3d pdb
77,270,1,1,7,e4yfvA1,FMT C-terminal domain-related,PRK07579,2.82,0.30,text 3d pdb
78,375,1,1,5,e4y7nL1,Rubredoxin-related,DNA_RNApol_7kD,2.90,0.30,text 3d pdb
79,386,1,1,223,e2eoqA1,beta-beta-alpha zinc fingers,zf-C2H2_16,3.17,0.30,text 3d pdb
80,64,1,1,1,e1i5hW1,WW domain,WW,3.58,0.30,text 3d pdb
81,375,1,1,83,e4twiA1,Rubredoxin-related,Zn-ribbon_8,3.06,0.30,text 3d pdb
82,3109,1,1,1,e5exhC1,CXXC domain,zf-CXXC,3.90,0.30,text 3d pdb
83,237,1,1,13,e4l09D1,ADP-ribosylation,PARP,3.37,0.30,text 3d pdb
84,237,1,1,13,e4ui4D1,ADP-ribosylation,PARP,3.71,0.29,text 3d pdb
85,4046,1,1,2,e5a4fM2,all-beta domain in nickel-iron hydrogenase large subunit,NiFeSe_Hases_2nd,3.86,0.29,text 3d pdb
86,4046,1,1,2,e1e3dB1,all-beta domain in nickel-iron hydrogenase large subunit,NiFeSe_Hases_2nd,3.60,0.29,text 3d pdb
87,375,1,1,83,e1m2hA1,Rubredoxin-related,Zn-ribbon_8,2.75,0.29,text 3d pdb
88,922,1,1,4,e6h04B1,TSP-1 type 1 repeat,TSP_1,3.24,0.29,text 3d pdb
89,237,1,1,13,e5adsB1,ADP-ribosylation,PARP,3.40,0.29,text 3d pdb
90,3609,1,1,2,e6cfiA2,DNA repair protein RAD4 beta-hairpin domain,BHD_2,2.47,0.29,text 3d pdb
91,560,1,1,3,e2mxfA1,H-NS histone-like proteins C-terminal domain,MvaT_DBD,3.39,0.29,text 3d pdb
92,270,1,1,7,e4pzuD1,FMT C-terminal domain-related,PRK07579,2.63,0.29,text 3d pdb
93,330,1,1,5,e2z4mE1,dsRNA-binding domain-like,Ribosomal_S5,3.53,0.29,text 3d pdb
94,237,1,1,13,e5nvhJ1,ADP-ribosylation,PARP,3.38,0.29,text 3d pdb
95,375,1,1,151,e4rv9A1,Rubredoxin-related,Methyltransf_13,3.70,0.29,text 3d pdb
96,237,1,1,13,e4l0sD1,ADP-ribosylation,PARP,3.38,0.29,text 3d pdb
97,370,1,1,2,e2b0uC1,TB module/8-cys domain,PRKCSH_like,3.37,0.29,text 3d pdb
98,237,1,1,13,e5nvfI1,ADP-ribosylation,PARP,3.38,0.29,text 3d pdb
99,387,1,1,23,e2mf3A1,omega toxin-related,Toxin_28,3.14,0.29,text 3d pdb
100,922,1,1,3,e1vexA1,TSP-1 type 1 repeat,TSP_1_1,3.19,0.29,text 3d pdb
101,359,1,1,1,e2g81I1,Bowman-Birk inhibitor BBI-like,Bowman-Birk_leg,3.83,0.29,text 3d pdb
102,237,1,1,13,e4ui3D1,ADP-ribosylation,PARP,3.38,0.29,text 3d pdb
103,237,1,1,13,e5nt0D1,ADP-ribosylation,PARP,3.38,0.29,text 3d pdb
104,330,1,1,5,e5l3pe2,dsRNA-binding domain-like,Ribosomal_S5,3.29,0.29,text 3d pdb
105,270,1,1,,e4pzuA2,FMT C-terminal domain-related,F_UNCLASSIFIED,2.63,0.29,text 3d pdb
106,237,1,1,13,e5nwdI1,ADP-ribosylation,PARP,3.39,0.29,text 3d pdb
107,330,1,1,5,e2qbjE1,dsRNA-binding domain-like,Ribosomal_S5,2.92,0.29,text 3d pdb
108,919,1,1,1,e3j1171,Ribosomal protein L36,Ribosomal_L36,2.90,0.29,text 3d pdb
109,919,1,1,1,e4v6sA71,Ribosomal protein L36,Ribosomal_L36,2.90,0.29,text 3d pdb
110,330,1,1,5,e2qbhE1,dsRNA-binding domain-like,Ribosomal_S5,2.92,0.29,text 3d pdb
111,237,1,1,13,e5nwcI1,ADP-ribosylation,PARP,3.38,0.29,text 3d pdb
112,375,1,1,83,e1m2kA1,Rubredoxin-related,Zn-ribbon_8,2.77,0.29,text 3d pdb
113,706,2,1,4,e3tiqB2,G5 and E repeats in surface protein G,SasG_E,3.82,0.29,text 3d pdb
114,237,1,1,13,e4l2gD1,ADP-ribosylation,PARP,3.39,0.29,text 3d pdb
115,330,1,1,5,e2z4kE1,dsRNA-binding domain-like,Ribosomal_S5,3.55,0.29,text 3d pdb
116,237,1,1,13,e4l2kC1,ADP-ribosylation,PARP,3.46,0.29,text 3d pdb
117,237,1,1,13,e4l34D1,ADP-ribosylation,PARP,3.38,0.29,text 3d pdb
118,632,2,1,1,e4bxlB1,Bacterial immunoglobulin/albumin-binding domains,B,3.44,0.29,text 3d pdb
119,585,1,1,1,e6ft6l1,Ribosomal protein L39e,Ribosomal_L39,3.95,0.29,text 3d pdb
120,4046,1,1,2,e5jrdM4,all-beta domain in nickel-iron hydrogenase large subunit,NiFeSe_Hases_2nd,3.90,0.29,text 3d pdb
121,237,1,1,13,e5nxeI1,ADP-ribosylation,PARP,3.38,0.29,text 3d pdb
122,4046,1,1,2,e5aduM2,all-beta domain in nickel-iron hydrogenase large subunit,NiFeSe_Hases_2nd,3.91,0.29,text 3d pdb
123,375,1,1,83,e1m2jA1,Rubredoxin-related,Zn-ribbon_8,2.76,0.29,text 3d pdb
124,237,1,1,13,e5nwbD1,ADP-ribosylation,PARP,3.39,0.29,text 3d pdb
125,237,1,1,13,e4l2fD1,ADP-ribosylation,PARP,3.39,0.29,text 3d pdb
126,237,1,1,13,e4l10D1,ADP-ribosylation,PARP,3.39,0.29,text 3d pdb
127,330,1,1,5,e4v5yCE2,dsRNA-binding domain-like,Ribosomal_S5,3.53,0.29,text 3d pdb
128,237,1,1,13,e4l0bD1,ADP-ribosylation,PARP,3.50,0.29,text 3d pdb
129,4046,1,1,2,e5lryM1,all-beta domain in nickel-iron hydrogenase large subunit,NiFeSe_Hases_2nd,3.90,0.29,text 3d pdb
130,237,1,1,13,e5nt0C1,ADP-ribosylation,PARP,3.45,0.29,text 3d pdb
131,12,1,1,13,e5m9xB1,Glycosyl hydrolase domain,DUF1964,3.59,0.29,text 3d pdb
132,237,1,1,13,e4l0tC1,ADP-ribosylation,PARP,3.47,0.29,text 3d pdb
133,386,1,1,37,e6dfcA2,beta-beta-alpha zinc fingers,zf-C2H2_15,3.64,0.29,text 3d pdb
134,387,1,5,3,e5kk4B1,Scorpion toxin-like,Gamma-thionin,2.52,0.29,text 3d pdb
135,4046,1,1,2,e6fpoL2,all-beta domain in nickel-iron hydrogenase large subunit,NiFeSe_Hases_2nd,3.86,0.29,text 3d pdb
136,237,1,1,13,e4kzuC1,ADP-ribosylation,PARP,3.46,0.29,text 3d pdb
137,375,1,1,5,e3h0gX1,Rubredoxin-related,DNA_RNApol_7kD,2.97,0.29,text 3d pdb
138,375,1,1,5,e3h0gL1,Rubredoxin-related,DNA_RNApol_7kD,2.97,0.29,text 3d pdb
139,375,1,1,5,e5u0sl1,Rubredoxin-related,DNA_RNApol_7kD,2.97,0.29,text 3d pdb
140,237,1,1,13,e4l31D1,ADP-ribosylation,PARP,3.12,0.29,text 3d pdb
141,237,1,1,13,e5nsxC1,ADP-ribosylation,PARP,3.45,0.29,text 3d pdb
142,330,1,1,5,e4v55CE2,dsRNA-binding domain-like,Ribosomal_S5,2.92,0.29,text 3d pdb
143,330,1,1,5,e4v55AE2,dsRNA-binding domain-like,Ribosomal_S5,2.92,0.29,text 3d pdb
144,237,1,1,13,e4ui5D1,ADP-ribosylation,PARP,3.12,0.29,text 3d pdb
145,3657,1,1,1,e1al0B1,Scaffolding protein GPB,Phage_B,3.98,0.29,text 3d pdb
146,237,1,1,13,e4l0vD1,ADP-ribosylation,PARP,3.39,0.29,text 3d pdb
147,237,1,1,13,e4l31C1,ADP-ribosylation,PARP,3.45,0.29,text 3d pdb
148,12,1,1,13,e5manB2,Glycosyl hydrolase domain,DUF1964,3.67,0.29,text 3d pdb
149,375,1,1,5,e3po2L1,Rubredoxin-related,DNA_RNApol_7kD,2.84,0.29,text 3d pdb
150,330,1,1,5,e4v5yAE2,dsRNA-binding domain-like,Ribosomal_S5,3.55,0.29,text 3d pdb
151,706,2,1,4,e4wveA2,G5 and E repeats in surface protein G,SasG_E,3.79,0.29,text 3d pdb
152,4046,1,1,2,e6fpiL4,all-beta domain in nickel-iron hydrogenase large subunit,NiFeSe_Hases_2nd,3.85,0.29,text 3d pdb
153,387,1,5,3,e5nceA1,Scorpion toxin-like,Gamma-thionin,3.27,0.29,text 3d pdb
154,4,1,1,4,e5hmpA1,SH3,Myosin_N_1,3.90,0.29,text 3d pdb
155,585,1,1,1,e2zkr31,Ribosomal protein L39e,Ribosomal_L39,3.83,0.29,text 3d pdb
156,585,1,1,1,e4v5zB31,Ribosomal protein L39e,Ribosomal_L39,3.83,0.29,text 3d pdb
157,387,1,5,3,e4cqkE1,Scorpion toxin-like,Gamma-thionin,3.11,0.29,text 3d pdb
158,64,1,1,1,e2dk1A1,WW domain,WW,2.32,0.29,text 3d pdb
159,4046,1,1,2,e6fpoM3,all-beta domain in nickel-iron hydrogenase large subunit,NiFeSe_Hases_2nd,3.79,0.29,text 3d pdb
160,585,1,1,1,e4u56o91,Ribosomal protein L39e,Ribosomal_L39,3.97,0.29,text 3d pdb
161,585,1,1,1,e4ukjc1,Ribosomal protein L39e,Ribosomal_L39,3.97,0.29,text 3d pdb
162,237,1,1,13,e4uvpD1,ADP-ribosylation,PARP,3.51,0.29,text 3d pdb
163,237,1,1,13,e5nt4H1,ADP-ribosylation,PARP,3.47,0.29,text 3d pdb
164,12,1,1,13,e5mb2B2,Glycosyl hydrolase domain,DUF1964,3.70,0.29,text 3d pdb
165,375,1,1,83,e1iciA1,Rubredoxin-related,Zn-ribbon_8,3.00,0.29,text 3d pdb
166,4046,1,1,2,e5lmmL1,all-beta domain in nickel-iron hydrogenase large subunit,NiFeSe_Hases_2nd,3.86,0.29,text 3d pdb
167,4046,1,1,2,e6fpwM4,all-beta domain in nickel-iron hydrogenase large subunit,NiFeSe_Hases_2nd,3.79,0.29,text 3d pdb
168,11,1,1,64,e4ei5G3,Immunoglobulin/Fibronectin type III/E set domains/PapD-like,DUF1968,2.83,0.29,text 3d pdb
169,4046,1,1,2,e6g94J3,all-beta domain in nickel-iron hydrogenase large subunit,NiFeSe_Hases_2nd,4.07,0.29,text 3d pdb
170,4046,1,1,2,e5jrdL1,all-beta domain in nickel-iron hydrogenase large subunit,NiFeSe_Hases_2nd,4.14,0.29,text 3d pdb
171,706,2,1,4,e4fumA2,G5 and E repeats in surface protein G,SasG_E,3.94,0.29,text 3d pdb
172,4046,1,1,2,e6g94M1,all-beta domain in nickel-iron hydrogenase large subunit,NiFeSe_Hases_2nd,4.10,0.29,text 3d pdb
173,585,1,1,1,e2wwaO1,Ribosomal protein L39e,Ribosomal_L39,2.81,0.29,text 3d pdb
174,6173,1,1,3,e6de7G2,V1/V2 domain in HIV gp120,GP120_2nd,3.28,0.29,text 3d pdb
175,585,1,1,1,e6n8kl1,Ribosomal protein L39e,Ribosomal_L39,3.95,0.29,text 3d pdb
176,4046,1,1,2,e5a4iM1,all-beta domain in nickel-iron hydrogenase large subunit,NiFeSe_Hases_2nd,4.25,0.29,text 3d pdb
177,4046,1,1,2,e6g7rL1,all-beta domain in nickel-iron hydrogenase large subunit,NiFeSe_Hases_2nd,3.86,0.29,text 3d pdb
178,4046,1,1,2,e5a4mM1,all-beta domain in nickel-iron hydrogenase large subunit,NiFeSe_Hases_2nd,4.24,0.29,text 3d pdb
179,375,1,1,5,e3s15L1,Rubredoxin-related,DNA_RNApol_7kD,3.01,0.29,text 3d pdb
180,237,1,1,13,e4l09C1,ADP-ribosylation,PARP,3.55,0.29,text 3d pdb
181,375,1,1,5,e2e2hL1,Rubredoxin-related,DNA_RNApol_7kD,3.06,0.29,text 3d pdb
182,237,1,1,13,e4l0sC1,ADP-ribosylation,PARP,3.56,0.29,text 3d pdb
183,3109,1,1,1,e3pt6B4,CXXC domain,zf-CXXC,4.24,0.29,text 3d pdb
184,386,1,1,223,e2eowA1,beta-beta-alpha zinc fingers,zf-C2H2_16,3.47,0.29,text 3d pdb
185,3095,1,1,2,e4r11B1,E-cadherin,EUF08765,3.30,0.29,text 3d pdb
186,375,1,1,17,e2aklA2,Rubredoxin-related,PhnA_Zn_Ribbon,2.83,0.29,text 3d pdb
187,377,1,1,41,e2j9rA2,LIM domain-like,TK_C,3.72,0.29,text 3d pdb
188,237,1,1,13,e4kzuD1,ADP-ribosylation,PARP,3.50,0.29,text 3d pdb
189,4046,1,1,2,e6galM1,all-beta domain in nickel-iron hydrogenase large subunit,NiFeSe_Hases_2nd,3.86,0.29,text 3d pdb
190,237,1,1,13,e4l33C1,ADP-ribosylation,PARP,3.56,0.29,text 3d pdb
191,387,1,5,3,e5kk4D1,Scorpion toxin-like,Gamma-thionin,3.07,0.29,text 3d pdb
192,4046,1,1,2,e3uqyM1,all-beta domain in nickel-iron hydrogenase large subunit,NiFeSe_Hases_2nd,4.08,0.29,text 3d pdb
193,389,1,1,9,e5b4xB5,EGF/Laminin,FXa_inhibition,2.97,0.29,text 3d pdb
194,375,1,1,5,e4a3mL1,Rubredoxin-related,DNA_RNApol_7kD,2.90,0.29,text 3d pdb
195,237,1,1,13,e4ui6C1,ADP-ribosylation,PARP,3.55,0.29,text 3d pdb
196,237,1,1,13,e4uvpB1,ADP-ribosylation,PARP,3.53,0.29,text 3d pdb
197,237,1,1,13,e4l33D1,ADP-ribosylation,PARP,3.44,0.29,text 3d pdb
198,237,1,1,13,e4l2gC1,ADP-ribosylation,PARP,3.54,0.29,text 3d pdb
199,375,1,1,374,e1irxA4,Rubredoxin-related,tRNA-synt_1f_2nd,2.94,0.29,text 3d pdb
200,4046,1,1,2,e5a4iL4,all-beta domain in nickel-iron hydrogenase large subunit,NiFeSe_Hases_2nd,4.27,0.29,text 3d pdb
201,375,1,1,5,e5w4uL1,Rubredoxin-related,DNA_RNApol_7kD,3.14,0.29,text 3d pdb
202,4046,1,1,2,e6g94L1,all-beta domain in nickel-iron hydrogenase large subunit,NiFeSe_Hases_2nd,4.11,0.29,text 3d pdb
203,4046,1,1,2,e5a4mL2,all-beta domain in nickel-iron hydrogenase large subunit,NiFeSe_Hases_2nd,4.24,0.29,text 3d pdb
204,377,1,1,25,e2d8yA1,LIM domain-like,LIM_N_5,3.03,0.29,text 3d pdb
205,330,1,1,5,e4gaqE4,dsRNA-binding domain-like,Ribosomal_S5,3.34,0.28,text 3d pdb
206,4046,1,1,2,e6fpwL3,all-beta domain in nickel-iron hydrogenase large subunit,NiFeSe_Hases_2nd,4.25,0.28,text 3d pdb
207,2,1,1,45,e5optU1,Nucleic acid-binding proteins,Ribosomal_S28e,3.35,0.28,text 3d pdb
208,585,1,1,1,e3jyw11,Ribosomal protein L39e,Ribosomal_L39,3.93,0.28,text 3d pdb
209,585,1,1,1,e4v7hB11,Ribosomal protein L39e,Ribosomal_L39,3.93,0.28,text 3d pdb
210,237,1,1,13,e4ui5C1,ADP-ribosylation,PARP,3.56,0.28,text 3d pdb
211,375,1,1,5,e5w51L1,Rubredoxin-related,DNA_RNApol_7kD,3.14,0.28,text 3d pdb
212,386,1,1,37,e6dfaA3,beta-beta-alpha zinc fingers,zf-C2H2_15,3.94,0.28,text 3d pdb
213,12,1,1,13,e5c8bB2,Glycosyl hydrolase domain,DUF1964,3.98,0.28,text 3d pdb
214,4012,1,1,2,e6ca8A1,SSHS domain in type II DNA topoisomerase,TOPRIM_C,2.82,0.28,text 3d pdb
215,706,2,1,4,e4wveB3,G5 and E repeats in surface protein G,SasG_E,3.88,0.28,text 3d pdb
216,103,5,1,15,e4mimA3,post-HMGL domain-like,PYC_OADA_2nd_1,3.23,0.28,text 3d pdb
217,919,1,1,1,e6i7vD51,Ribosomal protein L36,Ribosomal_L36,3.40,0.28,text 3d pdb
218,375,1,1,5,e6cncL1,Rubredoxin-related,DNA_RNApol_7kD,4.00,0.28,text 3d pdb
219,375,1,1,56,e5u8s41,Rubredoxin-related,MCM_OB_1,3.48,0.28,text 3d pdb
220,375,1,1,5,e3m3yL1,Rubredoxin-related,DNA_RNApol_7kD,2.86,0.28,text 3d pdb
221,386,1,1,37,e6df9A1,beta-beta-alpha zinc fingers,zf-C2H2_15,3.91,0.28,text 3d pdb
222,386,1,1,37,e2lt7A1,beta-beta-alpha zinc fingers,zf-C2H2_15,3.88,0.28,text 3d pdb
223,375,1,1,5,e3k7aL1,Rubredoxin-related,DNA_RNApol_7kD,2.94,0.28,text 3d pdb
224,2,1,1,45,e1vxwc1,Nucleic acid-binding proteins,Ribosomal_S28e,3.44,0.28,text 3d pdb
225,2,1,1,45,e3j77281,Nucleic acid-binding proteins,Ribosomal_S28e,3.44,0.28,text 3d pdb
226,237,1,1,13,e4ui3C1,ADP-ribosylation,PARP,3.53,0.28,text 3d pdb
227,387,1,5,3,e4uj0B1,Scorpion toxin-like,Gamma-thionin,2.72,0.28,text 3d pdb
228,64,1,1,1,e2n8tA1,WW domain,WW,2.80,0.28,text 3d pdb
229,12,1,1,13,e2gdvB1,Glycosyl hydrolase domain,DUF1964,3.58,0.28,text 3d pdb
230,387,1,5,3,e6mryI1,Scorpion toxin-like,Gamma-thionin,3.12,0.28,text 3d pdb
231,375,1,1,5,e2nvqL1,Rubredoxin-related,DNA_RNApol_7kD,3.06,0.28,text 3d pdb
232,6173,1,1,3,e6marC2,V1/V2 domain in HIV gp120,GP120_2nd,3.79,0.28,text 3d pdb
233,375,1,1,5,e5ip9L1,Rubredoxin-related,DNA_RNApol_7kD,3.33,0.28,text 3d pdb
234,10,2,1,213,e3jbc41,Nucleoplasmin-like/VP (viral coat and capsid proteins),Pico_P1A_N,3.75,0.28,text 3d pdb
235,237,1,1,13,e5nwbC1,ADP-ribosylation,PARP,3.58,0.28,text 3d pdb
236,919,1,1,1,e6bu8341,Ribosomal protein L36,Ribosomal_L36,2.45,0.28,text 3d pdb
237,3163,1,1,5,e2l14B1,p53 transactivation domain,P53_TAD,4.18,0.28,text 3d pdb
238,375,1,1,35,e5xogI2,Rubredoxin-related,TFIIS_C,2.85,0.28,text 3d pdb
239,237,1,1,13,e4ui4C1,ADP-ribosylation,PARP,3.28,0.28,text 3d pdb
240,386,1,1,37,e4f6mA1,beta-beta-alpha zinc fingers,zf-C2H2_15,3.63,0.28,text 3d pdb
241,354,1,1,2,e6driA1,Sea anemone toxin k-related,ShK,3.31,0.28,text 3d pdb
242,330,1,1,5,e2ow8f4,dsRNA-binding domain-like,Ribosomal_S5,2.93,0.28,text 3d pdb
243,330,1,1,5,e4v4if2,dsRNA-binding domain-like,Ribosomal_S5,2.93,0.28,text 3d pdb
244,4012,1,1,2,e5zadA2,SSHS domain in type II DNA topoisomerase,TOPRIM_C,2.85,0.28,text 3d pdb
245,375,1,1,5,e3gtjL1,Rubredoxin-related,DNA_RNApol_7kD,3.11,0.28,text 3d pdb
246,64,1,1,1,e2dwvB1,WW domain,WW,3.62,0.28,text 3d pdb
247,237,1,1,13,e4l32C1,ADP-ribosylation,PARP,3.56,0.28,text 3d pdb
248,386,1,1,37,e6df5A2,beta-beta-alpha zinc fingers,zf-C2H2_15,3.96,0.28,text 3d pdb
249,375,1,1,83,e1m2nA1,Rubredoxin-related,Zn-ribbon_8,3.10,0.28,text 3d pdb
250,237,1,1,13,e5nxeH1,ADP-ribosylation,PARP,3.60,0.28,text 3d pdb
251,375,1,1,151,e4rvgA1,Rubredoxin-related,Methyltransf_13,3.62,0.28,text 3d pdb
252,1,1,7,21,e5ganC5,Alanine racemase-C,GTP_EFTU_D2_2,3.28,0.28,text 3d pdb
253,10,2,1,213,e3jbe41,Nucleoplasmin-like/VP (viral coat and capsid proteins),Pico_P1A_N,3.75,0.28,text 3d pdb
254,375,1,1,5,e3s1mL1,Rubredoxin-related,DNA_RNApol_7kD,3.05,0.28,text 3d pdb
255,376,1,1,32,e4xi6A2,RING/U-box,ZZ,3.02,0.28,text 3d pdb
256,376,1,1,32,e4xibA5,RING/U-box,ZZ,3.02,0.28,text 3d pdb
257,325,1,1,29,e3votA4,CO dehydrogenase molybdoprotein N-domain-like,EUF08551,3.47,0.28,text 3d pdb
258,4046,1,1,2,e5lryL4,all-beta domain in nickel-iron hydrogenase large subunit,NiFeSe_Hases_2nd,4.00,0.28,text 3d pdb
259,359,1,1,1,e1h34A1,Bowman-Birk inhibitor BBI-like,Bowman-Birk_leg,4.07,0.28,text 3d pdb
260,6173,1,1,3,e5viyD3,V1/V2 domain in HIV gp120,GP120_2nd,3.61,0.28,text 3d pdb
261,387,1,1,9,e1azhA1,omega toxin-related,CBM_1,3.36,0.28,text 3d pdb
262,387,1,5,3,e1n4nA1,Scorpion toxin-like,Gamma-thionin,2.23,0.28,text 3d pdb
263,387,1,5,3,e4aazA1,Scorpion toxin-like,Gamma-thionin,2.57,0.28,text 3d pdb
264,375,1,1,5,e3s16L1,Rubredoxin-related,DNA_RNApol_7kD,3.08,0.28,text 3d pdb
265,4,1,1,113,e6bogA4,SH3,PRK04914_1st,2.56,0.28,text 3d pdb
266,6173,1,1,3,e6ch8G2,V1/V2 domain in HIV gp120,GP120_2nd,3.44,0.28,text 3d pdb
267,919,1,1,1,e6hivA91,Ribosomal protein L36,Ribosomal_L36,3.82,0.28,text 3d pdb
268,10,2,1,213,e1hxs41,Nucleoplasmin-like/VP (viral coat and capsid proteins),Pico_P1A_N,3.57,0.28,text 3d pdb
269,10,2,1,213,e3j9f41,Nucleoplasmin-like/VP (viral coat and capsid proteins),Pico_P1A_N,3.57,0.28,text 3d pdb
270,10,2,1,213,e3j6941,Nucleoplasmin-like/VP (viral coat and capsid proteins),Pico_P1A_N,3.57,0.28,text 3d pdb
271,376,1,1,32,e4xi7A5,RING/U-box,ZZ,3.02,0.28,text 3d pdb
272,4046,1,1,2,e5aduL3,all-beta domain in nickel-iron hydrogenase large subunit,NiFeSe_Hases_2nd,4.01,0.28,text 3d pdb
273,10,2,1,213,e3jbg41,Nucleoplasmin-like/VP (viral coat and capsid proteins),Pico_P1A_N,3.56,0.28,text 3d pdb
274,375,1,1,5,e3rzoL1,Rubredoxin-related,DNA_RNApol_7kD,3.09,0.28,text 3d pdb
275,7016,1,1,,e6bmmB3,Palmitoyltransferase DHHC C-terminal domain,F_UNCLASSIFIED,4.57,0.28,text 3d pdb
276,10,2,1,213,e3jbd41,Nucleoplasmin-like/VP (viral coat and capsid proteins),Pico_P1A_N,3.75,0.28,text 3d pdb
277,7,1,1,9,e3eggD1,PDZ domain,KOG1945,3.47,0.28,text 3d pdb
278,387,1,5,3,e6mryL1,Scorpion toxin-like,Gamma-thionin,3.12,0.28,text 3d pdb
279,922,1,1,3,e3ojyA1,TSP-1 type 1 repeat,TSP_1_1,3.47,0.28,text 3d pdb
280,375,1,1,42,e2mxvA1,Rubredoxin-related,zf-RanBP,3.61,0.28,text 3d pdb
281,375,1,1,5,e2nvyL1,Rubredoxin-related,DNA_RNApol_7kD,3.09,0.28,text 3d pdb
282,375,1,1,5,e1sfoL1,Rubredoxin-related,DNA_RNApol_7kD,2.95,0.28,text 3d pdb
283,3087,1,1,1,e3lpqB1,Type 1 and 2,zf-CDGSH_1,3.17,0.28,text 3d pdb
284,922,1,1,3,e4a5wB1,TSP-1 type 1 repeat,TSP_1_1,3.72,0.28,text 3d pdb
285,7,1,1,9,e3eghD1,PDZ domain,KOG1945,3.45,0.28,text 3d pdb
286,237,1,1,13,e4l2kD1,ADP-ribosylation,PARP,3.51,0.28,text 3d pdb
287,386,1,1,37,e4f6nA3,beta-beta-alpha zinc fingers,zf-C2H2_15,3.99,0.28,text 3d pdb
288,3657,1,1,1,e1cd3B1,Scaffolding protein GPB,Phage_B,3.54,0.28,text 3d pdb
289,375,1,1,35,e2ja7I2,Rubredoxin-related,TFIIS_C,2.88,0.28,text 3d pdb
290,585,1,1,1,e5lybO91,Ribosomal protein L39e,Ribosomal_L39,3.97,0.28,text 3d pdb
291,585,1,1,,e6r87n1,Ribosomal protein L39e,F_UNCLASSIFIED,3.97,0.28,text 3d pdb
292,355,1,1,3,e5kzwA6,Trefoil/Plexin domain-like,Trefoil,2.86,0.28,text 3d pdb
293,387,1,5,3,e6mryE1,Scorpion toxin-like,Gamma-thionin,3.15,0.28,text 3d pdb
294,375,1,1,35,e2ja8I2,Rubredoxin-related,TFIIS_C,2.92,0.28,text 3d pdb
295,919,1,1,1,e6hixA91,Ribosomal protein L36,Ribosomal_L36,3.84,0.28,text 3d pdb
296,4232,1,1,6,e5v93X1,Ribosomal protein L28,Ribosomal_L28,3.95,0.28,text 3d pdb
297,315,1,1,10,e3mb2L1,Tautomerase/MIF,Tautomerase_like,4.46,0.28,text 3d pdb
298,2,1,1,45,e6gq1AS1,Nucleic acid-binding proteins,Ribosomal_S28e,3.08,0.28,text 3d pdb
299,375,1,1,48,e5iy0F2,Rubredoxin-related,MCM_OB_3,2.52,0.28,text 3d pdb
300,375,1,1,48,e5iy0A3,Rubredoxin-related,MCM_OB_3,2.52,0.28,text 3d pdb
301,386,1,1,37,e6dfbA3,beta-beta-alpha zinc fingers,zf-C2H2_15,3.69,0.28,text 3d pdb
302,387,1,1,22,e1c6wA1,omega toxin-related,Toxin_27,2.60,0.28,text 3d pdb
303,3529,1,1,1,e2zv5f25,Major vault protein (MVP) structural repeat domain,Vault,3.29,0.28,text 3d pdb
304,3529,1,1,1,e4v60f5,Major vault protein (MVP) structural repeat domain,Vault,3.29,0.28,text 3d pdb
305,389,1,1,32,e3b4vC1,EGF/Laminin,FOLN_like,2.58,0.28,text 3d pdb
306,4053,1,1,1,e4xr1A1,Insertion domain in replication terminator protein (Tus),Ter_2nd,3.67,0.28,text 3d pdb
307,387,1,5,6,e2n66A1,Scorpion toxin-like,SLR1-BP,2.74,0.28,text 3d pdb
308,375,1,1,5,e2e2iL1,Rubredoxin-related,DNA_RNApol_7kD,3.23,0.28,text 3d pdb
309,375,1,1,35,e2ja6I2,Rubredoxin-related,TFIIS_C,3.00,0.28,text 3d pdb
310,3087,1,1,1,e3reeA1,Type 1 and 2,zf-CDGSH_1,2.95,0.28,text 3d pdb
311,2,1,1,45,e6gz4Bc1,Nucleic acid-binding proteins,Ribosomal_S28e,3.51,0.28,text 3d pdb
312,375,1,1,5,e4x6aL1,Rubredoxin-related,DNA_RNApol_7kD,2.96,0.28,text 3d pdb
313,375,1,1,5,e3s2dL1,Rubredoxin-related,DNA_RNApol_7kD,3.01,0.28,text 3d pdb
314,382,1,1,3,e1crfA1,Snake toxin-like,Toxin_TOLIP,3.05,0.28,text 3d pdb
315,2,1,1,45,e6g18c1,Nucleic acid-binding proteins,Ribosomal_S28e,3.31,0.28,text 3d pdb
316,387,1,5,3,e6mryK1,Scorpion toxin-like,Gamma-thionin,3.14,0.28,text 3d pdb
317,375,1,1,5,e5iyaL1,Rubredoxin-related,DNA_RNApol_7kD,3.31,0.28,text 3d pdb
318,3529,1,1,1,e2zuoA4,Major vault protein (MVP) structural repeat domain,Vault,3.32,0.28,text 3d pdb
319,3529,1,1,1,e4v60A8,Major vault protein (MVP) structural repeat domain,Vault,3.32,0.28,text 3d pdb
320,387,1,1,158,e5irxF1,omega toxin-related,EUF08715,3.67,0.28,text 3d pdb
321,387,1,1,158,e5irxE1,omega toxin-related,EUF08715,3.68,0.28,text 3d pdb
322,387,1,5,3,e3psmA1,Scorpion toxin-like,Gamma-thionin,3.03,0.28,text 3d pdb
323,375,1,1,5,e2nvzL1,Rubredoxin-related,DNA_RNApol_7kD,3.79,0.28,text 3d pdb
324,389,1,2,4,e1nwvA1,Complement control module/SCR domain,Sushi_3,4.31,0.28,text 3d pdb
325,4281,1,1,1,e5v7q31,Ribosomal protein L35p,Ribosomal_L35p,4.08,0.28,text 3d pdb
326,10,2,1,213,e3j6a41,Nucleoplasmin-like/VP (viral coat and capsid proteins),Pico_P1A_N,3.47,0.28,text 3d pdb
327,221,13,1,,e6c5wA2,Mitochondrial calcium uniporter N-terminal domain,F_UNCLASSIFIED,3.41,0.28,text 3d pdb
328,375,1,1,5,e1k83L1,Rubredoxin-related,DNA_RNApol_7kD,3.06,0.28,text 3d pdb
329,375,1,1,143,e3jr3A4,Rubredoxin-related,SIR2_2nd_2,3.73,0.28,text 3d pdb
330,919,1,1,1,e4ce491,Ribosomal protein L36,Ribosomal_L36,2.27,0.28,text 3d pdb
331,4053,1,1,1,e4xr0A1,Insertion domain in replication terminator protein (Tus),Ter_2nd,3.91,0.28,text 3d pdb
332,64,1,1,1,e2jx8A1,WW domain,WW,3.59,0.28,text 3d pdb
333,375,1,1,5,e3s14L1,Rubredoxin-related,DNA_RNApol_7kD,3.39,0.28,text 3d pdb
334,315,1,1,10,e3mb2F1,Tautomerase/MIF,Tautomerase_like,4.47,0.28,text 3d pdb
335,2,1,1,45,e5lzwcc1,Nucleic acid-binding proteins,Ribosomal_S28e,3.32,0.27,text 3d pdb
336,2,1,1,45,e4u56D81,Nucleic acid-binding proteins,Ribosomal_S28e,3.36,0.27,text 3d pdb
337,2,1,1,45,e4ukfd1,Nucleic acid-binding proteins,Ribosomal_S28e,3.36,0.27,text 3d pdb
338,375,1,1,5,e4by7L1,Rubredoxin-related,DNA_RNApol_7kD,3.27,0.27,text 3d pdb
339,585,1,1,1,e5dgvO91,Ribosomal protein L39e,Ribosomal_L39,4.00,0.27,text 3d pdb
340,919,1,1,1,e3jcn41,Ribosomal protein L36,Ribosomal_L36,2.58,0.27,text 3d pdb
341,375,1,1,35,e6a5vI2,Rubredoxin-related,TFIIS_C,4.01,0.27,text 3d pdb
342,375,1,1,35,e6inqI1,Rubredoxin-related,TFIIS_C,4.01,0.27,text 3d pdb
343,375,1,1,35,e6a5tI2,Rubredoxin-related,TFIIS_C,4.01,0.27,text 3d pdb
344,375,1,1,35,e6a5uI2,Rubredoxin-related,TFIIS_C,4.01,0.27,text 3d pdb
345,375,1,1,35,e6a5rI1,Rubredoxin-related,TFIIS_C,4.01,0.27,text 3d pdb
346,375,1,1,35,e6a5lI1,Rubredoxin-related,TFIIS_C,4.01,0.27,text 3d pdb
347,4056,1,1,7,e2jesQ1,Barrel domain in upper collar protein,Phage_prot_Gp6_1st,3.39,0.27,text 3d pdb
348,377,1,1,41,e5fuyD1,LIM domain-like,TK_C,3.06,0.27,text 3d pdb
349,382,1,1,3,e1f8uB1,Snake toxin-like,Toxin_TOLIP,3.36,0.27,text 3d pdb
350,375,1,1,5,e1nikL1,Rubredoxin-related,DNA_RNApol_7kD,3.02,0.27,text 3d pdb
351,375,1,1,5,e1r5uL1,Rubredoxin-related,DNA_RNApol_7kD,3.02,0.27,text 3d pdb
352,2,1,1,45,e5datd81,Nucleic acid-binding proteins,Ribosomal_S28e,3.34,0.27,text 3d pdb
353,375,1,1,5,e1i6hL1,Rubredoxin-related,DNA_RNApol_7kD,3.02,0.27,text 3d pdb
354,375,1,1,5,e1r9sL1,Rubredoxin-related,DNA_RNApol_7kD,3.02,0.27,text 3d pdb
355,3529,1,1,1,e6bp8A5,Major vault protein (MVP) structural repeat domain,Vault,3.37,0.27,text 3d pdb
356,375,1,1,5,e3s1qL1,Rubredoxin-related,DNA_RNApol_7kD,3.91,0.27,text 3d pdb
357,2,1,1,45,e3jaicc1,Nucleic acid-binding proteins,Ribosomal_S28e,3.13,0.27,text 3d pdb
358,2,1,1,45,e5m1jc21,Nucleic acid-binding proteins,Ribosomal_S28e,3.17,0.27,text 3d pdb
359,585,1,1,1,e1vxym1,Ribosomal protein L39e,Ribosomal_L39,4.00,0.27,text 3d pdb
360,585,1,1,1,e3j78891,Ribosomal protein L39e,Ribosomal_L39,4.00,0.27,text 3d pdb
361,585,1,1,1,e4u51O91,Ribosomal protein L39e,Ribosomal_L39,4.08,0.27,text 3d pdb
362,585,1,1,1,e4ujhY1,Ribosomal protein L39e,Ribosomal_L39,4.08,0.27,text 3d pdb
363,64,1,1,1,e2dwvA1,WW domain,WW,3.88,0.27,text 3d pdb
364,919,1,1,1,e6i7vC51,Ribosomal protein L36,Ribosomal_L36,3.36,0.27,text 3d pdb
365,2,1,1,45,e5lzucc1,Nucleic acid-binding proteins,Ribosomal_S28e,3.31,0.27,text 3d pdb
366,908,1,1,1,e2j4nA4,Cellulose docking domain dockering,CBM_10,3.87,0.27,text 3d pdb
367,2,1,1,45,e6qzpSc1,Nucleic acid-binding proteins,Ribosomal_S28e,3.54,0.27,text 3d pdb
368,2,4,1,,e3fvqA2,MOP-like,F_UNCLASSIFIED,3.50,0.27,text 3d pdb
369,919,1,1,1,e3ja1L71,Ribosomal protein L36,Ribosomal_L36,2.60,0.27,text 3d pdb
370,361,1,1,4,e2vf7B3,DnaJ/Hsp40 cysteine-rich domain,UvrA,3.96,0.27,text 3d pdb
371,2,1,1,45,e5datD81,Nucleic acid-binding proteins,Ribosomal_S28e,2.84,0.27,text 3d pdb
372,395,1,1,2,e2luuA1,Midkine-related,PTN_MK_C,3.68,0.27,text 3d pdb
373,325,1,7,37,e5o66F1,Single hybrid motif,HlyD_1st,2.93,0.27,text 3d pdb
374,389,1,2,1,e5fo9C2,Complement control module/SCR domain,Sushi_4,2.84,0.27,text 3d pdb
375,2,1,1,45,e5lybD81,Nucleic acid-binding proteins,Ribosomal_S28e,3.34,0.27,text 3d pdb
376,387,1,2,1,e5xdiA1,Plant lectins/antimicrobial peptides,Chitin_bind_1,2.87,0.27,text 3d pdb
377,386,1,1,37,e6df8A3,beta-beta-alpha zinc fingers,zf-C2H2_15,3.81,0.27,text 3d pdb
378,585,1,1,1,e3zf7q1,Ribosomal protein L39e,Ribosomal_L39,3.10,0.27,text 3d pdb
379,585,1,1,1,e4v8mBq1,Ribosomal protein L39e,Ribosomal_L39,3.10,0.27,text 3d pdb
380,4056,1,1,7,e2jesY1,Barrel domain in upper collar protein,Phage_prot_Gp6_1st,3.40,0.27,text 3d pdb
381,3246,1,1,2,e2rjqA2,Disulfide-rich domain in A Disintegrin And Metalloprotease (ADAM) domain-containing proteins,KOG3538_1st,4.18,0.27,text 3d pdb
382,4056,1,1,7,e2jesI1,Barrel domain in upper collar protein,Phage_prot_Gp6_1st,3.39,0.27,text 3d pdb
383,4056,1,1,7,e2jesU1,Barrel domain in upper collar protein,Phage_prot_Gp6_1st,2.97,0.27,text 3d pdb
384,375,1,1,35,e2r93I2,Rubredoxin-related,TFIIS_C,3.25,0.27,text 3d pdb
385,2,1,1,45,e5tgaD81,Nucleic acid-binding proteins,Ribosomal_S28e,3.34,0.27,text 3d pdb
386,275,1,1,7,e4llgI22,MoeA-I/Ornithine decarboxylase-C/Reverse ferredoxin-like domain in RNA-polymerase,PRK09603,3.36,0.27,text 3d pdb
387,7016,1,1,,e6bmlB3,Palmitoyltransferase DHHC C-terminal domain,F_UNCLASSIFIED,4.44,0.27,text 3d pdb
388,4056,1,1,7,e2jesK1,Barrel domain in upper collar protein,Phage_prot_Gp6_1st,3.40,0.27,text 3d pdb
389,2,1,1,45,e1vw9d1,Nucleic acid-binding proteins,Ribosomal_S28e,3.20,0.27,text 3d pdb
390,2,1,1,45,e3j6x281,Nucleic acid-binding proteins,Ribosomal_S28e,3.20,0.27,text 3d pdb
391,2,1,1,45,e5xyic1,Nucleic acid-binding proteins,Ribosomal_S28e,3.24,0.27,text 3d pdb
392,3529,1,1,1,e2zuoK30,Major vault protein (MVP) structural repeat domain,Vault,3.15,0.27,text 3d pdb
393,3529,1,1,1,e4v60K9,Major vault protein (MVP) structural repeat domain,Vault,3.15,0.27,text 3d pdb
394,3087,1,1,1,e6de9A1,Type 1 and 2,zf-CDGSH_1,2.96,0.27,text 3d pdb
395,389,1,2,4,e2qzhA2,Complement control module/SCR domain,Sushi_3,3.39,0.27,text 3d pdb
396,2,1,1,45,e6hhqd81,Nucleic acid-binding proteins,Ribosomal_S28e,3.34,0.27,text 3d pdb
397,4076,1,1,5,e4kj7H1,L9 N-domain-like,Ribosomal_L9_N,3.31,0.27,text 3d pdb
398,4076,1,1,5,e4v9pCH1,L9 N-domain-like,Ribosomal_L9_N,3.31,0.27,text 3d pdb
399,1029,1,1,1,e6ah0D2,Pre-mRNA-splicing helicase BRR2 NC-clamp,KOG0951_2nd,3.14,0.27,text 3d pdb
400,382,1,1,3,e1b41B1,Snake toxin-like,Toxin_TOLIP,3.55,0.27,text 3d pdb
401,6070,1,1,2,e6ffyA2,Sortilin C-terminal domain,Sortilin_C_1st,3.95,0.27,text 3d pdb
402,2,1,1,45,e5dgeD81,Nucleic acid-binding proteins,Ribosomal_S28e,3.11,0.27,text 3d pdb
403,585,1,1,1,e4u4oo91,Ribosomal protein L39e,Ribosomal_L39,3.99,0.27,text 3d pdb
404,585,1,1,1,e4ul3d1,Ribosomal protein L39e,Ribosomal_L39,3.99,0.27,text 3d pdb
405,3087,1,1,1,e2r13A1,Type 1 and 2,zf-CDGSH_1,2.93,0.27,text 3d pdb
406,585,1,1,1,e3j39l1,Ribosomal protein L39e,Ribosomal_L39,3.78,0.27,text 3d pdb
407,585,1,1,1,e4v6wCl1,Ribosomal protein L39e,Ribosomal_L39,3.78,0.27,text 3d pdb
408,585,1,1,1,e3j61l1,Ribosomal protein L39e,Ribosomal_L39,3.36,0.27,text 3d pdb
409,585,1,1,1,e4v7eCl1,Ribosomal protein L39e,Ribosomal_L39,3.36,0.27,text 3d pdb
410,4281,1,1,1,e3j5k31,Ribosomal protein L35p,Ribosomal_L35p,4.24,0.27,text 3d pdb
411,4281,1,1,1,e4v7aB31,Ribosomal protein L35p,Ribosomal_L35p,4.24,0.27,text 3d pdb
412,4056,1,1,7,e2jesA2,Barrel domain in upper collar protein,Phage_prot_Gp6_1st,3.00,0.27,text 3d pdb
413,2,1,1,45,e4u4od81,Nucleic acid-binding proteins,Ribosomal_S28e,3.33,0.27,text 3d pdb
414,2,1,1,45,e4ul2C1,Nucleic acid-binding proteins,Ribosomal_S28e,3.33,0.27,text 3d pdb
415,2,1,1,45,e5lzscc1,Nucleic acid-binding proteins,Ribosomal_S28e,3.12,0.27,text 3d pdb
416,2,1,1,45,e6g5hc1,Nucleic acid-binding proteins,Ribosomal_S28e,3.24,0.27,text 3d pdb
417,2,1,1,45,e6g53c1,Nucleic acid-binding proteins,Ribosomal_S28e,3.24,0.27,text 3d pdb
418,2,1,1,45,e6g51c1,Nucleic acid-binding proteins,Ribosomal_S28e,3.24,0.27,text 3d pdb
419,375,14,1,,e4cqnD4,Rubredoxin-like domain in leucyl-tRNA synthetase (LS1),F_UNCLASSIFIED,2.89,0.27,text 3d pdb
420,330,1,1,5,e3i1sE1,dsRNA-binding domain-like,Ribosomal_S5,3.13,0.27,text 3d pdb
421,330,1,1,5,e4v6dCE2,dsRNA-binding domain-like,Ribosomal_S5,3.13,0.27,text 3d pdb
422,4232,1,1,6,e5v7qX1,Ribosomal protein L28,Ribosomal_L28,3.76,0.27,text 3d pdb
423,375,1,1,5,e6bloL1,Rubredoxin-related,DNA_RNApol_7kD,3.28,0.27,text 3d pdb
424,386,1,1,37,e5vmwA1,beta-beta-alpha zinc fingers,zf-C2H2_15,3.93,0.27,text 3d pdb
425,376,1,3,4,e5b77A2,FYVE/PHD zinc finger,PHD,3.53,0.27,text 3d pdb
426,3529,1,1,1,e2zv4Y30,Major vault protein (MVP) structural repeat domain,Vault,3.17,0.27,text 3d pdb
427,3529,1,1,1,e4v60Y9,Major vault protein (MVP) structural repeat domain,Vault,3.17,0.27,text 3d pdb
428,375,1,1,48,e4ywlG1,Rubredoxin-related,MCM_OB_3,2.79,0.27,text 3d pdb
429,359,1,1,1,e1tabI1,Bowman-Birk inhibitor BBI-like,Bowman-Birk_leg,2.78,0.27,text 3d pdb
430,585,1,1,1,e5on6AM1,Ribosomal protein L39e,Ribosomal_L39,4.02,0.27,text 3d pdb
431,3533,1,1,1,e2p4lA1,I-superfamily conotoxin r11a,Toxin_19,3.43,0.27,text 3d pdb
432,4999,1,1,1,e2ox7D1,YopX C-terminal domain-like,YopX_C,3.34,0.27,text 3d pdb
433,4056,1,1,7,e2jesG1,Barrel domain in upper collar protein,Phage_prot_Gp6_1st,3.01,0.27,text 3d pdb
434,375,1,1,48,e4ywlJ2,Rubredoxin-related,MCM_OB_3,2.80,0.27,text 3d pdb
435,4056,1,1,7,e2jesW1,Barrel domain in upper collar protein,Phage_prot_Gp6_1st,2.99,0.27,text 3d pdb
436,2,1,1,45,e5fciD81,Nucleic acid-binding proteins,Ribosomal_S28e,3.34,0.27,text 3d pdb
437,375,1,1,48,e4ywlI3,Rubredoxin-related,MCM_OB_3,2.80,0.27,text 3d pdb
438,4056,1,1,7,e2jesS1,Barrel domain in upper collar protein,Phage_prot_Gp6_1st,2.98,0.27,text 3d pdb
439,585,1,1,1,e3jagl1,Ribosomal protein L39e,Ribosomal_L39,3.71,0.27,text 3d pdb
440,2,1,1,45,e6gz3Bc1,Nucleic acid-binding proteins,Ribosomal_S28e,3.26,0.27,text 3d pdb
441,387,1,5,3,e6mryF1,Scorpion toxin-like,Gamma-thionin,2.65,0.27,text 3d pdb
442,375,1,1,48,e4ywmD1,Rubredoxin-related,MCM_OB_3,2.67,0.27,text 3d pdb
443,2,1,1,45,e4u4uD81,Nucleic acid-binding proteins,Ribosomal_S28e,3.36,0.27,text 3d pdb
444,2,1,1,45,e4ujkd1,Nucleic acid-binding proteins,Ribosomal_S28e,3.36,0.27,text 3d pdb
445,3529,1,1,1,e2zuoI30,Major vault protein (MVP) structural repeat domain,Vault,3.36,0.27,text 3d pdb
446,3529,1,1,1,e4v60I9,Major vault protein (MVP) structural repeat domain,Vault,3.36,0.27,text 3d pdb
447,377,1,1,121,e5gm6J1,LIM domain-like,PHF5_1PHF5_2,4.03,0.27,text 3d pdb
448,4056,1,1,7,e2jesE1,Barrel domain in upper collar protein,Phage_prot_Gp6_1st,2.99,0.27,text 3d pdb
449,377,1,1,25,e1zfoA1,LIM domain-like,LIM_N_5,2.82,0.27,text 3d pdb
450,6070,1,1,2,e6fg9A5,Sortilin C-terminal domain,Sortilin_C_1st,3.72,0.27,text 3d pdb
451,585,1,1,1,e5jutQA1,Ribosomal protein L39e,Ribosomal_L39,3.93,0.27,text 3d pdb
452,375,1,1,48,e4ywmB1,Rubredoxin-related,MCM_OB_3,2.67,0.27,text 3d pdb
453,375,1,1,48,e4ywmG1,Rubredoxin-related,MCM_OB_3,2.81,0.27,text 3d pdb
454,361,1,1,4,e2vf7A4,DnaJ/Hsp40 cysteine-rich domain,UvrA,3.83,0.27,text 3d pdb
455,4056,1,1,7,e2jesM1,Barrel domain in upper collar protein,Phage_prot_Gp6_1st,3.00,0.27,text 3d pdb
456,375,12,1,5,e5lx3B1,Nicotinate phosphoribosyltransferase C-terminal domain-related,EUF08675,3.72,0.27,text 3d pdb
457,375,1,1,48,e4ywmH1,Rubredoxin-related,MCM_OB_3,2.80,0.27,text 3d pdb
458,375,1,1,5,e5c4jL1,Rubredoxin-related,DNA_RNApol_7kD,3.01,0.27,text 3d pdb
459,375,1,1,48,e4ywlF2,Rubredoxin-related,MCM_OB_3,2.81,0.27,text 3d pdb
460,2,1,1,45,e4u55D81,Nucleic acid-binding proteins,Ribosomal_S28e,3.31,0.27,text 3d pdb
461,2,1,1,45,e4ukkd1,Nucleic acid-binding proteins,Ribosomal_S28e,3.31,0.27,text 3d pdb
462,11,1,1,64,e6dfqG2,Immunoglobulin/Fibronectin type III/E set domains/PapD-like,DUF1968,3.44,0.27,text 3d pdb
463,375,1,1,48,e4ywlH3,Rubredoxin-related,MCM_OB_3,2.81,0.27,text 3d pdb
464,2,1,1,45,e4byl21,Nucleic acid-binding proteins,Ribosomal_S28e,3.37,0.27,text 3d pdb
465,2,1,1,45,e4byt21,Nucleic acid-binding proteins,Ribosomal_S28e,3.37,0.27,text 3d pdb
466,2,1,1,45,e4v8yA21,Nucleic acid-binding proteins,Ribosomal_S28e,3.37,0.27,text 3d pdb
467,2,1,1,45,e4v8zA21,Nucleic acid-binding proteins,Ribosomal_S28e,3.37,0.27,text 3d pdb
468,375,1,1,48,e4ywmE2,Rubredoxin-related,MCM_OB_3,2.67,0.27,text 3d pdb
469,2,1,1,45,e4uer11,Nucleic acid-binding proteins,Ribosomal_S28e,3.37,0.27,text 3d pdb
470,375,1,1,35,e6a5pI1,Rubredoxin-related,TFIIS_C,4.12,0.27,text 3d pdb
471,375,1,1,35,e6a5oI1,Rubredoxin-related,TFIIS_C,4.12,0.27,text 3d pdb
472,2,1,1,45,e3u5cc1,Nucleic acid-binding proteins,Ribosomal_S28e,3.37,0.27,text 3d pdb
473,2,1,1,45,e4v88Ac1,Nucleic acid-binding proteins,Ribosomal_S28e,3.37,0.27,text 3d pdb
474,585,1,1,1,e5fcjO91,Ribosomal protein L39e,Ribosomal_L39,3.77,0.27,text 3d pdb
475,2,1,1,45,e4u50D81,Nucleic acid-binding proteins,Ribosomal_S28e,3.13,0.27,text 3d pdb
476,2,1,1,45,e4ulpd1,Nucleic acid-binding proteins,Ribosomal_S28e,3.13,0.27,text 3d pdb
477,2,1,1,45,e5fcjD81,Nucleic acid-binding proteins,Ribosomal_S28e,3.47,0.27,text 3d pdb
478,2,1,1,45,e5lzzcc1,Nucleic acid-binding proteins,Ribosomal_S28e,3.33,0.27,text 3d pdb
479,375,12,1,5,e5lx3A2,Nicotinate phosphoribosyltransferase C-terminal domain-related,EUF08675,3.72,0.27,text 3d pdb
480,2,1,1,45,e5ndwD81,Nucleic acid-binding proteins,Ribosomal_S28e,3.37,0.27,text 3d pdb
481,2,1,1,45,e5fcid81,Nucleic acid-binding proteins,Ribosomal_S28e,2.94,0.27,text 3d pdb
482,375,1,1,48,e4pogH2,Rubredoxin-related,MCM_OB_3,2.59,0.27,text 3d pdb
483,4053,1,1,1,e2i06A2,Insertion domain in replication terminator protein (Tus),Ter_2nd,4.16,0.27,text 3d pdb
484,2,1,1,45,e4u3nD81,Nucleic acid-binding proteins,Ribosomal_S28e,3.39,0.27,text 3d pdb
485,2,1,1,45,e4uk4d1,Nucleic acid-binding proteins,Ribosomal_S28e,3.39,0.27,text 3d pdb
486,3358,1,1,13,e5ls6A7,Zn3Cys9 preSET domain-related,KOG1079_3rd,2.88,0.27,text 3d pdb
487,2,1,1,45,e5on6d1,Nucleic acid-binding proteins,Ribosomal_S28e,3.35,0.27,text 3d pdb
488,585,1,1,1,e5xxbk1,Ribosomal protein L39e,Ribosomal_L39,3.86,0.27,text 3d pdb
489,2,1,1,45,e6gz5Bc1,Nucleic acid-binding proteins,Ribosomal_S28e,3.17,0.27,text 3d pdb
490,11,1,1,344,e3fipB4,Immunoglobulin/Fibronectin type III/E set domains/PapD-like,Usher_2nd,2.87,0.27,text 3d pdb
491,4056,1,1,7,e2jesO1,Barrel domain in upper collar protein,Phage_prot_Gp6_1st,3.02,0.27,text 3d pdb
492,315,1,1,10,e3mb2D1,Tautomerase/MIF,Tautomerase_like,4.50,0.27,text 3d pdb
493,2,1,1,45,e4u4nD81,Nucleic acid-binding proteins,Ribosomal_S28e,3.35,0.27,text 3d pdb
494,2,1,1,45,e4ukud1,Nucleic acid-binding proteins,Ribosomal_S28e,3.35,0.27,text 3d pdb
495,325,1,7,5,e2xhcA4,Single hybrid motif,Biotin_lipoyl_1,3.73,0.27,text 3d pdb
496,585,1,1,1,e4u52O91,Ribosomal protein L39e,Ribosomal_L39,4.02,0.27,text 3d pdb
497,585,1,1,1,e4ulbY1,Ribosomal protein L39e,Ribosomal_L39,4.02,0.27,text 3d pdb
498,3074,1,1,1,e4kdk71,50S ribosomal protein L34,Ribosomal_L34,3.98,0.27,text 3d pdb
499,3074,1,1,1,e4v9mD71,50S ribosomal protein L34,Ribosomal_L34,3.98,0.27,text 3d pdb
500,4053,1,1,1,e2i05A2,Insertion domain in replication terminator protein (Tus),Ter_2nd,4.10,0.27,text 3d pdb
501,2007,1,2,39,e3h5tA2,Periplasmic binding protein-like I,Peripla_BP_1_1st_1,4.25,0.27,text 3d pdb
502,2,1,1,45,e4u4ud81,Nucleic acid-binding proteins,Ribosomal_S28e,3.33,0.27,text 3d pdb
503,2,1,1,45,e4ujnC1,Nucleic acid-binding proteins,Ribosomal_S28e,3.33,0.27,text 3d pdb
504,2,1,1,45,e6g4wc1,Nucleic acid-binding proteins,Ribosomal_S28e,3.62,0.27,text 3d pdb
505,2,1,1,45,e6g4sc1,Nucleic acid-binding proteins,Ribosomal_S28e,3.62,0.27,text 3d pdb
506,2,1,1,45,e5aj0Bc1,Nucleic acid-binding proteins,Ribosomal_S28e,3.33,0.27,text 3d pdb
507,375,1,1,143,e3pdhA1,Rubredoxin-related,SIR2_2nd_2,3.16,0.27,text 3d pdb
508,2,1,1,45,e5ndgd81,Nucleic acid-binding proteins,Ribosomal_S28e,3.38,0.27,text 3d pdb
509,2,4,1,8,e4xigT1,MOP-like,PRK11000,3.03,0.27,text 3d pdb
510,919,1,1,1,e4tp741,Ribosomal protein L36,Ribosomal_L36,3.29,0.27,text 3d pdb
511,919,1,1,1,e4u25D41,Ribosomal protein L36,Ribosomal_L36,3.29,0.27,text 3d pdb
512,4281,1,1,1,e3j5a31,Ribosomal protein L35p,Ribosomal_L35p,3.90,0.27,text 3d pdb
513,4281,1,1,1,e4v75B31,Ribosomal protein L35p,Ribosomal_L35p,3.90,0.27,text 3d pdb
514,386,1,1,37,e5vmyA1,beta-beta-alpha zinc fingers,zf-C2H2_15,4.01,0.27,text 3d pdb
515,2,1,1,45,e5tgmD81,Nucleic acid-binding proteins,Ribosomal_S28e,3.12,0.27,text 3d pdb
516,6070,1,1,2,e4mslA5,Sortilin C-terminal domain,Sortilin_C_1st,4.42,0.27,text 3d pdb
517,2,1,1,45,e4u4qD81,Nucleic acid-binding proteins,Ribosomal_S28e,3.13,0.27,text 3d pdb
518,2,1,1,45,e4ul4d1,Nucleic acid-binding proteins,Ribosomal_S28e,3.13,0.27,text 3d pdb
519,2,1,1,45,e5tbwd1,Nucleic acid-binding proteins,Ribosomal_S28e,3.36,0.27,text 3d pdb
520,585,1,1,1,e3izro1,Ribosomal protein L39e,Ribosomal_L39,3.80,0.27,text 3d pdb
521,585,1,1,1,e4v3pLo1,Ribosomal protein L39e,Ribosomal_L39,3.80,0.27,text 3d pdb
522,375,12,1,5,e5lx5B3,Nicotinate phosphoribosyltransferase C-terminal domain-related,EUF08675,3.72,0.27,text 3d pdb
523,2,1,1,45,e6om0Sc1,Nucleic acid-binding proteins,Ribosomal_S28e,3.34,0.27,text 3d pdb
524,367,1,1,1,e1ho0A1,Insulin-like,Insulin,2.72,0.27,text 3d pdb
525,359,1,1,1,e1pi2A1,Bowman-Birk inhibitor BBI-like,Bowman-Birk_leg,3.81,0.27,text 3d pdb
526,376,1,3,12,e2pnxA1,FYVE/PHD zinc finger,PHD_5,3.37,0.27,text 3d pdb
527,275,1,1,7,e4llgC22,MoeA-I/Ornithine decarboxylase-C/Reverse ferredoxin-like domain in RNA-polymerase,PRK09603,3.45,0.27,text 3d pdb
528,10,2,1,327,e6acuD1,Nucleoplasmin-like/VP (viral coat and capsid proteins),Pico_P1A_CPico_P1A_N,3.53,0.27,text 3d pdb
529,4281,1,1,1,e2vhn31,Ribosomal protein L35p,Ribosomal_L35p,4.17,0.27,text 3d pdb
530,4281,1,1,1,e4v5bC31,Ribosomal protein L35p,Ribosomal_L35p,4.17,0.27,text 3d pdb
531,2,1,1,45,e4u6fD81,Nucleic acid-binding proteins,Ribosomal_S28e,3.37,0.27,text 3d pdb
532,2,1,1,45,e4ujud1,Nucleic acid-binding proteins,Ribosomal_S28e,3.37,0.27,text 3d pdb
533,375,12,1,5,e5nsdA2,Nicotinate phosphoribosyltransferase C-terminal domain-related,EUF08675,3.71,0.27,text 3d pdb
534,2,1,1,45,e6hhqd1,Nucleic acid-binding proteins,Ribosomal_S28e,3.11,0.27,text 3d pdb
535,7050,1,1,,e6cddA2,Npl4 zinc binding domain,F_UNCLASSIFIED,3.83,0.27,text 3d pdb
536,3761,1,1,3,e2yvvA2,Major tropism determinant (Mtd) trimerization domain-related,EUF07876,2.72,0.27,text 3d pdb
537,2,1,1,45,e3j38c1,Nucleic acid-binding proteins,Ribosomal_S28e,3.13,0.27,text 3d pdb
538,2,1,1,45,e4v6wAc1,Nucleic acid-binding proteins,Ribosomal_S28e,3.13,0.27,text 3d pdb
539,4281,1,1,1,e3i1t31,Ribosomal protein L35p,Ribosomal_L35p,4.08,0.27,text 3d pdb
540,4281,1,1,1,e4v6dD31,Ribosomal protein L35p,Ribosomal_L35p,4.08,0.27,text 3d pdb
541,4281,1,1,1,e3j5431,Ribosomal protein L35p,Ribosomal_L35p,4.01,0.27,text 3d pdb
542,4281,1,1,1,e4v72B31,Ribosomal protein L35p,Ribosomal_L35p,4.01,0.27,text 3d pdb
543,375,1,1,48,e4pogA2,Rubredoxin-related,MCM_OB_3,2.60,0.27,text 3d pdb
544,3761,1,1,3,e2c3fA3,Major tropism determinant (Mtd) trimerization domain-related,EUF07876,2.76,0.27,text 3d pdb
545,3781,1,1,1,e4kdkK2,Ribosomal protein L11/L12e N-terminal domain,Ribosomal_L11_N,3.95,0.27,text 3d pdb
546,3781,1,1,1,e4v9mDK1,Ribosomal protein L11/L12e N-terminal domain,Ribosomal_L11_N,3.95,0.27,text 3d pdb
547,4053,1,1,1,e4xr3A2,Insertion domain in replication terminator protein (Tus),Ter_2nd,4.17,0.27,text 3d pdb
548,2,1,1,45,e5dgfd81,Nucleic acid-binding proteins,Ribosomal_S28e,3.24,0.27,text 3d pdb
549,3529,1,1,1,e2zv5b30,Major vault protein (MVP) structural repeat domain,Vault,3.29,0.27,text 3d pdb
550,3529,1,1,1,e4v60b9,Major vault protein (MVP) structural repeat domain,Vault,3.29,0.27,text 3d pdb
551,2,1,1,,e6rbdc1,Nucleic acid-binding proteins,F_UNCLASSIFIED,3.33,0.27,text 3d pdb
552,3761,1,1,3,e2yw0A2,Major tropism determinant (Mtd) trimerization domain-related,EUF07876,2.72,0.27,text 3d pdb
553,375,1,1,48,e4pofF2,Rubredoxin-related,MCM_OB_3,2.56,0.27,text 3d pdb
554,375,1,1,48,e4pofA3,Rubredoxin-related,MCM_OB_3,2.56,0.27,text 3d pdb
555,4281,1,1,1,e3j5e31,Ribosomal protein L35p,Ribosomal_L35p,3.70,0.27,text 3d pdb
556,4281,1,1,1,e4v77B31,Ribosomal protein L35p,Ribosomal_L35p,3.70,0.27,text 3d pdb
557,375,1,1,5,e2pmzZ1,Rubredoxin-related,DNA_RNApol_7kD,3.33,0.27,text 3d pdb
558,375,12,1,5,e5lx5A2,Nicotinate phosphoribosyltransferase C-terminal domain-related,EUF08675,3.74,0.27,text 3d pdb
559,103,5,1,4,e3u6wA1,post-HMGL domain-like,PRK03739,3.89,0.27,text 3d pdb
560,4988,1,1,4,e6gxnh1,Ribosomal protein S8 C-terminal domain,Ribosomal_S8_C,3.75,0.27,text 3d pdb
561,2,1,1,45,e5obmd81,Nucleic acid-binding proteins,Ribosomal_S28e,3.43,0.27,text 3d pdb
562,2,1,1,45,e5dc3d81,Nucleic acid-binding proteins,Ribosomal_S28e,3.19,0.27,text 3d pdb
563,386,1,1,37,e5vmxA3,beta-beta-alpha zinc fingers,zf-C2H2_15,4.27,0.27,text 3d pdb
564,359,1,1,1,e1k9bA1,Bowman-Birk inhibitor BBI-like,Bowman-Birk_leg,3.73,0.27,text 3d pdb
565,69,1,1,9,e5ol7A1,Hint,Intein_splicing,2.84,0.27,text 3d pdb
566,382,1,1,3,e1fasA1,Snake toxin-like,Toxin_TOLIP,3.60,0.27,text 3d pdb
567,355,1,1,10,e5l59A8,Trefoil/Plexin domain-like,PSI_2,3.32,0.27,text 3d pdb
568,355,1,1,10,e5l56A7,Trefoil/Plexin domain-like,PSI_2,3.32,0.27,text 3d pdb
569,4,1,1,53,e5zf0E51,SH3,PSI_PsaE,3.95,0.27,text 3d pdb
570,355,1,1,10,e5l5cA8,Trefoil/Plexin domain-like,PSI_2,3.33,0.27,text 3d pdb
571,2,1,1,45,e6olzBc1,Nucleic acid-binding proteins,Ribosomal_S28e,3.38,0.27,text 3d pdb
572,3761,1,1,3,e2yx2A2,Major tropism determinant (Mtd) trimerization domain-related,EUF07876,2.73,0.27,text 3d pdb
573,361,1,1,4,e2vf8A1,DnaJ/Hsp40 cysteine-rich domain,UvrA,4.50,0.27,text 3d pdb
574,2,1,1,45,e4u52d81,Nucleic acid-binding proteins,Ribosomal_S28e,3.34,0.27,text 3d pdb
575,2,1,1,45,e4ulcC1,Nucleic acid-binding proteins,Ribosomal_S28e,3.34,0.27,text 3d pdb
576,2,1,1,45,e6i7oL1,Nucleic acid-binding proteins,Ribosomal_S28e,3.33,0.27,text 3d pdb
577,375,1,1,,e3h9cA2,Rubredoxin-related,F_UNCLASSIFIED,3.50,0.27,text 3d pdb
578,351,1,1,2,e4mlfD1,Leech antihemostatic protein,Hirudin,3.22,0.27,text 3d pdb
579,375,1,1,48,e4pofC2,Rubredoxin-related,MCM_OB_3,2.56,0.27,text 3d pdb
580,2,1,1,45,e5dgvD81,Nucleic acid-binding proteins,Ribosomal_S28e,3.04,0.27,text 3d pdb
581,221,1,1,294,e1gjzA1,Ubiquitin-like,ubiquitin_1,3.46,0.27,text 3d pdb
582,2,1,1,45,e5lzvcc1,Nucleic acid-binding proteins,Ribosomal_S28e,3.70,0.27,text 3d pdb
583,585,1,1,1,e3jcsl1,Ribosomal protein L39e,Ribosomal_L39,3.82,0.27,text 3d pdb
584,367,1,1,1,e2kju.1,Insulin-like,Insulin,3.81,0.27,text 3d pdb
585,585,1,1,1,e6om0m1,Ribosomal protein L39e,Ribosomal_L39,4.02,0.27,text 3d pdb
586,152,1,1,2,e4qiwK1,RPB6,RNA_pol_Rpb6_1,4.48,0.27,text 3d pdb
587,375,12,1,5,e6b76D2,Nicotinate phosphoribosyltransferase C-terminal domain-related,EUF08675,3.74,0.27,text 3d pdb
588,152,1,1,2,e4qiwT1,RPB6,RNA_pol_Rpb6_1,4.48,0.27,text 3d pdb
589,375,1,1,48,e4pogD2,Rubredoxin-related,MCM_OB_3,2.62,0.27,text 3d pdb
590,3529,1,1,1,e2zv4R30,Major vault protein (MVP) structural repeat domain,Vault,3.47,0.27,text 3d pdb
591,3529,1,1,1,e4v60R9,Major vault protein (MVP) structural repeat domain,Vault,3.47,0.27,text 3d pdb
592,2,1,1,45,e4u52D81,Nucleic acid-binding proteins,Ribosomal_S28e,3.11,0.27,text 3d pdb
593,2,1,1,45,e4ul9d1,Nucleic acid-binding proteins,Ribosomal_S28e,3.11,0.27,text 3d pdb
594,69,1,1,9,e5ol6A1,Hint,Intein_splicing,2.33,0.27,text 3d pdb
595,4281,1,1,1,e1vs831,Ribosomal protein L35p,Ribosomal_L35p,4.46,0.27,text 3d pdb
596,4281,1,1,1,e4v4hD31,Ribosomal protein L35p,Ribosomal_L35p,4.46,0.27,text 3d pdb
597,2,1,1,45,e6oleSc1,Nucleic acid-binding proteins,Ribosomal_S28e,3.65,0.27,text 3d pdb
598,2,1,1,45,e6olgBc1,Nucleic acid-binding proteins,Ribosomal_S28e,3.29,0.27,text 3d pdb
599,3761,1,1,3,e2dp5A2,Major tropism determinant (Mtd) trimerization domain-related,EUF07876,2.74,0.27,text 3d pdb
600,2,1,1,45,e4u51d81,Nucleic acid-binding proteins,Ribosomal_S28e,3.17,0.27,text 3d pdb
601,2,1,1,45,e4ujiC1,Nucleic acid-binding proteins,Ribosomal_S28e,3.17,0.27,text 3d pdb
602,585,1,1,1,e4u55O91,Ribosomal protein L39e,Ribosomal_L39,4.16,0.27,text 3d pdb
603,585,1,1,1,e4ukmY1,Ribosomal protein L39e,Ribosomal_L39,4.16,0.27,text 3d pdb
604,3529,1,1,1,e2zv4Z30,Major vault protein (MVP) structural repeat domain,Vault,3.29,0.27,text 3d pdb
605,3529,1,1,1,e4v60Z9,Major vault protein (MVP) structural repeat domain,Vault,3.29,0.27,text 3d pdb
606,6173,1,1,3,e6okpE3,V1/V2 domain in HIV gp120,GP120_2nd,3.32,0.27,text 3d pdb
607,4281,1,1,1,e6n1dBL351,Ribosomal protein L35p,Ribosomal_L35p,4.30,0.27,text 3d pdb
608,585,1,1,1,e3jctl1,Ribosomal protein L39e,Ribosomal_L39,3.38,0.27,text 3d pdb
609,2,1,1,45,e5dged81,Nucleic acid-binding proteins,Ribosomal_S28e,3.18,0.27,text 3d pdb
610,375,1,1,35,e3howI2,Rubredoxin-related,TFIIS_C,3.96,0.27,text 3d pdb
611,11,1,1,2544,e5iroI2,Immunoglobulin/Fibronectin type III/E set domains/PapD-like,C1-set_2,3.32,0.27,text 3d pdb
612,2,1,1,45,e4u3md81,Nucleic acid-binding proteins,Ribosomal_S28e,3.34,0.27,text 3d pdb
613,2,1,1,45,e4uk2C1,Nucleic acid-binding proteins,Ribosomal_S28e,3.34,0.27,text 3d pdb
614,585,1,1,1,e6q8yAL1,Ribosomal protein L39e,Ribosomal_L39,4.01,0.27,text 3d pdb
615,6070,1,1,2,e6fg9B5,Sortilin C-terminal domain,Sortilin_C_1st,3.76,0.27,text 3d pdb
616,2,1,1,45,e6q8yL1,Nucleic acid-binding proteins,Ribosomal_S28e,3.41,0.27,text 3d pdb
617,2,1,1,45,e5flxc1,Nucleic acid-binding proteins,Ribosomal_S28e,3.52,0.27,text 3d pdb
618,2,1,1,45,e4u56d81,Nucleic acid-binding proteins,Ribosomal_S28e,3.61,0.27,text 3d pdb
619,2,1,1,45,e4ukiC1,Nucleic acid-binding proteins,Ribosomal_S28e,3.61,0.27,text 3d pdb
620,2,1,1,45,e5lzxcc1,Nucleic acid-binding proteins,Ribosomal_S28e,3.39,0.27,text 3d pdb
621,2,1,1,45,e6mtbcc1,Nucleic acid-binding proteins,Ribosomal_S28e,3.16,0.27,text 3d pdb
622,2,1,1,45,e5dc3D81,Nucleic acid-binding proteins,Ribosomal_S28e,2.94,0.26,text 3d pdb
623,2,1,1,45,e4u4qd81,Nucleic acid-binding proteins,Ribosomal_S28e,3.35,0.26,text 3d pdb
624,2,1,1,45,e4ul7C1,Nucleic acid-binding proteins,Ribosomal_S28e,3.35,0.26,text 3d pdb
625,377,1,1,164,e5fxxB1,LIM domain-like,KOG1246_3rd,3.48,0.26,text 3d pdb
626,377,1,1,164,e5fxvB1,LIM domain-like,KOG1246_3rd,3.48,0.26,text 3d pdb
627,585,1,1,1,e6olem1,Ribosomal protein L39e,Ribosomal_L39,3.75,0.26,text 3d pdb
628,375,1,1,31,e4xnwC2,Rubredoxin-related,Rubredoxin,3.19,0.26,text 3d pdb
629,375,1,1,5,e2pmzP1,Rubredoxin-related,DNA_RNApol_7kD,3.34,0.26,text 3d pdb
630,375,1,1,35,e5x4zU1,Rubredoxin-related,TFIIS_C,4.29,0.26,text 3d pdb
631,4999,1,1,1,e2ox7C1,YopX C-terminal domain-like,YopX_C,3.14,0.26,text 3d pdb
632,2,1,1,45,e3u5gc1,Nucleic acid-binding proteins,Ribosomal_S28e,3.41,0.26,text 3d pdb
633,2,1,1,45,e4v88Cc1,Nucleic acid-binding proteins,Ribosomal_S28e,3.41,0.26,text 3d pdb
634,377,1,1,164,e5fy7B3,LIM domain-like,KOG1246_3rd,3.47,0.26,text 3d pdb
635,2,1,1,45,e6mtdcc1,Nucleic acid-binding proteins,Ribosomal_S28e,3.14,0.26,text 3d pdb
636,11,1,1,301,e6feyC2,Immunoglobulin/Fibronectin type III/E set domains/PapD-like,I-set_3,3.85,0.26,text 3d pdb
637,3529,1,1,1,e2zuoL30,Major vault protein (MVP) structural repeat domain,Vault,3.31,0.26,text 3d pdb
638,3529,1,1,1,e4v60L9,Major vault protein (MVP) structural repeat domain,Vault,3.31,0.26,text 3d pdb
639,585,1,1,1,e6n8oy1,Ribosomal protein L39e,Ribosomal_L39,3.43,0.26,text 3d pdb
640,4,1,1,53,e1psfA1,SH3,PSI_PsaE,3.89,0.26,text 3d pdb
641,355,1,1,3,e1hi7A1,Trefoil/Plexin domain-like,Trefoil,4.04,0.26,text 3d pdb
642,355,1,1,3,e3lppB6,Trefoil/Plexin domain-like,Trefoil,3.73,0.26,text 3d pdb
643,4050,1,1,6,e6f3aL2,beta-barrel domain in Capz,F_actin_cap_B_2nd,3.24,0.26,text 3d pdb
644,284,4,1,2,e3luoA2,Archaeal FKBP insertion domain,SlpA_1,2.86,0.26,text 3d pdb
645,4011,1,1,16,e3rg2J8,beta-barrel domain in acetyl-CoA synthetase-like proteins,AMP-binding_3rd,4.47,0.26,text 3d pdb
646,375,1,1,5,e6cnbL1,Rubredoxin-related,DNA_RNApol_7kD,3.10,0.26,text 3d pdb
647,375,1,1,48,e4pogI2,Rubredoxin-related,MCM_OB_3,2.63,0.26,text 3d pdb
648,585,1,1,1,e6gq1l1,Ribosomal protein L39e,Ribosomal_L39,4.45,0.26,text 3d pdb
649,384,1,1,13,e3bybC1,BPTI-like,Kunitz_BPTI,3.79,0.26,text 3d pdb
650,2,1,1,45,e5wyjSd1,Nucleic acid-binding proteins,Ribosomal_S28e,3.44,0.26,text 3d pdb
651,375,12,1,5,e5wi1B2,Nicotinate phosphoribosyltransferase C-terminal domain-related,EUF08675,3.74,0.26,text 3d pdb
652,386,1,1,37,e5vmzA1,beta-beta-alpha zinc fingers,zf-C2H2_15,4.08,0.26,text 3d pdb
653,377,1,1,164,e5fxzB3,LIM domain-like,KOG1246_3rd,3.49,0.26,text 3d pdb
654,585,1,1,1,e6n8my1,Ribosomal protein L39e,Ribosomal_L39,3.46,0.26,text 3d pdb
655,2,1,1,45,e5lztcc1,Nucleic acid-binding proteins,Ribosomal_S28e,3.72,0.26,text 3d pdb
656,585,1,1,1,e1vw8m1,Ribosomal protein L39e,Ribosomal_L39,3.59,0.26,text 3d pdb
657,585,1,1,1,e3j6x791,Ribosomal protein L39e,Ribosomal_L39,3.59,0.26,text 3d pdb
658,2,1,1,45,e5dgfD81,Nucleic acid-binding proteins,Ribosomal_S28e,3.45,0.26,text 3d pdb
659,585,1,1,1,e5datO91,Ribosomal protein L39e,Ribosomal_L39,3.74,0.26,text 3d pdb
660,375,1,1,5,e2yu9L1,Rubredoxin-related,DNA_RNApol_7kD,3.24,0.26,text 3d pdb
661,386,1,1,37,e5vmuA3,beta-beta-alpha zinc fingers,zf-C2H2_15,4.29,0.26,text 3d pdb
662,221,1,1,294,e1gjzB2,Ubiquitin-like,ubiquitin_1,3.53,0.26,text 3d pdb
663,367,1,1,1,e1iglA1,Insulin-like,Insulin,3.64,0.26,text 3d pdb
664,2,1,1,45,e4u4nd81,Nucleic acid-binding proteins,Ribosomal_S28e,3.40,0.26,text 3d pdb
665,2,1,1,45,e4ukxC1,Nucleic acid-binding proteins,Ribosomal_S28e,3.40,0.26,text 3d pdb
666,637,1,1,2,e6hd7T2,Ribosomal protein L19 (L19e) N-terminal domain,Ribosomal_L19e_N,4.11,0.26,text 3d pdb
667,355,1,1,3,e2pspB2,Trefoil/Plexin domain-like,Trefoil,3.77,0.26,text 3d pdb
668,2,1,1,45,e5fcjd81,Nucleic acid-binding proteins,Ribosomal_S28e,3.25,0.26,text 3d pdb
669,386,1,1,55,e2epsA1,beta-beta-alpha zinc fingers,zf-C2H2_1,2.74,0.26,text 3d pdb
670,2,1,1,45,e4u4yD81,Nucleic acid-binding proteins,Ribosomal_S28e,3.23,0.26,text 3d pdb
671,2,1,1,45,e4uled1,Nucleic acid-binding proteins,Ribosomal_S28e,3.23,0.26,text 3d pdb
672,2,1,1,45,e5tgmd81,Nucleic acid-binding proteins,Ribosomal_S28e,3.49,0.26,text 3d pdb
673,375,1,1,35,e2b8kI2,Rubredoxin-related,TFIIS_C,3.07,0.26,text 3d pdb
674,375,1,1,35,e1wcmI4,Rubredoxin-related,TFIIS_C,3.07,0.26,text 3d pdb
675,375,1,1,35,e3j1nI2,Rubredoxin-related,TFIIS_C,3.07,0.26,text 3d pdb
676,585,1,1,1,e6gz3Al1,Ribosomal protein L39e,Ribosomal_L39,3.60,0.26,text 3d pdb
677,375,12,1,5,e6atbC3,Nicotinate phosphoribosyltransferase C-terminal domain-related,EUF08675,3.51,0.26,text 3d pdb
678,375,8,1,1,e2d74B2,Zinc-binding domain of translation initiation factor 2 beta,eIF-5_eIF-2B_C,3.00,0.26,text 3d pdb
679,375,12,1,5,e5wi1A2,Nicotinate phosphoribosyltransferase C-terminal domain-related,EUF08675,3.71,0.26,text 3d pdb
680,2,1,1,45,e4u53D81,Nucleic acid-binding proteins,Ribosomal_S28e,3.54,0.26,text 3d pdb
681,2,1,1,45,e4ukpd1,Nucleic acid-binding proteins,Ribosomal_S28e,3.54,0.26,text 3d pdb
682,3529,1,1,5,e2zv5i32,Major vault protein (MVP) structural repeat domain,PTZ00491_4th,4.53,0.26,text 3d pdb
683,3529,1,1,5,e4v60i2,Major vault protein (MVP) structural repeat domain,PTZ00491_4th,4.53,0.26,text 3d pdb
684,375,1,1,24,e5an9H1,Rubredoxin-related,Ribosomal_L40e,3.89,0.26,text 3d pdb
685,585,1,1,1,e6n8ny1,Ribosomal protein L39e,Ribosomal_L39,3.43,0.26,text 3d pdb
686,2,1,1,45,e4u51D81,Nucleic acid-binding proteins,Ribosomal_S28e,3.52,0.26,text 3d pdb
687,2,1,1,45,e4ujfd1,Nucleic acid-binding proteins,Ribosomal_S28e,3.52,0.26,text 3d pdb
688,919,1,1,1,e4tp541,Ribosomal protein L36,Ribosomal_L36,2.36,0.26,text 3d pdb
689,919,1,1,1,e4u25B41,Ribosomal protein L36,Ribosomal_L36,2.36,0.26,text 3d pdb
690,919,1,1,1,e4tov41,Ribosomal protein L36,Ribosomal_L36,2.38,0.26,text 3d pdb
691,919,1,1,1,e4u20B41,Ribosomal protein L36,Ribosomal_L36,2.38,0.26,text 3d pdb
692,3761,1,1,3,e3ekaA2,Major tropism determinant (Mtd) trimerization domain-related,EUF07876,3.05,0.26,text 3d pdb
693,377,1,1,164,e5fy7A2,LIM domain-like,KOG1246_3rd,3.57,0.26,text 3d pdb
694,377,1,1,164,e5fy1B3,LIM domain-like,KOG1246_3rd,3.53,0.26,text 3d pdb
695,377,1,1,164,e5fxxA3,LIM domain-like,KOG1246_3rd,3.55,0.26,text 3d pdb
696,585,1,1,1,e5t6ry1,Ribosomal protein L39e,Ribosomal_L39,3.97,0.26,text 3d pdb
697,585,1,1,1,e6hcjl31,Ribosomal protein L39e,Ribosomal_L39,3.75,0.26,text 3d pdb
698,585,1,1,1,e6hcql31,Ribosomal protein L39e,Ribosomal_L39,3.75,0.26,text 3d pdb
699,375,12,1,5,e5wi0B1,Nicotinate phosphoribosyltransferase C-terminal domain-related,EUF08675,3.76,0.26,text 3d pdb
700,2,1,1,45,e4u4rD81,Nucleic acid-binding proteins,Ribosomal_S28e,3.51,0.26,text 3d pdb
701,2,1,1,45,e4ujpd1,Nucleic acid-binding proteins,Ribosomal_S28e,3.51,0.26,text 3d pdb
702,3358,1,1,13,e5ls6J5,Zn3Cys9 preSET domain-related,KOG1079_3rd,2.44,0.26,text 3d pdb
703,2,1,1,45,e4u3mD81,Nucleic acid-binding proteins,Ribosomal_S28e,3.58,0.26,text 3d pdb
704,2,1,1,45,e4ujzd1,Nucleic acid-binding proteins,Ribosomal_S28e,3.58,0.26,text 3d pdb
705,2,1,1,45,e5tbwd81,Nucleic acid-binding proteins,Ribosomal_S28e,3.54,0.26,text 3d pdb
706,2,1,1,45,e5dgvd81,Nucleic acid-binding proteins,Ribosomal_S28e,3.39,0.26,text 3d pdb
707,382,1,1,3,e4zqyA1,Snake toxin-like,Toxin_TOLIP,3.46,0.26,text 3d pdb
708,4,1,1,53,e6ijjE1,SH3,PSI_PsaE,3.97,0.26,text 3d pdb
709,919,1,1,1,e4tpd41,Ribosomal protein L36,Ribosomal_L36,2.36,0.26,text 3d pdb
710,919,1,1,1,e4u27B41,Ribosomal protein L36,Ribosomal_L36,2.36,0.26,text 3d pdb
711,101,1,2,1065,e3l4gI2,winged,KOG2784_1st,3.00,0.26,text 3d pdb
712,4988,1,1,4,e6gxmh2,Ribosomal protein S8 C-terminal domain,Ribosomal_S8_C,3.78,0.26,text 3d pdb
713,919,1,1,1,e5mdwf1,Ribosomal protein L36,Ribosomal_L36,2.42,0.26,text 3d pdb
714,367,1,1,1,e1kmf.1,Insulin-like,Insulin,3.99,0.26,text 3d pdb
715,4281,1,1,1,e5v9331,Ribosomal protein L35p,Ribosomal_L35p,4.32,0.26,text 3d pdb
716,375,1,1,35,e5c4xI2,Rubredoxin-related,TFIIS_C,4.25,0.26,text 3d pdb
717,2,1,1,45,e4u4zd81,Nucleic acid-binding proteins,Ribosomal_S28e,3.12,0.26,text 3d pdb
718,2,1,1,45,e4ulnC1,Nucleic acid-binding proteins,Ribosomal_S28e,3.12,0.26,text 3d pdb
719,4988,1,1,4,e6gwth1,Ribosomal protein S8 C-terminal domain,Ribosomal_S8_C,3.78,0.26,text 3d pdb
720,375,1,1,143,e2h4hA1,Rubredoxin-related,SIR2_2nd_2,3.51,0.26,text 3d pdb
721,377,1,1,164,e5fymA3,LIM domain-like,KOG1246_3rd,3.50,0.26,text 3d pdb
722,3358,1,1,13,e5ls6D4,Zn3Cys9 preSET domain-related,KOG1079_3rd,2.93,0.26,text 3d pdb
723,101,1,8,20,e1p7dB3,DNA breaking-rejoining enzymes,Phage_integrase_C,3.63,0.26,text 3d pdb
724,377,1,1,164,e5a1lA2,LIM domain-like,KOG1246_3rd,3.58,0.26,text 3d pdb
725,585,1,1,,e6r84n1,Ribosomal protein L39e,F_UNCLASSIFIED,4.24,0.26,text 3d pdb
726,375,1,1,259,e6nu211,Rubredoxin-related,Ribosomal_L33,3.13,0.26,text 3d pdb
727,377,1,1,164,e5fy0A1,LIM domain-like,KOG1246_3rd,3.52,0.26,text 3d pdb
728,375,12,1,5,e5u2nA2,Nicotinate phosphoribosyltransferase C-terminal domain-related,EUF08675,3.72,0.26,text 3d pdb
729,382,1,1,3,e1ffjA1,Snake toxin-like,Toxin_TOLIP,3.20,0.26,text 3d pdb
730,2,1,1,45,e5i4lD81,Nucleic acid-binding proteins,Ribosomal_S28e,3.22,0.26,text 3d pdb
731,2,1,1,45,e5meid1,Nucleic acid-binding proteins,Ribosomal_S28e,3.55,0.26,text 3d pdb
732,3163,1,1,5,e2k8fB1,p53 transactivation domain,P53_TAD,3.15,0.26,text 3d pdb
733,375,1,1,263,e6eyc32,Rubredoxin-related,KOG0479,3.60,0.26,text 3d pdb
734,585,1,1,1,e6n8ll1,Ribosomal protein L39e,Ribosomal_L39,3.15,0.26,text 3d pdb
735,101,1,11,54,e2hzvB1,Ribbon-helix-helix,RHH_1_1,2.98,0.26,text 3d pdb
736,585,1,1,1,e6hd7n1,Ribosomal protein L39e,Ribosomal_L39,4.01,0.26,text 3d pdb
737,6064,1,1,1,e4dczB1,EAGR box containing domain in MG200,EAGR_box,4.30,0.26,text 3d pdb
738,2,1,1,45,e6mtccc1,Nucleic acid-binding proteins,Ribosomal_S28e,3.41,0.26,text 3d pdb
739,4,1,1,440,e2e6zA1,SH3,KOW,3.05,0.26,text 3d pdb
740,585,1,1,1,e6i7oXL1,Ribosomal protein L39e,Ribosomal_L39,3.41,0.26,text 3d pdb
741,2,1,1,45,e6hcjd21,Nucleic acid-binding proteins,Ribosomal_S28e,3.37,0.26,text 3d pdb
742,2,1,1,45,e6hcqd21,Nucleic acid-binding proteins,Ribosomal_S28e,3.37,0.26,text 3d pdb
743,375,12,1,5,e6azjB2,Nicotinate phosphoribosyltransferase C-terminal domain-related,EUF08675,3.46,0.26,text 3d pdb
744,4281,1,1,1,e5kps51,Ribosomal protein L35p,Ribosomal_L35p,4.52,0.26,text 3d pdb
745,376,1,3,12,e3c6wC1,FYVE/PHD zinc finger,PHD_5,3.41,0.26,text 3d pdb
746,387,1,1,227,e5wxeA1,omega toxin-related,Myxo_Cys_RPT_like,2.72,0.26,text 3d pdb
747,375,12,1,5,e6b75D2,Nicotinate phosphoribosyltransferase C-terminal domain-related,EUF08675,3.52,0.26,text 3d pdb
748,375,12,1,5,e6atbD1,Nicotinate phosphoribosyltransferase C-terminal domain-related,EUF08675,3.52,0.26,text 3d pdb
749,375,1,1,35,e2r92I2,Rubredoxin-related,TFIIS_C,4.17,0.26,text 3d pdb
750,101,4,1,1,e4bxxJ1,RPB10,RNA_pol_N,3.61,0.26,text 3d pdb
751,377,1,1,164,e5fxwA1,LIM domain-like,KOG1246_3rd,3.50,0.26,text 3d pdb
752,637,1,1,2,e6hcjR32,Ribosomal protein L19 (L19e) N-terminal domain,Ribosomal_L19e_N,3.87,0.26,text 3d pdb
753,637,1,1,2,e6hcqR32,Ribosomal protein L19 (L19e) N-terminal domain,Ribosomal_L19e_N,3.87,0.26,text 3d pdb
754,6105,1,1,1,e4g9iA6,Zinc finger domain in hydrogenase maturation protein HypF,zf-HYPF,3.70,0.26,text 3d pdb
755,375,1,1,35,e4bxxI1,Rubredoxin-related,TFIIS_C,4.17,0.26,text 3d pdb
756,2,1,1,45,e6i7oLb1,Nucleic acid-binding proteins,Ribosomal_S28e,3.38,0.26,text 3d pdb
757,375,1,1,35,e5xonI2,Rubredoxin-related,TFIIS_C,4.45,0.26,text 3d pdb
758,2,1,1,45,e5juuZB1,Nucleic acid-binding proteins,Ribosomal_S28e,3.40,0.26,text 3d pdb
759,375,1,1,35,e3i4nI2,Rubredoxin-related,TFIIS_C,4.44,0.26,text 3d pdb
760,838,1,1,1,e4v6cCS1,Ribosomal protein S19,Ribosomal_S19,2.62,0.26,text 3d pdb
761,4281,1,1,1,e3jce31,Ribosomal protein L35p,Ribosomal_L35p,4.80,0.26,text 3d pdb
762,375,12,1,5,e6b75C1,Nicotinate phosphoribosyltransferase C-terminal domain-related,EUF08675,3.53,0.26,text 3d pdb
763,2,1,1,45,e4u3uD81,Nucleic acid-binding proteins,Ribosomal_S28e,3.17,0.26,text 3d pdb
764,2,1,1,45,e4uk9d1,Nucleic acid-binding proteins,Ribosomal_S28e,3.17,0.26,text 3d pdb
765,375,12,1,5,e6b76C3,Nicotinate phosphoribosyltransferase C-terminal domain-related,EUF08675,3.46,0.26,text 3d pdb
766,2,1,1,45,e5mc6L1,Nucleic acid-binding proteins,Ribosomal_S28e,3.39,0.26,text 3d pdb
767,4999,1,1,1,e2ox7A1,YopX C-terminal domain-like,YopX_C,3.31,0.26,text 3d pdb
768,3529,1,1,5,e2zv5f32,Major vault protein (MVP) structural repeat domain,PTZ00491_4th,4.11,0.26,text 3d pdb
769,3529,1,1,5,e4v60f2,Major vault protein (MVP) structural repeat domain,PTZ00491_4th,4.11,0.26,text 3d pdb
770,375,1,1,35,e5x50I1,Rubredoxin-related,TFIIS_C,4.41,0.26,text 3d pdb
771,3529,1,1,5,e6bp7A4,Major vault protein (MVP) structural repeat domain,PTZ00491_4th,4.13,0.26,text 3d pdb
772,377,1,1,164,e3zliA2,LIM domain-like,KOG1246_3rd,3.51,0.26,text 3d pdb
773,585,1,1,1,e5it7ll1,Ribosomal protein L39e,Ribosomal_L39,3.42,0.26,text 3d pdb
774,387,1,5,2,e2e3fA1,Scorpion toxin-like,Defensin_2,3.47,0.26,text 3d pdb
775,3358,1,1,13,e5ls6G4,Zn3Cys9 preSET domain-related,KOG1079_3rd,2.48,0.26,text 3d pdb
776,240,1,1,1,e5ibbD51,Ribosomal protein TL5/L25 C-terminal domain-related,Ribosomal_TL5_C_1,2.93,0.26,text 3d pdb
777,6173,1,1,3,e5v8lA2,V1/V2 domain in HIV gp120,GP120_2nd,3.64,0.26,text 3d pdb
778,377,1,1,164,e3avsA2,LIM domain-like,KOG1246_3rd,3.68,0.26,text 3d pdb
779,4,1,1,53,e5oy0E1,SH3,PSI_PsaE,4.32,0.26,text 3d pdb
780,3358,1,1,13,e5hynQ2,Zn3Cys9 preSET domain-related,KOG1079_3rd,2.52,0.26,text 3d pdb
781,389,1,1,36,e3m0cC9,EGF/Laminin,EGF_CA,3.51,0.26,text 3d pdb
782,375,1,1,35,e5c44I2,Rubredoxin-related,TFIIS_C,4.50,0.26,text 3d pdb
783,4076,1,1,5,e5ju8BH1,L9 N-domain-like,Ribosomal_L9_N,3.46,0.26,text 3d pdb
784,585,1,1,1,e6gqvl1,Ribosomal protein L39e,Ribosomal_L39,3.40,0.26,text 3d pdb
785,4281,1,1,1,e2xqe81,Ribosomal protein L35p,Ribosomal_L35p,3.86,0.26,text 3d pdb
786,4281,1,1,1,e4v5lB81,Ribosomal protein L35p,Ribosomal_L35p,3.86,0.26,text 3d pdb
787,4281,1,1,1,e3i1p31,Ribosomal protein L35p,Ribosomal_L35p,4.18,0.26,text 3d pdb
788,4281,1,1,1,e4v6cD31,Ribosomal protein L35p,Ribosomal_L35p,4.18,0.26,text 3d pdb
789,4046,1,1,2,e1frfL1,all-beta domain in nickel-iron hydrogenase large subunit,NiFeSe_Hases_2nd,4.02,0.26,text 3d pdb
790,375,1,1,35,e4a3bI2,Rubredoxin-related,TFIIS_C,4.12,0.26,text 3d pdb
791,585,1,1,1,e5jcsl1,Ribosomal protein L39e,Ribosomal_L39,4.08,0.26,text 3d pdb
792,585,1,1,1,e5fl8l1,Ribosomal protein L39e,Ribosomal_L39,4.08,0.26,text 3d pdb
793,3761,1,1,6,e2iouB2,Major tropism determinant (Mtd) trimerization domain-related,mtd_1st,3.07,0.26,text 3d pdb
794,585,1,1,1,e4u56O91,Ribosomal protein L39e,Ribosomal_L39,3.63,0.26,text 3d pdb
795,585,1,1,1,e4ukhY1,Ribosomal protein L39e,Ribosomal_L39,3.63,0.26,text 3d pdb
796,4281,1,1,1,e3i2231,Ribosomal protein L35p,Ribosomal_L35p,4.18,0.26,text 3d pdb
797,4281,1,1,1,e4v6eD31,Ribosomal protein L35p,Ribosomal_L35p,4.18,0.26,text 3d pdb
798,4281,1,1,1,e3oas31,Ribosomal protein L35p,Ribosomal_L35p,4.18,0.26,text 3d pdb
799,4281,1,1,1,e4v7sD31,Ribosomal protein L35p,Ribosomal_L35p,4.18,0.26,text 3d pdb
800,4281,1,1,1,e4v9cD31,Ribosomal protein L35p,Ribosomal_L35p,4.04,0.26,text 3d pdb
801,375,1,1,35,e4a3iI4,Rubredoxin-related,TFIIS_C,4.01,0.26,text 3d pdb
802,375,1,1,35,e5x4zI2,Rubredoxin-related,TFIIS_C,3.97,0.26,text 3d pdb
803,4076,1,1,5,e3huxI2,L9 N-domain-like,Ribosomal_L9_N,3.41,0.26,text 3d pdb
804,4076,1,1,5,e4v6aBI1,L9 N-domain-like,Ribosomal_L9_N,3.41,0.26,text 3d pdb
805,376,1,1,18,e4r2yB1,RING/U-box,zf-rbx1,3.53,0.26,text 3d pdb
806,3529,1,1,3,e2zv5i27,Major vault protein (MVP) structural repeat domain,PTZ00491_1st,2.95,0.26,text 3d pdb
807,3529,1,1,3,e4v60i3,Major vault protein (MVP) structural repeat domain,PTZ00491_1st,2.95,0.26,text 3d pdb
808,375,12,1,5,e2gvjA3,Nicotinate phosphoribosyltransferase C-terminal domain-related,EUF08675,3.76,0.26,text 3d pdb
809,2,1,1,45,e5ndwd81,Nucleic acid-binding proteins,Ribosomal_S28e,3.34,0.26,text 3d pdb
810,375,12,1,5,e6atbA2,Nicotinate phosphoribosyltransferase C-terminal domain-related,EUF08675,3.55,0.26,text 3d pdb
811,2,1,1,45,e3jamc1,Nucleic acid-binding proteins,Ribosomal_S28e,2.93,0.26,text 3d pdb
812,4281,1,1,1,e4kfl81,Ribosomal protein L35p,Ribosomal_L35p,4.25,0.26,text 3d pdb
813,4281,1,1,1,e4v9nD81,Ribosomal protein L35p,Ribosomal_L35p,4.25,0.26,text 3d pdb
814,4281,1,1,1,e4kfi81,Ribosomal protein L35p,Ribosomal_L35p,4.26,0.26,text 3d pdb
815,4281,1,1,1,e4v9nB81,Ribosomal protein L35p,Ribosomal_L35p,4.26,0.26,text 3d pdb
816,64,1,1,1,e2nntA1,WW domain,WW,3.52,0.26,text 3d pdb
817,382,1,1,3,e1mahF1,Snake toxin-like,Toxin_TOLIP,3.47,0.26,text 3d pdb
818,375,1,1,35,e4a93I4,Rubredoxin-related,TFIIS_C,3.81,0.26,text 3d pdb
819,389,1,1,80,e3f6uL1,EGF/Laminin,hEGF,3.21,0.26,text 3d pdb
820,585,1,1,1,e6ftgl1,Ribosomal protein L39e,Ribosomal_L39,4.35,0.26,text 3d pdb
821,585,1,1,1,e6ftil1,Ribosomal protein L39e,Ribosomal_L39,4.35,0.26,text 3d pdb
822,585,1,1,1,e6ftjl1,Ribosomal protein L39e,Ribosomal_L39,4.35,0.26,text 3d pdb
823,585,1,1,1,e3jahl1,Ribosomal protein L39e,Ribosomal_L39,4.35,0.26,text 3d pdb
824,2,1,1,45,e4u50d81,Nucleic acid-binding proteins,Ribosomal_S28e,3.61,0.26,text 3d pdb
825,2,1,1,45,e4ulsC1,Nucleic acid-binding proteins,Ribosomal_S28e,3.61,0.26,text 3d pdb
826,375,1,1,35,e5w4uI1,Rubredoxin-related,TFIIS_C,3.93,0.26,text 3d pdb
827,375,1,1,35,e4bbsI4,Rubredoxin-related,TFIIS_C,3.92,0.26,text 3d pdb
828,375,1,1,259,e3pip11,Rubredoxin-related,Ribosomal_L33,3.70,0.26,text 3d pdb
829,375,12,1,5,e6b75B2,Nicotinate phosphoribosyltransferase C-terminal domain-related,EUF08675,3.79,0.26,text 3d pdb
830,585,1,1,1,e5ndvO91,Ribosomal protein L39e,Ribosomal_L39,3.68,0.26,text 3d pdb
831,375,1,1,35,e4by1I1,Rubredoxin-related,TFIIS_C,3.98,0.26,text 3d pdb
832,375,1,1,35,e4a3kI2,Rubredoxin-related,TFIIS_C,3.82,0.26,text 3d pdb
833,4281,1,1,1,e4kcz81,Ribosomal protein L35p,Ribosomal_L35p,3.72,0.26,text 3d pdb
834,4281,1,1,1,e4v9kB81,Ribosomal protein L35p,Ribosomal_L35p,3.72,0.26,text 3d pdb
835,375,1,1,35,e5u5qI1,Rubredoxin-related,TFIIS_C,3.84,0.26,text 3d pdb
836,377,1,1,25,e4hi8B1,LIM domain-like,LIM_N_5,2.24,0.26,text 3d pdb
837,359,1,1,1,e1d6rI1,Bowman-Birk inhibitor BBI-like,Bowman-Birk_leg,3.92,0.26,text 3d pdb
838,375,1,1,259,e6dddO1,Rubredoxin-related,Ribosomal_L33,3.59,0.26,text 3d pdb
839,375,1,4,1,e4kgxB2,Aspartate carbamoyltransferase Regulatory-chain, C-terminal domain,PyrI_C,3.35,0.26,text 3d pdb
840,375,1,1,35,e5c4aI2,Rubredoxin-related,TFIIS_C,3.95,0.26,text 3d pdb
841,585,1,1,1,e4u4rO91,Ribosomal protein L39e,Ribosomal_L39,3.69,0.26,text 3d pdb
842,585,1,1,1,e4ujrY1,Ribosomal protein L39e,Ribosomal_L39,3.69,0.26,text 3d pdb
843,359,1,1,1,e1pbiB1,Bowman-Birk inhibitor BBI-like,Bowman-Birk_leg,4.26,0.26,text 3d pdb
844,585,1,1,1,e5on6DN1,Ribosomal protein L39e,Ribosomal_L39,3.38,0.26,text 3d pdb
845,2,1,1,45,e6mtecc1,Nucleic acid-binding proteins,Ribosomal_S28e,3.42,0.26,text 3d pdb
846,375,8,1,1,e6fyxm1,Zinc-binding domain of translation initiation factor 2 beta,eIF-5_eIF-2B_C,2.39,0.26,text 3d pdb
847,375,1,1,35,e5m5wI2,Rubredoxin-related,TFIIS_C,3.71,0.26,text 3d pdb
848,919,1,1,1,e4wqyA91,Ribosomal protein L36,Ribosomal_L36,2.98,0.26,text 3d pdb
849,389,1,2,4,e3o8eB3,Complement control module/SCR domain,Sushi_3,3.61,0.26,text 3d pdb
850,919,1,1,1,e5doy291,Ribosomal protein L36,Ribosomal_L36,2.98,0.26,text 3d pdb
851,3529,1,1,3,e2zuoG27,Major vault protein (MVP) structural repeat domain,PTZ00491_1st,3.23,0.26,text 3d pdb
852,3529,1,1,3,e4v60G3,Major vault protein (MVP) structural repeat domain,PTZ00491_1st,3.23,0.26,text 3d pdb
853,585,1,1,1,e4u4ro91,Ribosomal protein L39e,Ribosomal_L39,3.70,0.25,text 3d pdb
854,585,1,1,1,e4ujtd1,Ribosomal protein L39e,Ribosomal_L39,3.70,0.25,text 3d pdb
855,2,1,1,45,e4u4rd81,Nucleic acid-binding proteins,Ribosomal_S28e,3.38,0.25,text 3d pdb
856,2,1,1,45,e4ujsC1,Nucleic acid-binding proteins,Ribosomal_S28e,3.38,0.25,text 3d pdb
857,585,1,1,1,e4u53o91,Ribosomal protein L39e,Ribosomal_L39,3.71,0.25,text 3d pdb
858,585,1,1,1,e4uktd1,Ribosomal protein L39e,Ribosomal_L39,3.71,0.25,text 3d pdb
859,375,1,1,35,e6j50I1,Rubredoxin-related,TFIIS_C,4.11,0.25,text 3d pdb
860,375,1,1,35,e6j51I2,Rubredoxin-related,TFIIS_C,4.11,0.25,text 3d pdb
861,375,1,1,35,e6j4xI1,Rubredoxin-related,TFIIS_C,4.11,0.25,text 3d pdb
862,375,1,1,35,e6j4zI1,Rubredoxin-related,TFIIS_C,4.11,0.25,text 3d pdb
863,375,1,1,35,e6ir9I1,Rubredoxin-related,TFIIS_C,4.11,0.25,text 3d pdb
864,375,1,1,35,e6j4wI2,Rubredoxin-related,TFIIS_C,4.11,0.25,text 3d pdb
865,375,1,1,35,e6j4yI1,Rubredoxin-related,TFIIS_C,4.11,0.25,text 3d pdb
866,919,1,1,1,e4rbg91,Ribosomal protein L36,Ribosomal_L36,3.00,0.25,text 3d pdb
867,919,1,1,1,e4w2hD91,Ribosomal protein L36,Ribosomal_L36,3.00,0.25,text 3d pdb
868,389,1,3,31,e3qd6R2,TNF receptor-like,TNFRSF14,3.17,0.25,text 3d pdb
869,6173,1,1,3,e5viyE1,V1/V2 domain in HIV gp120,GP120_2nd,3.52,0.25,text 3d pdb
870,6173,1,1,3,e5viyF1,V1/V2 domain in HIV gp120,GP120_2nd,3.52,0.25,text 3d pdb
871,2,1,1,45,e5ndvD81,Nucleic acid-binding proteins,Ribosomal_S28e,3.30,0.25,text 3d pdb
872,375,12,1,5,e6azjA1,Nicotinate phosphoribosyltransferase C-terminal domain-related,EUF08675,3.80,0.25,text 3d pdb
873,3529,1,1,3,e2zv5k27,Major vault protein (MVP) structural repeat domain,PTZ00491_1st,3.23,0.25,text 3d pdb
874,3529,1,1,3,e4v60k3,Major vault protein (MVP) structural repeat domain,PTZ00491_1st,3.23,0.25,text 3d pdb
875,6070,1,1,2,e4n7eA5,Sortilin C-terminal domain,Sortilin_C_1st,4.44,0.25,text 3d pdb
876,4281,1,1,1,e4v8uB81,Ribosomal protein L35p,Ribosomal_L35p,4.29,0.25,text 3d pdb
877,375,1,1,258,e5udb21,Rubredoxin-related,MCM_OB_4,3.64,0.25,text 3d pdb
878,585,1,1,1,e6hhqDN1,Ribosomal protein L39e,Ribosomal_L39,3.69,0.25,text 3d pdb
879,919,1,1,1,e4wpoA91,Ribosomal protein L36,Ribosomal_L36,2.97,0.25,text 3d pdb
880,3246,1,1,2,e3q2hA2,Disulfide-rich domain in A Disintegrin And Metalloprotease (ADAM) domain-containing proteins,KOG3538_1st,4.30,0.25,text 3d pdb
881,375,1,1,259,e4v6zB11,Rubredoxin-related,Ribosomal_L33,3.33,0.25,text 3d pdb
882,355,1,1,3,e1ps2A1,Trefoil/Plexin domain-like,Trefoil,4.01,0.25,text 3d pdb
883,585,1,1,1,e6gqbl1,Ribosomal protein L39e,Ribosomal_L39,3.47,0.25,text 3d pdb
884,2,1,1,45,e6oliSc1,Nucleic acid-binding proteins,Ribosomal_S28e,3.61,0.25,text 3d pdb
885,387,1,5,8,e2a9hE1,Scorpion toxin-like,Toxin_2,3.03,0.25,text 3d pdb
886,375,1,1,53,e2qn6A3,Rubredoxin-related,DUF35_N_like,2.84,0.25,text 3d pdb
887,375,1,1,52,e1q17B1,Rubredoxin-related,KOG2682,3.48,0.25,text 3d pdb
888,2,1,1,45,e5it7c1,Nucleic acid-binding proteins,Ribosomal_S28e,3.50,0.25,text 3d pdb
889,315,1,1,5,e3ej3C1,Tautomerase/MIF,Tautomerase_2,4.33,0.25,text 3d pdb
890,919,1,1,1,e6cfk191,Ribosomal protein L36,Ribosomal_L36,2.99,0.25,text 3d pdb
891,919,1,1,1,e5j30R91,Ribosomal protein L36,Ribosomal_L36,3.02,0.25,text 3d pdb
892,919,1,1,1,e1vy4B91,Ribosomal protein L36,Ribosomal_L36,3.01,0.25,text 3d pdb
893,919,1,1,1,e4qcn91,Ribosomal protein L36,Ribosomal_L36,3.01,0.25,text 3d pdb
894,919,1,1,1,e6cae291,Ribosomal protein L36,Ribosomal_L36,3.03,0.25,text 3d pdb
895,919,1,1,1,e1vy5D91,Ribosomal protein L36,Ribosomal_L36,3.02,0.25,text 3d pdb
896,919,1,1,1,e4qct91,Ribosomal protein L36,Ribosomal_L36,3.02,0.25,text 3d pdb
897,4281,1,1,1,e2xtg81,Ribosomal protein L35p,Ribosomal_L35p,4.10,0.25,text 3d pdb
898,4281,1,1,1,e4v5mB81,Ribosomal protein L35p,Ribosomal_L35p,4.10,0.25,text 3d pdb
899,919,1,1,1,e1vy6D91,Ribosomal protein L36,Ribosomal_L36,3.05,0.25,text 3d pdb
900,919,1,1,1,e4qcx91,Ribosomal protein L36,Ribosomal_L36,3.05,0.25,text 3d pdb
901,389,1,3,6,e3mi8D1,TNF receptor-like,TNFR_c6_1,2.97,0.25,text 3d pdb
902,919,1,1,1,e5j3cR91,Ribosomal protein L36,Ribosomal_L36,3.02,0.25,text 3d pdb
903,822,2,1,1,e2ckcA1,BRK domain-like,BRK,3.96,0.25,text 3d pdb
904,919,1,1,1,e6cfl191,Ribosomal protein L36,Ribosomal_L36,3.01,0.25,text 3d pdb
905,275,1,1,7,e4yg2I7,MoeA-I/Ornithine decarboxylase-C/Reverse ferredoxin-like domain in RNA-polymerase,PRK09603,4.26,0.25,text 3d pdb
906,4988,1,1,4,e4v6oAK1,Ribosomal protein S8 C-terminal domain,Ribosomal_S8_C,3.82,0.25,text 3d pdb
907,4281,1,1,1,e3ofc31,Ribosomal protein L35p,Ribosomal_L35p,4.13,0.25,text 3d pdb
908,4281,1,1,1,e4v7tB31,Ribosomal protein L35p,Ribosomal_L35p,4.13,0.25,text 3d pdb
909,919,1,1,1,e5wit191,Ribosomal protein L36,Ribosomal_L36,3.01,0.25,text 3d pdb
910,386,1,1,223,e2emxA1,beta-beta-alpha zinc fingers,zf-C2H2_16,3.30,0.25,text 3d pdb
911,585,1,1,1,e6gz5Al1,Ribosomal protein L39e,Ribosomal_L39,3.08,0.25,text 3d pdb
912,585,1,1,1,e6n8jl1,Ribosomal protein L39e,Ribosomal_L39,3.80,0.25,text 3d pdb
913,919,1,1,1,e5vp2191,Ribosomal protein L36,Ribosomal_L36,2.66,0.25,text 3d pdb
914,325,1,1,7,e4m9uA2,CO dehydrogenase molybdoprotein N-domain-like,PRK06019_3,4.37,0.25,text 3d pdb
915,108,1,1,41,e2lhhA2,EF-hand,EF-hand_7_8,3.90,0.25,text 3d pdb
916,4988,1,1,4,e3j0vK2,Ribosomal protein S8 C-terminal domain,Ribosomal_S8_C,3.74,0.25,text 3d pdb
917,567,1,1,1,e1olhD1,p53 tetramerization domain,P53_tetramer,4.17,0.25,text 3d pdb
918,567,1,1,1,e1olhA1,p53 tetramerization domain,P53_tetramer,4.17,0.25,text 3d pdb
919,567,1,1,1,e1olhB1,p53 tetramerization domain,P53_tetramer,4.17,0.25,text 3d pdb
920,377,1,1,164,e5a1lB2,LIM domain-like,KOG1246_3rd,3.49,0.25,text 3d pdb
921,585,1,1,1,e3j92l1,Ribosomal protein L39e,Ribosomal_L39,3.60,0.25,text 3d pdb
922,275,1,1,7,e5uaqC4,MoeA-I/Ornithine decarboxylase-C/Reverse ferredoxin-like domain in RNA-polymerase,PRK09603,3.32,0.25,text 3d pdb
923,377,1,1,164,e3zliB2,LIM domain-like,KOG1246_3rd,3.50,0.25,text 3d pdb
924,919,1,1,1,e4wquA91,Ribosomal protein L36,Ribosomal_L36,3.02,0.25,text 3d pdb
925,377,1,1,164,e3zpoB2,LIM domain-like,KOG1246_3rd,3.51,0.25,text 3d pdb
926,4281,1,1,1,e4v8uD81,Ribosomal protein L35p,Ribosomal_L35p,4.33,0.25,text 3d pdb
927,275,1,1,7,e5uaqI6,MoeA-I/Ornithine decarboxylase-C/Reverse ferredoxin-like domain in RNA-polymerase,PRK09603,4.30,0.24,text 3d pdb
928,919,1,1,1,e5hcp191,Ribosomal protein L36,Ribosomal_L36,2.62,0.24,text 3d pdb
929,585,1,1,1,e5t62y1,Ribosomal protein L39e,Ribosomal_L39,4.36,0.24,text 3d pdb
930,585,1,1,1,e3janl1,Ribosomal protein L39e,Ribosomal_L39,3.46,0.24,text 3d pdb
931,585,1,1,1,e3jajl1,Ribosomal protein L39e,Ribosomal_L39,3.46,0.24,text 3d pdb
932,3074,1,1,1,e6bz7Y71,50S ribosomal protein L34,Ribosomal_L34,3.71,0.24,text 3d pdb
933,389,1,2,1,e3rj3F2,Complement control module/SCR domain,Sushi_4,3.58,0.24,text 3d pdb
934,4281,1,1,,e6qnrQ81,Ribosomal protein L35p,F_UNCLASSIFIED,4.37,0.24,text 3d pdb
935,389,3,1,6,e5h9oD1,LDL receptor-like module,PRKCSH-like,3.36,0.24,text 3d pdb
936,389,3,1,6,e5iegB1,LDL receptor-like module,PRKCSH-like,3.43,0.24,text 3d pdb
937,275,1,1,7,e4jkrI13,MoeA-I/Ornithine decarboxylase-C/Reverse ferredoxin-like domain in RNA-polymerase,PRK09603,3.44,0.24,text 3d pdb
938,373,1,1,2,e1hwtG1,Zn2/Cys6 DNA-binding domain,Zn_clus,3.24,0.24,text 3d pdb
939,373,1,1,2,e1hwtC1,Zn2/Cys6 DNA-binding domain,Zn_clus,3.24,0.24,text 3d pdb
940,919,1,1,1,e4rbc91,Ribosomal protein L36,Ribosomal_L36,3.05,0.24,text 3d pdb
941,919,1,1,1,e4w2gD91,Ribosomal protein L36,Ribosomal_L36,3.05,0.24,text 3d pdb
942,377,1,1,41,e5fuyB2,LIM domain-like,TK_C,3.40,0.24,text 3d pdb
943,919,1,1,1,e5mrc01,Ribosomal protein L36,Ribosomal_L36,3.69,0.24,text 3d pdb
944,919,1,1,1,e5mre01,Ribosomal protein L36,Ribosomal_L36,3.69,0.24,text 3d pdb
945,919,1,1,1,e5mrf01,Ribosomal protein L36,Ribosomal_L36,3.69,0.24,text 3d pdb
946,904,1,1,5,e3ddtA1,B-box zinc-binding domain,zf-B_box,4.34,0.24,text 3d pdb
947,919,1,1,1,e3j0t71,Ribosomal protein L36,Ribosomal_L36,3.72,0.24,text 3d pdb
948,919,1,1,1,e4v6nA71,Ribosomal protein L36,Ribosomal_L36,3.72,0.24,text 3d pdb
949,377,1,1,25,e1g47A2,LIM domain-like,LIM_N_5,3.31,0.24,text 3d pdb
950,919,1,1,1,e5w4k191,Ribosomal protein L36,Ribosomal_L36,3.05,0.24,text 3d pdb
951,919,1,1,1,e6o97291,Ribosomal protein L36,Ribosomal_L36,2.27,0.24,text 3d pdb
952,4988,1,1,4,e6gxph2,Ribosomal protein S8 C-terminal domain,Ribosomal_S8_C,3.53,0.24,text 3d pdb
953,377,1,1,25,e4hi9B1,LIM domain-like,LIM_N_5,3.04,0.24,text 3d pdb
954,4281,1,1,1,e4v9aD81,Ribosomal protein L35p,Ribosomal_L35p,4.60,0.24,text 3d pdb
955,389,1,2,3,e1c1zA3,Complement control module/SCR domain,Sushi,3.45,0.24,text 3d pdb
956,4281,1,1,1,e5gade1,Ribosomal protein L35p,Ribosomal_L35p,4.56,0.24,text 3d pdb
957,4281,1,1,1,e5gafe1,Ribosomal protein L35p,Ribosomal_L35p,4.56,0.24,text 3d pdb
958,4281,1,1,1,e5gahe1,Ribosomal protein L35p,Ribosomal_L35p,4.56,0.24,text 3d pdb
959,4281,1,1,1,e5ncoe1,Ribosomal protein L35p,Ribosomal_L35p,4.56,0.24,text 3d pdb
960,919,1,1,1,e5gadf1,Ribosomal protein L36,Ribosomal_L36,3.69,0.24,text 3d pdb
961,376,1,3,50,e1mm3A1,FYVE/PHD zinc finger,PHD_1,3.80,0.24,text 3d pdb
962,919,1,1,1,e5gaff1,Ribosomal protein L36,Ribosomal_L36,3.69,0.24,text 3d pdb
963,919,1,1,1,e5gahf1,Ribosomal protein L36,Ribosomal_L36,3.69,0.24,text 3d pdb
964,919,1,1,1,e5ncof1,Ribosomal protein L36,Ribosomal_L36,3.69,0.24,text 3d pdb
965,64,1,1,1,e2e45A1,WW domain,WW,3.43,0.24,text 3d pdb
966,919,1,1,1,e4z8c191,Ribosomal protein L36,Ribosomal_L36,3.04,0.24,text 3d pdb
967,919,1,1,1,e4y4o191,Ribosomal protein L36,Ribosomal_L36,3.06,0.24,text 3d pdb
968,919,1,1,1,e5czpR91,Ribosomal protein L36,Ribosomal_L36,3.06,0.24,text 3d pdb
969,919,1,1,1,e4wqfA91,Ribosomal protein L36,Ribosomal_L36,3.04,0.24,text 3d pdb
970,359,1,1,1,e2r33A1,Bowman-Birk inhibitor BBI-like,Bowman-Birk_leg,4.10,0.24,text 3d pdb
971,101,1,11,,e2k9iB1,Ribbon-helix-helix,F_UNCLASSIFIED,4.48,0.23,text 3d pdb
972,919,1,1,1,e5dfeR91,Ribosomal protein L36,Ribosomal_L36,2.90,0.23,text 3d pdb
973,356,1,1,1,e4djzH1,PMP inhibitors,Pacifastin_I,3.32,0.23,text 3d pdb
974,919,1,1,1,e4rbk91,Ribosomal protein L36,Ribosomal_L36,2.93,0.23,text 3d pdb
975,919,1,1,1,e4w2iD91,Ribosomal protein L36,Ribosomal_L36,2.93,0.23,text 3d pdb
976,919,1,1,1,e4rbi91,Ribosomal protein L36,Ribosomal_L36,2.89,0.23,text 3d pdb
977,919,1,1,1,e4w2iB91,Ribosomal protein L36,Ribosomal_L36,2.89,0.23,text 3d pdb
978,389,1,1,32,e3b4vG1,EGF/Laminin,FOLN_like,2.86,0.23,text 3d pdb
979,362,1,1,2,e1k91A1,P-domain of calnexin/calreticulin,Calreticulin_2nd_1,4.28,0.23,text 3d pdb
980,375,1,1,261,e4ig9A3,Rubredoxin-related,SIR2_2nd_1,3.94,0.23,text 3d pdb
981,919,1,1,1,e4rba91,Ribosomal protein L36,Ribosomal_L36,2.95,0.23,text 3d pdb
982,919,1,1,1,e4w2gB91,Ribosomal protein L36,Ribosomal_L36,2.95,0.23,text 3d pdb
983,4,8,1,3,e2epbA1,Chromo domain-like,Chromo,3.96,0.23,text 3d pdb
984,919,1,1,1,e3izug1,Ribosomal protein L36,Ribosomal_L36,3.67,0.23,text 3d pdb
985,919,1,1,1,e4v6kAg1,Ribosomal protein L36,Ribosomal_L36,3.67,0.23,text 3d pdb
986,375,1,1,31,e6gpsA2,Rubredoxin-related,Rubredoxin,3.93,0.23,text 3d pdb
987,919,1,1,1,e4nvv91,Ribosomal protein L36,Ribosomal_L36,2.93,0.23,text 3d pdb
988,919,1,1,1,e4v9rB91,Ribosomal protein L36,Ribosomal_L36,2.93,0.23,text 3d pdb
989,3761,1,1,6,e2iouA2,Major tropism determinant (Mtd) trimerization domain-related,mtd_1st,3.25,0.23,text 3d pdb
990,919,1,1,1,e5j4c191,Ribosomal protein L36,Ribosomal_L36,2.92,0.23,text 3d pdb
991,389,1,1,96,e3asiA3,EGF/Laminin,EGF_3_1,3.17,0.22,text 3d pdb
992,375,1,1,48,e4pogJ2,Rubredoxin-related,MCM_OB_3,4.17,0.22,text 3d pdb
993,375,1,1,31,e5vblB2,Rubredoxin-related,Rubredoxin,4.15,0.22,text 3d pdb
994,919,1,1,1,e6ndkR91,Ribosomal protein L36,Ribosomal_L36,3.15,0.22,text 3d pdb
995,376,1,3,4,e2kwkA1,FYVE/PHD zinc finger,PHD,4.31,0.21,text 3d pdb
996,919,1,1,1,e1vy4D91,Ribosomal protein L36,Ribosomal_L36,3.44,0.21,text 3d pdb
997,919,1,1,1,e4qcp91,Ribosomal protein L36,Ribosomal_L36,3.44,0.21,text 3d pdb
998,2498,5,1,2,e4b2tB6,GroEL-intermediate domain like,Cpn60_TCP1_2nd_1,3.51,0.21,text 3d pdb
999,375,1,1,,e6qg5M4,Rubredoxin-related,F_UNCLASSIFIED,3.30,0.20,text 3d pdb
1000,376,1,3,52,e4bhwB3,FYVE/PHD zinc finger,PHD_CBP,3.74,0.20,text 3d pdb