#,CL,CF,SF,FA,SCOP Domain,Fold,Superfamily,RMSD,TM-Score,TM-Align
1,g,39,1,0,d4uxib2,Glucocorticoid receptor-like (DNA-binding domain),Glucocorticoid receptor-like (DNA-binding domain),3.14,0.33,text 3d pdb
2,g,97,1,0,d3s2qb_,Iron-sulfur cluster-binding zinc finger CDGSH type,Iron-sulfur cluster-binding zinc finger CDGSH type,2.69,0.33,text 3d pdb
3,g,97,1,0,d3s2qa_,Iron-sulfur cluster-binding zinc finger CDGSH type,Iron-sulfur cluster-binding zinc finger CDGSH type,2.72,0.33,text 3d pdb
4,g,39,1,0,d4uxjd2,Glucocorticoid receptor-like (DNA-binding domain),Glucocorticoid receptor-like (DNA-binding domain),2.92,0.33,text 3d pdb
5,g,97,1,0,d3s2ra_,Iron-sulfur cluster-binding zinc finger CDGSH type,Iron-sulfur cluster-binding zinc finger CDGSH type,3.08,0.33,text 3d pdb
6,g,39,1,0,d4uxia2,Glucocorticoid receptor-like (DNA-binding domain),Glucocorticoid receptor-like (DNA-binding domain),3.19,0.32,text 3d pdb
7,g,27,1,1,d1qgba2,FnI-like domain,FnI-like domain,3.49,0.32,text 3d pdb
8,g,19,1,1,d1beia_,Crisp domain-like,Crisp domain-like,2.90,0.32,text 3d pdb
9,g,97,1,1,d4f1eo_,Iron-sulfur cluster-binding zinc finger CDGSH type,Iron-sulfur cluster-binding zinc finger CDGSH type,2.98,0.32,text 3d pdb
10,g,39,1,0,d4uxjg2,Glucocorticoid receptor-like (DNA-binding domain),Glucocorticoid receptor-like (DNA-binding domain),2.82,0.32,text 3d pdb
11,g,39,1,0,d4uxjf2,Glucocorticoid receptor-like (DNA-binding domain),Glucocorticoid receptor-like (DNA-binding domain),3.20,0.32,text 3d pdb
12,g,39,1,0,d4uxha2,Glucocorticoid receptor-like (DNA-binding domain),Glucocorticoid receptor-like (DNA-binding domain),3.24,0.32,text 3d pdb
13,g,95,1,1,d3pt6b1,bi-CXXC zinc finger-like,bi-CXXC zinc finger-like,4.21,0.32,text 3d pdb
14,g,39,1,0,d4uxja2,Glucocorticoid receptor-like (DNA-binding domain),Glucocorticoid receptor-like (DNA-binding domain),3.19,0.32,text 3d pdb
15,g,39,1,14,d2orvb2,Glucocorticoid receptor-like (DNA-binding domain),Glucocorticoid receptor-like (DNA-binding domain),3.11,0.32,text 3d pdb
16,g,95,1,1,d3pt6a1,bi-CXXC zinc finger-like,bi-CXXC zinc finger-like,4.29,0.32,text 3d pdb
17,g,39,1,14,d1xbte2,Glucocorticoid receptor-like (DNA-binding domain),Glucocorticoid receptor-like (DNA-binding domain),3.12,0.32,text 3d pdb
18,g,39,1,0,d1w4rg2,Glucocorticoid receptor-like (DNA-binding domain),Glucocorticoid receptor-like (DNA-binding domain),3.12,0.32,text 3d pdb
19,g,97,1,1,d4ooab_,Iron-sulfur cluster-binding zinc finger CDGSH type,Iron-sulfur cluster-binding zinc finger CDGSH type,3.36,0.32,text 3d pdb
20,g,4,1,1,d1wo9a_,PMP inhibitors,PMP inhibitors,2.44,0.32,text 3d pdb
21,g,97,1,1,d4f1eq_,Iron-sulfur cluster-binding zinc finger CDGSH type,Iron-sulfur cluster-binding zinc finger CDGSH type,2.94,0.32,text 3d pdb
22,b,34,3,0,d1w8jb1,SH3-like barrel,Myosin S1 fragment N-terminal domain,3.76,0.32,text 3d pdb
23,g,39,1,0,d5fuye2,Glucocorticoid receptor-like (DNA-binding domain),Glucocorticoid receptor-like (DNA-binding domain),3.34,0.32,text 3d pdb
24,g,39,1,0,d2wvjb2,Glucocorticoid receptor-like (DNA-binding domain),Glucocorticoid receptor-like (DNA-binding domain),3.01,0.32,text 3d pdb
25,g,97,1,1,d4f1er_,Iron-sulfur cluster-binding zinc finger CDGSH type,Iron-sulfur cluster-binding zinc finger CDGSH type,2.93,0.32,text 3d pdb
26,g,39,1,0,d5fuya2,Glucocorticoid receptor-like (DNA-binding domain),Glucocorticoid receptor-like (DNA-binding domain),3.34,0.32,text 3d pdb
27,g,97,1,1,d4ooae_,Iron-sulfur cluster-binding zinc finger CDGSH type,Iron-sulfur cluster-binding zinc finger CDGSH type,2.82,0.31,text 3d pdb
28,g,39,1,14,d2orva2,Glucocorticoid receptor-like (DNA-binding domain),Glucocorticoid receptor-like (DNA-binding domain),3.16,0.31,text 3d pdb
29,g,39,1,0,d4uxhb2,Glucocorticoid receptor-like (DNA-binding domain),Glucocorticoid receptor-like (DNA-binding domain),2.98,0.31,text 3d pdb
30,g,95,1,1,d3ptaa1,bi-CXXC zinc finger-like,bi-CXXC zinc finger-like,4.08,0.31,text 3d pdb
31,g,97,1,1,d4oo7b_,Iron-sulfur cluster-binding zinc finger CDGSH type,Iron-sulfur cluster-binding zinc finger CDGSH type,3.09,0.31,text 3d pdb
32,g,97,1,1,d4ooad_,Iron-sulfur cluster-binding zinc finger CDGSH type,Iron-sulfur cluster-binding zinc finger CDGSH type,2.70,0.31,text 3d pdb
33,b,34,3,0,d1w8jc1,SH3-like barrel,Myosin S1 fragment N-terminal domain,3.70,0.31,text 3d pdb
34,g,97,1,1,d4f1ep_,Iron-sulfur cluster-binding zinc finger CDGSH type,Iron-sulfur cluster-binding zinc finger CDGSH type,2.73,0.31,text 3d pdb
35,g,97,1,1,d4ooaa_,Iron-sulfur cluster-binding zinc finger CDGSH type,Iron-sulfur cluster-binding zinc finger CDGSH type,2.79,0.31,text 3d pdb
36,g,97,1,1,d3fnvb_,Iron-sulfur cluster-binding zinc finger CDGSH type,Iron-sulfur cluster-binding zinc finger CDGSH type,3.09,0.31,text 3d pdb
37,g,97,1,1,d4f1en_,Iron-sulfur cluster-binding zinc finger CDGSH type,Iron-sulfur cluster-binding zinc finger CDGSH type,2.80,0.31,text 3d pdb
38,g,97,1,1,d4f1ec_,Iron-sulfur cluster-binding zinc finger CDGSH type,Iron-sulfur cluster-binding zinc finger CDGSH type,2.97,0.31,text 3d pdb
39,g,97,1,1,d4f28b_,Iron-sulfur cluster-binding zinc finger CDGSH type,Iron-sulfur cluster-binding zinc finger CDGSH type,2.75,0.31,text 3d pdb
40,g,39,1,0,d1w4rc2,Glucocorticoid receptor-like (DNA-binding domain),Glucocorticoid receptor-like (DNA-binding domain),3.21,0.31,text 3d pdb
41,g,97,1,1,d2qh7a_,Iron-sulfur cluster-binding zinc finger CDGSH type,Iron-sulfur cluster-binding zinc finger CDGSH type,2.72,0.31,text 3d pdb
42,g,97,1,1,d4f1eb_,Iron-sulfur cluster-binding zinc finger CDGSH type,Iron-sulfur cluster-binding zinc finger CDGSH type,2.97,0.31,text 3d pdb
43,g,97,1,1,d4f1ef_,Iron-sulfur cluster-binding zinc finger CDGSH type,Iron-sulfur cluster-binding zinc finger CDGSH type,2.74,0.31,text 3d pdb
44,g,97,1,1,d4f1ea_,Iron-sulfur cluster-binding zinc finger CDGSH type,Iron-sulfur cluster-binding zinc finger CDGSH type,2.74,0.31,text 3d pdb
45,g,39,1,0,d5fuyd2,Glucocorticoid receptor-like (DNA-binding domain),Glucocorticoid receptor-like (DNA-binding domain),3.63,0.31,text 3d pdb
46,j,1,1,1,d1alxb_,Membrane ion channel-forming peptide antibiotics containing D-aminoacids,Membrane ion channel-forming peptide antibiotics containing D-aminoacids,2.25,0.31,text 3d pdb
47,g,97,1,1,d3fnva_,Iron-sulfur cluster-binding zinc finger CDGSH type,Iron-sulfur cluster-binding zinc finger CDGSH type,3.42,0.31,text 3d pdb
48,g,97,1,1,d4ooac_,Iron-sulfur cluster-binding zinc finger CDGSH type,Iron-sulfur cluster-binding zinc finger CDGSH type,2.87,0.31,text 3d pdb
49,g,39,1,0,d1w4rh2,Glucocorticoid receptor-like (DNA-binding domain),Glucocorticoid receptor-like (DNA-binding domain),3.20,0.31,text 3d pdb
50,g,97,1,1,d4f1ed_,Iron-sulfur cluster-binding zinc finger CDGSH type,Iron-sulfur cluster-binding zinc finger CDGSH type,3.02,0.31,text 3d pdb
51,g,39,1,0,d1w4rf2,Glucocorticoid receptor-like (DNA-binding domain),Glucocorticoid receptor-like (DNA-binding domain),3.23,0.31,text 3d pdb
52,g,39,1,0,d1w4rd2,Glucocorticoid receptor-like (DNA-binding domain),Glucocorticoid receptor-like (DNA-binding domain),3.23,0.31,text 3d pdb
53,g,97,1,1,d2qh7b_,Iron-sulfur cluster-binding zinc finger CDGSH type,Iron-sulfur cluster-binding zinc finger CDGSH type,2.75,0.31,text 3d pdb
54,g,39,1,0,d5fuva2,Glucocorticoid receptor-like (DNA-binding domain),Glucocorticoid receptor-like (DNA-binding domain),2.92,0.31,text 3d pdb
55,g,39,1,0,d5fuyb2,Glucocorticoid receptor-like (DNA-binding domain),Glucocorticoid receptor-like (DNA-binding domain),3.67,0.31,text 3d pdb
56,g,97,1,1,d4f1eg_,Iron-sulfur cluster-binding zinc finger CDGSH type,Iron-sulfur cluster-binding zinc finger CDGSH type,2.98,0.31,text 3d pdb
57,g,95,1,1,d2j2sa_,bi-CXXC zinc finger-like,bi-CXXC zinc finger-like,3.74,0.31,text 3d pdb
58,g,39,1,0,d5fuwb2,Glucocorticoid receptor-like (DNA-binding domain),Glucocorticoid receptor-like (DNA-binding domain),3.07,0.31,text 3d pdb
59,g,97,1,1,d4f1ei_,Iron-sulfur cluster-binding zinc finger CDGSH type,Iron-sulfur cluster-binding zinc finger CDGSH type,2.72,0.31,text 3d pdb
60,g,39,1,0,d5fuyf2,Glucocorticoid receptor-like (DNA-binding domain),Glucocorticoid receptor-like (DNA-binding domain),2.73,0.31,text 3d pdb
61,g,97,1,1,d2qd0a_,Iron-sulfur cluster-binding zinc finger CDGSH type,Iron-sulfur cluster-binding zinc finger CDGSH type,2.88,0.31,text 3d pdb
62,b,34,4,2,d1psfa_,SH3-like barrel,Electron transport accessory proteins,3.51,0.31,text 3d pdb
63,g,97,1,1,d4f1em_,Iron-sulfur cluster-binding zinc finger CDGSH type,Iron-sulfur cluster-binding zinc finger CDGSH type,2.73,0.31,text 3d pdb
64,g,39,1,0,d5fuxb2,Glucocorticoid receptor-like (DNA-binding domain),Glucocorticoid receptor-like (DNA-binding domain),2.77,0.30,text 3d pdb
65,g,97,1,1,d4f1ek_,Iron-sulfur cluster-binding zinc finger CDGSH type,Iron-sulfur cluster-binding zinc finger CDGSH type,3.03,0.30,text 3d pdb
66,g,39,1,0,d5fuyc2,Glucocorticoid receptor-like (DNA-binding domain),Glucocorticoid receptor-like (DNA-binding domain),3.35,0.30,text 3d pdb
67,b,92,1,6,d1rk6a2,Composite domain of metallo-dependent hydrolases,Composite domain of metallo-dependent hydrolases,3.63,0.30,text 3d pdb
68,b,92,1,6,d1rjqa2,Composite domain of metallo-dependent hydrolases,Composite domain of metallo-dependent hydrolases,3.63,0.30,text 3d pdb
69,g,97,1,1,d4f2cb_,Iron-sulfur cluster-binding zinc finger CDGSH type,Iron-sulfur cluster-binding zinc finger CDGSH type,2.71,0.30,text 3d pdb
70,b,92,1,6,d1m7ja2,Composite domain of metallo-dependent hydrolases,Composite domain of metallo-dependent hydrolases,3.64,0.30,text 3d pdb
71,g,97,1,1,d4f2ca_,Iron-sulfur cluster-binding zinc finger CDGSH type,Iron-sulfur cluster-binding zinc finger CDGSH type,2.92,0.30,text 3d pdb
72,g,39,1,0,d5fuxa2,Glucocorticoid receptor-like (DNA-binding domain),Glucocorticoid receptor-like (DNA-binding domain),2.97,0.30,text 3d pdb
73,g,39,1,0,d5fuwa2,Glucocorticoid receptor-like (DNA-binding domain),Glucocorticoid receptor-like (DNA-binding domain),2.97,0.30,text 3d pdb
74,b,92,1,6,d1v4ya2,Composite domain of metallo-dependent hydrolases,Composite domain of metallo-dependent hydrolases,3.64,0.30,text 3d pdb
75,g,97,1,1,d4f1eh_,Iron-sulfur cluster-binding zinc finger CDGSH type,Iron-sulfur cluster-binding zinc finger CDGSH type,3.39,0.30,text 3d pdb
76,b,92,1,6,d1rjpa2,Composite domain of metallo-dependent hydrolases,Composite domain of metallo-dependent hydrolases,3.66,0.30,text 3d pdb
77,g,41,8,7,d2ayja1,Rubredoxin-like,Zn-binding ribosomal proteins,2.83,0.30,text 3d pdb
78,b,92,1,0,d3gipb3,Composite domain of metallo-dependent hydrolases,Composite domain of metallo-dependent hydrolases,3.38,0.30,text 3d pdb
79,g,97,1,1,d4f1ej_,Iron-sulfur cluster-binding zinc finger CDGSH type,Iron-sulfur cluster-binding zinc finger CDGSH type,2.72,0.30,text 3d pdb
80,b,92,1,6,d1rjra2,Composite domain of metallo-dependent hydrolases,Composite domain of metallo-dependent hydrolases,3.65,0.30,text 3d pdb
81,b,92,1,0,d3giqb3,Composite domain of metallo-dependent hydrolases,Composite domain of metallo-dependent hydrolases,3.38,0.30,text 3d pdb
82,d,50,1,2,d2qowe2,dsRBD-like,dsRNA-binding domain-like,3.43,0.30,text 3d pdb
83,d,50,1,2,d2qoue2,dsRBD-like,dsRNA-binding domain-like,3.44,0.30,text 3d pdb
84,g,97,1,1,d4oo7a_,Iron-sulfur cluster-binding zinc finger CDGSH type,Iron-sulfur cluster-binding zinc finger CDGSH type,3.17,0.30,text 3d pdb
85,g,39,1,0,d5fuvb2,Glucocorticoid receptor-like (DNA-binding domain),Glucocorticoid receptor-like (DNA-binding domain),3.40,0.30,text 3d pdb
86,b,92,1,0,d3gipa3,Composite domain of metallo-dependent hydrolases,Composite domain of metallo-dependent hydrolases,3.38,0.30,text 3d pdb
87,g,97,1,1,d4ooaf_,Iron-sulfur cluster-binding zinc finger CDGSH type,Iron-sulfur cluster-binding zinc finger CDGSH type,3.27,0.30,text 3d pdb
88,g,41,9,2,d1twgl_,Rubredoxin-like,RNA polymerase subunits,3.16,0.30,text 3d pdb
89,b,92,1,6,d1v51a2,Composite domain of metallo-dependent hydrolases,Composite domain of metallo-dependent hydrolases,3.42,0.30,text 3d pdb
90,g,7,1,1,d1fssb_,Snake toxin-like,Snake toxin-like,3.08,0.30,text 3d pdb
91,g,3,7,5,d1mr4a_,Knottins (small inhibitors toxins, lectins),Scorpion toxin-like,1.47,0.30,text 3d pdb
92,g,3,7,5,d4cqkl_,Knottins (small inhibitors toxins, lectins),Scorpion toxin-like,3.06,0.30,text 3d pdb
93,g,41,3,1,d1pfta_,Rubredoxin-like,Zinc beta-ribbon,2.77,0.30,text 3d pdb
94,g,38,1,1,d1qp9c1,Zn2/Cys6 DNA-binding domain,Zn2/Cys6 DNA-binding domain,2.84,0.30,text 3d pdb
95,g,3,7,5,d4cqkk_,Knottins (small inhibitors toxins, lectins),Scorpion toxin-like,3.07,0.30,text 3d pdb
96,g,3,7,5,d4cqkn_,Knottins (small inhibitors toxins, lectins),Scorpion toxin-like,3.05,0.30,text 3d pdb
97,b,40,4,5,d1ne3a_,OB-fold,Nucleic acid-binding proteins,3.14,0.30,text 3d pdb
98,g,3,7,5,d5kk4c_,Knottins (small inhibitors toxins, lectins),Scorpion toxin-like,2.08,0.30,text 3d pdb
99,b,92,1,0,d3giqa3,Composite domain of metallo-dependent hydrolases,Composite domain of metallo-dependent hydrolases,3.76,0.30,text 3d pdb
100,b,92,1,6,d1rk5a2,Composite domain of metallo-dependent hydrolases,Composite domain of metallo-dependent hydrolases,3.52,0.30,text 3d pdb
101,g,97,1,1,d4f28a_,Iron-sulfur cluster-binding zinc finger CDGSH type,Iron-sulfur cluster-binding zinc finger CDGSH type,2.94,0.30,text 3d pdb
102,a,155,1,1,d2l93a1,H-NS histone-like proteins,H-NS histone-like proteins,4.23,0.30,text 3d pdb
103,j,1,1,1,d1av2c_,Membrane ion channel-forming peptide antibiotics containing D-aminoacids,Membrane ion channel-forming peptide antibiotics containing D-aminoacids,2.27,0.30,text 3d pdb
104,g,3,7,5,d4cqkd_,Knottins (small inhibitors toxins, lectins),Scorpion toxin-like,3.11,0.30,text 3d pdb
105,b,72,1,1,d1i5hw_,WW domain-like,WW domain,3.58,0.30,text 3d pdb
106,g,39,1,0,d4uxjh2,Glucocorticoid receptor-like (DNA-binding domain),Glucocorticoid receptor-like (DNA-binding domain),3.06,0.30,text 3d pdb
107,g,3,7,5,d4cqkc_,Knottins (small inhibitors toxins, lectins),Scorpion toxin-like,3.09,0.29,text 3d pdb
108,g,3,7,5,d4cqkb_,Knottins (small inhibitors toxins, lectins),Scorpion toxin-like,3.10,0.29,text 3d pdb
109,g,3,7,5,d4cqkg_,Knottins (small inhibitors toxins, lectins),Scorpion toxin-like,3.09,0.29,text 3d pdb
110,g,3,7,5,d4cqkf_,Knottins (small inhibitors toxins, lectins),Scorpion toxin-like,3.09,0.29,text 3d pdb
111,g,3,13,1,d2g81i1,Knottins (small inhibitors toxins, lectins),Bowman-Birk inhibitor BBI,3.83,0.29,text 3d pdb
112,g,3,7,5,d4cqki_,Knottins (small inhibitors toxins, lectins),Scorpion toxin-like,3.08,0.29,text 3d pdb
113,g,97,1,0,d3s2rb1,Iron-sulfur cluster-binding zinc finger CDGSH type,Iron-sulfur cluster-binding zinc finger CDGSH type,2.73,0.29,text 3d pdb
114,g,3,7,5,d5kk4a_,Knottins (small inhibitors toxins, lectins),Scorpion toxin-like,2.50,0.29,text 3d pdb
115,g,3,7,5,d4cqkh_,Knottins (small inhibitors toxins, lectins),Scorpion toxin-like,3.10,0.29,text 3d pdb
116,g,24,1,1,d1ft4a3,TNF receptor-like,TNF receptor-like,3.26,0.29,text 3d pdb
117,g,3,7,5,d4cqka_,Knottins (small inhibitors toxins, lectins),Scorpion toxin-like,3.09,0.29,text 3d pdb
118,d,50,1,2,d2z4me2,dsRBD-like,dsRNA-binding domain-like,3.53,0.29,text 3d pdb
119,b,71,1,0,d5m9xb2,Glycosyl hydrolase domain,Glycosyl hydrolase domain,3.59,0.29,text 3d pdb
120,g,3,7,5,d5kk4b_,Knottins (small inhibitors toxins, lectins),Scorpion toxin-like,2.52,0.29,text 3d pdb
121,g,97,1,1,d2qd0b_,Iron-sulfur cluster-binding zinc finger CDGSH type,Iron-sulfur cluster-binding zinc finger CDGSH type,2.87,0.29,text 3d pdb
122,g,18,1,1,d1zjka2,Complement control module/SCR domain,Complement control module/SCR domain,2.93,0.29,text 3d pdb
123,g,97,1,1,d4ezfb_,Iron-sulfur cluster-binding zinc finger CDGSH type,Iron-sulfur cluster-binding zinc finger CDGSH type,3.10,0.29,text 3d pdb
124,d,50,1,2,d2qbje2,dsRBD-like,dsRNA-binding domain-like,2.92,0.29,text 3d pdb
125,d,50,1,2,d2qbhe2,dsRBD-like,dsRNA-binding domain-like,2.92,0.29,text 3d pdb
126,g,3,7,5,d5kk4f1,Knottins (small inhibitors toxins, lectins),Scorpion toxin-like,2.59,0.29,text 3d pdb
127,b,71,1,0,d5manb2,Glycosyl hydrolase domain,Glycosyl hydrolase domain,3.67,0.29,text 3d pdb
128,d,50,1,2,d2z4ke2,dsRBD-like,dsRNA-binding domain-like,3.55,0.29,text 3d pdb
129,g,3,7,0,d5ncea_,Knottins (small inhibitors toxins, lectins),Scorpion toxin-like,3.27,0.29,text 3d pdb
130,g,3,7,5,d4cqke_,Knottins (small inhibitors toxins, lectins),Scorpion toxin-like,3.11,0.29,text 3d pdb
131,g,7,1,1,d1fsca_,Snake toxin-like,Snake toxin-like,3.27,0.29,text 3d pdb
132,b,71,1,0,d5mb2b2,Glycosyl hydrolase domain,Glycosyl hydrolase domain,3.70,0.29,text 3d pdb
133,g,3,7,5,d4cqkm_,Knottins (small inhibitors toxins, lectins),Scorpion toxin-like,3.13,0.29,text 3d pdb
134,d,58,7,1,d1x5sa1,Ferredoxin-like,RNA-binding domain RBD,3.51,0.29,text 3d pdb
135,g,3,7,5,d5kk4e1,Knottins (small inhibitors toxins, lectins),Scorpion toxin-like,3.08,0.29,text 3d pdb
136,d,253,1,1,d1neia_,Hypothetical protein YoaG,Hypothetical protein YoaG,3.59,0.29,text 3d pdb
137,g,41,9,2,d2e2hl1,Rubredoxin-like,RNA polymerase subunits,3.06,0.29,text 3d pdb
138,g,3,13,1,d1d6ri_,Knottins (small inhibitors toxins, lectins),Bowman-Birk inhibitor BBI,3.99,0.29,text 3d pdb
139,g,39,1,3,d2d8ya1,Glucocorticoid receptor-like (DNA-binding domain),Glucocorticoid receptor-like (DNA-binding domain),2.99,0.29,text 3d pdb
140,g,41,3,5,d2akla2,Rubredoxin-like,Zinc beta-ribbon,2.83,0.29,text 3d pdb
141,g,39,1,0,d2j9ra2,Glucocorticoid receptor-like (DNA-binding domain),Glucocorticoid receptor-like (DNA-binding domain),3.72,0.29,text 3d pdb
142,g,3,7,5,d5kk4d_,Knottins (small inhibitors toxins, lectins),Scorpion toxin-like,3.07,0.29,text 3d pdb
143,g,3,13,1,d1tabi_,Knottins (small inhibitors toxins, lectins),Bowman-Birk inhibitor BBI,3.58,0.29,text 3d pdb
144,d,58,7,0,d2dnga1,Ferredoxin-like,RNA-binding domain RBD,3.10,0.29,text 3d pdb
145,d,58,7,1,d1wi8a1,Ferredoxin-like,RNA-binding domain RBD,3.25,0.29,text 3d pdb
146,g,41,9,2,d2nvxl1,Rubredoxin-like,RNA polymerase subunits,2.99,0.28,text 3d pdb
147,i,8,1,1,d1y77l_,RNA polymerase,RNA polymerase,3.05,0.28,text 3d pdb
148,b,72,1,1,d2dk1a1,WW domain-like,WW domain,2.27,0.28,text 3d pdb
149,g,97,1,1,d3ew0a1,Iron-sulfur cluster-binding zinc finger CDGSH type,Iron-sulfur cluster-binding zinc finger CDGSH type,2.91,0.28,text 3d pdb
150,g,41,9,2,d2vuml1,Rubredoxin-like,RNA polymerase subunits,2.98,0.28,text 3d pdb
151,b,72,2,1,d1ogga1,WW domain-like,Carbohydrate binding domain,3.08,0.28,text 3d pdb
152,g,41,9,2,d3m3yl_,Rubredoxin-like,RNA polymerase subunits,2.86,0.28,text 3d pdb
153,b,34,13,2,d2dnva1,SH3-like barrel,Chromo domain-like,3.42,0.28,text 3d pdb
154,g,3,7,5,d4uj0b_,Knottins (small inhibitors toxins, lectins),Scorpion toxin-like,2.72,0.28,text 3d pdb
155,b,71,1,1,d2gdvb1,Glycosyl hydrolase domain,Glycosyl hydrolase domain,3.58,0.28,text 3d pdb
156,d,19,1,1,d1zglj2,MHC antigen-recognition domain,MHC antigen-recognition domain,3.88,0.28,text 3d pdb
157,g,41,9,2,d2nvql_,Rubredoxin-like,RNA polymerase subunits,3.06,0.28,text 3d pdb
158,j,71,1,1,d1i7xb_,beta-Catenine bound non-globular protein regions,beta-Catenine bound non-globular protein regions,3.17,0.28,text 3d pdb
159,d,58,7,0,d2fc8a1,Ferredoxin-like,RNA-binding domain RBD,3.78,0.28,text 3d pdb
160,g,49,1,1,d1faqa_,Cysteine-rich domain,Cysteine-rich domain,3.04,0.28,text 3d pdb
161,j,85,1,1,d1j8za_,HIV-1 gp41 fragments,HIV-1 gp41 fragments,1.60,0.28,text 3d pdb
162,g,97,1,1,d3lpqa_,Iron-sulfur cluster-binding zinc finger CDGSH type,Iron-sulfur cluster-binding zinc finger CDGSH type,2.91,0.28,text 3d pdb
163,b,1,4,0,d2wbka5,Immunoglobulin-like beta-sandwich,beta-Galactosidase/glucuronidase domain,3.47,0.28,text 3d pdb
164,d,50,1,2,d2i2ue2,dsRBD-like,dsRNA-binding domain-like,3.06,0.28,text 3d pdb
165,g,41,9,2,d3s1ml_,Rubredoxin-like,RNA polymerase subunits,3.05,0.28,text 3d pdb
166,g,3,8,1,d1azha_,Knottins (small inhibitors toxins, lectins),Cellulose-binding domain,3.36,0.28,text 3d pdb
167,g,3,7,5,d1n4na_,Knottins (small inhibitors toxins, lectins),Scorpion toxin-like,2.23,0.28,text 3d pdb
168,g,3,7,5,d4aaza_,Knottins (small inhibitors toxins, lectins),Scorpion toxin-like,2.57,0.28,text 3d pdb
169,g,96,1,1,d2foma1,Flavivirus non-structural protein NS2B-like,Flavivirus non-structural protein NS2B-like,3.77,0.28,text 3d pdb
170,g,39,1,13,d1tjla2,Glucocorticoid receptor-like (DNA-binding domain),Glucocorticoid receptor-like (DNA-binding domain),3.52,0.28,text 3d pdb
171,g,41,9,2,d3rzol_,Rubredoxin-like,RNA polymerase subunits,3.09,0.28,text 3d pdb
172,d,50,1,2,d1vs7e2,dsRBD-like,dsRNA-binding domain-like,3.46,0.28,text 3d pdb
173,g,97,1,1,d2r13a1,Iron-sulfur cluster-binding zinc finger CDGSH type,Iron-sulfur cluster-binding zinc finger CDGSH type,2.93,0.28,text 3d pdb
174,b,34,13,2,d5e4xa_,SH3-like barrel,Chromo domain-like,3.31,0.28,text 3d pdb
175,d,50,1,2,d2aw7e2,dsRBD-like,dsRNA-binding domain-like,3.10,0.28,text 3d pdb
176,g,41,9,2,d2nvyl1,Rubredoxin-like,RNA polymerase subunits,3.09,0.28,text 3d pdb
177,b,34,3,0,d1w8ja1,SH3-like barrel,Myosin S1 fragment N-terminal domain,4.07,0.28,text 3d pdb
178,i,8,1,1,d1sfol_,RNA polymerase,RNA polymerase,2.95,0.28,text 3d pdb
179,g,97,1,1,d3lpqb_,Iron-sulfur cluster-binding zinc finger CDGSH type,Iron-sulfur cluster-binding zinc finger CDGSH type,3.17,0.28,text 3d pdb
180,d,254,1,1,d2i9fb2,Nucleocapsid protein dimerization domain,Nucleocapsid protein dimerization domain,4.72,0.28,text 3d pdb
181,g,51,1,1,d1adva2,Zn-binding domains of ADDBP,Zn-binding domains of ADDBP,3.68,0.28,text 3d pdb
182,g,41,3,1,d2ja7i2,Rubredoxin-like,Zinc beta-ribbon,2.88,0.28,text 3d pdb
183,d,254,1,1,d1p65a_,Nucleocapsid protein dimerization domain,Nucleocapsid protein dimerization domain,3.12,0.28,text 3d pdb
184,g,3,13,1,d1h34a_,Knottins (small inhibitors toxins, lectins),Bowman-Birk inhibitor BBI,4.07,0.28,text 3d pdb
185,d,50,1,2,d2qane2,dsRBD-like,dsRNA-binding domain-like,3.29,0.28,text 3d pdb
186,g,41,3,1,d2ja8i2,Rubredoxin-like,Zinc beta-ribbon,2.92,0.28,text 3d pdb
187,d,254,1,1,d2i9fc_,Nucleocapsid protein dimerization domain,Nucleocapsid protein dimerization domain,4.69,0.28,text 3d pdb
188,b,35,1,0,d4pj1o_,GroES-like,GroES-like,3.55,0.28,text 3d pdb
189,d,254,1,1,d1p65b_,Nucleocapsid protein dimerization domain,Nucleocapsid protein dimerization domain,3.29,0.28,text 3d pdb
190,g,3,6,2,d1c6wa_,Knottins (small inhibitors toxins, lectins),omega toxin-like,2.60,0.28,text 3d pdb
191,b,179,1,1,d3j9ca1,Anthrax protective antigen N-terminal-like,PA14-like,3.76,0.28,text 3d pdb
192,g,41,3,2,d1nuib2,Rubredoxin-like,Zinc beta-ribbon,2.86,0.28,text 3d pdb
193,g,3,7,5,d2n66a_,Knottins (small inhibitors toxins, lectins),Scorpion toxin-like,2.74,0.28,text 3d pdb
194,g,41,9,2,d2e2il1,Rubredoxin-like,RNA polymerase subunits,3.23,0.28,text 3d pdb
195,g,41,3,1,d2ja6i2,Rubredoxin-like,Zinc beta-ribbon,3.00,0.28,text 3d pdb
196,g,97,1,1,d3reea_,Iron-sulfur cluster-binding zinc finger CDGSH type,Iron-sulfur cluster-binding zinc finger CDGSH type,2.95,0.28,text 3d pdb
197,g,51,1,1,d1adua2,Zn-binding domains of ADDBP,Zn-binding domains of ADDBP,3.60,0.28,text 3d pdb
198,g,39,1,0,d4uxjb2,Glucocorticoid receptor-like (DNA-binding domain),Glucocorticoid receptor-like (DNA-binding domain),3.48,0.28,text 3d pdb
199,g,7,1,1,d1crfa_,Snake toxin-like,Snake toxin-like,3.05,0.28,text 3d pdb
200,g,14,1,1,d5cs3a2,Kringle-like,Kringle-like,3.60,0.28,text 3d pdb
201,g,39,1,4,d1zfoa_,Glucocorticoid receptor-like (DNA-binding domain),Glucocorticoid receptor-like (DNA-binding domain),2.82,0.28,text 3d pdb
202,g,14,1,1,d5ct2a2,Kringle-like,Kringle-like,3.54,0.28,text 3d pdb
203,d,254,1,1,d2i9fd2,Nucleocapsid protein dimerization domain,Nucleocapsid protein dimerization domain,4.59,0.28,text 3d pdb
204,i,1,1,1,d3j3bl_,Ribosome and ribosomal fragments,Ribosome and ribosomal fragments,4.01,0.28,text 3d pdb
205,g,14,1,1,d1pk2a_,Kringle-like,Kringle-like,4.00,0.28,text 3d pdb
206,d,50,1,2,d2qale2,dsRBD-like,dsRNA-binding domain-like,3.22,0.28,text 3d pdb
207,g,3,7,5,d3psma_,Knottins (small inhibitors toxins, lectins),Scorpion toxin-like,3.03,0.28,text 3d pdb
208,g,39,1,0,d4uxjc2,Glucocorticoid receptor-like (DNA-binding domain),Glucocorticoid receptor-like (DNA-binding domain),3.48,0.28,text 3d pdb
209,g,39,1,14,d1xbtb2,Glucocorticoid receptor-like (DNA-binding domain),Glucocorticoid receptor-like (DNA-binding domain),2.98,0.28,text 3d pdb
210,g,41,9,2,d2nvzl1,Rubredoxin-like,RNA polymerase subunits,3.79,0.28,text 3d pdb
211,g,18,1,1,d1nwva2,Complement control module/SCR domain,Complement control module/SCR domain,4.31,0.28,text 3d pdb
212,g,39,1,0,d4uxje2,Glucocorticoid receptor-like (DNA-binding domain),Glucocorticoid receptor-like (DNA-binding domain),3.48,0.28,text 3d pdb
213,i,8,1,1,d1y1vl_,RNA polymerase,RNA polymerase,3.41,0.28,text 3d pdb
214,g,41,9,2,d1k83l_,Rubredoxin-like,RNA polymerase subunits,3.06,0.28,text 3d pdb
215,g,41,9,2,d3s14l_,Rubredoxin-like,RNA polymerase subunits,3.39,0.28,text 3d pdb
216,a,9,1,1,d1bala_,Peripheral subunit-binding domain of 2-oxo acid dehydrogenase complex,Peripheral subunit-binding domain of 2-oxo acid dehydrogenase complex,3.94,0.27,text 3d pdb
217,g,39,1,13,d1tjle2,Glucocorticoid receptor-like (DNA-binding domain),Glucocorticoid receptor-like (DNA-binding domain),3.35,0.27,text 3d pdb
218,g,3,1,1,d1k7ta1,Knottins (small inhibitors toxins, lectins),Plant lectins/antimicrobial peptides,3.62,0.27,text 3d pdb
219,i,1,1,2,d1vw4z_,Ribosome and ribosomal fragments,Ribosome and ribosomal fragments,3.93,0.27,text 3d pdb
220,b,35,1,1,d2c7ct1,GroES-like,GroES-like,3.52,0.27,text 3d pdb
221,g,7,1,1,d4om5a_,Snake toxin-like,Snake toxin-like,3.81,0.27,text 3d pdb
222,g,7,1,1,d1f8ub_,Snake toxin-like,Snake toxin-like,3.36,0.27,text 3d pdb
223,i,8,1,1,d1nikl_,RNA polymerase,RNA polymerase,3.02,0.27,text 3d pdb
224,i,8,1,1,d1r5ul_,RNA polymerase,RNA polymerase,3.02,0.27,text 3d pdb
225,g,41,9,2,d1i6hl_,Rubredoxin-like,RNA polymerase subunits,3.02,0.27,text 3d pdb
226,g,49,1,1,d3ueyb1,Cysteine-rich domain,Cysteine-rich domain,3.45,0.27,text 3d pdb
227,i,8,1,1,d1r9sl_,RNA polymerase,RNA polymerase,3.02,0.27,text 3d pdb
228,g,41,9,2,d3s1nl_,Rubredoxin-like,RNA polymerase subunits,3.02,0.27,text 3d pdb
229,g,14,1,1,d1bhta2,Kringle-like,Kringle-like,3.52,0.27,text 3d pdb
230,g,14,1,1,d5cs5a2,Kringle-like,Kringle-like,3.76,0.27,text 3d pdb
231,g,3,1,1,d5xdia_,Knottins (small inhibitors toxins, lectins),Plant lectins/antimicrobial peptides,2.87,0.27,text 3d pdb
232,b,35,1,1,d1we3q_,GroES-like,GroES-like,3.68,0.27,text 3d pdb
233,b,35,1,1,d1we3o_,GroES-like,GroES-like,3.66,0.27,text 3d pdb
234,g,14,1,1,d2qj2a2,Kringle-like,Kringle-like,3.52,0.27,text 3d pdb
235,g,14,1,1,d2doia2,Kringle-like,Kringle-like,3.69,0.27,text 3d pdb
236,g,14,1,1,d5ct3a2,Kringle-like,Kringle-like,3.77,0.27,text 3d pdb
237,d,301,1,1,d3df431,L35p-like,L35p-like,4.09,0.27,text 3d pdb
238,d,58,1,5,d3mmad3,Ferredoxin-like,4Fe-4S ferredoxins,3.62,0.27,text 3d pdb
239,g,14,1,1,d5cs1a2,Kringle-like,Kringle-like,3.60,0.27,text 3d pdb
240,g,14,1,1,d5cs9a2,Kringle-like,Kringle-like,3.62,0.27,text 3d pdb
241,g,14,1,1,d1gmoe2,Kringle-like,Kringle-like,3.77,0.27,text 3d pdb
242,b,35,1,1,d1we3p_,GroES-like,GroES-like,3.81,0.27,text 3d pdb
243,g,14,1,1,d5cp9a2,Kringle-like,Kringle-like,3.77,0.27,text 3d pdb
244,g,7,1,1,d1b41b_,Snake toxin-like,Snake toxin-like,3.55,0.27,text 3d pdb
245,g,49,1,1,d3uejb1,Cysteine-rich domain,Cysteine-rich domain,3.45,0.27,text 3d pdb
246,g,14,1,1,d1gmof2,Kringle-like,Kringle-like,3.14,0.27,text 3d pdb
247,g,39,1,0,d1w4ra2,Glucocorticoid receptor-like (DNA-binding domain),Glucocorticoid receptor-like (DNA-binding domain),3.00,0.27,text 3d pdb
248,g,14,1,1,d2qj2b2,Kringle-like,Kringle-like,3.66,0.27,text 3d pdb
249,d,58,7,0,d4a8xa1,Ferredoxin-like,RNA-binding domain RBD,3.66,0.27,text 3d pdb
250,g,14,1,1,d5csqa2,Kringle-like,Kringle-like,3.86,0.27,text 3d pdb
251,d,58,7,0,d2rrba1,Ferredoxin-like,RNA-binding domain RBD,3.22,0.27,text 3d pdb
252,b,35,1,0,d4pj1v_,GroES-like,GroES-like,3.58,0.27,text 3d pdb
253,g,1,1,1,d1iog.1,Insulin-like,Insulin-like,3.85,0.27,text 3d pdb
254,g,14,1,1,d5ct1a2,Kringle-like,Kringle-like,3.81,0.27,text 3d pdb
255,g,61,1,1,d2j5la1,Apical membrane antigen 1,Apical membrane antigen 1,3.07,0.27,text 3d pdb
256,g,39,1,13,d1tjlc2,Glucocorticoid receptor-like (DNA-binding domain),Glucocorticoid receptor-like (DNA-binding domain),3.18,0.27,text 3d pdb
257,g,14,1,1,d5coea2,Kringle-like,Kringle-like,3.92,0.27,text 3d pdb
258,g,14,1,1,d4iuaa2,Kringle-like,Kringle-like,3.52,0.27,text 3d pdb
259,g,41,9,2,d1i3ql_,Rubredoxin-like,RNA polymerase subunits,3.15,0.27,text 3d pdb
260,b,1,1,2,d1hsba1,Immunoglobulin-like beta-sandwich,Immunoglobulin,3.28,0.27,text 3d pdb
261,a,4,7,1,d1y39b1,DNA/RNA-binding 3-helical bundle,Ribosomal protein L11 C-terminal domain,4.20,0.27,text 3d pdb
262,g,14,1,1,d1gp9d2,Kringle-like,Kringle-like,3.97,0.27,text 3d pdb
263,b,35,1,1,d1wf4t_,GroES-like,GroES-like,3.65,0.27,text 3d pdb
264,g,97,1,1,d3ew0b1,Iron-sulfur cluster-binding zinc finger CDGSH type,Iron-sulfur cluster-binding zinc finger CDGSH type,2.98,0.27,text 3d pdb
265,g,39,1,13,d1tjlh2,Glucocorticoid receptor-like (DNA-binding domain),Glucocorticoid receptor-like (DNA-binding domain),3.06,0.27,text 3d pdb
266,a,2,11,0,d4ffka1,Long alpha-hairpin,FeMn superoxide dismutase (SOD), N-terminal domain,3.71,0.27,text 3d pdb
267,j,75,1,1,d1ho0a_,Isolated insulin B-chain,Isolated insulin B-chain,2.72,0.27,text 3d pdb
268,g,50,1,2,d2pnxa1,FYVE/PHD zinc finger,FYVE/PHD zinc finger,3.37,0.27,text 3d pdb
269,g,79,1,1,d1wj2a_,WRKY DNA-binding domain,WRKY DNA-binding domain,2.82,0.27,text 3d pdb
270,g,7,1,1,d2x8bb_,Snake toxin-like,Snake toxin-like,3.36,0.27,text 3d pdb
271,g,14,1,1,d1gmoc2,Kringle-like,Kringle-like,4.02,0.27,text 3d pdb
272,d,301,1,1,d2vhn31,L35p-like,L35p-like,4.17,0.27,text 3d pdb
273,a,4,11,1,d2ja7v1,DNA/RNA-binding 3-helical bundle,RNA polymerase subunit RPB10,3.53,0.27,text 3d pdb
274,g,14,1,1,d4iuac2,Kringle-like,Kringle-like,3.89,0.27,text 3d pdb
275,g,1,1,1,d1wqji_,Insulin-like,Insulin-like,3.15,0.27,text 3d pdb
276,g,7,1,1,d1zada_,Snake toxin-like,Snake toxin-like,3.66,0.27,text 3d pdb
277,a,4,11,1,d2ja5j1,DNA/RNA-binding 3-helical bundle,RNA polymerase subunit RPB10,3.52,0.27,text 3d pdb
278,d,58,1,5,d3mm5a3,Ferredoxin-like,4Fe-4S ferredoxins,3.61,0.27,text 3d pdb
279,g,51,1,1,d2wb0x2,Zn-binding domains of ADDBP,Zn-binding domains of ADDBP,3.45,0.27,text 3d pdb
280,g,14,1,1,d1gp9a2,Kringle-like,Kringle-like,3.67,0.27,text 3d pdb
281,g,14,1,1,d2qj4b2,Kringle-like,Kringle-like,3.97,0.27,text 3d pdb
282,a,4,7,1,d1mmsb_,DNA/RNA-binding 3-helical bundle,Ribosomal protein L11 C-terminal domain,4.12,0.27,text 3d pdb
283,b,35,1,1,d1sx4t_,GroES-like,GroES-like,3.69,0.27,text 3d pdb
284,g,41,3,1,d2b63i2,Rubredoxin-like,Zinc beta-ribbon,3.38,0.27,text 3d pdb
285,b,35,1,1,d1sx4u_,GroES-like,GroES-like,3.69,0.27,text 3d pdb
286,g,14,1,1,d3mkpd2,Kringle-like,Kringle-like,3.67,0.27,text 3d pdb
287,b,35,1,1,d2c7dq1,GroES-like,GroES-like,3.58,0.27,text 3d pdb
288,g,97,1,1,d4ezfa_,Iron-sulfur cluster-binding zinc finger CDGSH type,Iron-sulfur cluster-binding zinc finger CDGSH type,3.67,0.27,text 3d pdb
289,a,4,11,1,d2r92j1,DNA/RNA-binding 3-helical bundle,RNA polymerase subunit RPB10,3.52,0.27,text 3d pdb
290,b,35,1,1,d1sx4s_,GroES-like,GroES-like,3.68,0.27,text 3d pdb
291,j,6,1,1,d2rlka1,Peptide hormones,Peptide hormones,3.26,0.27,text 3d pdb
292,d,17,2,1,d1ui8b2,Cystatin-like,Amine oxidase N-terminal region,3.66,0.27,text 3d pdb
293,b,35,1,1,d1sx4o_,GroES-like,GroES-like,3.67,0.27,text 3d pdb
294,g,7,1,1,d1fasa_,Snake toxin-like,Snake toxin-like,3.60,0.27,text 3d pdb
295,g,14,1,1,d2dohx2,Kringle-like,Kringle-like,3.91,0.27,text 3d pdb
296,b,35,1,1,d1sx4r_,GroES-like,GroES-like,3.67,0.27,text 3d pdb
297,b,72,1,1,d1jmqa_,WW domain-like,WW domain,3.67,0.27,text 3d pdb
298,g,14,1,1,d4iuae2,Kringle-like,Kringle-like,3.59,0.27,text 3d pdb
299,g,14,1,1,d4d3ca1,Kringle-like,Kringle-like,3.78,0.27,text 3d pdb
300,b,35,1,1,d1sx4q_,GroES-like,GroES-like,3.67,0.27,text 3d pdb
301,b,35,1,1,d1sx4p_,GroES-like,GroES-like,3.68,0.27,text 3d pdb
302,g,14,1,1,d2qj4a2,Kringle-like,Kringle-like,4.09,0.27,text 3d pdb
303,g,14,1,1,d2doix2,Kringle-like,Kringle-like,3.83,0.27,text 3d pdb
304,g,3,15,2,d4mlfd_,Knottins (small inhibitors toxins, lectins),Leech antihemostatic proteins,3.22,0.27,text 3d pdb
305,b,34,19,1,d2dk3a1,SH3-like barrel,Mib/herc2 domain-like,2.81,0.27,text 3d pdb
306,g,18,1,1,d2o39c2,Complement control module/SCR domain,Complement control module/SCR domain,3.25,0.27,text 3d pdb
307,d,17,2,1,d2cfdb2,Cystatin-like,Amine oxidase N-terminal region,3.51,0.27,text 3d pdb
308,d,15,1,1,d1gjza_,beta-Grasp (ubiquitin-like),Ubiquitin-like,3.46,0.27,text 3d pdb
309,a,4,7,1,d1mmsa1,DNA/RNA-binding 3-helical bundle,Ribosomal protein L11 C-terminal domain,4.11,0.27,text 3d pdb
310,g,7,1,1,d4bdtb_,Snake toxin-like,Snake toxin-like,3.56,0.27,text 3d pdb
311,g,14,1,1,d3sp8b2,Kringle-like,Kringle-like,3.67,0.27,text 3d pdb
312,b,1,1,2,d1pskh2,Immunoglobulin-like beta-sandwich,Immunoglobulin,3.66,0.27,text 3d pdb
313,d,14,1,1,d2qbhe1,Ribosomal protein S5 domain 2-like,Ribosomal protein S5 domain 2-like,3.63,0.27,text 3d pdb
314,d,14,1,1,d2qbje1,Ribosomal protein S5 domain 2-like,Ribosomal protein S5 domain 2-like,3.64,0.27,text 3d pdb
315,d,301,1,1,d1vs831,L35p-like,L35p-like,4.46,0.27,text 3d pdb
316,b,35,1,1,d2c7cq1,GroES-like,GroES-like,3.71,0.27,text 3d pdb
317,i,8,1,1,d1y1wj_,RNA polymerase,RNA polymerase,3.54,0.27,text 3d pdb
318,d,17,2,1,d1ivwb2,Cystatin-like,Amine oxidase N-terminal region,3.69,0.27,text 3d pdb
319,d,80,1,1,d1s0ya_,Tautomerase/MIF,Tautomerase/MIF,3.98,0.27,text 3d pdb
320,d,254,1,1,d2i9fa1,Nucleocapsid protein dimerization domain,Nucleocapsid protein dimerization domain,3.68,0.27,text 3d pdb
321,d,58,1,5,d3mm6d3,Ferredoxin-like,4Fe-4S ferredoxins,3.63,0.27,text 3d pdb
322,g,14,1,1,d3sp8a2,Kringle-like,Kringle-like,3.93,0.27,text 3d pdb
323,g,14,1,1,d4iuag2,Kringle-like,Kringle-like,3.82,0.27,text 3d pdb
324,a,4,11,1,d2r7zj1,DNA/RNA-binding 3-helical bundle,RNA polymerase subunit RPB10,3.51,0.27,text 3d pdb
325,d,17,2,1,d1av4a2,Cystatin-like,Amine oxidase N-terminal region,3.53,0.27,text 3d pdb
326,a,4,11,1,d2nvxj1,DNA/RNA-binding 3-helical bundle,RNA polymerase subunit RPB10,3.54,0.27,text 3d pdb
327,d,14,1,1,d2e5le1,Ribosomal protein S5 domain 2-like,Ribosomal protein S5 domain 2-like,3.72,0.27,text 3d pdb
328,g,14,1,1,d4iuab2,Kringle-like,Kringle-like,3.87,0.27,text 3d pdb
329,i,8,1,1,d1r9sj_,RNA polymerase,RNA polymerase,3.53,0.27,text 3d pdb
330,i,8,1,1,d1nikj_,RNA polymerase,RNA polymerase,3.53,0.27,text 3d pdb
331,g,8,1,1,d2ra3c_,BPTI-like,BPTI-like,3.58,0.27,text 3d pdb
332,a,4,11,1,d1i6hj_,DNA/RNA-binding 3-helical bundle,RNA polymerase subunit RPB10,3.53,0.27,text 3d pdb
333,i,8,1,1,d1r5uj_,RNA polymerase,RNA polymerase,3.53,0.27,text 3d pdb
334,d,17,2,1,d1avla2,Cystatin-like,Amine oxidase N-terminal region,3.82,0.27,text 3d pdb
335,g,14,1,1,d4iuaf2,Kringle-like,Kringle-like,3.91,0.27,text 3d pdb
336,g,14,1,1,d1gmoa2,Kringle-like,Kringle-like,3.83,0.27,text 3d pdb
337,a,4,11,1,d2b63j1,DNA/RNA-binding 3-helical bundle,RNA polymerase subunit RPB10,3.54,0.27,text 3d pdb
338,a,4,11,1,d2vumj1,DNA/RNA-binding 3-helical bundle,RNA polymerase subunit RPB10,3.50,0.27,text 3d pdb
339,g,7,1,1,d2crsa_,Snake toxin-like,Snake toxin-like,3.39,0.27,text 3d pdb
340,a,2,11,1,d1p7gu1,Long alpha-hairpin,FeMn superoxide dismutase (SOD), N-terminal domain,3.79,0.27,text 3d pdb
341,d,14,1,1,d2qbbe1,Ribosomal protein S5 domain 2-like,Ribosomal protein S5 domain 2-like,3.65,0.26,text 3d pdb
342,d,14,1,1,d2qb9e1,Ribosomal protein S5 domain 2-like,Ribosomal protein S5 domain 2-like,3.65,0.26,text 3d pdb
343,a,2,11,1,d1p7gv1,Long alpha-hairpin,FeMn superoxide dismutase (SOD), N-terminal domain,3.60,0.26,text 3d pdb
344,d,301,1,1,d2qbg31,L35p-like,L35p-like,4.26,0.26,text 3d pdb
345,d,17,2,1,d2cfga2,Cystatin-like,Amine oxidase N-terminal region,3.55,0.26,text 3d pdb
346,a,4,7,1,d1hc8b_,DNA/RNA-binding 3-helical bundle,Ribosomal protein L11 C-terminal domain,4.28,0.26,text 3d pdb
347,g,14,1,1,d1gmoh2,Kringle-like,Kringle-like,3.72,0.26,text 3d pdb
348,a,4,13,1,d1iw7p1,DNA/RNA-binding 3-helical bundle,Sigma3 and sigma4 domains of RNA polymerase sigma factors,3.12,0.26,text 3d pdb
349,d,14,1,1,d3df1e1,Ribosomal protein S5 domain 2-like,Ribosomal protein S5 domain 2-like,3.70,0.26,text 3d pdb
350,g,14,1,1,d1gmod2,Kringle-like,Kringle-like,3.83,0.26,text 3d pdb
351,i,8,1,1,d1y1vj_,RNA polymerase,RNA polymerase,3.55,0.26,text 3d pdb
352,d,301,1,1,d2qbe31,L35p-like,L35p-like,4.26,0.26,text 3d pdb
353,g,7,1,1,d1cdtb_,Snake toxin-like,Snake toxin-like,3.28,0.26,text 3d pdb
354,b,1,1,2,d5m3vb2,Immunoglobulin-like beta-sandwich,Immunoglobulin,3.91,0.26,text 3d pdb
355,a,2,11,1,d1p7ge1,Long alpha-hairpin,FeMn superoxide dismutase (SOD), N-terminal domain,3.64,0.26,text 3d pdb
356,i,1,1,1,d3u5gc_,Ribosome and ribosomal fragments,Ribosome and ribosomal fragments,3.41,0.26,text 3d pdb
357,g,14,1,1,d1gmob2,Kringle-like,Kringle-like,3.67,0.26,text 3d pdb
358,a,4,13,1,d2a68p1,DNA/RNA-binding 3-helical bundle,Sigma3 and sigma4 domains of RNA polymerase sigma factors,3.13,0.26,text 3d pdb
359,g,14,1,1,d1nk1a2,Kringle-like,Kringle-like,3.78,0.26,text 3d pdb
360,g,16,1,1,d1hi7a_,Trefoil/Plexin domain-like,Trefoil,4.04,0.26,text 3d pdb
361,d,76,2,1,d2ckca1,GYF/BRK domain-like,BRK domain-like,3.90,0.26,text 3d pdb
362,b,35,1,1,d2c7cr1,GroES-like,GroES-like,3.73,0.26,text 3d pdb
363,a,4,13,1,d2a68f1,DNA/RNA-binding 3-helical bundle,Sigma3 and sigma4 domains of RNA polymerase sigma factors,3.13,0.26,text 3d pdb
364,g,8,1,0,d3bybc_,BPTI-like,BPTI-like,3.79,0.26,text 3d pdb
365,d,14,1,1,d3df3e1,Ribosomal protein S5 domain 2-like,Ribosomal protein S5 domain 2-like,3.71,0.26,text 3d pdb
366,g,14,1,1,d1gmnb2,Kringle-like,Kringle-like,3.76,0.26,text 3d pdb
367,g,16,1,1,d2pspa2,Trefoil/Plexin domain-like,Trefoil,3.08,0.26,text 3d pdb
368,a,4,13,1,d3eqlf2,DNA/RNA-binding 3-helical bundle,Sigma3 and sigma4 domains of RNA polymerase sigma factors,3.33,0.26,text 3d pdb
369,d,28,1,1,d2gy9s1,Ribosomal protein S19,Ribosomal protein S19,2.51,0.26,text 3d pdb
370,j,6,1,1,d2oona1,Peptide hormones,Peptide hormones,3.56,0.26,text 3d pdb
371,a,2,2,1,d2j0121,Long alpha-hairpin,Ribosomal protein L29 (L29p),3.86,0.26,text 3d pdb
372,d,14,1,1,d2qbfe1,Ribosomal protein S5 domain 2-like,Ribosomal protein S5 domain 2-like,3.69,0.26,text 3d pdb
373,a,2,11,1,d1p7go1,Long alpha-hairpin,FeMn superoxide dismutase (SOD), N-terminal domain,3.65,0.26,text 3d pdb
374,d,14,1,1,d2qbde1,Ribosomal protein S5 domain 2-like,Ribosomal protein S5 domain 2-like,3.69,0.26,text 3d pdb
375,b,34,13,2,d2dy7a1,SH3-like barrel,Chromo domain-like,3.75,0.26,text 3d pdb
376,i,1,1,1,d3u5il_,Ribosome and ribosomal fragments,Ribosome and ribosomal fragments,4.11,0.26,text 3d pdb
377,a,4,13,1,d2be5f1,DNA/RNA-binding 3-helical bundle,Sigma3 and sigma4 domains of RNA polymerase sigma factors,3.12,0.26,text 3d pdb
378,g,41,9,2,d2yu9l1,Rubredoxin-like,RNA polymerase subunits,3.24,0.26,text 3d pdb
379,d,17,2,1,d2cfla2,Cystatin-like,Amine oxidase N-terminal region,3.54,0.26,text 3d pdb
380,g,39,1,13,d1tjld2,Glucocorticoid receptor-like (DNA-binding domain),Glucocorticoid receptor-like (DNA-binding domain),3.38,0.26,text 3d pdb
381,b,34,13,2,d1x32a1,SH3-like barrel,Chromo domain-like,3.50,0.26,text 3d pdb
382,d,15,1,1,d1gjzb_,beta-Grasp (ubiquitin-like),Ubiquitin-like,3.53,0.26,text 3d pdb
383,a,4,13,1,d2be5p1,DNA/RNA-binding 3-helical bundle,Sigma3 and sigma4 domains of RNA polymerase sigma factors,3.15,0.26,text 3d pdb
384,g,14,1,1,d1gmog2,Kringle-like,Kringle-like,4.04,0.26,text 3d pdb
385,g,16,1,1,d2pspb2,Trefoil/Plexin domain-like,Trefoil,3.77,0.26,text 3d pdb
386,g,19,1,1,d1rooa_,Crisp domain-like,Crisp domain-like,3.52,0.26,text 3d pdb
387,a,4,13,1,d2a6hf1,DNA/RNA-binding 3-helical bundle,Sigma3 and sigma4 domains of RNA polymerase sigma factors,3.14,0.26,text 3d pdb
388,d,17,2,1,d1ivxb2,Cystatin-like,Amine oxidase N-terminal region,3.55,0.26,text 3d pdb
389,a,2,11,1,d1p7gg1,Long alpha-hairpin,FeMn superoxide dismutase (SOD), N-terminal domain,3.64,0.26,text 3d pdb
390,i,8,1,1,d1sfoj_,RNA polymerase,RNA polymerase,3.53,0.26,text 3d pdb
391,a,2,11,1,d1p7gw1,Long alpha-hairpin,FeMn superoxide dismutase (SOD), N-terminal domain,3.64,0.26,text 3d pdb
392,a,2,11,1,d1b06a1,Long alpha-hairpin,FeMn superoxide dismutase (SOD), N-terminal domain,3.69,0.26,text 3d pdb
393,g,37,1,1,d2epsa1,beta-beta-alpha zinc fingers,beta-beta-alpha zinc fingers,2.74,0.26,text 3d pdb
394,d,17,2,1,d1iu7b2,Cystatin-like,Amine oxidase N-terminal region,3.55,0.26,text 3d pdb
395,a,4,1,3,d1idza_,DNA/RNA-binding 3-helical bundle,Homeodomain-like,4.00,0.26,text 3d pdb
396,a,2,11,1,d1b06b1,Long alpha-hairpin,FeMn superoxide dismutase (SOD), N-terminal domain,3.69,0.26,text 3d pdb
397,d,58,7,0,d2fc9a1,Ferredoxin-like,RNA-binding domain RBD,3.80,0.26,text 3d pdb
398,a,2,11,1,d1b06c1,Long alpha-hairpin,FeMn superoxide dismutase (SOD), N-terminal domain,3.69,0.26,text 3d pdb
399,a,4,11,1,d2nvqj_,DNA/RNA-binding 3-helical bundle,RNA polymerase subunit RPB10,3.55,0.26,text 3d pdb
400,g,41,3,1,d2b8ki2,Rubredoxin-like,Zinc beta-ribbon,3.07,0.26,text 3d pdb
401,g,51,1,1,d1advb2,Zn-binding domains of ADDBP,Zn-binding domains of ADDBP,3.22,0.26,text 3d pdb
402,b,6,1,3,d1sddb1,Cupredoxin-like,Cupredoxins,3.69,0.26,text 3d pdb
403,a,2,11,1,d1wb7a1,Long alpha-hairpin,FeMn superoxide dismutase (SOD), N-terminal domain,3.47,0.26,text 3d pdb
404,g,14,1,1,d4iuad2,Kringle-like,Kringle-like,3.97,0.26,text 3d pdb
405,a,2,11,1,d1wb7b1,Long alpha-hairpin,FeMn superoxide dismutase (SOD), N-terminal domain,3.47,0.26,text 3d pdb
406,a,2,11,1,d1b06d1,Long alpha-hairpin,FeMn superoxide dismutase (SOD), N-terminal domain,3.69,0.26,text 3d pdb
407,a,2,11,1,d1p7gi1,Long alpha-hairpin,FeMn superoxide dismutase (SOD), N-terminal domain,3.66,0.26,text 3d pdb
408,b,34,2,1,d1ueca1,SH3-like barrel,SH3-domain,3.31,0.26,text 3d pdb
409,a,2,11,1,d1b06e1,Long alpha-hairpin,FeMn superoxide dismutase (SOD), N-terminal domain,3.69,0.26,text 3d pdb
410,d,17,2,1,d1iu7a2,Cystatin-like,Amine oxidase N-terminal region,3.34,0.26,text 3d pdb
411,d,17,2,1,d3amob1,Cystatin-like,Amine oxidase N-terminal region,3.28,0.26,text 3d pdb
412,g,18,1,1,d3nfpi2,Complement control module/SCR domain,Complement control module/SCR domain,3.58,0.26,text 3d pdb
413,a,5,8,0,d2wbma2,RuvA C-terminal domain-like,Hypothetical protein AF0491 middle domain,4.41,0.26,text 3d pdb
414,a,2,11,1,d1p7gs1,Long alpha-hairpin,FeMn superoxide dismutase (SOD), N-terminal domain,3.64,0.26,text 3d pdb
415,g,14,1,1,d1bhtb2,Kringle-like,Kringle-like,3.83,0.26,text 3d pdb
416,a,2,11,1,d1p7gd1,Long alpha-hairpin,FeMn superoxide dismutase (SOD), N-terminal domain,3.63,0.26,text 3d pdb
417,d,17,2,1,d1ui8a2,Cystatin-like,Amine oxidase N-terminal region,3.87,0.26,text 3d pdb
418,a,2,11,1,d1p7ga1,Long alpha-hairpin,FeMn superoxide dismutase (SOD), N-terminal domain,3.52,0.26,text 3d pdb
419,d,17,2,1,d2cfgb2,Cystatin-like,Amine oxidase N-terminal region,3.59,0.26,text 3d pdb
420,a,4,13,1,d2a69f1,DNA/RNA-binding 3-helical bundle,Sigma3 and sigma4 domains of RNA polymerase sigma factors,3.13,0.26,text 3d pdb
421,a,2,11,1,d1p7gx1,Long alpha-hairpin,FeMn superoxide dismutase (SOD), N-terminal domain,3.71,0.26,text 3d pdb
422,a,4,7,1,d1hc8a_,DNA/RNA-binding 3-helical bundle,Ribosomal protein L11 C-terminal domain,4.35,0.26,text 3d pdb
423,d,14,1,1,d2i2pe1,Ribosomal protein S5 domain 2-like,Ribosomal protein S5 domain 2-like,3.78,0.26,text 3d pdb
424,a,2,11,1,d1p7gj1,Long alpha-hairpin,FeMn superoxide dismutase (SOD), N-terminal domain,3.66,0.26,text 3d pdb
425,a,2,11,1,d1b06f1,Long alpha-hairpin,FeMn superoxide dismutase (SOD), N-terminal domain,3.69,0.26,text 3d pdb
426,a,4,13,1,d2a6hp1,DNA/RNA-binding 3-helical bundle,Sigma3 and sigma4 domains of RNA polymerase sigma factors,3.15,0.26,text 3d pdb
427,a,2,11,1,d1p7gb1,Long alpha-hairpin,FeMn superoxide dismutase (SOD), N-terminal domain,3.65,0.26,text 3d pdb
428,a,2,11,1,d1p7gp1,Long alpha-hairpin,FeMn superoxide dismutase (SOD), N-terminal domain,3.47,0.26,text 3d pdb
429,d,80,1,1,d1s0yi_,Tautomerase/MIF,Tautomerase/MIF,4.07,0.26,text 3d pdb
430,g,7,1,0,d4zqya_,Snake toxin-like,Snake toxin-like,3.46,0.26,text 3d pdb
431,g,7,1,1,d4ey8b_,Snake toxin-like,Snake toxin-like,3.62,0.26,text 3d pdb
432,g,14,1,1,d3hn4a2,Kringle-like,Kringle-like,4.04,0.26,text 3d pdb
433,a,2,11,1,d1p7gr1,Long alpha-hairpin,FeMn superoxide dismutase (SOD), N-terminal domain,3.67,0.26,text 3d pdb
434,d,17,2,1,d2cfwa2,Cystatin-like,Amine oxidase N-terminal region,3.58,0.26,text 3d pdb
435,d,17,2,1,d1w5za2,Cystatin-like,Amine oxidase N-terminal region,3.57,0.26,text 3d pdb
436,d,17,2,1,d1avka2,Cystatin-like,Amine oxidase N-terminal region,3.67,0.26,text 3d pdb
437,g,1,1,1,d1kmf.1,Insulin-like,Insulin-like,3.99,0.26,text 3d pdb
438,b,1,3,1,d1b4ra_,Immunoglobulin-like beta-sandwich,PKD domain,3.67,0.26,text 3d pdb
439,d,17,2,1,d1siia2,Cystatin-like,Amine oxidase N-terminal region,3.60,0.26,text 3d pdb
440,d,17,2,1,d2cfka2,Cystatin-like,Amine oxidase N-terminal region,3.58,0.26,text 3d pdb
441,d,344,1,1,d2outa2,GINS/PriA/YqbF domain,PriA/YqbF domain,3.93,0.26,text 3d pdb
442,a,2,11,1,d1wb8b1,Long alpha-hairpin,FeMn superoxide dismutase (SOD), N-terminal domain,3.65,0.26,text 3d pdb
443,d,17,2,1,d2bt3a2,Cystatin-like,Amine oxidase N-terminal region,3.62,0.26,text 3d pdb
444,a,2,11,1,d3evkd1,Long alpha-hairpin,FeMn superoxide dismutase (SOD), N-terminal domain,3.80,0.26,text 3d pdb
445,a,2,11,0,d3ak2d1,Long alpha-hairpin,FeMn superoxide dismutase (SOD), N-terminal domain,3.75,0.26,text 3d pdb
446,b,34,2,0,d2ekha1,SH3-like barrel,SH3-domain,3.31,0.26,text 3d pdb
447,d,17,2,1,d2cg0a2,Cystatin-like,Amine oxidase N-terminal region,3.58,0.26,text 3d pdb
448,a,4,13,1,d2a6ef1,DNA/RNA-binding 3-helical bundle,Sigma3 and sigma4 domains of RNA polymerase sigma factors,3.15,0.26,text 3d pdb
449,g,14,1,1,d1gp9b2,Kringle-like,Kringle-like,3.61,0.26,text 3d pdb
450,g,7,1,1,d1ffja_,Snake toxin-like,Snake toxin-like,3.20,0.26,text 3d pdb
451,g,8,1,1,d1jv9a_,BPTI-like,BPTI-like,3.75,0.26,text 3d pdb
452,a,2,11,1,d1p7gl1,Long alpha-hairpin,FeMn superoxide dismutase (SOD), N-terminal domain,3.67,0.26,text 3d pdb
453,d,80,1,1,d3ej3e_,Tautomerase/MIF,Tautomerase/MIF,4.30,0.26,text 3d pdb
454,a,43,1,3,d2hzvb1,Ribbon-helix-helix,Ribbon-helix-helix,2.98,0.26,text 3d pdb
455,b,35,1,1,d1wf4q_,GroES-like,GroES-like,3.90,0.26,text 3d pdb
456,g,7,1,1,d2crta_,Snake toxin-like,Snake toxin-like,3.32,0.26,text 3d pdb
457,b,35,1,1,d2c7dp1,GroES-like,GroES-like,3.68,0.26,text 3d pdb
458,g,49,1,1,d4fkda1,Cysteine-rich domain,Cysteine-rich domain,3.22,0.26,text 3d pdb
459,g,14,1,1,d1nk1b2,Kringle-like,Kringle-like,3.84,0.26,text 3d pdb
460,a,4,11,1,d3s14j_,DNA/RNA-binding 3-helical bundle,RNA polymerase subunit RPB10,3.55,0.26,text 3d pdb
461,d,17,2,1,d1rjoa2,Cystatin-like,Amine oxidase N-terminal region,3.58,0.26,text 3d pdb
462,d,14,1,1,d2vhpe1,Ribosomal protein S5 domain 2-like,Ribosomal protein S5 domain 2-like,3.82,0.26,text 3d pdb
463,a,4,13,1,d3eqlp2,DNA/RNA-binding 3-helical bundle,Sigma3 and sigma4 domains of RNA polymerase sigma factors,3.40,0.26,text 3d pdb
464,g,3,11,1,d1hj7a2,Knottins (small inhibitors toxins, lectins),EGF/Laminin,3.50,0.26,text 3d pdb
465,b,72,1,0,d1wr3a1,WW domain-like,WW domain,2.97,0.26,text 3d pdb
466,j,6,1,1,d1fvna_,Peptide hormones,Peptide hormones,3.15,0.26,text 3d pdb
467,g,14,1,1,d3mkpb2,Kringle-like,Kringle-like,3.84,0.26,text 3d pdb
468,g,3,13,1,d2ilni_,Knottins (small inhibitors toxins, lectins),Bowman-Birk inhibitor BBI,3.09,0.26,text 3d pdb
469,a,35,1,3,d1utxb_,lambda repressor-like DNA-binding domains,lambda repressor-like DNA-binding domains,3.90,0.26,text 3d pdb
470,a,4,11,1,d2e2jj1,DNA/RNA-binding 3-helical bundle,RNA polymerase subunit RPB10,3.56,0.26,text 3d pdb
471,a,2,11,1,d1p7gq1,Long alpha-hairpin,FeMn superoxide dismutase (SOD), N-terminal domain,3.86,0.26,text 3d pdb
472,d,17,2,1,d1ivwa2,Cystatin-like,Amine oxidase N-terminal region,3.64,0.26,text 3d pdb
473,g,14,1,1,d1pmka_,Kringle-like,Kringle-like,4.12,0.26,text 3d pdb
474,g,3,6,2,d1qdpa_,Knottins (small inhibitors toxins, lectins),omega toxin-like,3.76,0.26,text 3d pdb
475,a,2,11,1,d1p7gc1,Long alpha-hairpin,FeMn superoxide dismutase (SOD), N-terminal domain,3.86,0.26,text 3d pdb
476,a,4,7,1,d1y39a1,DNA/RNA-binding 3-helical bundle,Ribosomal protein L11 C-terminal domain,4.38,0.26,text 3d pdb
477,d,17,2,1,d1w6ca2,Cystatin-like,Amine oxidase N-terminal region,3.40,0.26,text 3d pdb
478,g,41,5,1,d1spwa_,Rubredoxin-like,Rubredoxin-like,3.07,0.26,text 3d pdb
479,a,2,11,1,d3evka1,Long alpha-hairpin,FeMn superoxide dismutase (SOD), N-terminal domain,3.62,0.26,text 3d pdb
480,g,3,7,4,d2e3fa_,Knottins (small inhibitors toxins, lectins),Scorpion toxin-like,3.47,0.26,text 3d pdb
481,d,28,1,1,d1hnzs_,Ribosomal protein S19,Ribosomal protein S19,2.56,0.26,text 3d pdb
482,d,17,2,1,d1w4na2,Cystatin-like,Amine oxidase N-terminal region,3.53,0.26,text 3d pdb
483,g,41,3,1,d1i50i2,Rubredoxin-like,Zinc beta-ribbon,3.84,0.26,text 3d pdb
484,a,4,1,4,d1w0ta_,DNA/RNA-binding 3-helical bundle,Homeodomain-like,4.01,0.26,text 3d pdb
485,g,41,3,1,d1k83i2,Rubredoxin-like,Zinc beta-ribbon,3.84,0.26,text 3d pdb
486,a,2,11,1,d1p7gm1,Long alpha-hairpin,FeMn superoxide dismutase (SOD), N-terminal domain,3.89,0.26,text 3d pdb
487,g,41,3,1,d1twfi2,Rubredoxin-like,Zinc beta-ribbon,3.81,0.26,text 3d pdb
488,a,35,1,3,d2xiub_,lambda repressor-like DNA-binding domains,lambda repressor-like DNA-binding domains,4.02,0.26,text 3d pdb
489,a,4,11,1,d2r93j1,DNA/RNA-binding 3-helical bundle,RNA polymerase subunit RPB10,4.14,0.26,text 3d pdb
490,a,2,11,0,d3ak2a1,Long alpha-hairpin,FeMn superoxide dismutase (SOD), N-terminal domain,3.76,0.26,text 3d pdb
491,a,2,11,0,d3ak1d1,Long alpha-hairpin,FeMn superoxide dismutase (SOD), N-terminal domain,3.75,0.26,text 3d pdb
492,b,35,1,1,d1svto_,GroES-like,GroES-like,3.79,0.26,text 3d pdb
493,i,1,1,1,d1s1hs_,Ribosome and ribosomal fragments,Ribosome and ribosomal fragments,2.61,0.26,text 3d pdb
494,g,14,1,1,d5cs5b2,Kringle-like,Kringle-like,3.88,0.26,text 3d pdb
495,g,14,1,1,d5cs9b2,Kringle-like,Kringle-like,3.88,0.26,text 3d pdb
496,g,14,1,1,d5ct3b2,Kringle-like,Kringle-like,4.06,0.26,text 3d pdb
497,g,14,1,1,d5cs3b2,Kringle-like,Kringle-like,4.02,0.26,text 3d pdb
498,a,2,11,0,d3ak1a1,Long alpha-hairpin,FeMn superoxide dismutase (SOD), N-terminal domain,3.76,0.26,text 3d pdb
499,a,2,11,0,d3ak3a1,Long alpha-hairpin,FeMn superoxide dismutase (SOD), N-terminal domain,3.76,0.26,text 3d pdb
500,g,1,1,1,d1hls.1,Insulin-like,Insulin-like,3.45,0.26,text 3d pdb
501,d,17,2,1,d1ivub2,Cystatin-like,Amine oxidase N-terminal region,3.70,0.26,text 3d pdb
502,d,17,2,1,d1wmnb2,Cystatin-like,Amine oxidase N-terminal region,3.62,0.26,text 3d pdb
503,d,17,2,1,d1w6ga2,Cystatin-like,Amine oxidase N-terminal region,3.61,0.26,text 3d pdb
504,g,8,1,1,d1jv8a_,BPTI-like,BPTI-like,3.56,0.26,text 3d pdb
505,a,35,1,3,d2xj3a_,lambda repressor-like DNA-binding domains,lambda repressor-like DNA-binding domains,4.21,0.26,text 3d pdb
506,g,14,1,1,d1gp9c2,Kringle-like,Kringle-like,3.81,0.26,text 3d pdb
507,a,4,13,0,d4q5sf2,DNA/RNA-binding 3-helical bundle,Sigma3 and sigma4 domains of RNA polymerase sigma factors,3.51,0.26,text 3d pdb
508,a,4,11,1,d2nvtj1,DNA/RNA-binding 3-helical bundle,RNA polymerase subunit RPB10,3.59,0.26,text 3d pdb
509,a,2,11,0,d3ak2c1,Long alpha-hairpin,FeMn superoxide dismutase (SOD), N-terminal domain,3.76,0.26,text 3d pdb
510,g,7,1,1,d1mahf_,Snake toxin-like,Snake toxin-like,3.47,0.26,text 3d pdb
511,d,17,2,1,d1ivua2,Cystatin-like,Amine oxidase N-terminal region,3.48,0.26,text 3d pdb
512,a,4,13,1,d2a6ep1,DNA/RNA-binding 3-helical bundle,Sigma3 and sigma4 domains of RNA polymerase sigma factors,3.44,0.26,text 3d pdb
513,g,14,1,1,d5ct1b2,Kringle-like,Kringle-like,4.23,0.26,text 3d pdb
514,a,2,11,1,d1p7gt1,Long alpha-hairpin,FeMn superoxide dismutase (SOD), N-terminal domain,3.51,0.26,text 3d pdb
515,d,28,1,1,d1xmqs_,Ribosomal protein S19,Ribosomal protein S19,2.67,0.26,text 3d pdb
516,g,41,3,1,d2ja5i2,Rubredoxin-like,Zinc beta-ribbon,4.08,0.26,text 3d pdb
517,a,4,13,0,d3dxjf2,DNA/RNA-binding 3-helical bundle,Sigma3 and sigma4 domains of RNA polymerase sigma factors,3.49,0.26,text 3d pdb
518,a,4,13,1,d2a69p1,DNA/RNA-binding 3-helical bundle,Sigma3 and sigma4 domains of RNA polymerase sigma factors,3.43,0.26,text 3d pdb
519,a,4,7,1,d1foya_,DNA/RNA-binding 3-helical bundle,Ribosomal protein L11 C-terminal domain,4.41,0.26,text 3d pdb
520,g,8,1,0,d3bybb_,BPTI-like,BPTI-like,3.89,0.26,text 3d pdb
521,d,17,2,1,d2e2ub2,Cystatin-like,Amine oxidase N-terminal region,3.71,0.26,text 3d pdb
522,g,41,3,1,d1twci2,Rubredoxin-like,Zinc beta-ribbon,4.39,0.26,text 3d pdb
523,g,7,1,1,d2h8ub_,Snake toxin-like,Snake toxin-like,3.70,0.26,text 3d pdb
524,d,17,2,1,d2e2ua2,Cystatin-like,Amine oxidase N-terminal region,3.62,0.26,text 3d pdb
525,g,39,1,0,d2wvjf2,Glucocorticoid receptor-like (DNA-binding domain),Glucocorticoid receptor-like (DNA-binding domain),3.32,0.26,text 3d pdb
526,g,41,3,1,d2ja7u2,Rubredoxin-like,Zinc beta-ribbon,4.08,0.26,text 3d pdb
527,g,3,11,1,d3u73a1,Knottins (small inhibitors toxins, lectins),EGF/Laminin,3.07,0.26,text 3d pdb
528,c,55,7,1,d1t39a2,Ribonuclease H-like motif,Methylated DNA-protein cysteine methyltransferase domain,4.11,0.26,text 3d pdb
529,g,14,1,1,d5coeb2,Kringle-like,Kringle-like,4.06,0.26,text 3d pdb
530,g,39,1,0,d1w4rb2,Glucocorticoid receptor-like (DNA-binding domain),Glucocorticoid receptor-like (DNA-binding domain),3.32,0.26,text 3d pdb
531,g,41,3,1,d3s14i2,Rubredoxin-like,Zinc beta-ribbon,3.89,0.26,text 3d pdb
532,d,17,2,1,d2d1wa2,Cystatin-like,Amine oxidase N-terminal region,3.66,0.26,text 3d pdb
533,g,41,3,1,d1twai2,Rubredoxin-like,Zinc beta-ribbon,4.39,0.26,text 3d pdb
534,g,42,1,1,d2j2841,Ribosomal protein L36,Ribosomal protein L36,2.88,0.26,text 3d pdb
535,g,42,1,1,d2awb41,Ribosomal protein L36,Ribosomal protein L36,2.88,0.26,text 3d pdb
536,g,14,1,1,d1gmna2,Kringle-like,Kringle-like,3.83,0.26,text 3d pdb
537,d,17,2,1,d1wmob2,Cystatin-like,Amine oxidase N-terminal region,3.63,0.26,text 3d pdb
538,d,19,1,0,d4p5mg1,MHC antigen-recognition domain,MHC antigen-recognition domain,3.91,0.26,text 3d pdb
539,c,55,7,1,d1t39b2,Ribonuclease H-like motif,Methylated DNA-protein cysteine methyltransferase domain,3.86,0.26,text 3d pdb
540,d,31,1,1,d3qq8a2,Cdc48 domain 2-like,Cdc48 domain 2-like,3.17,0.26,text 3d pdb
541,g,14,1,1,d5ct2b2,Kringle-like,Kringle-like,4.14,0.26,text 3d pdb
542,a,2,11,0,d3ak1b1,Long alpha-hairpin,FeMn superoxide dismutase (SOD), N-terminal domain,3.82,0.26,text 3d pdb
543,a,4,13,0,d4g7hp2,DNA/RNA-binding 3-helical bundle,Sigma3 and sigma4 domains of RNA polymerase sigma factors,3.49,0.26,text 3d pdb
544,d,17,2,1,d3amoa1,Cystatin-like,Amine oxidase N-terminal region,3.65,0.26,text 3d pdb
545,d,17,2,1,d2e2ta2,Cystatin-like,Amine oxidase N-terminal region,3.78,0.26,text 3d pdb
546,a,2,11,1,d3evkb1,Long alpha-hairpin,FeMn superoxide dismutase (SOD), N-terminal domain,3.65,0.26,text 3d pdb
547,g,14,1,1,d5csqb2,Kringle-like,Kringle-like,3.99,0.26,text 3d pdb
548,g,14,1,1,d5cp9b2,Kringle-like,Kringle-like,3.98,0.26,text 3d pdb
549,a,35,1,3,d2xiua_,lambda repressor-like DNA-binding domains,lambda repressor-like DNA-binding domains,4.22,0.26,text 3d pdb
550,g,7,1,1,d1h0ja_,Snake toxin-like,Snake toxin-like,3.23,0.26,text 3d pdb
551,d,17,2,1,d2cfda2,Cystatin-like,Amine oxidase N-terminal region,3.56,0.26,text 3d pdb
552,i,1,1,1,d3j3ac_,Ribosome and ribosomal fragments,Ribosome and ribosomal fragments,3.31,0.26,text 3d pdb
553,a,4,1,0,d2dmqa1,DNA/RNA-binding 3-helical bundle,Homeodomain-like,3.41,0.26,text 3d pdb
554,g,14,1,1,d4iuab3,Kringle-like,Kringle-like,4.03,0.26,text 3d pdb
555,a,2,11,0,d3ak3d1,Long alpha-hairpin,FeMn superoxide dismutase (SOD), N-terminal domain,3.76,0.26,text 3d pdb
556,a,2,11,1,d1wb8a1,Long alpha-hairpin,FeMn superoxide dismutase (SOD), N-terminal domain,3.69,0.26,text 3d pdb
557,d,80,1,1,d1s0yg_,Tautomerase/MIF,Tautomerase/MIF,4.46,0.26,text 3d pdb
558,b,84,2,1,d1vkzb1,Barrel-sandwich hybrid,Rudiment single hybrid motif,4.30,0.26,text 3d pdb
559,g,41,7,1,d4kgxb2,Rubredoxin-like,Aspartate carbamoyltransferase Regulatory-chain, C-terminal domain,3.35,0.26,text 3d pdb
560,d,361,1,1,d2gmoa1,PB2 C-terminal domain-like,PB2 C-terminal domain-like,2.72,0.26,text 3d pdb
561,d,17,2,1,d1wmoa2,Cystatin-like,Amine oxidase N-terminal region,3.51,0.26,text 3d pdb
562,g,14,1,1,d4iuae3,Kringle-like,Kringle-like,3.86,0.26,text 3d pdb
563,d,80,1,1,d3ej9a_,Tautomerase/MIF,Tautomerase/MIF,4.07,0.26,text 3d pdb
564,g,14,1,1,d1pmlb_,Kringle-like,Kringle-like,3.87,0.26,text 3d pdb
565,g,14,1,1,d5cs1b2,Kringle-like,Kringle-like,3.98,0.26,text 3d pdb
566,g,42,1,1,d2qao41,Ribosomal protein L36,Ribosomal protein L36,2.58,0.26,text 3d pdb
567,g,9,1,1,d1d6ba_,Defensin-like,Defensin-like,3.62,0.26,text 3d pdb
568,g,42,1,1,d2qam41,Ribosomal protein L36,Ribosomal protein L36,2.59,0.26,text 3d pdb
569,a,2,11,1,d1p7gn1,Long alpha-hairpin,FeMn superoxide dismutase (SOD), N-terminal domain,3.82,0.26,text 3d pdb
570,a,21,1,1,d1wgfa1,HMG-box,HMG-box,3.92,0.26,text 3d pdb
571,g,39,1,13,d1tjlf2,Glucocorticoid receptor-like (DNA-binding domain),Glucocorticoid receptor-like (DNA-binding domain),3.03,0.26,text 3d pdb
572,a,2,11,0,d3ak3c1,Long alpha-hairpin,FeMn superoxide dismutase (SOD), N-terminal domain,3.78,0.26,text 3d pdb
573,g,14,1,1,d2pf1a1,Kringle-like,Kringle-like,3.80,0.26,text 3d pdb
574,d,80,1,1,d3ej3g_,Tautomerase/MIF,Tautomerase/MIF,4.18,0.26,text 3d pdb
575,g,3,13,1,d1k9ba_,Knottins (small inhibitors toxins, lectins),Bowman-Birk inhibitor BBI,3.86,0.26,text 3d pdb
576,a,2,11,0,d3ak1c1,Long alpha-hairpin,FeMn superoxide dismutase (SOD), N-terminal domain,3.78,0.26,text 3d pdb
577,g,24,1,2,d1oqek_,TNF receptor-like,TNF receptor-like,3.34,0.26,text 3d pdb
578,d,17,2,1,d1siha2,Cystatin-like,Amine oxidase N-terminal region,3.74,0.26,text 3d pdb
579,d,17,2,1,d2e2vb2,Cystatin-like,Amine oxidase N-terminal region,3.78,0.26,text 3d pdb
580,d,325,1,2,d2hgu31,L28p-like,L28p-like,3.89,0.26,text 3d pdb
581,d,15,1,0,d4rnaa1,beta-Grasp (ubiquitin-like),Ubiquitin-like,3.30,0.26,text 3d pdb
582,a,4,1,4,d1w0tb_,DNA/RNA-binding 3-helical bundle,Homeodomain-like,4.02,0.26,text 3d pdb
583,d,17,2,1,d1ui7a2,Cystatin-like,Amine oxidase N-terminal region,3.49,0.26,text 3d pdb
584,a,22,1,3,d1bh9b_,Histone-fold,Histone-fold,3.95,0.26,text 3d pdb
585,d,17,2,1,d1w4nb2,Cystatin-like,Amine oxidase N-terminal region,3.52,0.26,text 3d pdb
586,g,3,13,1,d3ru4b_,Knottins (small inhibitors toxins, lectins),Bowman-Birk inhibitor BBI,3.95,0.26,text 3d pdb
587,b,1,4,0,d3k46a2,Immunoglobulin-like beta-sandwich,beta-Galactosidase/glucuronidase domain,3.38,0.26,text 3d pdb
588,g,1,1,1,d1fu2.1,Insulin-like,Insulin-like,3.98,0.26,text 3d pdb
589,b,1,20,1,d1o75b2,Immunoglobulin-like beta-sandwich,Tp47 lipoprotein middle and C-terminal domains,3.56,0.26,text 3d pdb
590,b,151,1,1,d2mf0a_,CsrA-like,CsrA-like,2.66,0.26,text 3d pdb
591,a,4,11,1,d1i3qj_,DNA/RNA-binding 3-helical bundle,RNA polymerase subunit RPB10,3.95,0.26,text 3d pdb
592,g,39,1,0,d2wvjh2,Glucocorticoid receptor-like (DNA-binding domain),Glucocorticoid receptor-like (DNA-binding domain),3.56,0.26,text 3d pdb
593,a,4,13,0,d1zyrf1,DNA/RNA-binding 3-helical bundle,Sigma3 and sigma4 domains of RNA polymerase sigma factors,3.46,0.26,text 3d pdb
594,g,3,11,1,d3bt1a1,Knottins (small inhibitors toxins, lectins),EGF/Laminin,3.13,0.26,text 3d pdb
595,d,17,2,1,d1ivva2,Cystatin-like,Amine oxidase N-terminal region,3.75,0.26,text 3d pdb
596,g,39,1,0,d2wvjg2,Glucocorticoid receptor-like (DNA-binding domain),Glucocorticoid receptor-like (DNA-binding domain),3.55,0.26,text 3d pdb
597,d,14,1,1,d1vs7e1,Ribosomal protein S5 domain 2-like,Ribosomal protein S5 domain 2-like,4.04,0.26,text 3d pdb
598,g,1,1,1,d1lkq.1,Insulin-like,Insulin-like,4.04,0.26,text 3d pdb
599,b,34,4,2,d1jb0e_,SH3-like barrel,Electron transport accessory proteins,4.73,0.26,text 3d pdb
600,g,14,1,1,d4bvva_,Kringle-like,Kringle-like,3.93,0.26,text 3d pdb
601,d,17,2,1,d2cwva2,Cystatin-like,Amine oxidase N-terminal region,3.79,0.25,text 3d pdb
602,b,151,1,1,d2mf1e_,CsrA-like,CsrA-like,2.94,0.25,text 3d pdb
603,a,2,11,1,d1p7gk1,Long alpha-hairpin,FeMn superoxide dismutase (SOD), N-terminal domain,3.82,0.25,text 3d pdb
604,g,41,3,1,d1twhi2,Rubredoxin-like,Zinc beta-ribbon,4.20,0.25,text 3d pdb
605,d,80,1,1,d3ej3k_,Tautomerase/MIF,Tautomerase/MIF,4.05,0.25,text 3d pdb
606,d,212,1,2,d1ihrb_,TolA/TonB C-terminal domain,TolA/TonB C-terminal domain,4.40,0.25,text 3d pdb
607,a,35,1,3,d2xi8a_,lambda repressor-like DNA-binding domains,lambda repressor-like DNA-binding domains,4.15,0.25,text 3d pdb
608,g,39,1,0,d2wvjd2,Glucocorticoid receptor-like (DNA-binding domain),Glucocorticoid receptor-like (DNA-binding domain),3.56,0.25,text 3d pdb
609,g,3,7,1,d1b7da_,Knottins (small inhibitors toxins, lectins),Scorpion toxin-like,2.63,0.25,text 3d pdb
610,d,28,1,1,d1vs7s1,Ribosomal protein S19,Ribosomal protein S19,2.97,0.25,text 3d pdb
611,g,41,3,1,d3s1mi2,Rubredoxin-like,Zinc beta-ribbon,3.95,0.25,text 3d pdb
612,a,4,13,1,d1iw7f1,DNA/RNA-binding 3-helical bundle,Sigma3 and sigma4 domains of RNA polymerase sigma factors,3.29,0.25,text 3d pdb
613,d,17,2,1,d2cg1a2,Cystatin-like,Amine oxidase N-terminal region,3.76,0.25,text 3d pdb
614,a,4,13,0,d3dxjp2,DNA/RNA-binding 3-helical bundle,Sigma3 and sigma4 domains of RNA polymerase sigma factors,3.14,0.25,text 3d pdb
615,d,17,2,1,d2cwua2,Cystatin-like,Amine oxidase N-terminal region,3.68,0.25,text 3d pdb
616,g,40,1,1,d1wwfa_,Retrovirus zinc finger-like domains,Retrovirus zinc finger-like domains,4.14,0.25,text 3d pdb
617,d,28,1,1,d2aw7s1,Ribosomal protein S19,Ribosomal protein S19,2.94,0.25,text 3d pdb
618,g,39,1,14,d1xbtd2,Glucocorticoid receptor-like (DNA-binding domain),Glucocorticoid receptor-like (DNA-binding domain),3.55,0.25,text 3d pdb
619,g,3,11,1,d1egfa_,Knottins (small inhibitors toxins, lectins),EGF/Laminin,3.46,0.25,text 3d pdb
620,g,42,1,1,d1vs841,Ribosomal protein L36,Ribosomal protein L36,2.94,0.25,text 3d pdb
621,g,39,1,14,d1xbtg2,Glucocorticoid receptor-like (DNA-binding domain),Glucocorticoid receptor-like (DNA-binding domain),3.55,0.25,text 3d pdb
622,d,17,2,1,d2cwtb2,Cystatin-like,Amine oxidase N-terminal region,3.72,0.25,text 3d pdb
623,g,7,1,0,d2jqpa_,Snake toxin-like,Snake toxin-like,3.77,0.25,text 3d pdb
624,g,39,1,14,d1xbth2,Glucocorticoid receptor-like (DNA-binding domain),Glucocorticoid receptor-like (DNA-binding domain),3.55,0.25,text 3d pdb
625,g,41,3,1,d1twgi2,Rubredoxin-like,Zinc beta-ribbon,4.03,0.25,text 3d pdb
626,d,17,2,1,d1wmpb2,Cystatin-like,Amine oxidase N-terminal region,3.71,0.25,text 3d pdb
627,g,39,1,14,d1xbtf2,Glucocorticoid receptor-like (DNA-binding domain),Glucocorticoid receptor-like (DNA-binding domain),3.54,0.25,text 3d pdb
628,d,17,2,1,d2zl8b2,Cystatin-like,Amine oxidase N-terminal region,3.73,0.25,text 3d pdb
629,d,17,2,1,d1ivvb2,Cystatin-like,Amine oxidase N-terminal region,3.80,0.25,text 3d pdb
630,d,28,1,1,d2uucs1,Ribosomal protein S19,Ribosomal protein S19,2.66,0.25,text 3d pdb
631,d,19,1,0,d4p5ka1,MHC antigen-recognition domain,MHC antigen-recognition domain,3.95,0.25,text 3d pdb
632,g,14,1,1,d4bvca_,Kringle-like,Kringle-like,3.94,0.25,text 3d pdb
633,d,17,2,1,d2e2va2,Cystatin-like,Amine oxidase N-terminal region,3.77,0.25,text 3d pdb
634,g,39,1,14,d1xbtc2,Glucocorticoid receptor-like (DNA-binding domain),Glucocorticoid receptor-like (DNA-binding domain),3.54,0.25,text 3d pdb
635,a,4,13,1,d1smyp1,DNA/RNA-binding 3-helical bundle,Sigma3 and sigma4 domains of RNA polymerase sigma factors,2.96,0.25,text 3d pdb
636,g,7,1,1,d1ccqa_,Snake toxin-like,Snake toxin-like,3.21,0.25,text 3d pdb
637,g,14,1,1,d2knfa1,Kringle-like,Kringle-like,4.23,0.25,text 3d pdb
638,a,2,11,1,d3evkc1,Long alpha-hairpin,FeMn superoxide dismutase (SOD), N-terminal domain,3.90,0.25,text 3d pdb
639,g,39,1,14,d1xbta2,Glucocorticoid receptor-like (DNA-binding domain),Glucocorticoid receptor-like (DNA-binding domain),3.54,0.25,text 3d pdb
640,d,17,2,1,d1iqxb2,Cystatin-like,Amine oxidase N-terminal region,3.75,0.25,text 3d pdb
641,g,14,1,1,d4iuag3,Kringle-like,Kringle-like,3.64,0.25,text 3d pdb
642,a,4,13,1,d1smyf1,DNA/RNA-binding 3-helical bundle,Sigma3 and sigma4 domains of RNA polymerase sigma factors,2.97,0.25,text 3d pdb
643,g,7,1,3,d1ywhe2,Snake toxin-like,Snake toxin-like,3.56,0.25,text 3d pdb
644,a,4,13,1,d5tmcf2,DNA/RNA-binding 3-helical bundle,Sigma3 and sigma4 domains of RNA polymerase sigma factors,3.23,0.25,text 3d pdb
645,g,69,1,1,d1tiha_,Plant proteinase inhibitors,Plant proteinase inhibitors,3.21,0.25,text 3d pdb
646,b,151,1,1,d2mf1a_,CsrA-like,CsrA-like,2.99,0.25,text 3d pdb
647,g,41,3,1,d3m3yi2,Rubredoxin-like,Zinc beta-ribbon,3.93,0.25,text 3d pdb
648,g,14,1,1,d4iuah2,Kringle-like,Kringle-like,4.10,0.25,text 3d pdb
649,g,41,3,1,d2nvyi2,Rubredoxin-like,Zinc beta-ribbon,4.29,0.25,text 3d pdb
650,g,39,1,0,d2wvja2,Glucocorticoid receptor-like (DNA-binding domain),Glucocorticoid receptor-like (DNA-binding domain),3.55,0.25,text 3d pdb
651,g,7,1,1,d4om4c_,Snake toxin-like,Snake toxin-like,3.75,0.25,text 3d pdb
652,g,3,7,5,d4ab0a_,Knottins (small inhibitors toxins, lectins),Scorpion toxin-like,3.24,0.25,text 3d pdb
653,a,4,11,1,d3s1mj_,DNA/RNA-binding 3-helical bundle,RNA polymerase subunit RPB10,3.69,0.25,text 3d pdb
654,a,4,13,0,d5tmff2,DNA/RNA-binding 3-helical bundle,Sigma3 and sigma4 domains of RNA polymerase sigma factors,3.50,0.25,text 3d pdb
655,g,14,1,1,d5hpga_,Kringle-like,Kringle-like,3.94,0.25,text 3d pdb
656,a,4,1,3,d2cu7a1,DNA/RNA-binding 3-helical bundle,Homeodomain-like,3.47,0.25,text 3d pdb
657,d,325,1,2,d2j28z1,L28p-like,L28p-like,3.66,0.25,text 3d pdb
658,d,325,1,2,d2awbz1,L28p-like,L28p-like,3.66,0.25,text 3d pdb
659,g,39,1,0,d2wvjc2,Glucocorticoid receptor-like (DNA-binding domain),Glucocorticoid receptor-like (DNA-binding domain),3.55,0.25,text 3d pdb
660,a,22,1,3,d1bh8b_,Histone-fold,Histone-fold,3.95,0.25,text 3d pdb
661,g,39,1,0,d2wvje2,Glucocorticoid receptor-like (DNA-binding domain),Glucocorticoid receptor-like (DNA-binding domain),3.55,0.25,text 3d pdb
662,d,14,1,1,d1i94e1,Ribosomal protein S5 domain 2-like,Ribosomal protein S5 domain 2-like,3.71,0.25,text 3d pdb
663,b,151,1,1,d2mf0b_,CsrA-like,CsrA-like,3.00,0.25,text 3d pdb
664,d,14,1,1,d2aw7e1,Ribosomal protein S5 domain 2-like,Ribosomal protein S5 domain 2-like,3.85,0.25,text 3d pdb
665,g,14,1,1,d4iuad3,Kringle-like,Kringle-like,3.65,0.25,text 3d pdb
666,d,59,1,1,d2zjrw1,Ribosomal protein L30p/L7e,Ribosomal protein L30p/L7e,3.30,0.25,text 3d pdb
667,g,3,11,4,d2mgpa1,Knottins (small inhibitors toxins, lectins),EGF/Laminin,2.98,0.25,text 3d pdb
668,j,75,1,1,d2r36b1,Isolated insulin B-chain,Isolated insulin B-chain,3.37,0.25,text 3d pdb
669,g,41,3,1,d2nvti2,Rubredoxin-like,Zinc beta-ribbon,4.05,0.25,text 3d pdb
670,d,17,2,1,d2cwub2,Cystatin-like,Amine oxidase N-terminal region,3.43,0.25,text 3d pdb
671,a,2,11,0,d3ak3b1,Long alpha-hairpin,FeMn superoxide dismutase (SOD), N-terminal domain,3.82,0.25,text 3d pdb
672,b,1,1,0,d4u0qd1,Immunoglobulin-like beta-sandwich,Immunoglobulin,3.81,0.25,text 3d pdb
673,g,3,9,1,d1yy9a4,Knottins (small inhibitors toxins, lectins),Growth factor receptor domain,2.76,0.25,text 3d pdb
674,d,80,1,1,d3ej9c_,Tautomerase/MIF,Tautomerase/MIF,4.19,0.25,text 3d pdb
675,a,4,11,1,d2e2ij1,DNA/RNA-binding 3-helical bundle,RNA polymerase subunit RPB10,3.65,0.25,text 3d pdb
676,g,41,3,1,d2e2ji2,Rubredoxin-like,Zinc beta-ribbon,3.93,0.25,text 3d pdb
677,d,17,2,1,d1wmpa2,Cystatin-like,Amine oxidase N-terminal region,3.78,0.25,text 3d pdb
678,g,40,1,1,d5i1ra_,Retrovirus zinc finger-like domains,Retrovirus zinc finger-like domains,3.34,0.25,text 3d pdb
679,g,41,3,1,d2e2ii2,Rubredoxin-like,Zinc beta-ribbon,4.21,0.25,text 3d pdb
680,g,14,1,1,d4iuaa3,Kringle-like,Kringle-like,3.78,0.25,text 3d pdb
681,g,16,1,1,d1ps2a_,Trefoil/Plexin domain-like,Trefoil,4.01,0.25,text 3d pdb
682,g,41,3,1,d1i6hi2,Rubredoxin-like,Zinc beta-ribbon,3.81,0.25,text 3d pdb
683,i,1,1,3,d3izby_,Ribosome and ribosomal fragments,Ribosome and ribosomal fragments,4.02,0.25,text 3d pdb
684,d,17,2,1,d2cwvb2,Cystatin-like,Amine oxidase N-terminal region,3.42,0.25,text 3d pdb
685,g,18,1,1,d1cklc2,Complement control module/SCR domain,Complement control module/SCR domain,3.70,0.25,text 3d pdb
686,j,1,1,1,d1av2a_,Membrane ion channel-forming peptide antibiotics containing D-aminoacids,Membrane ion channel-forming peptide antibiotics containing D-aminoacids,0.53,0.25,text 3d pdb
687,a,2,11,0,d3ak2b1,Long alpha-hairpin,FeMn superoxide dismutase (SOD), N-terminal domain,3.59,0.25,text 3d pdb
688,g,3,7,2,d2a9he1,Knottins (small inhibitors toxins, lectins),Scorpion toxin-like,3.03,0.25,text 3d pdb
689,g,7,1,1,d1vb0a_,Snake toxin-like,Snake toxin-like,3.69,0.25,text 3d pdb
690,d,80,1,1,d3ej3a_,Tautomerase/MIF,Tautomerase/MIF,4.24,0.25,text 3d pdb
691,d,9,1,1,d1hfga_,IL8-like,Interleukin 8-like chemokines,3.39,0.25,text 3d pdb
692,g,7,1,1,d2bhia_,Snake toxin-like,Snake toxin-like,3.37,0.25,text 3d pdb
693,d,17,2,1,d2zl8a2,Cystatin-like,Amine oxidase N-terminal region,3.84,0.25,text 3d pdb
694,d,325,1,1,d3df4z1,L28p-like,L28p-like,3.43,0.25,text 3d pdb
695,c,47,1,5,d5a4uf1,Thioredoxin fold,Thioredoxin-like,3.95,0.25,text 3d pdb
696,g,7,1,1,d4om4d_,Snake toxin-like,Snake toxin-like,3.48,0.25,text 3d pdb
697,d,80,1,1,d3ej3c_,Tautomerase/MIF,Tautomerase/MIF,4.33,0.25,text 3d pdb
698,d,325,1,1,d3df2z1,L28p-like,L28p-like,3.43,0.25,text 3d pdb
699,d,14,1,1,d2ow8f1,Ribosomal protein S5 domain 2-like,Ribosomal protein S5 domain 2-like,3.83,0.25,text 3d pdb
700,d,17,2,1,d1iqyb2,Cystatin-like,Amine oxidase N-terminal region,3.85,0.25,text 3d pdb
701,b,151,1,1,d2mf1d_,CsrA-like,CsrA-like,3.38,0.25,text 3d pdb
702,g,16,2,1,d3ol2a2,Trefoil/Plexin domain-like,Plexin repeat,3.79,0.25,text 3d pdb
703,c,47,1,5,d5a5ki1,Thioredoxin fold,Thioredoxin-like,3.84,0.25,text 3d pdb
704,g,39,1,13,d1tjli2,Glucocorticoid receptor-like (DNA-binding domain),Glucocorticoid receptor-like (DNA-binding domain),3.35,0.25,text 3d pdb
705,c,47,1,5,d5a5kq1,Thioredoxin fold,Thioredoxin-like,3.84,0.25,text 3d pdb
706,d,28,1,1,d1n34s_,Ribosomal protein S19,Ribosomal protein S19,2.70,0.25,text 3d pdb
707,c,47,1,5,d5a5kp1,Thioredoxin fold,Thioredoxin-like,3.84,0.25,text 3d pdb
708,c,47,1,5,d5a5ke1,Thioredoxin fold,Thioredoxin-like,3.84,0.25,text 3d pdb
709,b,1,1,0,d4u0qb1,Immunoglobulin-like beta-sandwich,Immunoglobulin,3.87,0.25,text 3d pdb
710,g,41,3,1,d4c2mi1,Rubredoxin-like,Zinc beta-ribbon,2.02,0.25,text 3d pdb
711,g,14,1,1,d4kiva_,Kringle-like,Kringle-like,3.60,0.25,text 3d pdb
712,g,41,3,1,d4c2mx1,Rubredoxin-like,Zinc beta-ribbon,2.02,0.25,text 3d pdb
713,a,4,11,1,d4c3hj_,DNA/RNA-binding 3-helical bundle,RNA polymerase subunit RPB10,4.10,0.25,text 3d pdb
714,g,3,11,1,d5ky2b_,Knottins (small inhibitors toxins, lectins),EGF/Laminin,2.97,0.25,text 3d pdb
715,d,19,1,0,d3wexe1,MHC antigen-recognition domain,MHC antigen-recognition domain,3.75,0.25,text 3d pdb
716,c,47,1,5,d1pn9b2,Thioredoxin fold,Thioredoxin-like,3.71,0.25,text 3d pdb
717,g,64,1,1,d1ssua_,Somatomedin B domain,Somatomedin B domain,4.00,0.25,text 3d pdb
718,a,4,11,1,d4c3ij_,DNA/RNA-binding 3-helical bundle,RNA polymerase subunit RPB10,4.10,0.25,text 3d pdb
719,b,154,1,1,d4q56a_,HPA-like,Agglutinin HPA-like,3.93,0.25,text 3d pdb
720,g,46,1,1,d1aqra_,Metallothionein,Metallothionein,2.43,0.25,text 3d pdb
721,g,3,9,0,d4krla2,Knottins (small inhibitors toxins, lectins),Growth factor receptor domain,3.39,0.25,text 3d pdb
722,g,7,1,1,d4om4b_,Snake toxin-like,Snake toxin-like,3.48,0.25,text 3d pdb
723,g,7,1,1,d3vtsb_,Snake toxin-like,Snake toxin-like,3.74,0.25,text 3d pdb
724,j,1,1,1,d1micb_,Membrane ion channel-forming peptide antibiotics containing D-aminoacids,Membrane ion channel-forming peptide antibiotics containing D-aminoacids,0.00,0.25,text 3d pdb
725,j,1,1,1,d1al4a_,Membrane ion channel-forming peptide antibiotics containing D-aminoacids,Membrane ion channel-forming peptide antibiotics containing D-aminoacids,0.00,0.25,text 3d pdb
726,j,1,1,1,d1mica_,Membrane ion channel-forming peptide antibiotics containing D-aminoacids,Membrane ion channel-forming peptide antibiotics containing D-aminoacids,0.00,0.25,text 3d pdb
727,d,17,2,1,d2yx9b2,Cystatin-like,Amine oxidase N-terminal region,3.50,0.25,text 3d pdb
728,c,47,1,5,d5a4ub1,Thioredoxin fold,Thioredoxin-like,3.95,0.25,text 3d pdb
729,g,14,1,1,d1i5ka_,Kringle-like,Kringle-like,3.79,0.25,text 3d pdb
730,a,4,13,1,d2cw0f1,DNA/RNA-binding 3-helical bundle,Sigma3 and sigma4 domains of RNA polymerase sigma factors,3.53,0.25,text 3d pdb
731,g,41,3,1,d2yu9i2,Rubredoxin-like,Zinc beta-ribbon,3.98,0.25,text 3d pdb
732,g,16,1,1,d1hi7b_,Trefoil/Plexin domain-like,Trefoil,3.96,0.25,text 3d pdb
733,g,7,1,1,d1cb9a_,Snake toxin-like,Snake toxin-like,3.23,0.25,text 3d pdb
734,g,41,3,1,d2nvzi2,Rubredoxin-like,Zinc beta-ribbon,4.14,0.25,text 3d pdb
735,b,1,4,0,d2vl4a2,Immunoglobulin-like beta-sandwich,beta-Galactosidase/glucuronidase domain,3.51,0.25,text 3d pdb
736,g,41,3,1,d2nvqi2,Rubredoxin-like,Zinc beta-ribbon,3.94,0.25,text 3d pdb
737,g,14,1,1,d4iuah3,Kringle-like,Kringle-like,3.92,0.25,text 3d pdb
738,b,34,5,1,d2gycs1,SH3-like barrel,Translation proteins SH3-like domain,3.78,0.25,text 3d pdb
739,g,3,1,1,d1iqba2,Knottins (small inhibitors toxins, lectins),Plant lectins/antimicrobial peptides,3.70,0.25,text 3d pdb
740,b,35,1,1,d1jh2e_,GroES-like,GroES-like,4.23,0.25,text 3d pdb
741,d,9,1,1,d1je4a_,IL8-like,Interleukin 8-like chemokines,3.98,0.25,text 3d pdb
742,b,34,2,0,d2o2oa_,SH3-like barrel,SH3-domain,4.03,0.25,text 3d pdb
743,c,47,1,5,d1pn9a2,Thioredoxin fold,Thioredoxin-like,4.08,0.25,text 3d pdb
744,g,39,1,13,d1tjlg2,Glucocorticoid receptor-like (DNA-binding domain),Glucocorticoid receptor-like (DNA-binding domain),3.67,0.25,text 3d pdb
745,c,47,1,5,d5a5kd1,Thioredoxin fold,Thioredoxin-like,3.66,0.25,text 3d pdb
746,d,17,2,1,d2d1wb2,Cystatin-like,Amine oxidase N-terminal region,3.71,0.25,text 3d pdb
747,c,47,1,5,d1gnwb2,Thioredoxin fold,Thioredoxin-like,3.62,0.25,text 3d pdb
748,g,14,1,1,d5hpgb_,Kringle-like,Kringle-like,3.98,0.25,text 3d pdb
749,g,39,1,7,d2ow8o1,Glucocorticoid receptor-like (DNA-binding domain),Glucocorticoid receptor-like (DNA-binding domain),3.40,0.25,text 3d pdb
750,g,39,1,13,d1tjlb2,Glucocorticoid receptor-like (DNA-binding domain),Glucocorticoid receptor-like (DNA-binding domain),3.35,0.25,text 3d pdb
751,g,39,1,0,d1w4re2,Glucocorticoid receptor-like (DNA-binding domain),Glucocorticoid receptor-like (DNA-binding domain),3.57,0.25,text 3d pdb
752,g,17,1,2,d1agqb_,Cystine-knot cytokines,Cystine-knot cytokines,3.55,0.25,text 3d pdb
753,b,34,9,1,d1ssfa2,SH3-like barrel,Tudor/PWWP/MBT,3.77,0.25,text 3d pdb
754,g,1,1,1,d1iza.2,Insulin-like,Insulin-like,4.03,0.25,text 3d pdb
755,g,14,1,1,d4iuac3,Kringle-like,Kringle-like,4.00,0.25,text 3d pdb
756,g,14,1,1,d1i5kb1,Kringle-like,Kringle-like,3.92,0.25,text 3d pdb
757,a,4,13,0,d1zyrp1,DNA/RNA-binding 3-helical bundle,Sigma3 and sigma4 domains of RNA polymerase sigma factors,3.48,0.25,text 3d pdb
758,g,9,1,1,d1kj6a_,Defensin-like,Defensin-like,3.40,0.25,text 3d pdb
759,c,47,1,0,d3m3ma1,Thioredoxin fold,Thioredoxin-like,3.31,0.25,text 3d pdb
760,b,34,13,2,d2huga2,SH3-like barrel,Chromo domain-like,4.02,0.25,text 3d pdb
761,c,47,1,5,d5a5kk1,Thioredoxin fold,Thioredoxin-like,3.84,0.25,text 3d pdb
762,c,47,1,5,d5a5kn1,Thioredoxin fold,Thioredoxin-like,3.85,0.25,text 3d pdb
763,g,7,1,1,d1txba_,Snake toxin-like,Snake toxin-like,3.88,0.25,text 3d pdb
764,c,47,1,5,d5a4wf1,Thioredoxin fold,Thioredoxin-like,3.80,0.25,text 3d pdb
765,a,20,1,2,d1su3b1,PGBD-like,PGBD-like,3.94,0.25,text 3d pdb
766,a,4,1,3,d1mbfa_,DNA/RNA-binding 3-helical bundle,Homeodomain-like,3.53,0.25,text 3d pdb
767,c,47,1,5,d5a5kw1,Thioredoxin fold,Thioredoxin-like,3.85,0.25,text 3d pdb
768,d,325,1,1,d2qamz1,L28p-like,L28p-like,3.47,0.25,text 3d pdb
769,c,47,1,5,d5a5kf1,Thioredoxin fold,Thioredoxin-like,3.85,0.25,text 3d pdb
770,d,325,1,1,d2qaoz1,L28p-like,L28p-like,3.47,0.25,text 3d pdb
771,d,325,1,1,d2z4nz1,L28p-like,L28p-like,3.55,0.25,text 3d pdb
772,c,47,1,5,d5a5ka1,Thioredoxin fold,Thioredoxin-like,3.85,0.25,text 3d pdb
773,c,47,1,5,d5a4ud1,Thioredoxin fold,Thioredoxin-like,3.67,0.25,text 3d pdb
774,c,47,1,5,d5a5kv1,Thioredoxin fold,Thioredoxin-like,3.54,0.25,text 3d pdb
775,a,4,5,0,d5hdkd1,DNA/RNA-binding 3-helical bundle,"Winged helix" DNA-binding domain,4.06,0.25,text 3d pdb
776,a,4,13,1,d2cw0p1,DNA/RNA-binding 3-helical bundle,Sigma3 and sigma4 domains of RNA polymerase sigma factors,3.50,0.25,text 3d pdb
777,g,8,1,0,d2odye1,BPTI-like,BPTI-like,3.17,0.25,text 3d pdb
778,c,47,1,5,d5a4ve1,Thioredoxin fold,Thioredoxin-like,3.53,0.25,text 3d pdb
779,c,47,1,5,d5a5kl1,Thioredoxin fold,Thioredoxin-like,3.86,0.25,text 3d pdb
780,c,47,1,5,d5a5kr1,Thioredoxin fold,Thioredoxin-like,3.86,0.25,text 3d pdb
781,c,47,1,5,d5a5km1,Thioredoxin fold,Thioredoxin-like,3.85,0.25,text 3d pdb
782,d,279,1,1,d1yhda1,YggX-like,YggX-like,3.83,0.25,text 3d pdb
783,c,47,1,5,d5a4uc1,Thioredoxin fold,Thioredoxin-like,3.61,0.25,text 3d pdb
784,c,47,1,5,d5a5ks1,Thioredoxin fold,Thioredoxin-like,3.86,0.25,text 3d pdb
785,d,58,7,1,d1weza1,Ferredoxin-like,RNA-binding domain RBD,3.44,0.25,text 3d pdb
786,d,80,1,1,d3ej9e_,Tautomerase/MIF,Tautomerase/MIF,4.14,0.25,text 3d pdb
787,c,47,1,5,d5a4wb1,Thioredoxin fold,Thioredoxin-like,4.05,0.25,text 3d pdb
788,g,41,7,1,d8at1b2,Rubredoxin-like,Aspartate carbamoyltransferase Regulatory-chain, C-terminal domain,3.40,0.25,text 3d pdb
789,c,47,1,5,d5a5kx1,Thioredoxin fold,Thioredoxin-like,3.56,0.25,text 3d pdb
790,c,47,1,5,d5a5kj1,Thioredoxin fold,Thioredoxin-like,3.86,0.25,text 3d pdb
791,d,325,1,1,d2z4lz1,L28p-like,L28p-like,3.55,0.25,text 3d pdb
792,b,1,1,0,d4ozgb2,Immunoglobulin-like beta-sandwich,Immunoglobulin,3.31,0.25,text 3d pdb
793,d,52,10,1,d2bh1x1,Alpha-lytic protease prodomain-like,EspE N-terminal domain-like,3.61,0.25,text 3d pdb
794,a,53,1,1,d1olhd_,p53 tetramerization domain,p53 tetramerization domain,4.17,0.25,text 3d pdb
795,a,53,1,1,d1olha_,p53 tetramerization domain,p53 tetramerization domain,4.17,0.25,text 3d pdb
796,g,14,1,1,d4iuaf3,Kringle-like,Kringle-like,4.17,0.25,text 3d pdb
797,a,53,1,1,d1olhb_,p53 tetramerization domain,p53 tetramerization domain,4.17,0.25,text 3d pdb
798,g,8,1,0,d2odyf1,BPTI-like,BPTI-like,3.58,0.25,text 3d pdb
799,a,20,1,2,d1su3a1,PGBD-like,PGBD-like,3.98,0.25,text 3d pdb
800,c,47,1,5,d5a4wd1,Thioredoxin fold,Thioredoxin-like,3.70,0.25,text 3d pdb
801,c,47,1,0,d3vk9c1,Thioredoxin fold,Thioredoxin-like,3.69,0.25,text 3d pdb
802,b,34,2,1,d1ng2a1,SH3-like barrel,SH3-domain,3.61,0.25,text 3d pdb
803,d,80,1,0,d2orma_,Tautomerase/MIF,Tautomerase/MIF,4.60,0.25,text 3d pdb
804,b,34,3,0,d4db1b2,SH3-like barrel,Myosin S1 fragment N-terminal domain,2.21,0.25,text 3d pdb
805,c,47,1,5,d5a4ue1,Thioredoxin fold,Thioredoxin-like,3.52,0.25,text 3d pdb
806,g,7,1,1,d1ntxa_,Snake toxin-like,Snake toxin-like,3.52,0.25,text 3d pdb
807,d,97,1,1,d4yc6d_,Cell cycle regulatory proteins,Cell cycle regulatory proteins,3.90,0.25,text 3d pdb
808,c,47,1,5,d5a4we1,Thioredoxin fold,Thioredoxin-like,3.54,0.25,text 3d pdb
809,b,71,1,0,d1xgza1,Glycosyl hydrolase domain,Glycosyl hydrolase domain,3.18,0.25,text 3d pdb
810,c,47,1,0,d3vk9a1,Thioredoxin fold,Thioredoxin-like,3.69,0.25,text 3d pdb
811,g,14,1,1,d3sp8b3,Kringle-like,Kringle-like,3.52,0.25,text 3d pdb
812,i,1,1,2,d1vw4x_,Ribosome and ribosomal fragments,Ribosome and ribosomal fragments,3.93,0.25,text 3d pdb
813,d,97,1,1,d4yc6h_,Cell cycle regulatory proteins,Cell cycle regulatory proteins,3.91,0.25,text 3d pdb
814,g,41,3,1,d1i3qi2,Rubredoxin-like,Zinc beta-ribbon,3.76,0.25,text 3d pdb
815,g,18,1,1,d2kria_,Complement control module/SCR domain,Complement control module/SCR domain,3.45,0.25,text 3d pdb
816,b,71,1,0,d1xh1a1,Glycosyl hydrolase domain,Glycosyl hydrolase domain,3.18,0.25,text 3d pdb
817,g,39,1,2,d3g9ia1,Glucocorticoid receptor-like (DNA-binding domain),Glucocorticoid receptor-like (DNA-binding domain),4.45,0.25,text 3d pdb
818,d,97,1,1,d4yc6f_,Cell cycle regulatory proteins,Cell cycle regulatory proteins,3.91,0.25,text 3d pdb
819,d,97,1,1,d4yc6b_,Cell cycle regulatory proteins,Cell cycle regulatory proteins,3.92,0.25,text 3d pdb
820,g,7,1,1,d1tgxb_,Snake toxin-like,Snake toxin-like,3.64,0.25,text 3d pdb
821,b,34,13,0,d3ob9b_,SH3-like barrel,Chromo domain-like,3.46,0.25,text 3d pdb
822,b,1,1,2,d3agva1,Immunoglobulin-like beta-sandwich,Immunoglobulin,3.87,0.25,text 3d pdb
823,a,4,11,1,d3rzoj_,DNA/RNA-binding 3-helical bundle,RNA polymerase subunit RPB10,3.65,0.25,text 3d pdb
824,g,46,1,1,d1aqsa_,Metallothionein,Metallothionein,3.31,0.25,text 3d pdb
825,d,15,10,1,d1nyrb2,beta-Grasp (ubiquitin-like),TGS-like,3.90,0.25,text 3d pdb
826,g,20,1,1,d2w9ua_,Blood coagulation inhibitor (disintegrin),Blood coagulation inhibitor (disintegrin),2.74,0.25,text 3d pdb
827,b,1,1,0,d4zncf1,Immunoglobulin-like beta-sandwich,Immunoglobulin,3.71,0.25,text 3d pdb
828,b,34,5,1,d2qp1u1,SH3-like barrel,Translation proteins SH3-like domain,3.66,0.25,text 3d pdb
829,b,151,1,1,d2btia_,CsrA-like,CsrA-like,3.12,0.25,text 3d pdb
830,g,7,1,1,d1ff4a_,Snake toxin-like,Snake toxin-like,3.97,0.25,text 3d pdb
831,b,1,6,1,d3ff7a1,Immunoglobulin-like beta-sandwich,Cadherin-like,3.66,0.25,text 3d pdb
832,a,2,13,1,d1rfyb_,Long alpha-hairpin,Transcriptional repressor TraM,4.23,0.25,text 3d pdb
833,b,71,1,1,d3baxa1,Glycosyl hydrolase domain,Glycosyl hydrolase domain,3.19,0.25,text 3d pdb
834,d,80,1,1,d3ej3i_,Tautomerase/MIF,Tautomerase/MIF,4.27,0.25,text 3d pdb
835,b,1,1,4,d3duha1,Immunoglobulin-like beta-sandwich,Immunoglobulin,3.60,0.25,text 3d pdb
836,g,41,11,1,d1n0za1,Rubredoxin-like,Ran binding protein zinc finger-like,2.45,0.25,text 3d pdb
837,d,68,7,1,d2lrra_,IF3-like,R3H domain,3.11,0.25,text 3d pdb
838,g,41,11,1,d2c6aa1,Rubredoxin-like,Ran binding protein zinc finger-like,3.24,0.25,text 3d pdb
839,d,15,10,1,d1nyra2,beta-Grasp (ubiquitin-like),TGS-like,3.65,0.24,text 3d pdb
840,d,344,1,4,d2ehol2,GINS/PriA/YqbF domain,PriA/YqbF domain,4.06,0.24,text 3d pdb
841,c,47,1,5,d5a4vd1,Thioredoxin fold,Thioredoxin-like,3.82,0.24,text 3d pdb
842,g,14,1,1,d3bt2a2,Kringle-like,Kringle-like,3.73,0.24,text 3d pdb
843,b,40,4,5,d3df4c2,OB-fold,Nucleic acid-binding proteins,3.48,0.24,text 3d pdb
844,b,40,4,5,d3df2c2,OB-fold,Nucleic acid-binding proteins,3.48,0.24,text 3d pdb
845,d,58,8,1,d1dhmb_,Ferredoxin-like,Viral DNA-binding domain,3.12,0.24,text 3d pdb
846,b,1,1,2,d1ffpd1,Immunoglobulin-like beta-sandwich,Immunoglobulin,3.61,0.24,text 3d pdb
847,d,58,8,1,d1dhma_,Ferredoxin-like,Viral DNA-binding domain,3.12,0.24,text 3d pdb
848,g,3,13,0,d2aiha_,Knottins (small inhibitors toxins, lectins),Bowman-Birk inhibitor BBI,4.14,0.24,text 3d pdb
849,b,1,1,4,d1f45a1,Immunoglobulin-like beta-sandwich,Immunoglobulin,3.63,0.24,text 3d pdb
850,g,14,1,1,d3hn4a3,Kringle-like,Kringle-like,3.77,0.24,text 3d pdb
851,b,71,1,1,d1jxka1,Glycosyl hydrolase domain,Glycosyl hydrolase domain,3.30,0.24,text 3d pdb
852,c,47,1,5,d1bx9a2,Thioredoxin fold,Thioredoxin-like,3.60,0.24,text 3d pdb
853,g,3,11,1,d1emna2,Knottins (small inhibitors toxins, lectins),EGF/Laminin,3.40,0.24,text 3d pdb
854,g,9,1,1,d1zufa1,Defensin-like,Defensin-like,3.58,0.24,text 3d pdb
855,d,97,1,1,d2astc_,Cell cycle regulatory proteins,Cell cycle regulatory proteins,3.50,0.24,text 3d pdb
856,d,344,1,4,d2ehod2,GINS/PriA/YqbF domain,PriA/YqbF domain,4.21,0.24,text 3d pdb
857,g,38,1,1,d1zmed1,Zn2/Cys6 DNA-binding domain,Zn2/Cys6 DNA-binding domain,2.43,0.24,text 3d pdb
858,d,51,1,1,d1viha_,Eukaryotic type KH-domain (KH-domain type I),Eukaryotic type KH-domain (KH-domain type I),3.90,0.24,text 3d pdb
859,d,325,1,1,d2qbez1,L28p-like,L28p-like,3.57,0.24,text 3d pdb
860,g,14,1,1,d1ceaa_,Kringle-like,Kringle-like,4.00,0.24,text 3d pdb
861,d,59,1,1,d2vhmy1,Ribosomal protein L30p/L7e,Ribosomal protein L30p/L7e,3.92,0.24,text 3d pdb
862,g,1,1,1,d1t1q.1,Insulin-like,Insulin-like,4.26,0.24,text 3d pdb
863,d,325,1,1,d3dllu1,L28p-like,L28p-like,3.96,0.24,text 3d pdb
864,d,325,1,1,d2qbcz1,L28p-like,L28p-like,3.51,0.24,text 3d pdb
865,b,1,1,2,d1ffpa1,Immunoglobulin-like beta-sandwich,Immunoglobulin,3.50,0.24,text 3d pdb
866,d,80,1,1,d3ej3j_,Tautomerase/MIF,Tautomerase/MIF,4.32,0.24,text 3d pdb
867,a,22,1,2,d1bfma_,Histone-fold,Histone-fold,3.84,0.24,text 3d pdb
868,c,47,1,5,d5a4va1,Thioredoxin fold,Thioredoxin-like,3.72,0.24,text 3d pdb
869,c,47,1,5,d5a4wa1,Thioredoxin fold,Thioredoxin-like,3.66,0.24,text 3d pdb
870,d,80,1,1,d3ej7f_,Tautomerase/MIF,Tautomerase/MIF,4.40,0.24,text 3d pdb
871,a,4,1,0,d2l7za1,DNA/RNA-binding 3-helical bundle,Homeodomain-like,3.84,0.24,text 3d pdb
872,b,1,1,2,d1k8da1,Immunoglobulin-like beta-sandwich,Immunoglobulin,3.73,0.24,text 3d pdb
873,c,47,1,0,d3zmla1,Thioredoxin fold,Thioredoxin-like,4.00,0.24,text 3d pdb
874,d,325,1,1,d2qbaz1,L28p-like,L28p-like,3.51,0.24,text 3d pdb
875,c,47,1,5,d5a5kh1,Thioredoxin fold,Thioredoxin-like,3.44,0.24,text 3d pdb
876,a,4,1,1,d1wh5a1,DNA/RNA-binding 3-helical bundle,Homeodomain-like,3.58,0.24,text 3d pdb
877,a,39,1,5,d1ctaa_,EF Hand-like,EF-hand,2.71,0.24,text 3d pdb
878,d,325,1,2,d2vhmz1,L28p-like,L28p-like,2.99,0.24,text 3d pdb
879,h,3,3,1,d1zv8.6,Stalk segment of viral fusion proteins,Coronavirus S2 glycoprotein,4.11,0.24,text 3d pdb
880,i,8,1,1,d1y1vf_,RNA polymerase,RNA polymerase,4.32,0.24,text 3d pdb
881,g,14,1,1,d4bv5a_,Kringle-like,Kringle-like,4.20,0.24,text 3d pdb
882,b,1,1,4,d2gw5a2,Immunoglobulin-like beta-sandwich,Immunoglobulin,3.78,0.24,text 3d pdb
883,g,49,1,1,d1fara_,Cysteine-rich domain,Cysteine-rich domain,3.61,0.24,text 3d pdb
884,d,344,1,4,d2ehoh2,GINS/PriA/YqbF domain,PriA/YqbF domain,4.18,0.24,text 3d pdb
885,d,15,10,1,d1nyqb2,beta-Grasp (ubiquitin-like),TGS-like,3.89,0.24,text 3d pdb
886,d,51,1,0,d3l7zc3,Eukaryotic type KH-domain (KH-domain type I),Eukaryotic type KH-domain (KH-domain type I),3.97,0.24,text 3d pdb
887,d,15,1,1,d4bktd_,beta-Grasp (ubiquitin-like),Ubiquitin-like,3.87,0.24,text 3d pdb
888,d,15,1,8,d1wspa1,beta-Grasp (ubiquitin-like),Ubiquitin-like,3.46,0.24,text 3d pdb
889,g,7,1,1,d1cvoa_,Snake toxin-like,Snake toxin-like,3.73,0.24,text 3d pdb
890,g,41,3,1,d2nvxi2,Rubredoxin-like,Zinc beta-ribbon,4.14,0.24,text 3d pdb
891,b,1,1,0,d4ezma1,Immunoglobulin-like beta-sandwich,Immunoglobulin,3.14,0.24,text 3d pdb
892,d,15,1,1,d5o6sc1,beta-Grasp (ubiquitin-like),Ubiquitin-like,3.08,0.24,text 3d pdb
893,d,304,1,2,d2dsyb_,TTHA1013/TTHA0281-like,TTHA1013/TTHA0281-like,4.57,0.24,text 3d pdb
894,d,15,1,1,d4bksd_,beta-Grasp (ubiquitin-like),Ubiquitin-like,3.84,0.24,text 3d pdb
895,a,22,1,1,d5fugg_,Histone-fold,Histone-fold,3.67,0.24,text 3d pdb
896,b,71,1,0,d3dhpa1,Glycosyl hydrolase domain,Glycosyl hydrolase domain,3.31,0.24,text 3d pdb
897,d,15,1,0,d5v6aa1,beta-Grasp (ubiquitin-like),Ubiquitin-like,3.05,0.24,text 3d pdb
898,g,3,6,2,d1oawa_,Knottins (small inhibitors toxins, lectins),omega toxin-like,3.60,0.24,text 3d pdb
899,g,20,1,1,d2ljva_,Blood coagulation inhibitor (disintegrin),Blood coagulation inhibitor (disintegrin),2.94,0.24,text 3d pdb
900,d,59,1,1,d2zjpw1,Ribosomal protein L30p/L7e,Ribosomal protein L30p/L7e,3.57,0.24,text 3d pdb
901,a,4,7,1,d1foxa_,DNA/RNA-binding 3-helical bundle,Ribosomal protein L11 C-terminal domain,4.53,0.24,text 3d pdb
902,d,97,1,1,d1dksa_,Cell cycle regulatory proteins,Cell cycle regulatory proteins,4.07,0.24,text 3d pdb
903,a,4,1,1,d1octc1,DNA/RNA-binding 3-helical bundle,Homeodomain-like,3.88,0.24,text 3d pdb
904,d,17,2,1,d2wofb2,Cystatin-like,Amine oxidase N-terminal region,3.56,0.24,text 3d pdb
905,b,1,1,4,d3d87d1,Immunoglobulin-like beta-sandwich,Immunoglobulin,3.70,0.24,text 3d pdb
906,a,143,1,2,d2ja5f1,RPB6/omega subunit-like,RPB6/omega subunit-like,3.78,0.24,text 3d pdb
907,g,14,1,1,d1ceba_,Kringle-like,Kringle-like,4.28,0.24,text 3d pdb
908,a,143,1,2,d2ja8f1,RPB6/omega subunit-like,RPB6/omega subunit-like,3.78,0.24,text 3d pdb
909,a,39,1,5,d1ctdb_,EF Hand-like,EF-hand,2.70,0.24,text 3d pdb
910,a,137,8,1,d3oe7i_,Non-globular all-alpha subunits of globular proteins,Epsilon subunit of mitochondrial F1F0-ATP synthase,3.44,0.24,text 3d pdb
911,a,4,11,1,d3s1nj_,DNA/RNA-binding 3-helical bundle,RNA polymerase subunit RPB10,3.67,0.24,text 3d pdb
912,a,143,1,2,d2ja6f1,RPB6/omega subunit-like,RPB6/omega subunit-like,3.79,0.24,text 3d pdb
913,d,19,1,0,d3wexg1,MHC antigen-recognition domain,MHC antigen-recognition domain,4.20,0.24,text 3d pdb
914,d,325,1,2,d2hgq31,L28p-like,L28p-like,4.14,0.24,text 3d pdb
915,g,14,1,1,d1pmkb_,Kringle-like,Kringle-like,4.51,0.24,text 3d pdb
916,d,15,1,0,d4gdla_,beta-Grasp (ubiquitin-like),Ubiquitin-like,3.82,0.24,text 3d pdb
917,a,22,1,3,d1h3ob1,Histone-fold,Histone-fold,3.96,0.24,text 3d pdb
918,g,38,1,1,d1hwtg1,Zn2/Cys6 DNA-binding domain,Zn2/Cys6 DNA-binding domain,3.24,0.24,text 3d pdb
919,a,143,1,2,d2ja7r1,RPB6/omega subunit-like,RPB6/omega subunit-like,3.79,0.24,text 3d pdb
920,a,143,1,2,d2ja7f1,RPB6/omega subunit-like,RPB6/omega subunit-like,3.79,0.24,text 3d pdb
921,i,8,1,1,d1y77f_,RNA polymerase,RNA polymerase,3.79,0.24,text 3d pdb
922,a,143,1,2,d2b8kf1,RPB6/omega subunit-like,RPB6/omega subunit-like,3.79,0.24,text 3d pdb
923,i,8,1,1,d1wcmf_,RNA polymerase,RNA polymerase,3.79,0.24,text 3d pdb
924,g,38,1,1,d1hwtc1,Zn2/Cys6 DNA-binding domain,Zn2/Cys6 DNA-binding domain,3.24,0.24,text 3d pdb
925,b,151,1,1,d2mf1c_,CsrA-like,CsrA-like,3.23,0.24,text 3d pdb
926,d,19,1,0,d3wexc1,MHC antigen-recognition domain,MHC antigen-recognition domain,4.23,0.24,text 3d pdb
927,i,1,1,1,d2vhm11,Ribosome and ribosomal fragments,Ribosome and ribosomal fragments,3.97,0.24,text 3d pdb
928,a,271,1,1,d2c9wa1,SOCS box-like,SOCS box-like,4.03,0.24,text 3d pdb
929,d,19,1,0,d4p5me1,MHC antigen-recognition domain,MHC antigen-recognition domain,3.97,0.24,text 3d pdb
930,d,19,1,0,d3wexa1,MHC antigen-recognition domain,MHC antigen-recognition domain,3.86,0.24,text 3d pdb
931,d,15,1,0,d4gdka_,beta-Grasp (ubiquitin-like),Ubiquitin-like,3.60,0.24,text 3d pdb
932,b,1,1,2,d3mbef2,Immunoglobulin-like beta-sandwich,Immunoglobulin,3.59,0.24,text 3d pdb
933,g,39,1,3,d1g47a1,Glucocorticoid receptor-like (DNA-binding domain),Glucocorticoid receptor-like (DNA-binding domain),3.31,0.24,text 3d pdb
934,b,1,1,0,d4ezmd1,Immunoglobulin-like beta-sandwich,Immunoglobulin,3.74,0.24,text 3d pdb
935,g,14,1,1,d4bv5b_,Kringle-like,Kringle-like,3.82,0.24,text 3d pdb
936,g,7,1,1,d1cxna_,Snake toxin-like,Snake toxin-like,3.58,0.24,text 3d pdb
937,d,19,1,0,d4p4ke1,MHC antigen-recognition domain,MHC antigen-recognition domain,4.17,0.24,text 3d pdb
938,g,69,1,1,d1pjub2,Plant proteinase inhibitors,Plant proteinase inhibitors,2.72,0.24,text 3d pdb
939,b,1,1,2,d3ciia1,Immunoglobulin-like beta-sandwich,Immunoglobulin,3.49,0.24,text 3d pdb
940,d,19,1,0,d4p57c1,MHC antigen-recognition domain,MHC antigen-recognition domain,3.90,0.24,text 3d pdb
941,b,1,1,2,d1ub5a2,Immunoglobulin-like beta-sandwich,Immunoglobulin,3.34,0.24,text 3d pdb
942,g,18,1,1,d1c1za4,Complement control module/SCR domain,Complement control module/SCR domain,3.45,0.24,text 3d pdb
943,b,1,1,2,d3ciid1,Immunoglobulin-like beta-sandwich,Immunoglobulin,3.56,0.24,text 3d pdb
944,d,19,1,0,d4p5ma1,MHC antigen-recognition domain,MHC antigen-recognition domain,3.91,0.24,text 3d pdb
945,d,19,1,0,d4p4rc1,MHC antigen-recognition domain,MHC antigen-recognition domain,3.32,0.24,text 3d pdb
946,d,19,1,0,d4p4ka1,MHC antigen-recognition domain,MHC antigen-recognition domain,3.83,0.24,text 3d pdb
947,d,19,1,0,d4p5mc1,MHC antigen-recognition domain,MHC antigen-recognition domain,3.85,0.24,text 3d pdb
948,b,72,1,1,d2e45a1,WW domain-like,WW domain,3.43,0.24,text 3d pdb
949,a,4,1,1,d1jgga_,DNA/RNA-binding 3-helical bundle,Homeodomain-like,3.56,0.24,text 3d pdb
950,b,1,1,2,d1jhta1,Immunoglobulin-like beta-sandwich,Immunoglobulin,3.59,0.24,text 3d pdb
951,b,34,2,0,d2ysqa1,SH3-like barrel,SH3-domain,3.23,0.23,text 3d pdb
952,g,9,1,1,d1apfa_,Defensin-like,Defensin-like,3.15,0.23,text 3d pdb
953,d,15,1,0,d4r3da1,beta-Grasp (ubiquitin-like),Ubiquitin-like,4.32,0.23,text 3d pdb
954,d,76,1,1,d1syxd_,GYF/BRK domain-like,GYF domain,3.84,0.23,text 3d pdb
955,g,17,1,3,d1b8ka_,Cystine-knot cytokines,Cystine-knot cytokines,3.94,0.23,text 3d pdb
956,b,34,2,1,d2abla1,SH3-like barrel,SH3-domain,4.07,0.23,text 3d pdb
957,b,38,1,0,d3swnq_,Sm-like fold,Sm-like ribonucleoproteins,3.43,0.23,text 3d pdb
958,a,4,11,1,d2ja8j1,DNA/RNA-binding 3-helical bundle,RNA polymerase subunit RPB10,3.89,0.23,text 3d pdb
959,b,72,1,1,d2op7a_,WW domain-like,WW domain,3.49,0.23,text 3d pdb
960,g,41,7,0,d2ywwb2,Rubredoxin-like,Aspartate carbamoyltransferase Regulatory-chain, C-terminal domain,3.58,0.23,text 3d pdb
961,g,50,1,0,d2rsda1,FYVE/PHD zinc finger,FYVE/PHD zinc finger,4.10,0.23,text 3d pdb
962,g,49,1,1,d1xa6a3,Cysteine-rich domain,Cysteine-rich domain,4.11,0.23,text 3d pdb
963,d,11,1,1,d1k25c1,Penicillin-binding protein 2x (pbp-2x) c-terminal domain,Penicillin-binding protein 2x (pbp-2x) c-terminal domain,3.87,0.23,text 3d pdb
964,a,4,11,1,d2ja7j1,DNA/RNA-binding 3-helical bundle,RNA polymerase subunit RPB10,4.00,0.23,text 3d pdb
965,d,100,1,2,d1qhka_,MbtH/L9 domain-like,L9 N-domain-like,4.22,0.23,text 3d pdb
966,b,129,1,3,d2ro3a_,Double-split beta-barrel,AbrB/MazE/MraZ-like,3.37,0.22,text 3d pdb
967,g,39,1,3,d2co8a2,Glucocorticoid receptor-like (DNA-binding domain),Glucocorticoid receptor-like (DNA-binding domain),3.52,0.22,text 3d pdb
968,d,325,1,2,d2aw4z1,L28p-like,L28p-like,3.40,0.22,text 3d pdb
969,d,325,1,2,d3bbxz1,L28p-like,L28p-like,3.40,0.22,text 3d pdb
970,d,325,1,2,d1vs6z1,L28p-like,L28p-like,3.81,0.22,text 3d pdb
971,b,72,1,1,d2jmfa_,WW domain-like,WW domain,3.42,0.22,text 3d pdb
972,b,104,1,1,d1k91a1,P-domain of calnexin/calreticulin,P-domain of calnexin/calreticulin,4.15,0.22,text 3d pdb
973,c,47,1,5,d5a5kb1,Thioredoxin fold,Thioredoxin-like,3.94,0.22,text 3d pdb
974,g,39,1,3,d2co8a1,Glucocorticoid receptor-like (DNA-binding domain),Glucocorticoid receptor-like (DNA-binding domain),2.14,0.22,text 3d pdb
975,g,41,7,1,d4kgvd2,Rubredoxin-like,Aspartate carbamoyltransferase Regulatory-chain, C-terminal domain,3.83,0.22,text 3d pdb
976,d,58,24,1,d1a0od_,Ferredoxin-like,CheY-binding domain of CheA,3.69,0.21,text 3d pdb
977,g,18,1,1,d1y8ea3,Complement control module/SCR domain,Complement control module/SCR domain,3.49,0.21,text 3d pdb
978,b,72,1,1,d1k5ra_,WW domain-like,WW domain,3.25,0.21,text 3d pdb
979,d,301,1,1,d1vs631,L35p-like,L35p-like,4.74,0.21,text 3d pdb
980,a,35,1,2,d1d1la_,lambda repressor-like DNA-binding domains,lambda repressor-like DNA-binding domains,4.29,0.21,text 3d pdb
981,b,84,5,1,d3j9ta3,Barrel-sandwich hybrid,V1 ATP synthase A subunit bulge domain-like,3.54,0.21,text 3d pdb
982,c,47,1,5,d5a5kg1,Thioredoxin fold,Thioredoxin-like,3.75,0.21,text 3d pdb
983,c,47,1,5,d5a5ku1,Thioredoxin fold,Thioredoxin-like,3.75,0.21,text 3d pdb
984,b,1,1,2,d3bzeg1,Immunoglobulin-like beta-sandwich,Immunoglobulin,4.09,0.20,text 3d pdb
985,g,39,1,3,d2dj7a2,Glucocorticoid receptor-like (DNA-binding domain),Glucocorticoid receptor-like (DNA-binding domain),3.14,0.20,text 3d pdb
986,g,44,1,2,d2bayf2,RING/U-box,RING/U-box,3.89,0.20,text 3d pdb
987,g,44,1,2,d2baye2,RING/U-box,RING/U-box,3.95,0.20,text 3d pdb
988,d,58,1,4,d1vjwa_,Ferredoxin-like,4Fe-4S ferredoxins,3.89,0.20,text 3d pdb
989,j,1,1,1,d1gmkd_,Membrane ion channel-forming peptide antibiotics containing D-aminoacids,Membrane ion channel-forming peptide antibiotics containing D-aminoacids,1.68,0.20,text 3d pdb
990,c,47,1,5,d5a4wc1,Thioredoxin fold,Thioredoxin-like,4.39,0.19,text 3d pdb
991,c,47,1,5,d5a4vc1,Thioredoxin fold,Thioredoxin-like,4.40,0.19,text 3d pdb
992,d,28,1,1,d2uuas1,Ribosomal protein S19,Ribosomal protein S19,3.84,0.19,text 3d pdb
993,j,1,1,1,d1al4b_,Membrane ion channel-forming peptide antibiotics containing D-aminoacids,Membrane ion channel-forming peptide antibiotics containing D-aminoacids,2.31,0.18,text 3d pdb
994,i,1,1,1,d1ibks_,Ribosome and ribosomal fragments,Ribosome and ribosomal fragments,4.48,0.18,text 3d pdb
995,d,9,1,1,d1rhpa_,IL8-like,Interleukin 8-like chemokines,3.77,0.18,text 3d pdb
996,d,28,1,1,d2hgrv1,Ribosomal protein S19,Ribosomal protein S19,4.49,0.18,text 3d pdb
997,c,47,1,5,d5a4vb1,Thioredoxin fold,Thioredoxin-like,4.70,0.18,text 3d pdb
998,j,1,1,1,d1alzb_,Membrane ion channel-forming peptide antibiotics containing D-aminoacids,Membrane ion channel-forming peptide antibiotics containing D-aminoacids,2.33,0.17,text 3d pdb
999,i,1,1,1,d2vqes1,Ribosome and ribosomal fragments,Ribosome and ribosomal fragments,4.97,0.16,text 3d pdb
1000,j,85,1,1,d1jara_,HIV-1 gp41 fragments,HIV-1 gp41 fragments,2.46,0.16,text 3d pdb