#,X,H,T,F,ECOD Domain,T-Group,Family,RMSD,TM-Score,TM-Align
1,64,1,1,1,e2mwbA1,WW domain,WW,1.96,0.40,text 3d pdb
2,375,1,1,24,e3izsp1,Rubredoxin-related,Ribosomal_L40e,2.24,0.37,text 3d pdb
3,375,1,1,24,e4v6iBp1,Rubredoxin-related,Ribosomal_L40e,2.24,0.37,text 3d pdb
4,375,1,1,42,e2wx1C1,Rubredoxin-related,zf-RanBP,2.68,0.36,text 3d pdb
5,375,1,1,7,e5mg5N2,Rubredoxin-related,DUF35_N,3.03,0.36,text 3d pdb
6,375,1,1,5,e6f40L1,Rubredoxin-related,DNA_RNApol_7kD,3.69,0.35,text 3d pdb
7,375,1,1,5,e6f41L1,Rubredoxin-related,DNA_RNApol_7kD,3.69,0.35,text 3d pdb
8,375,1,1,71,e1zt2A4,Rubredoxin-related,RNA_POL_M_15KD_like,2.26,0.35,text 3d pdb
9,375,1,1,71,e1zt2C5,Rubredoxin-related,RNA_POL_M_15KD_like,2.10,0.35,text 3d pdb
10,375,1,1,261,e5h4dH2,Rubredoxin-related,SIR2_2nd_1,2.84,0.35,text 3d pdb
11,375,1,1,35,e3po3S2,Rubredoxin-related,TFIIS_C,2.14,0.35,text 3d pdb
12,389,1,3,,e2h9gR3,TNF receptor-like,F_UNCLASSIFIED,2.68,0.35,text 3d pdb
13,64,1,1,1,e2lb3A1,WW domain,WW,2.16,0.35,text 3d pdb
14,375,1,1,14,e1s0uA5,Rubredoxin-related,PRK13130,2.68,0.35,text 3d pdb
15,375,1,1,7,e5mg5K2,Rubredoxin-related,DUF35_N,3.27,0.35,text 3d pdb
16,375,1,1,35,e5xonU2,Rubredoxin-related,TFIIS_C,2.45,0.35,text 3d pdb
17,389,1,1,26,e5wb8C1,EGF/Laminin,EGF_1,2.67,0.35,text 3d pdb
18,387,1,5,3,e6b55G1,Scorpion toxin-like,Gamma-thionin,2.38,0.35,text 3d pdb
19,375,1,1,254,e4zlhB2,Rubredoxin-related,YciM,2.47,0.35,text 3d pdb
20,375,1,1,261,e6isoB2,Rubredoxin-related,SIR2_2nd_1,2.76,0.35,text 3d pdb
21,375,1,1,5,e5oa1L1,Rubredoxin-related,DNA_RNApol_7kD,3.69,0.34,text 3d pdb
22,375,1,1,5,e4c3iL1,Rubredoxin-related,DNA_RNApol_7kD,3.69,0.34,text 3d pdb
23,375,1,1,48,e1ivsB6,Rubredoxin-related,MCM_OB_3,2.67,0.34,text 3d pdb
24,375,1,1,5,e4c3jL1,Rubredoxin-related,DNA_RNApol_7kD,3.69,0.34,text 3d pdb
25,387,1,5,3,e6mryA1,Scorpion toxin-like,Gamma-thionin,2.43,0.34,text 3d pdb
26,375,1,1,5,e3gtqL1,Rubredoxin-related,DNA_RNApol_7kD,3.37,0.34,text 3d pdb
27,6029,1,1,1,e4ynxB1,Hemin uptake protein hemP,hemP,3.05,0.34,text 3d pdb
28,375,1,1,261,e4bn5E2,Rubredoxin-related,SIR2_2nd_1,2.72,0.34,text 3d pdb
29,375,4,1,2,e2ey4E1,Nucleolar RNA-binding protein Nop10-like,Nop10p,3.04,0.34,text 3d pdb
30,375,1,1,5,e6o9lL1,Rubredoxin-related,DNA_RNApol_7kD,3.75,0.34,text 3d pdb
31,375,1,1,24,e4v3pLp1,Rubredoxin-related,Ribosomal_L40e,2.77,0.34,text 3d pdb
32,387,1,5,3,e5kk4A1,Scorpion toxin-like,Gamma-thionin,2.38,0.34,text 3d pdb
33,387,1,5,3,e6b55S1,Scorpion toxin-like,Gamma-thionin,2.80,0.34,text 3d pdb
34,375,1,1,261,e4bvhB2,Rubredoxin-related,SIR2_2nd_1,2.78,0.34,text 3d pdb
35,375,4,1,2,e2ausB1,Nucleolar RNA-binding protein Nop10-like,Nop10p,2.76,0.34,text 3d pdb
36,375,1,1,261,e1s7gA3,Rubredoxin-related,SIR2_2nd_1,2.60,0.34,text 3d pdb
37,375,1,1,261,e1yc2A3,Rubredoxin-related,SIR2_2nd_1,2.61,0.34,text 3d pdb
38,387,1,5,3,e4cqkL1,Scorpion toxin-like,Gamma-thionin,2.39,0.34,text 3d pdb
39,387,1,5,3,e6dmzA1,Scorpion toxin-like,Gamma-thionin,2.55,0.34,text 3d pdb
40,375,1,1,254,e4zlhA2,Rubredoxin-related,YciM,2.75,0.34,text 3d pdb
41,375,1,1,53,e5dszB2,Rubredoxin-related,DUF35_N_like,2.15,0.34,text 3d pdb
42,387,1,5,3,e5vypG1,Scorpion toxin-like,Gamma-thionin,2.74,0.34,text 3d pdb
43,375,4,1,2,e3lwqB1,Nucleolar RNA-binding protein Nop10-like,Nop10p,3.69,0.34,text 3d pdb
44,375,1,1,5,e4c3hL1,Rubredoxin-related,DNA_RNApol_7kD,3.61,0.33,text 3d pdb
45,375,1,1,2,e4np6B2,Rubredoxin-related,ADK_lid,2.20,0.33,text 3d pdb
46,391,1,1,4,e4pz5A1,Fibronectin type I module,fn1,2.06,0.33,text 3d pdb
47,375,1,1,53,e4rd6A1,Rubredoxin-related,DUF35_N_like,2.82,0.33,text 3d pdb
48,375,1,1,52,e2od2A1,Rubredoxin-related,KOG2682,2.51,0.33,text 3d pdb
49,375,1,1,5,e6drdL1,Rubredoxin-related,DNA_RNApol_7kD,3.66,0.33,text 3d pdb
50,375,1,1,261,e1yc2C1,Rubredoxin-related,SIR2_2nd_1,2.65,0.33,text 3d pdb
51,387,1,5,3,e4cqkK1,Scorpion toxin-like,Gamma-thionin,2.41,0.33,text 3d pdb
52,375,1,1,5,e6cnfL1,Rubredoxin-related,DNA_RNApol_7kD,3.68,0.33,text 3d pdb
53,387,1,5,3,e4cqkB1,Scorpion toxin-like,Gamma-thionin,2.40,0.33,text 3d pdb
54,387,1,5,3,e4cqkF1,Scorpion toxin-like,Gamma-thionin,2.40,0.33,text 3d pdb
55,375,4,1,2,e3lwpB1,Nucleolar RNA-binding protein Nop10-like,Nop10p,3.65,0.33,text 3d pdb
56,3109,1,1,1,e4o64A1,CXXC domain,zf-CXXC,3.49,0.33,text 3d pdb
57,375,4,1,2,e3haxC1,Nucleolar RNA-binding protein Nop10-like,Nop10p,3.32,0.33,text 3d pdb
58,389,1,1,152,e4cueA2,EGF/Laminin,hEGF_2,2.32,0.33,text 3d pdb
59,387,1,5,3,e6b55H1,Scorpion toxin-like,Gamma-thionin,2.64,0.33,text 3d pdb
60,375,1,1,52,e1szcA1,Rubredoxin-related,KOG2682,2.57,0.33,text 3d pdb
61,375,1,1,52,e1q14A1,Rubredoxin-related,KOG2682,3.00,0.33,text 3d pdb
62,375,1,1,52,e2od9A1,Rubredoxin-related,KOG2682,2.54,0.33,text 3d pdb
63,375,1,1,52,e2qqgA1,Rubredoxin-related,KOG2682,2.54,0.33,text 3d pdb
64,375,1,1,5,e6cnbL1,Rubredoxin-related,DNA_RNApol_7kD,3.88,0.33,text 3d pdb
65,387,1,5,3,e4cqkG1,Scorpion toxin-like,Gamma-thionin,2.41,0.33,text 3d pdb
66,387,1,5,3,e6b55O1,Scorpion toxin-like,Gamma-thionin,2.95,0.33,text 3d pdb
67,375,1,1,142,e5k2mN1,Rubredoxin-related,TF_Zn_Ribbon_1,2.80,0.33,text 3d pdb
68,375,1,1,151,e5t6bD2,Rubredoxin-related,Methyltransf_13,3.37,0.33,text 3d pdb
69,375,1,1,151,e5t6bC3,Rubredoxin-related,Methyltransf_13,3.39,0.33,text 3d pdb
70,389,1,1,152,e4cufA2,EGF/Laminin,hEGF_2,2.32,0.33,text 3d pdb
71,375,1,1,261,e4bn5J2,Rubredoxin-related,SIR2_2nd_1,2.84,0.33,text 3d pdb
72,375,1,1,14,e1kk2A3,Rubredoxin-related,PRK13130,2.86,0.33,text 3d pdb
73,375,1,1,52,e2od7A1,Rubredoxin-related,KOG2682,2.57,0.33,text 3d pdb
74,387,1,5,3,e4cqkI1,Scorpion toxin-like,Gamma-thionin,2.42,0.33,text 3d pdb
75,3993,1,1,2,e4xb6H1,C-P lyase subunit PhnJ C-terminal Zn-binding domain,PhnJ_C,3.00,0.33,text 3d pdb
76,375,1,1,5,e4ym7DL1,Rubredoxin-related,DNA_RNApol_7kD,3.55,0.33,text 3d pdb
77,2,1,1,77,e1qhtA1,Nucleic acid-binding proteins,pol2_like,2.49,0.33,text 3d pdb
78,304,24,1,5,e2bv3A2,EF-G C-terminal domain-like,EFG_II,3.37,0.33,text 3d pdb
79,64,1,1,1,e2ltxA1,WW domain,WW,2.27,0.33,text 3d pdb
80,375,4,1,2,e3lwoB1,Nucleolar RNA-binding protein Nop10-like,Nop10p,3.75,0.33,text 3d pdb
81,387,1,5,3,e4cqkD1,Scorpion toxin-like,Gamma-thionin,2.45,0.33,text 3d pdb
82,375,1,1,52,e1q1aA1,Rubredoxin-related,KOG2682,2.68,0.33,text 3d pdb
83,375,1,2,1,e1vziA2,Desulforedoxin,Desulfoferrod_N,3.06,0.33,text 3d pdb
84,375,4,1,2,e3lwvB1,Nucleolar RNA-binding protein Nop10-like,Nop10p,3.47,0.33,text 3d pdb
85,387,1,5,3,e6b55C1,Scorpion toxin-like,Gamma-thionin,2.97,0.32,text 3d pdb
86,375,4,1,2,e2hvyC1,Nucleolar RNA-binding protein Nop10-like,Nop10p,3.46,0.32,text 3d pdb
87,2,1,1,77,e4k8xA1,Nucleic acid-binding proteins,pol2_like,2.47,0.32,text 3d pdb
88,375,4,1,2,e2ausD1,Nucleolar RNA-binding protein Nop10-like,Nop10p,3.04,0.32,text 3d pdb
89,375,1,1,141,e3l0pA1,Rubredoxin-related,PRK14529,2.83,0.32,text 3d pdb
90,3993,1,1,2,e4xb6D2,C-P lyase subunit PhnJ C-terminal Zn-binding domain,PhnJ_C,3.11,0.32,text 3d pdb
91,375,1,1,53,e2qn6A3,Rubredoxin-related,DUF35_N_like,2.80,0.32,text 3d pdb
92,2,1,1,77,e4ailC6,Nucleic acid-binding proteins,pol2_like,2.98,0.32,text 3d pdb
93,375,1,1,52,e1szdA1,Rubredoxin-related,KOG2682,2.64,0.32,text 3d pdb
94,375,4,1,2,e2rfkB1,Nucleolar RNA-binding protein Nop10-like,Nop10p,3.27,0.32,text 3d pdb
95,375,4,1,2,e3lwrB1,Nucleolar RNA-binding protein Nop10-like,Nop10p,3.45,0.32,text 3d pdb
96,387,1,5,3,e2n2rA1,Scorpion toxin-like,Gamma-thionin,2.34,0.32,text 3d pdb
97,375,1,1,83,e1iciA1,Rubredoxin-related,Zn-ribbon_8,3.43,0.32,text 3d pdb
98,375,1,1,5,e6exvL1,Rubredoxin-related,DNA_RNApol_7kD,3.29,0.32,text 3d pdb
99,375,1,1,2,e4np6C2,Rubredoxin-related,ADK_lid,2.38,0.32,text 3d pdb
100,375,1,1,14,e1kk1A3,Rubredoxin-related,PRK13130,2.88,0.32,text 3d pdb
101,375,1,1,5,e6h68L1,Rubredoxin-related,DNA_RNApol_7kD,3.94,0.32,text 3d pdb
102,375,1,1,5,e4ym7AL1,Rubredoxin-related,DNA_RNApol_7kD,3.70,0.32,text 3d pdb
103,4,1,1,261,e3mlqG1,SH3,CarD_CdnL_TRCF,2.91,0.32,text 3d pdb
104,375,1,1,5,e4ym7BL1,Rubredoxin-related,DNA_RNApol_7kD,3.70,0.32,text 3d pdb
105,919,1,1,1,e6hivA91,Ribosomal protein L36,Ribosomal_L36,3.31,0.32,text 3d pdb
106,375,1,1,5,e4ym7EL1,Rubredoxin-related,DNA_RNApol_7kD,3.70,0.32,text 3d pdb
107,377,1,1,41,e1xbtB1,LIM domain-like,TK_C,2.85,0.32,text 3d pdb
108,377,1,1,41,e1xbtF1,LIM domain-like,TK_C,2.85,0.32,text 3d pdb
109,377,1,1,41,e1xbtA1,LIM domain-like,TK_C,2.85,0.32,text 3d pdb
110,375,1,1,5,e4ym7CL1,Rubredoxin-related,DNA_RNApol_7kD,3.70,0.32,text 3d pdb
111,377,1,1,41,e1xbtD1,LIM domain-like,TK_C,2.85,0.32,text 3d pdb
112,64,1,1,1,e2n4sA1,WW domain,WW,2.24,0.32,text 3d pdb
113,375,1,1,5,e4ym7FL1,Rubredoxin-related,DNA_RNApol_7kD,3.71,0.32,text 3d pdb
114,377,1,1,41,e1xbtH1,LIM domain-like,TK_C,2.85,0.32,text 3d pdb
115,377,1,1,41,e1xbtE1,LIM domain-like,TK_C,2.86,0.32,text 3d pdb
116,377,1,1,41,e1xbtC1,LIM domain-like,TK_C,2.86,0.32,text 3d pdb
117,2,1,1,77,e1qqcA1,Nucleic acid-binding proteins,pol2_like,2.60,0.32,text 3d pdb
118,387,1,5,3,e6b55T1,Scorpion toxin-like,Gamma-thionin,3.02,0.32,text 3d pdb
119,387,1,5,3,e6b55B1,Scorpion toxin-like,Gamma-thionin,3.06,0.32,text 3d pdb
120,919,1,1,1,e6hixA91,Ribosomal protein L36,Ribosomal_L36,3.31,0.32,text 3d pdb
121,375,1,1,24,e2ayjA1,Rubredoxin-related,Ribosomal_L40e,3.47,0.32,text 3d pdb
122,64,1,1,1,e2lawA1,WW domain,WW,2.42,0.32,text 3d pdb
123,387,1,5,3,e6b55N1,Scorpion toxin-like,Gamma-thionin,2.97,0.32,text 3d pdb
124,377,1,1,41,e1w4rA3,LIM domain-like,TK_C,2.87,0.32,text 3d pdb
125,387,1,5,3,e6b55D1,Scorpion toxin-like,Gamma-thionin,3.02,0.32,text 3d pdb
126,375,4,1,2,e3hjwB1,Nucleolar RNA-binding protein Nop10-like,Nop10p,3.48,0.32,text 3d pdb
127,375,1,1,24,e6qklH1,Rubredoxin-related,Ribosomal_L40e,2.91,0.32,text 3d pdb
128,386,1,1,56,e2adrA1,beta-beta-alpha zinc fingers,zf-C2H2_17,2.04,0.32,text 3d pdb
129,377,1,1,41,e1w4rG2,LIM domain-like,TK_C,2.87,0.32,text 3d pdb
130,377,1,1,41,e2orvA1,LIM domain-like,TK_C,2.87,0.32,text 3d pdb
131,375,1,1,261,e3jwpA3,Rubredoxin-related,SIR2_2nd_1,2.62,0.32,text 3d pdb
132,375,1,1,14,e1kk3A3,Rubredoxin-related,PRK13130,2.89,0.32,text 3d pdb
133,377,1,1,41,e1xbtG1,LIM domain-like,TK_C,2.85,0.32,text 3d pdb
134,387,1,5,3,e2lj7A1,Scorpion toxin-like,Gamma-thionin,2.52,0.32,text 3d pdb
135,375,1,1,151,e5t67A3,Rubredoxin-related,Methyltransf_13,3.71,0.32,text 3d pdb
136,3109,1,1,1,e6asbC2,CXXC domain,zf-CXXC,3.79,0.32,text 3d pdb
137,375,1,1,24,e5fcjq01,Rubredoxin-related,Ribosomal_L40e,2.93,0.32,text 3d pdb
138,377,1,1,41,e2wvjH5,LIM domain-like,TK_C,2.85,0.32,text 3d pdb
139,375,1,1,53,e5dszA2,Rubredoxin-related,DUF35_N_like,2.85,0.32,text 3d pdb
140,387,1,5,3,e6b55F1,Scorpion toxin-like,Gamma-thionin,3.01,0.32,text 3d pdb
141,377,1,1,41,e2wvjG2,LIM domain-like,TK_C,2.85,0.32,text 3d pdb
142,377,1,1,41,e1w4rD2,LIM domain-like,TK_C,2.88,0.32,text 3d pdb
143,386,1,1,302,e2lvhA1,beta-beta-alpha zinc fingers,zf-C2H2_22,3.39,0.32,text 3d pdb
144,377,1,1,41,e1w4rB3,LIM domain-like,TK_C,2.86,0.32,text 3d pdb
145,377,1,1,41,e1w4rH2,LIM domain-like,TK_C,2.87,0.32,text 3d pdb
146,387,1,5,3,e2m8bB1,Scorpion toxin-like,Gamma-thionin,2.53,0.32,text 3d pdb
147,375,1,1,35,e3gtmS2,Rubredoxin-related,TFIIS_C,2.90,0.32,text 3d pdb
148,377,1,1,41,e2wvjB2,LIM domain-like,TK_C,2.86,0.32,text 3d pdb
149,377,1,1,41,e2wvjE2,LIM domain-like,TK_C,2.85,0.32,text 3d pdb
150,377,1,1,41,e1w4rC2,LIM domain-like,TK_C,2.88,0.32,text 3d pdb
151,375,1,1,24,e4u55q01,Rubredoxin-related,Ribosomal_L40e,2.91,0.32,text 3d pdb
152,375,1,1,24,e4ukod1,Rubredoxin-related,Ribosomal_L40e,2.91,0.32,text 3d pdb
153,377,1,1,41,e2wvjF2,LIM domain-like,TK_C,2.85,0.32,text 3d pdb
154,387,1,5,3,e6b55P1,Scorpion toxin-like,Gamma-thionin,3.03,0.32,text 3d pdb
155,377,1,1,41,e1w4rE2,LIM domain-like,TK_C,2.89,0.32,text 3d pdb
156,904,1,1,5,e5k3qD1,B-box zinc-binding domain,zf-B_box,3.05,0.32,text 3d pdb
157,375,1,1,5,e3k7aL1,Rubredoxin-related,DNA_RNApol_7kD,3.68,0.32,text 3d pdb
158,386,1,1,46,e3ax1A2,beta-beta-alpha zinc fingers,ARS2,2.63,0.32,text 3d pdb
159,375,1,1,24,e4u4nq01,Rubredoxin-related,Ribosomal_L40e,2.95,0.32,text 3d pdb
160,375,1,1,24,e4ukye1,Rubredoxin-related,Ribosomal_L40e,2.95,0.32,text 3d pdb
161,377,1,1,41,e1w4rF2,LIM domain-like,TK_C,2.88,0.32,text 3d pdb
162,387,1,5,3,e6b55R1,Scorpion toxin-like,Gamma-thionin,2.87,0.31,text 3d pdb
163,377,1,1,41,e2wvjC2,LIM domain-like,TK_C,2.87,0.31,text 3d pdb
164,377,1,1,41,e2wvjA1,LIM domain-like,TK_C,2.87,0.31,text 3d pdb
165,375,1,1,24,e5tgaq01,Rubredoxin-related,Ribosomal_L40e,2.96,0.31,text 3d pdb
166,383,1,1,,e2lg6A1,Defensin-related,F_UNCLASSIFIED,2.65,0.31,text 3d pdb
167,375,1,2,1,e2ji2B2,Desulforedoxin,Desulfoferrod_N,3.32,0.31,text 3d pdb
168,375,1,2,1,e2lk5A1,Desulforedoxin,Desulfoferrod_N,3.28,0.31,text 3d pdb
169,387,1,5,3,e4cqkN1,Scorpion toxin-like,Gamma-thionin,2.50,0.31,text 3d pdb
170,387,1,5,3,e4cqkH1,Scorpion toxin-like,Gamma-thionin,2.71,0.31,text 3d pdb
171,377,1,1,41,e2orvB1,LIM domain-like,TK_C,3.24,0.31,text 3d pdb
172,377,1,1,41,e2orwB2,LIM domain-like,TK_C,2.53,0.31,text 3d pdb
173,375,1,1,24,e4u4zq01,Rubredoxin-related,Ribosomal_L40e,2.92,0.31,text 3d pdb
174,375,1,1,24,e4uloe1,Rubredoxin-related,Ribosomal_L40e,2.92,0.31,text 3d pdb
175,375,1,1,24,e4u4rq01,Rubredoxin-related,Ribosomal_L40e,2.93,0.31,text 3d pdb
176,375,1,1,24,e4ujte1,Rubredoxin-related,Ribosomal_L40e,2.93,0.31,text 3d pdb
177,375,1,1,24,e3j3bm1,Rubredoxin-related,Ribosomal_L40e,2.85,0.31,text 3d pdb
178,375,1,1,24,e4v6xCm1,Rubredoxin-related,Ribosomal_L40e,2.85,0.31,text 3d pdb
179,375,1,1,5,e6eu1L1,Rubredoxin-related,DNA_RNApol_7kD,3.82,0.31,text 3d pdb
180,377,1,1,41,e2wvjD1,LIM domain-like,TK_C,2.87,0.31,text 3d pdb
181,375,1,1,2,e3x2sB2,Rubredoxin-related,ADK_lid,2.46,0.31,text 3d pdb
182,375,1,1,24,e4u3mq01,Rubredoxin-related,Ribosomal_L40e,2.93,0.31,text 3d pdb
183,375,1,1,24,e4uk3e1,Rubredoxin-related,Ribosomal_L40e,2.93,0.31,text 3d pdb
184,387,1,5,3,e2n2qA1,Scorpion toxin-like,Gamma-thionin,3.32,0.31,text 3d pdb
185,375,1,1,14,e1kjzA3,Rubredoxin-related,PRK13130,2.87,0.31,text 3d pdb
186,387,1,5,3,e5kk4F1,Scorpion toxin-like,Gamma-thionin,2.97,0.31,text 3d pdb
187,387,1,2,1,e1ulkA1,Plant lectins/antimicrobial peptides,Chitin_bind_1,3.21,0.31,text 3d pdb
188,387,1,5,3,e4cqkA1,Scorpion toxin-like,Gamma-thionin,2.72,0.31,text 3d pdb
189,375,1,1,2,e4jldA1,Rubredoxin-related,ADK_lid,2.01,0.31,text 3d pdb
190,375,1,1,24,e6d90m1,Rubredoxin-related,Ribosomal_L40e,3.00,0.31,text 3d pdb
191,377,1,1,41,e2qq0B1,LIM domain-like,TK_C,2.57,0.31,text 3d pdb
192,375,1,1,53,e6i5mA3,Rubredoxin-related,DUF35_N_like,2.84,0.31,text 3d pdb
193,3109,1,1,1,e6asbI2,CXXC domain,zf-CXXC,3.81,0.31,text 3d pdb
194,387,1,5,3,e6b55I1,Scorpion toxin-like,Gamma-thionin,3.08,0.31,text 3d pdb
195,375,1,1,24,e4u4yq01,Rubredoxin-related,Ribosomal_L40e,2.92,0.31,text 3d pdb
196,375,1,1,24,e4ulie1,Rubredoxin-related,Ribosomal_L40e,2.92,0.31,text 3d pdb
197,375,1,1,24,e5fciq01,Rubredoxin-related,Ribosomal_L40e,2.96,0.31,text 3d pdb
198,375,1,2,1,e2ji1B2,Desulforedoxin,Desulfoferrod_N,2.72,0.31,text 3d pdb
199,375,1,1,2,e1dvrB1,Rubredoxin-related,ADK_lid,2.84,0.31,text 3d pdb
200,387,1,5,3,e6b55Q1,Scorpion toxin-like,Gamma-thionin,2.88,0.31,text 3d pdb
201,387,1,5,3,e6b55E1,Scorpion toxin-like,Gamma-thionin,3.04,0.31,text 3d pdb
202,375,4,1,2,e3hjyB1,Nucleolar RNA-binding protein Nop10-like,Nop10p,3.17,0.31,text 3d pdb
203,375,1,2,1,e2ji3B2,Desulforedoxin,Desulfoferrod_N,2.70,0.31,text 3d pdb
204,375,1,1,24,e4u51q01,Rubredoxin-related,Ribosomal_L40e,2.93,0.31,text 3d pdb
205,375,1,1,24,e4ujje1,Rubredoxin-related,Ribosomal_L40e,2.93,0.31,text 3d pdb
206,375,1,1,145,e6fyxk4,Rubredoxin-related,KOG0466,2.78,0.31,text 3d pdb
207,6070,1,1,2,e6ffyA2,Sortilin C-terminal domain,Sortilin_C_1st,2.97,0.31,text 3d pdb
208,904,1,1,5,e2didA1,B-box zinc-binding domain,zf-B_box,2.85,0.31,text 3d pdb
209,375,1,1,53,e2pmdB3,Rubredoxin-related,DUF35_N_like,2.82,0.31,text 3d pdb
210,3109,1,1,1,e6asbF2,CXXC domain,zf-CXXC,3.91,0.31,text 3d pdb
211,387,1,1,54,e2lzxA1,omega toxin-related,IB_like,2.55,0.31,text 3d pdb
212,375,1,1,24,e5tgmq01,Rubredoxin-related,Ribosomal_L40e,2.94,0.31,text 3d pdb
213,387,1,2,1,e1ulnA2,Plant lectins/antimicrobial peptides,Chitin_bind_1,3.26,0.31,text 3d pdb
214,375,1,1,24,e5apnm1,Rubredoxin-related,Ribosomal_L40e,2.98,0.31,text 3d pdb
215,375,1,2,1,e2ji3D2,Desulforedoxin,Desulfoferrod_N,3.06,0.31,text 3d pdb
216,375,1,2,1,e2ji1D2,Desulforedoxin,Desulfoferrod_N,3.07,0.31,text 3d pdb
217,3109,1,1,1,e4bbqA1,CXXC domain,zf-CXXC,3.79,0.31,text 3d pdb
218,375,1,1,24,e4u56q01,Rubredoxin-related,Ribosomal_L40e,2.97,0.31,text 3d pdb
219,375,1,1,24,e4ukjd1,Rubredoxin-related,Ribosomal_L40e,2.97,0.31,text 3d pdb
220,375,1,1,14,e1kk0A3,Rubredoxin-related,PRK13130,2.88,0.31,text 3d pdb
221,375,1,1,151,e5t67B1,Rubredoxin-related,Methyltransf_13,3.78,0.31,text 3d pdb
222,4046,1,1,2,e1e3dB1,all-beta domain in nickel-iron hydrogenase large subunit,NiFeSe_Hases_2nd,3.36,0.31,text 3d pdb
223,375,1,1,151,e4e32A1,Rubredoxin-related,Methyltransf_13,3.50,0.31,text 3d pdb
224,375,1,1,24,e4ug0Lm1,Rubredoxin-related,Ribosomal_L40e,3.03,0.31,text 3d pdb
225,375,1,1,24,e6d9jm1,Rubredoxin-related,Ribosomal_L40e,2.86,0.31,text 3d pdb
226,375,1,1,151,e4e2xA1,Rubredoxin-related,Methyltransf_13,3.50,0.31,text 3d pdb
227,375,1,1,151,e4e2wA2,Rubredoxin-related,Methyltransf_13,3.56,0.31,text 3d pdb
228,387,1,5,3,e2lr3A1,Scorpion toxin-like,Gamma-thionin,2.71,0.31,text 3d pdb
229,389,1,3,,e4n90R1,TNF receptor-like,F_UNCLASSIFIED,2.59,0.31,text 3d pdb
230,375,1,1,53,e2plfA3,Rubredoxin-related,DUF35_N_like,2.87,0.31,text 3d pdb
231,64,1,1,1,e2dk1A1,WW domain,WW,1.68,0.31,text 3d pdb
232,375,1,1,5,e6blpL1,Rubredoxin-related,DNA_RNApol_7kD,3.70,0.31,text 3d pdb
233,375,1,1,151,e4e2yA2,Rubredoxin-related,Methyltransf_13,3.54,0.31,text 3d pdb
234,375,1,1,24,e6i7oXO1,Rubredoxin-related,Ribosomal_L40e,3.00,0.31,text 3d pdb
235,3109,1,1,1,e6asbL1,CXXC domain,zf-CXXC,3.83,0.31,text 3d pdb
236,375,1,1,5,e6gmhL1,Rubredoxin-related,DNA_RNApol_7kD,2.88,0.31,text 3d pdb
237,355,1,1,2,e5b4wE2,Trefoil/Plexin domain-like,PSI_1,2.75,0.30,text 3d pdb
238,375,1,1,151,e3ndiA1,Rubredoxin-related,Methyltransf_13,3.51,0.30,text 3d pdb
239,377,1,1,41,e2qq0A2,LIM domain-like,TK_C,2.50,0.30,text 3d pdb
240,391,1,1,4,e2rkzB1,Fibronectin type I module,fn1,2.57,0.30,text 3d pdb
241,375,1,1,24,e6i7oAO1,Rubredoxin-related,Ribosomal_L40e,3.00,0.30,text 3d pdb
242,375,1,1,151,e4e30A1,Rubredoxin-related,Methyltransf_13,3.50,0.30,text 3d pdb
243,375,1,1,151,e4e2zA1,Rubredoxin-related,Methyltransf_13,3.44,0.30,text 3d pdb
244,387,1,5,3,e4cqkC1,Scorpion toxin-like,Gamma-thionin,2.85,0.30,text 3d pdb
245,362,1,1,2,e1k91A1,P-domain of calnexin/calreticulin,Calreticulin_2nd_1,3.07,0.30,text 3d pdb
246,375,1,1,53,e2pmdA3,Rubredoxin-related,DUF35_N_like,2.89,0.30,text 3d pdb
247,375,1,1,151,e3ndjA3,Rubredoxin-related,Methyltransf_13,3.52,0.30,text 3d pdb
248,387,1,2,1,e1p9zA1,Plant lectins/antimicrobial peptides,Chitin_bind_1,3.35,0.30,text 3d pdb
249,387,1,5,3,e5kk4E1,Scorpion toxin-like,Gamma-thionin,3.15,0.30,text 3d pdb
250,387,1,5,,e5gyyH1,Scorpion toxin-like,F_UNCLASSIFIED,2.43,0.30,text 3d pdb
251,387,2,1,,e4x9zA1,Dimeric conotoxin alphaD-GeXXA,F_UNCLASSIFIED,3.16,0.30,text 3d pdb
252,6173,1,1,3,e5esvE1,V1/V2 domain in HIV gp120,GP120_2nd,3.07,0.30,text 3d pdb
253,387,1,5,3,e6b55M1,Scorpion toxin-like,Gamma-thionin,2.94,0.30,text 3d pdb
254,389,1,1,9,e3v65B2,EGF/Laminin,FXa_inhibition,3.29,0.30,text 3d pdb
255,387,1,2,1,e2x3tD4,Plant lectins/antimicrobial peptides,Chitin_bind_1,3.37,0.30,text 3d pdb
256,387,1,2,1,e1ulkA3,Plant lectins/antimicrobial peptides,Chitin_bind_1,3.28,0.30,text 3d pdb
257,3529,1,1,5,e4hl8A2,Major vault protein (MVP) structural repeat domain,PTZ00491_4th,3.94,0.30,text 3d pdb
258,6070,1,1,2,e6fg9A5,Sortilin C-terminal domain,Sortilin_C_1st,3.57,0.30,text 3d pdb
259,387,2,1,,e4x9zB1,Dimeric conotoxin alphaD-GeXXA,F_UNCLASSIFIED,3.15,0.30,text 3d pdb
260,64,1,1,1,e2n4rA1,WW domain,WW,2.37,0.30,text 3d pdb
261,4046,1,1,2,e4ucqS3,all-beta domain in nickel-iron hydrogenase large subunit,NiFeSe_Hases_2nd,3.80,0.30,text 3d pdb
262,6070,1,1,2,e6fg9B5,Sortilin C-terminal domain,Sortilin_C_1st,3.30,0.30,text 3d pdb
263,3109,1,1,1,e4o64B2,CXXC domain,zf-CXXC,3.78,0.30,text 3d pdb
264,375,1,1,7,e6esqG2,Rubredoxin-related,DUF35_N,3.22,0.30,text 3d pdb
265,375,1,1,376,e3jc653,Rubredoxin-related,MCM_OB_2,3.38,0.30,text 3d pdb
266,375,1,1,48,e4pogK2,Rubredoxin-related,MCM_OB_3,2.52,0.30,text 3d pdb
267,375,1,1,48,e4pogE2,Rubredoxin-related,MCM_OB_3,2.21,0.30,text 3d pdb
268,375,1,1,35,e1y1vS2,Rubredoxin-related,TFIIS_C,3.53,0.30,text 3d pdb
269,375,1,1,35,e5fmf21,Rubredoxin-related,TFIIS_C,3.53,0.30,text 3d pdb
270,389,1,3,,e4n90T1,TNF receptor-like,F_UNCLASSIFIED,2.64,0.30,text 3d pdb
271,359,1,1,1,e2qn5B6,Bowman-Birk inhibitor BBI-like,Bowman-Birk_leg,3.68,0.30,text 3d pdb
272,2,1,1,78,e3k5nA6,Nucleic acid-binding proteins,PRK05762_1st,2.97,0.30,text 3d pdb
273,64,3,1,1,e4nz1A1,Carbohydrate binding domain,CBM_5_12,3.13,0.30,text 3d pdb
274,375,1,1,48,e4pogC2,Rubredoxin-related,MCM_OB_3,2.21,0.30,text 3d pdb
275,4046,1,1,2,e4uqlR4,all-beta domain in nickel-iron hydrogenase large subunit,NiFeSe_Hases_2nd,3.93,0.30,text 3d pdb
276,375,1,1,376,e3jc555,Rubredoxin-related,MCM_OB_2,3.33,0.30,text 3d pdb
277,375,1,1,376,e3jc754,Rubredoxin-related,MCM_OB_2,3.33,0.30,text 3d pdb
278,375,1,1,88,e5fyqA2,Rubredoxin-related,SIR2_2nd,3.29,0.30,text 3d pdb
279,389,1,3,6,e1ncfA2,TNF receptor-like,TNFR_c6_1,2.94,0.30,text 3d pdb
280,387,1,5,3,e6b55L1,Scorpion toxin-like,Gamma-thionin,2.96,0.30,text 3d pdb
281,904,1,1,5,e5k3qC1,B-box zinc-binding domain,zf-B_box,2.41,0.30,text 3d pdb
282,64,3,1,1,e4nz5A1,Carbohydrate binding domain,CBM_5_12,3.33,0.30,text 3d pdb
283,64,1,1,1,e1wr4A1,WW domain,WW,3.19,0.30,text 3d pdb
284,64,3,1,1,e4ouiA1,Carbohydrate binding domain,CBM_5_12,3.35,0.30,text 3d pdb
285,64,3,1,1,e4nz1B1,Carbohydrate binding domain,CBM_5_12,3.30,0.30,text 3d pdb
286,387,1,2,1,e1ulmB2,Plant lectins/antimicrobial peptides,Chitin_bind_1,3.35,0.30,text 3d pdb
287,375,1,1,5,e6bqfL1,Rubredoxin-related,DNA_RNApol_7kD,3.65,0.30,text 3d pdb
288,904,1,1,1,e2mvwB1,B-box zinc-binding domain,BBOX,3.11,0.30,text 3d pdb
289,375,1,1,36,e1pftA1,Rubredoxin-related,TF_Zn_Ribbon,3.40,0.30,text 3d pdb
290,3529,1,1,5,e6bp8A11,Major vault protein (MVP) structural repeat domain,PTZ00491_4th,3.92,0.30,text 3d pdb
291,375,1,1,48,e4pogG2,Rubredoxin-related,MCM_OB_3,2.72,0.30,text 3d pdb
292,375,1,1,47,e2k2dA1,Rubredoxin-related,zinc_ribbon_6,3.04,0.30,text 3d pdb
293,64,3,1,1,e4nz4A1,Carbohydrate binding domain,CBM_5_12,3.33,0.30,text 3d pdb
294,375,1,1,24,e6mtbm1,Rubredoxin-related,Ribosomal_L40e,3.03,0.30,text 3d pdb
295,375,1,1,48,e4pogF2,Rubredoxin-related,MCM_OB_3,2.22,0.30,text 3d pdb
296,375,1,1,5,e5flmL1,Rubredoxin-related,DNA_RNApol_7kD,4.02,0.30,text 3d pdb
297,389,1,1,23,e6cxoA4,EGF/Laminin,hEGF_4,2.45,0.30,text 3d pdb
298,387,1,5,3,e4uj0A1,Scorpion toxin-like,Gamma-thionin,2.98,0.30,text 3d pdb
299,4,1,1,261,e3mlqH1,SH3,CarD_CdnL_TRCF,3.23,0.30,text 3d pdb
300,375,1,1,24,e6qzpLm1,Rubredoxin-related,Ribosomal_L40e,2.78,0.30,text 3d pdb
301,4046,1,1,2,e4upeS4,all-beta domain in nickel-iron hydrogenase large subunit,NiFeSe_Hases_2nd,3.87,0.30,text 3d pdb
302,4046,1,1,2,e3cusS1,all-beta domain in nickel-iron hydrogenase large subunit,NiFeSe_Hases_2nd,3.96,0.30,text 3d pdb
303,4046,1,1,2,e4uqpQ1,all-beta domain in nickel-iron hydrogenase large subunit,NiFeSe_Hases_2nd,3.87,0.30,text 3d pdb
304,389,1,3,6,e2heyT1,TNF receptor-like,TNFR_c6_1,3.33,0.30,text 3d pdb
305,375,1,1,5,e6bm2L1,Rubredoxin-related,DNA_RNApol_7kD,3.65,0.30,text 3d pdb
306,389,1,1,152,e4xl1A1,EGF/Laminin,hEGF_2,2.73,0.30,text 3d pdb
307,389,1,1,23,e6cxoB4,EGF/Laminin,hEGF_4,2.47,0.30,text 3d pdb
308,387,1,1,3,e1p8bA1,omega toxin-related,Albumin_I,2.20,0.30,text 3d pdb
309,375,1,1,5,e6bm4L1,Rubredoxin-related,DNA_RNApol_7kD,3.70,0.30,text 3d pdb
310,375,1,1,151,e4rvgA1,Rubredoxin-related,Methyltransf_13,3.59,0.30,text 3d pdb
311,389,1,1,9,e3s8vB4,EGF/Laminin,FXa_inhibition,3.46,0.30,text 3d pdb
312,375,1,1,151,e4e33A3,Rubredoxin-related,Methyltransf_13,3.87,0.30,text 3d pdb
313,64,3,1,1,e4nz3A1,Carbohydrate binding domain,CBM_5_12,3.36,0.30,text 3d pdb
314,108,1,1,243,e3bz5A3,EF-hand,EUF07936,3.33,0.30,text 3d pdb
315,4046,1,1,2,e4upeQ2,all-beta domain in nickel-iron hydrogenase large subunit,NiFeSe_Hases_2nd,3.79,0.30,text 3d pdb
316,11,1,1,64,e4ei5G3,Immunoglobulin/Fibronectin type III/E set domains/PapD-like,DUF1968,3.30,0.30,text 3d pdb
317,387,1,5,3,e6b55K1,Scorpion toxin-like,Gamma-thionin,2.99,0.30,text 3d pdb
318,375,12,1,1,e2i1oA1,Nicotinate phosphoribosyltransferase C-terminal domain-related,DUF1922_like,3.69,0.29,text 3d pdb
319,386,1,1,223,e2ytjA1,beta-beta-alpha zinc fingers,zf-C2H2_16,3.86,0.29,text 3d pdb
320,4046,1,1,2,e4ueqS1,all-beta domain in nickel-iron hydrogenase large subunit,NiFeSe_Hases_2nd,3.87,0.29,text 3d pdb
321,389,1,1,9,e5b4xB5,EGF/Laminin,FXa_inhibition,3.06,0.29,text 3d pdb
322,306,6,1,2,e3oepA3,PH0987 N-terminal domain-like,CT_C_D_N,3.08,0.29,text 3d pdb
323,64,3,1,1,e4nyyC1,Carbohydrate binding domain,CBM_5_12,3.34,0.29,text 3d pdb
324,330,1,1,5,e2z4kE1,dsRNA-binding domain-like,Ribosomal_S5,3.37,0.29,text 3d pdb
325,330,1,1,5,e2z4mE1,dsRNA-binding domain-like,Ribosomal_S5,3.37,0.29,text 3d pdb
326,355,1,1,4,e5nerB1,Trefoil/Plexin domain-like,PSI_integrin,2.81,0.29,text 3d pdb
327,355,1,1,4,e5netB2,Trefoil/Plexin domain-like,PSI_integrin,2.81,0.29,text 3d pdb
328,355,1,1,4,e5nemB1,Trefoil/Plexin domain-like,PSI_integrin,2.81,0.29,text 3d pdb
329,64,1,1,1,e2jo9A1,WW domain,WW,3.00,0.29,text 3d pdb
330,387,1,2,1,e1ulkB3,Plant lectins/antimicrobial peptides,Chitin_bind_1,3.33,0.29,text 3d pdb
331,375,1,1,48,e4pogL2,Rubredoxin-related,MCM_OB_3,2.26,0.29,text 3d pdb
332,356,1,1,1,e1gl1J1,PMP inhibitors,Pacifastin_I,2.32,0.29,text 3d pdb
333,330,1,1,5,e2qalE1,dsRNA-binding domain-like,Ribosomal_S5,2.88,0.29,text 3d pdb
334,65,1,1,,e5nnlA2,Composite domain of metallo-dependent hydrolases,F_UNCLASSIFIED,3.76,0.29,text 3d pdb
335,375,1,1,376,e5u8t52,Rubredoxin-related,MCM_OB_2,3.08,0.29,text 3d pdb
336,3071,1,1,6,e3cddC6,C-terminal insertion domain in phage tail proteins,COG4379_3rd_2,3.23,0.29,text 3d pdb
337,919,1,1,1,e6nu241,Ribosomal protein L36,Ribosomal_L36,2.34,0.29,text 3d pdb
338,375,8,1,1,e3japl1,Zinc-binding domain of translation initiation factor 2 beta,eIF-5_eIF-2B_C,2.66,0.29,text 3d pdb
339,389,5,1,1,e4a94D1,Carboxypeptidase inhibitor,EUF08729,3.31,0.29,text 3d pdb
340,3529,1,1,5,e2zv4W32,Major vault protein (MVP) structural repeat domain,PTZ00491_4th,3.81,0.29,text 3d pdb
341,3529,1,1,5,e4v60W2,Major vault protein (MVP) structural repeat domain,PTZ00491_4th,3.81,0.29,text 3d pdb
342,3529,1,1,5,e2zuoD32,Major vault protein (MVP) structural repeat domain,PTZ00491_4th,3.78,0.29,text 3d pdb
343,3529,1,1,5,e4v60D2,Major vault protein (MVP) structural repeat domain,PTZ00491_4th,3.78,0.29,text 3d pdb
344,3529,1,1,5,e2zv4P32,Major vault protein (MVP) structural repeat domain,PTZ00491_4th,3.81,0.29,text 3d pdb
345,3529,1,1,5,e4v60P2,Major vault protein (MVP) structural repeat domain,PTZ00491_4th,3.81,0.29,text 3d pdb
346,64,1,1,1,e1e0mA1,WW domain,WW,2.46,0.29,text 3d pdb
347,3529,1,1,5,e2zuoJ32,Major vault protein (MVP) structural repeat domain,PTZ00491_4th,3.82,0.29,text 3d pdb
348,3529,1,1,5,e4v60J2,Major vault protein (MVP) structural repeat domain,PTZ00491_4th,3.82,0.29,text 3d pdb
349,4,1,1,445,e6gskC51,SH3,Ribosomal_L26,2.32,0.29,text 3d pdb
350,375,1,1,2,e6f7uA1,Rubredoxin-related,ADK_lid,2.74,0.29,text 3d pdb
351,4,1,1,116,e4jjdA1,SH3,SH3_1,2.61,0.29,text 3d pdb
352,386,1,1,37,e4f6mA1,beta-beta-alpha zinc fingers,zf-C2H2_15,3.94,0.29,text 3d pdb
353,377,2,1,3,e3vk8B2,C-terminal Zn-finger domain of MutM-like DNA repair proteins,JmjN_like,3.38,0.29,text 3d pdb
354,355,1,1,4,e5neuB2,Trefoil/Plexin domain-like,PSI_integrin,3.47,0.29,text 3d pdb
355,3529,1,1,5,e2zv4U32,Major vault protein (MVP) structural repeat domain,PTZ00491_4th,3.78,0.29,text 3d pdb
356,3529,1,1,5,e4v60U2,Major vault protein (MVP) structural repeat domain,PTZ00491_4th,3.78,0.29,text 3d pdb
357,377,1,1,41,e2ja1A6,LIM domain-like,TK_C,2.87,0.29,text 3d pdb
358,6173,1,1,4,e6meoG1,V1/V2 domain in HIV gp120,GP120_2nd_1,2.90,0.29,text 3d pdb
359,6173,1,1,4,e6metG2,V1/V2 domain in HIV gp120,GP120_2nd_1,2.90,0.29,text 3d pdb
360,3529,1,1,5,e2zuoM32,Major vault protein (MVP) structural repeat domain,PTZ00491_4th,3.82,0.29,text 3d pdb
361,3529,1,1,5,e4v60M2,Major vault protein (MVP) structural repeat domain,PTZ00491_4th,3.82,0.29,text 3d pdb
362,4,8,1,3,e5e4wD2,Chromo domain-like,Chromo,3.28,0.29,text 3d pdb
363,4,1,1,8,e2ejfB1,SH3,BPL_C,2.94,0.29,text 3d pdb
364,6127,1,1,3,e4v3eA2,Beta meander domain in PfEMP1 protein,EUF07605,4.14,0.29,text 3d pdb
365,3109,1,1,1,e4o64C2,CXXC domain,zf-CXXC,3.92,0.29,text 3d pdb
366,389,1,3,31,e2aw2Y2,TNF receptor-like,TNFRSF14,3.43,0.29,text 3d pdb
367,4046,1,1,2,e3ze8B1,all-beta domain in nickel-iron hydrogenase large subunit,NiFeSe_Hases_2nd,3.37,0.29,text 3d pdb
368,4046,1,1,2,e3zeaB1,all-beta domain in nickel-iron hydrogenase large subunit,NiFeSe_Hases_2nd,3.36,0.29,text 3d pdb
369,375,1,1,48,e4pogD2,Rubredoxin-related,MCM_OB_3,2.27,0.29,text 3d pdb
370,4046,1,1,2,e5jsyB4,all-beta domain in nickel-iron hydrogenase large subunit,NiFeSe_Hases_2nd,3.36,0.29,text 3d pdb
371,330,1,1,,e6nqbE1,dsRNA-binding domain-like,F_UNCLASSIFIED,3.51,0.29,text 3d pdb
372,4099,1,1,4,e5tcsC1,Kinetochore globular domain-like,Spc24,2.86,0.29,text 3d pdb
373,375,1,1,2,e4k46A1,Rubredoxin-related,ADK_lid,2.75,0.29,text 3d pdb
374,3529,1,1,5,e2zv4N32,Major vault protein (MVP) structural repeat domain,PTZ00491_4th,3.81,0.29,text 3d pdb
375,3529,1,1,5,e4v60N2,Major vault protein (MVP) structural repeat domain,PTZ00491_4th,3.81,0.29,text 3d pdb
376,389,1,2,4,e5hzpB1,Complement control module/SCR domain,Sushi_3,3.41,0.29,text 3d pdb
377,919,1,1,1,e6gzze11,Ribosomal protein L36,Ribosomal_L36,2.40,0.29,text 3d pdb
378,4046,1,1,2,e3ze6B1,all-beta domain in nickel-iron hydrogenase large subunit,NiFeSe_Hases_2nd,3.37,0.29,text 3d pdb
379,904,1,1,5,e5k3qB1,B-box zinc-binding domain,zf-B_box,2.44,0.29,text 3d pdb
380,6070,1,1,2,e5nniA2,Sortilin C-terminal domain,Sortilin_C_1st,3.44,0.29,text 3d pdb
381,377,1,1,41,e2orwA2,LIM domain-like,TK_C,3.56,0.29,text 3d pdb
382,377,1,1,41,e2qqeB2,LIM domain-like,TK_C,3.99,0.29,text 3d pdb
383,3529,1,1,1,e2zv5c30,Major vault protein (MVP) structural repeat domain,Vault,3.23,0.29,text 3d pdb
384,3529,1,1,1,e4v60c9,Major vault protein (MVP) structural repeat domain,Vault,3.23,0.29,text 3d pdb
385,3529,1,1,5,e2zv5a32,Major vault protein (MVP) structural repeat domain,PTZ00491_4th,3.82,0.29,text 3d pdb
386,3529,1,1,5,e4v60a2,Major vault protein (MVP) structural repeat domain,PTZ00491_4th,3.82,0.29,text 3d pdb
387,4046,1,1,2,e3ze7B1,all-beta domain in nickel-iron hydrogenase large subunit,NiFeSe_Hases_2nd,3.34,0.29,text 3d pdb
388,3529,1,1,5,e2zuoH32,Major vault protein (MVP) structural repeat domain,PTZ00491_4th,3.83,0.29,text 3d pdb
389,3529,1,1,5,e4v60H2,Major vault protein (MVP) structural repeat domain,PTZ00491_4th,3.83,0.29,text 3d pdb
390,387,1,3,2,e1pcnA2,Colipase-like,Colipase_C,2.81,0.29,text 3d pdb
391,3529,1,1,5,e2zv4Q32,Major vault protein (MVP) structural repeat domain,PTZ00491_4th,3.84,0.29,text 3d pdb
392,3529,1,1,5,e4v60Q2,Major vault protein (MVP) structural repeat domain,PTZ00491_4th,3.84,0.29,text 3d pdb
393,904,1,1,5,e5eiuD1,B-box zinc-binding domain,zf-B_box,3.17,0.29,text 3d pdb
394,375,1,1,58,e1s5pA1,Rubredoxin-related,PTZ00408,3.40,0.29,text 3d pdb
395,3529,1,1,5,e2zuoL32,Major vault protein (MVP) structural repeat domain,PTZ00491_4th,3.82,0.29,text 3d pdb
396,3529,1,1,5,e4v60L2,Major vault protein (MVP) structural repeat domain,PTZ00491_4th,3.82,0.29,text 3d pdb
397,389,1,3,11,e3me2R3,TNF receptor-like,TNFRSF11A_1st,3.20,0.29,text 3d pdb
398,375,1,1,56,e5h7i45,Rubredoxin-related,MCM_OB_1,3.51,0.29,text 3d pdb
399,375,1,1,56,e5xf843,Rubredoxin-related,MCM_OB_1,3.51,0.29,text 3d pdb
400,375,1,1,35,e1tfiA1,Rubredoxin-related,TFIIS_C,3.53,0.29,text 3d pdb
401,398,1,1,2,e2xcmF2,Btk/CHORD zinc fingers,CHORD,2.87,0.29,text 3d pdb
402,387,1,5,,e5gyyG1,Scorpion toxin-like,F_UNCLASSIFIED,2.89,0.29,text 3d pdb
403,3695,1,1,1,e5ue9D3,Dihydroorotate dehydrogenase B PyrK subunit 2Fe-2S cluster-binding domain,DHODB_Fe-S_bind_like,3.17,0.29,text 3d pdb
404,387,1,2,1,e1wkxA1,Plant lectins/antimicrobial peptides,Chitin_bind_1,3.16,0.29,text 3d pdb
405,375,1,1,376,e3ja851,Rubredoxin-related,MCM_OB_2,3.70,0.29,text 3d pdb
406,3529,1,1,5,e2zv5i32,Major vault protein (MVP) structural repeat domain,PTZ00491_4th,3.81,0.29,text 3d pdb
407,3529,1,1,5,e4v60i2,Major vault protein (MVP) structural repeat domain,PTZ00491_4th,3.81,0.29,text 3d pdb
408,389,1,3,6,e2heyR1,TNF receptor-like,TNFR_c6_1,3.24,0.29,text 3d pdb
409,6173,1,1,3,e6eduF3,V1/V2 domain in HIV gp120,GP120_2nd,4.27,0.29,text 3d pdb
410,3529,1,1,5,e2zv5c32,Major vault protein (MVP) structural repeat domain,PTZ00491_4th,3.81,0.29,text 3d pdb
411,3529,1,1,5,e4v60c2,Major vault protein (MVP) structural repeat domain,PTZ00491_4th,3.81,0.29,text 3d pdb
412,922,1,1,4,e6h03B5,TSP-1 type 1 repeat,TSP_1,3.35,0.29,text 3d pdb
413,375,1,1,261,e6isoG1,Rubredoxin-related,SIR2_2nd_1,3.46,0.29,text 3d pdb
414,6070,1,1,2,e3wsyA2,Sortilin C-terminal domain,Sortilin_C_1st,3.54,0.29,text 3d pdb
415,3853,1,1,4,e5ikyA4,Oxalate Biosynthetic Component A (ObcA) insertion domains,EUF08460,3.41,0.29,text 3d pdb
416,64,1,1,1,e2ysdA1,WW domain,WW,4.03,0.29,text 3d pdb
417,375,1,1,2,e1e4yB1,Rubredoxin-related,ADK_lid,2.75,0.29,text 3d pdb
418,389,5,1,1,e5mrvC1,Carboxypeptidase inhibitor,EUF08729,3.98,0.29,text 3d pdb
419,375,1,1,53,e3cw2E8,Rubredoxin-related,DUF35_N_like,2.76,0.29,text 3d pdb
420,64,1,1,1,e2mweA1,WW domain,WW,2.53,0.29,text 3d pdb
421,387,1,2,1,e1ulkA2,Plant lectins/antimicrobial peptides,Chitin_bind_1,3.06,0.29,text 3d pdb
422,387,1,5,2,e6k50A1,Scorpion toxin-like,Defensin_2,3.65,0.29,text 3d pdb
423,375,8,1,1,e2qmuC2,Zinc-binding domain of translation initiation factor 2 beta,eIF-5_eIF-2B_C,2.53,0.29,text 3d pdb
424,240,1,1,6,e4wzoD52,Ribosomal protein TL5/L25 C-terminal domain-related,Ribosomal_TL5_C,3.36,0.29,text 3d pdb
425,3529,1,1,5,e2zuoA9,Major vault protein (MVP) structural repeat domain,PTZ00491_4th,3.85,0.29,text 3d pdb
426,3529,1,1,5,e4v60A2,Major vault protein (MVP) structural repeat domain,PTZ00491_4th,3.85,0.29,text 3d pdb
427,2,1,1,45,e5k0yl1,Nucleic acid-binding proteins,Ribosomal_S28e,3.50,0.29,text 3d pdb
428,3529,1,1,1,e2zv5i30,Major vault protein (MVP) structural repeat domain,Vault,3.22,0.29,text 3d pdb
429,3529,1,1,1,e4v60i9,Major vault protein (MVP) structural repeat domain,Vault,3.22,0.29,text 3d pdb
430,375,1,1,5,e5ot2L1,Rubredoxin-related,DNA_RNApol_7kD,3.10,0.29,text 3d pdb
431,375,1,1,56,e6eyc45,Rubredoxin-related,MCM_OB_1,3.14,0.29,text 3d pdb
432,377,1,1,155,e2l6zC2,LIM domain-like,KOG2181_1LIM_C_3,3.91,0.29,text 3d pdb
433,223,1,1,28,e3t4jA1,sensor domains,EUF08492,2.95,0.29,text 3d pdb
434,3761,1,1,6,e1yu4C4,Major tropism determinant (Mtd) trimerization domain-related,mtd_1st,2.70,0.29,text 3d pdb
435,2,4,1,8,e1vciA1,MOP-like,PRK11000,2.98,0.29,text 3d pdb
436,65,1,1,122,e5ynzA1,Composite domain of metallo-dependent hydrolases,D-HYD_C,3.90,0.29,text 3d pdb
437,375,1,1,24,e6mtem1,Rubredoxin-related,Ribosomal_L40e,3.17,0.29,text 3d pdb
438,375,1,1,53,e2ahoA3,Rubredoxin-related,DUF35_N_like,2.56,0.29,text 3d pdb
439,4076,1,1,5,e5xymH1,L9 N-domain-like,Ribosomal_L9_N,2.93,0.29,text 3d pdb
440,375,1,1,151,e4e31A3,Rubredoxin-related,Methyltransf_13,3.74,0.29,text 3d pdb
441,377,13,1,1,e3h15A2,Primase zinc finger,zf-primase,1.97,0.29,text 3d pdb
442,377,2,1,3,e3a45A2,C-terminal Zn-finger domain of MutM-like DNA repair proteins,JmjN_like,3.19,0.29,text 3d pdb
443,330,1,1,5,e4v52AE2,dsRNA-binding domain-like,Ribosomal_S5,3.12,0.29,text 3d pdb
444,240,1,1,6,e4wraD51,Ribosomal protein TL5/L25 C-terminal domain-related,Ribosomal_TL5_C,3.36,0.29,text 3d pdb
445,387,1,2,1,e1k7tB2,Plant lectins/antimicrobial peptides,Chitin_bind_1,3.42,0.29,text 3d pdb
446,387,1,5,3,e6b55J1,Scorpion toxin-like,Gamma-thionin,3.07,0.29,text 3d pdb
447,919,1,1,1,e3r8t41,Ribosomal protein L36,Ribosomal_L36,2.18,0.29,text 3d pdb
448,919,1,1,1,e4v9dD41,Ribosomal protein L36,Ribosomal_L36,2.18,0.29,text 3d pdb
449,4076,3,1,4,e3jc5C1,GINS/PriA/YqbF domain,COG5138,3.37,0.29,text 3d pdb
450,4076,3,1,4,e3jc7C1,GINS/PriA/YqbF domain,COG5138,3.37,0.29,text 3d pdb
451,3529,1,1,5,e2zuoI32,Major vault protein (MVP) structural repeat domain,PTZ00491_4th,3.85,0.29,text 3d pdb
452,3529,1,1,5,e4v60I2,Major vault protein (MVP) structural repeat domain,PTZ00491_4th,3.85,0.29,text 3d pdb
453,4,1,1,256,e4gy5C4,SH3,TTD_N,3.28,0.29,text 3d pdb
454,391,1,1,4,e3m7pA20,Fibronectin type I module,fn1,3.16,0.29,text 3d pdb
455,4232,1,1,6,e5hkvU1,Ribosomal protein L28,Ribosomal_L28,3.27,0.29,text 3d pdb
456,240,1,1,6,e5ndkD52,Ribosomal protein TL5/L25 C-terminal domain-related,Ribosomal_TL5_C,3.44,0.28,text 3d pdb
457,4046,1,1,2,e1yqwQ7,all-beta domain in nickel-iron hydrogenase large subunit,NiFeSe_Hases_2nd,3.68,0.28,text 3d pdb
458,387,1,1,225,e2mfsA1,omega toxin-related,Toxin_7_like,3.22,0.28,text 3d pdb
459,389,1,3,,e4i9xC2,TNF receptor-like,F_UNCLASSIFIED,2.62,0.28,text 3d pdb
460,64,3,1,1,e4nyyB1,Carbohydrate binding domain,CBM_5_12,3.35,0.28,text 3d pdb
461,386,1,1,37,e6dfcA2,beta-beta-alpha zinc fingers,zf-C2H2_15,3.63,0.28,text 3d pdb
462,375,1,1,2,e1e4vB1,Rubredoxin-related,ADK_lid,2.57,0.28,text 3d pdb
463,4232,1,1,6,e5nd801,Ribosomal protein L28,Ribosomal_L28,3.52,0.28,text 3d pdb
464,386,1,1,37,e6df9A1,beta-beta-alpha zinc fingers,zf-C2H2_15,3.64,0.28,text 3d pdb
465,386,1,1,37,e6df5A2,beta-beta-alpha zinc fingers,zf-C2H2_15,3.64,0.28,text 3d pdb
466,922,1,1,4,e3t5oA1,TSP-1 type 1 repeat,TSP_1,3.52,0.28,text 3d pdb
467,387,1,1,28,e1lmmA1,omega toxin-related,EUF08697,2.18,0.28,text 3d pdb
468,375,1,1,2,e4pzlA2,Rubredoxin-related,ADK_lid,2.48,0.28,text 3d pdb
469,375,1,1,259,e6buwR61,Rubredoxin-related,Ribosomal_L33,2.91,0.28,text 3d pdb
470,4988,1,1,4,e4v6sBJ1,Ribosomal protein S8 C-terminal domain,Ribosomal_S8_C,3.62,0.28,text 3d pdb
471,375,1,1,,e1rqgA3,Rubredoxin-related,F_UNCLASSIFIED,2.80,0.28,text 3d pdb
472,387,1,2,1,e2wgcB2,Plant lectins/antimicrobial peptides,Chitin_bind_1,3.10,0.28,text 3d pdb
473,4046,1,1,2,e4ue2R3,all-beta domain in nickel-iron hydrogenase large subunit,NiFeSe_Hases_2nd,3.66,0.28,text 3d pdb
474,2,4,1,,e1v43A1,MOP-like,F_UNCLASSIFIED,3.30,0.28,text 3d pdb
475,376,1,1,32,e6cw3G2,RING/U-box,ZZ,2.34,0.28,text 3d pdb
476,389,3,1,1,e2lgpA2,LDL receptor-like module,Ldl_recept_a,2.46,0.28,text 3d pdb
477,4987,1,1,2,e4kdb41,Ribosomal protein L31p,Ribosomal_L31,3.06,0.28,text 3d pdb
478,4987,1,1,2,e4v9lD41,Ribosomal protein L31p,Ribosomal_L31,3.06,0.28,text 3d pdb
479,4046,1,1,2,e1yqwS7,all-beta domain in nickel-iron hydrogenase large subunit,NiFeSe_Hases_2nd,3.64,0.28,text 3d pdb
480,387,1,5,8,e6atlA1,Scorpion toxin-like,Toxin_2,2.80,0.28,text 3d pdb
481,389,1,3,11,e3me4A1,TNF receptor-like,TNFRSF11A_1st,3.05,0.28,text 3d pdb
482,64,1,1,1,e2kcfA1,WW domain,WW,2.41,0.28,text 3d pdb
483,240,1,1,6,e5ndjD52,Ribosomal protein TL5/L25 C-terminal domain-related,Ribosomal_TL5_C,3.26,0.28,text 3d pdb
484,1,1,7,75,e5wwnA5,Alanine racemase-C,AARP2CN_1,3.03,0.28,text 3d pdb
485,4046,1,1,2,e1yrqK7,all-beta domain in nickel-iron hydrogenase large subunit,NiFeSe_Hases_2nd,3.68,0.28,text 3d pdb
486,375,1,1,,e6cncR1,Rubredoxin-related,F_UNCLASSIFIED,2.60,0.28,text 3d pdb
487,389,1,3,7,e3me4B2,TNF receptor-like,TNFR_c6,2.86,0.28,text 3d pdb
488,387,1,2,1,e1k7uB1,Plant lectins/antimicrobial peptides,Chitin_bind_1,3.12,0.28,text 3d pdb
489,389,1,2,5,e1hccA1,Complement control module/SCR domain,Sushi_1,4.06,0.28,text 3d pdb
490,4046,1,1,2,e4ueqT4,all-beta domain in nickel-iron hydrogenase large subunit,NiFeSe_Hases_2nd,3.70,0.28,text 3d pdb
491,3529,1,1,1,e2zv4X31,Major vault protein (MVP) structural repeat domain,Vault,2.76,0.28,text 3d pdb
492,3529,1,1,1,e4v60X8,Major vault protein (MVP) structural repeat domain,Vault,2.76,0.28,text 3d pdb
493,389,1,2,4,e2g7iA1,Complement control module/SCR domain,Sushi_3,3.25,0.28,text 3d pdb
494,4232,1,1,6,e4wfaU1,Ribosomal protein L28,Ribosomal_L28,3.49,0.28,text 3d pdb
495,389,1,2,4,e2xqwC1,Complement control module/SCR domain,Sushi_3,3.13,0.28,text 3d pdb
496,387,1,2,1,e1q9bA1,Plant lectins/antimicrobial peptides,Chitin_bind_1,2.91,0.28,text 3d pdb
497,4,1,1,4,e1w8jB2,SH3,Myosin_N_1,3.92,0.28,text 3d pdb
498,375,1,1,2,e5ejeB2,Rubredoxin-related,ADK_lid,2.85,0.28,text 3d pdb
499,4046,1,1,2,e3cusR1,all-beta domain in nickel-iron hydrogenase large subunit,NiFeSe_Hases_2nd,3.72,0.28,text 3d pdb
500,330,1,1,45,e4x8wG1,dsRNA-binding domain-like,KOG3732,2.70,0.28,text 3d pdb
501,375,1,1,35,e6hlqI2,Rubredoxin-related,TFIIS_C,3.56,0.28,text 3d pdb
502,387,1,1,16,e5t3mA1,omega toxin-related,Toxin_12,2.38,0.28,text 3d pdb
503,3364,1,1,,e5xkjF1,Epidermal patterning factor-like protein 9,F_UNCLASSIFIED,3.45,0.28,text 3d pdb
504,387,1,2,1,e1k7vB2,Plant lectins/antimicrobial peptides,Chitin_bind_1,3.14,0.28,text 3d pdb
505,387,1,3,,e5z5kB2,Colipase-like,F_UNCLASSIFIED,2.97,0.28,text 3d pdb
506,387,1,2,1,e1uhaA2,Plant lectins/antimicrobial peptides,Chitin_bind_1,3.66,0.28,text 3d pdb
507,64,3,1,1,e4nz4B1,Carbohydrate binding domain,CBM_5_12,3.21,0.28,text 3d pdb
508,391,1,1,4,e3ejhB1,Fibronectin type I module,fn1,3.20,0.28,text 3d pdb
509,1170,1,1,2,e2jp1B1,IL8,IL8,2.86,0.28,text 3d pdb
510,919,1,1,1,e3jcn41,Ribosomal protein L36,Ribosomal_L36,2.28,0.28,text 3d pdb
511,361,1,1,4,e2vf7B4,DnaJ/Hsp40 cysteine-rich domain,UvrA,3.30,0.28,text 3d pdb
512,377,2,1,3,e3a46B2,C-terminal Zn-finger domain of MutM-like DNA repair proteins,JmjN_like,3.20,0.28,text 3d pdb
513,356,1,1,1,e1gl1I1,PMP inhibitors,Pacifastin_I,2.46,0.28,text 3d pdb
514,391,1,1,3,e3zrzA2,Fibronectin type I module,fn1_1,3.86,0.28,text 3d pdb
515,3529,1,1,1,e2zv4Q30,Major vault protein (MVP) structural repeat domain,Vault,3.27,0.28,text 3d pdb
516,3529,1,1,1,e4v60Q9,Major vault protein (MVP) structural repeat domain,Vault,3.27,0.28,text 3d pdb
517,375,1,1,2,e4pzlD2,Rubredoxin-related,ADK_lid,2.49,0.28,text 3d pdb
518,3529,1,1,1,e2zuoF30,Major vault protein (MVP) structural repeat domain,Vault,3.35,0.28,text 3d pdb
519,3529,1,1,1,e4v60F9,Major vault protein (MVP) structural repeat domain,Vault,3.35,0.28,text 3d pdb
520,375,1,1,16,e4dqyB2,Rubredoxin-related,PADR1,3.34,0.28,text 3d pdb
521,2,11,1,1,e1afpA1,Antifungal protein (AGAFP),Antifungal_prot,3.22,0.28,text 3d pdb
522,3529,1,1,1,e2zv5l31,Major vault protein (MVP) structural repeat domain,Vault,2.71,0.28,text 3d pdb
523,3529,1,1,1,e4v60l8,Major vault protein (MVP) structural repeat domain,Vault,2.71,0.28,text 3d pdb
524,4046,1,1,2,e4ueqQ1,all-beta domain in nickel-iron hydrogenase large subunit,NiFeSe_Hases_2nd,3.87,0.28,text 3d pdb
525,3529,1,1,1,e2zv5d31,Major vault protein (MVP) structural repeat domain,Vault,3.09,0.28,text 3d pdb
526,3529,1,1,1,e4v60d8,Major vault protein (MVP) structural repeat domain,Vault,3.09,0.28,text 3d pdb
527,3769,1,1,1,e3doaA3,Fibrinogen binding protein a+b domain,FbpA_like,3.15,0.28,text 3d pdb
528,3529,1,1,1,e2zuoK31,Major vault protein (MVP) structural repeat domain,Vault,2.74,0.28,text 3d pdb
529,3529,1,1,1,e4v60K8,Major vault protein (MVP) structural repeat domain,Vault,2.74,0.28,text 3d pdb
530,375,1,1,16,e4dqyE2,Rubredoxin-related,PADR1,3.34,0.28,text 3d pdb
531,4076,1,1,2,e1qhkA1,L9 N-domain-like,Cauli_VI,2.87,0.28,text 3d pdb
532,4076,1,1,5,e5h1sJ1,L9 N-domain-like,Ribosomal_L9_N,3.41,0.28,text 3d pdb
533,2,1,1,45,e6olgBc1,Nucleic acid-binding proteins,Ribosomal_S28e,3.67,0.28,text 3d pdb
534,386,1,1,55,e1meyC2,beta-beta-alpha zinc fingers,zf-C2H2_1,1.91,0.28,text 3d pdb
535,3529,1,1,1,e2zv4R30,Major vault protein (MVP) structural repeat domain,Vault,3.42,0.28,text 3d pdb
536,3529,1,1,1,e4v60R9,Major vault protein (MVP) structural repeat domain,Vault,3.42,0.28,text 3d pdb
537,2,1,1,45,e5obmD81,Nucleic acid-binding proteins,Ribosomal_S28e,3.70,0.28,text 3d pdb
538,386,1,1,37,e6dfaA3,beta-beta-alpha zinc fingers,zf-C2H2_15,3.94,0.28,text 3d pdb
539,3529,1,1,1,e2zv5c31,Major vault protein (MVP) structural repeat domain,Vault,2.75,0.28,text 3d pdb
540,3529,1,1,1,e4v60c8,Major vault protein (MVP) structural repeat domain,Vault,2.75,0.28,text 3d pdb
541,375,1,1,29,e4bbrI3,Rubredoxin-related,RNA_POL_M_15KD,3.17,0.28,text 3d pdb
542,3529,1,1,1,e2zv4Q31,Major vault protein (MVP) structural repeat domain,Vault,2.75,0.28,text 3d pdb
543,3529,1,1,1,e4v60Q8,Major vault protein (MVP) structural repeat domain,Vault,2.75,0.28,text 3d pdb
544,375,1,1,,e6cndR2,Rubredoxin-related,F_UNCLASSIFIED,2.63,0.28,text 3d pdb
545,919,1,1,1,e6q98f1,Ribosomal protein L36,Ribosomal_L36,2.22,0.28,text 3d pdb
546,386,1,1,37,e6dfbA3,beta-beta-alpha zinc fingers,zf-C2H2_15,3.66,0.28,text 3d pdb
547,4988,1,1,4,e4v6qAK1,Ribosomal protein S8 C-terminal domain,Ribosomal_S8_C,3.85,0.28,text 3d pdb
548,355,1,1,9,e3nvnB2,Trefoil/Plexin domain-like,PSI,2.95,0.28,text 3d pdb
549,389,1,2,1,e3nfpK3,Complement control module/SCR domain,Sushi_4,2.81,0.28,text 3d pdb
550,377,1,1,121,e6g90S3,LIM domain-like,PHF5_1PHF5_2,4.11,0.28,text 3d pdb
551,377,1,1,121,e5nrlS2,LIM domain-like,PHF5_1PHF5_2,4.11,0.28,text 3d pdb
552,387,1,5,3,e1mr4A1,Scorpion toxin-like,Gamma-thionin,3.59,0.28,text 3d pdb
553,389,3,1,1,e4zrpC2,LDL receptor-like module,Ldl_recept_a,2.92,0.28,text 3d pdb
554,386,1,1,37,e5vmvA2,beta-beta-alpha zinc fingers,zf-C2H2_15,3.67,0.28,text 3d pdb
555,377,2,1,3,e4nrwB3,C-terminal Zn-finger domain of MutM-like DNA repair proteins,JmjN_like,3.56,0.28,text 3d pdb
556,387,1,2,1,e1wgcB2,Plant lectins/antimicrobial peptides,Chitin_bind_1,3.17,0.28,text 3d pdb
557,919,1,1,1,e5ool41,Ribosomal protein L36,Ribosomal_L36,2.68,0.28,text 3d pdb
558,375,1,1,81,e1odhA2,Rubredoxin-related,GCM_2nd,3.59,0.28,text 3d pdb
559,4,8,1,3,e5e4wC2,Chromo domain-like,Chromo,3.36,0.28,text 3d pdb
560,375,1,1,7,e3irbA2,Rubredoxin-related,DUF35_N,3.20,0.28,text 3d pdb
561,389,1,2,4,e4ontF1,Complement control module/SCR domain,Sushi_3,3.15,0.28,text 3d pdb
562,375,1,1,24,e5jusRA1,Rubredoxin-related,Ribosomal_L40e,3.22,0.28,text 3d pdb
563,375,1,1,2,e1e4yA1,Rubredoxin-related,ADK_lid,2.80,0.28,text 3d pdb
564,391,1,1,4,e1o9aA2,Fibronectin type I module,fn1,3.39,0.28,text 3d pdb
565,3529,1,1,1,e2zv5b31,Major vault protein (MVP) structural repeat domain,Vault,2.72,0.28,text 3d pdb
566,3529,1,1,1,e4v60b8,Major vault protein (MVP) structural repeat domain,Vault,2.72,0.28,text 3d pdb
567,375,1,1,62,e2vl6A1,Rubredoxin-related,MCM_OB_like,2.58,0.28,text 3d pdb
568,355,1,1,9,e3nvqB2,Trefoil/Plexin domain-like,PSI,3.36,0.28,text 3d pdb
569,355,1,1,9,e3nvqF2,Trefoil/Plexin domain-like,PSI,3.36,0.28,text 3d pdb
570,2,1,1,45,e5dgfd81,Nucleic acid-binding proteins,Ribosomal_S28e,3.61,0.28,text 3d pdb
571,308,2,1,2,e6mkhA3,Penicillin binding protein ClpS-like domain,EUF08385,3.36,0.28,text 3d pdb
572,2,1,1,45,e4u56D81,Nucleic acid-binding proteins,Ribosomal_S28e,3.80,0.28,text 3d pdb
573,2,1,1,45,e4ukfd1,Nucleic acid-binding proteins,Ribosomal_S28e,3.80,0.28,text 3d pdb
574,375,1,1,2,e4jzkA1,Rubredoxin-related,ADK_lid,2.87,0.28,text 3d pdb
575,3529,1,1,1,e2zuoI31,Major vault protein (MVP) structural repeat domain,Vault,3.11,0.28,text 3d pdb
576,3529,1,1,1,e4v60I8,Major vault protein (MVP) structural repeat domain,Vault,3.11,0.28,text 3d pdb
577,389,1,1,152,e5mwbA2,EGF/Laminin,hEGF_2,2.83,0.28,text 3d pdb
578,386,1,1,37,e5vmwA1,beta-beta-alpha zinc fingers,zf-C2H2_15,3.64,0.28,text 3d pdb
579,6173,1,1,3,e6nnfG1,V1/V2 domain in HIV gp120,GP120_2nd,3.44,0.28,text 3d pdb
580,375,1,1,2,e1akeA1,Rubredoxin-related,ADK_lid,2.84,0.28,text 3d pdb
581,2,1,1,45,e5dc3d81,Nucleic acid-binding proteins,Ribosomal_S28e,3.34,0.28,text 3d pdb
582,389,3,1,1,e1f5yA1,LDL receptor-like module,Ldl_recept_a,2.90,0.28,text 3d pdb
583,375,8,1,,e6qg2P1,Zinc-binding domain of translation initiation factor 2 beta,F_UNCLASSIFIED,2.91,0.28,text 3d pdb
584,375,1,1,62,e2vl6C4,Rubredoxin-related,MCM_OB_like,2.63,0.28,text 3d pdb
585,1,1,7,6,e3b2qB7,Alanine racemase-C,ATP-synt_ab_N,2.58,0.28,text 3d pdb
586,3529,1,1,1,e2zv5m31,Major vault protein (MVP) structural repeat domain,Vault,2.74,0.28,text 3d pdb
587,3529,1,1,1,e4v60m8,Major vault protein (MVP) structural repeat domain,Vault,2.74,0.28,text 3d pdb
588,375,1,1,376,e6eyc61,Rubredoxin-related,MCM_OB_2,3.47,0.28,text 3d pdb
589,386,1,1,37,e6df8A3,beta-beta-alpha zinc fingers,zf-C2H2_15,3.64,0.28,text 3d pdb
590,3071,1,1,6,e3cddD8,C-terminal insertion domain in phage tail proteins,COG4379_3rd_2,3.44,0.28,text 3d pdb
591,2,1,1,45,e5a2qc1,Nucleic acid-binding proteins,Ribosomal_S28e,3.59,0.28,text 3d pdb
592,389,1,2,4,e3zd1B4,Complement control module/SCR domain,Sushi_3,3.39,0.28,text 3d pdb
593,375,1,1,83,e1m2nA1,Rubredoxin-related,Zn-ribbon_8,3.04,0.28,text 3d pdb
594,351,1,1,2,e4mlfD1,Leech antihemostatic protein,Hirudin,3.64,0.28,text 3d pdb
595,391,1,1,4,e3gxeB1,Fibronectin type I module,fn1,3.25,0.28,text 3d pdb
596,354,1,1,3,e5i5aA1,Sea anemone toxin k-related,ShK_like,2.68,0.28,text 3d pdb
597,391,1,1,4,e3gxeA1,Fibronectin type I module,fn1,3.28,0.28,text 3d pdb
598,904,1,1,5,e3ddtB1,B-box zinc-binding domain,zf-B_box,3.35,0.28,text 3d pdb
599,64,1,1,1,e2dyfA1,WW domain,WW,1.74,0.28,text 3d pdb
600,2,1,1,45,e5oa3c1,Nucleic acid-binding proteins,Ribosomal_S28e,3.59,0.28,text 3d pdb
601,3529,1,1,1,e2zv4S30,Major vault protein (MVP) structural repeat domain,Vault,3.27,0.28,text 3d pdb
602,3529,1,1,1,e4v60S9,Major vault protein (MVP) structural repeat domain,Vault,3.27,0.28,text 3d pdb
603,4,1,1,116,e2de0X3,SH3,SH3_1,2.21,0.28,text 3d pdb
604,2,1,1,45,e6gz4Bc1,Nucleic acid-binding proteins,Ribosomal_S28e,3.70,0.28,text 3d pdb
605,375,1,1,2,e2ar7B1,Rubredoxin-related,ADK_lid,3.03,0.28,text 3d pdb
606,387,1,5,35,e6d93A1,Scorpion toxin-like,Toxin_2_like,2.40,0.28,text 3d pdb
607,389,1,1,7,e2mgpA1,EGF/Laminin,EGF_MSP1_1,3.33,0.28,text 3d pdb
608,355,1,1,12,e5l74A2,Trefoil/Plexin domain-like,PSI_3,3.07,0.28,text 3d pdb
609,3529,1,1,1,e2zv5e31,Major vault protein (MVP) structural repeat domain,Vault,2.74,0.28,text 3d pdb
610,3529,1,1,1,e4v60e8,Major vault protein (MVP) structural repeat domain,Vault,2.74,0.28,text 3d pdb
611,375,4,1,2,e3uaiB1,Nucleolar RNA-binding protein Nop10-like,Nop10p,3.81,0.28,text 3d pdb
612,375,1,1,145,e5k0yS4,Rubredoxin-related,KOG0466,3.38,0.28,text 3d pdb
613,375,1,1,83,e1m2nB1,Rubredoxin-related,Zn-ribbon_8,3.57,0.28,text 3d pdb
614,375,1,1,42,e2ebqA1,Rubredoxin-related,zf-RanBP,3.21,0.28,text 3d pdb
615,2,1,1,45,e6ek0Sc1,Nucleic acid-binding proteins,Ribosomal_S28e,3.74,0.28,text 3d pdb
616,2,1,1,45,e6g51c1,Nucleic acid-binding proteins,Ribosomal_S28e,3.47,0.28,text 3d pdb
617,2,1,1,45,e5lztcc1,Nucleic acid-binding proteins,Ribosomal_S28e,3.59,0.28,text 3d pdb
618,2,1,1,45,e6g5hc1,Nucleic acid-binding proteins,Ribosomal_S28e,3.47,0.28,text 3d pdb
619,2,1,1,45,e6g53c1,Nucleic acid-binding proteins,Ribosomal_S28e,3.47,0.28,text 3d pdb
620,389,1,2,3,e2rlqA1,Complement control module/SCR domain,Sushi,2.93,0.28,text 3d pdb
621,6173,1,1,3,e3j5mI1,V1/V2 domain in HIV gp120,GP120_2nd,3.86,0.28,text 3d pdb
622,6173,1,1,3,e3j5mA2,V1/V2 domain in HIV gp120,GP120_2nd,3.86,0.28,text 3d pdb
623,6173,1,1,3,e3j5mE3,V1/V2 domain in HIV gp120,GP120_2nd,3.86,0.28,text 3d pdb
624,2,4,1,,e3fvqA3,MOP-like,F_UNCLASSIFIED,3.61,0.27,text 3d pdb
625,2,1,1,45,e4u51D81,Nucleic acid-binding proteins,Ribosomal_S28e,3.78,0.27,text 3d pdb
626,2,1,1,45,e4ujfd1,Nucleic acid-binding proteins,Ribosomal_S28e,3.78,0.27,text 3d pdb
627,389,1,1,15,e3laqB2,EGF/Laminin,EGF,2.87,0.27,text 3d pdb
628,391,1,1,3,e2rkzB2,Fibronectin type I module,fn1_1,3.74,0.27,text 3d pdb
629,389,1,1,15,e3c9aD1,EGF/Laminin,EGF,2.87,0.27,text 3d pdb
630,2,1,1,45,e5lzvcc1,Nucleic acid-binding proteins,Ribosomal_S28e,3.55,0.27,text 3d pdb
631,2,1,1,77,e1wn7A1,Nucleic acid-binding proteins,pol2_like,2.99,0.27,text 3d pdb
632,389,1,1,36,e1dx5K1,EGF/Laminin,EGF_CA,3.87,0.27,text 3d pdb
633,2,1,1,45,e4u50D81,Nucleic acid-binding proteins,Ribosomal_S28e,3.87,0.27,text 3d pdb
634,2,1,1,45,e4ulpd1,Nucleic acid-binding proteins,Ribosomal_S28e,3.87,0.27,text 3d pdb
635,2,1,1,45,e5xyic1,Nucleic acid-binding proteins,Ribosomal_S28e,3.82,0.27,text 3d pdb
636,6173,1,1,3,e6mcoG1,V1/V2 domain in HIV gp120,GP120_2nd,3.94,0.27,text 3d pdb
637,382,1,1,3,e1b41B1,Snake toxin-like,Toxin_TOLIP,3.02,0.27,text 3d pdb
638,4046,1,1,2,e4ue2Q3,all-beta domain in nickel-iron hydrogenase large subunit,NiFeSe_Hases_2nd,3.55,0.27,text 3d pdb
639,375,1,1,44,e2yrcA1,Rubredoxin-related,zf-Sec23_Sec24,3.63,0.27,text 3d pdb
640,2,1,1,45,e1vw9d1,Nucleic acid-binding proteins,Ribosomal_S28e,3.45,0.27,text 3d pdb
641,2,1,1,45,e3j6x281,Nucleic acid-binding proteins,Ribosomal_S28e,3.45,0.27,text 3d pdb
642,2,1,1,45,e4v3pSY1,Nucleic acid-binding proteins,Ribosomal_S28e,3.68,0.27,text 3d pdb
643,2,1,1,45,e3iz6Y1,Nucleic acid-binding proteins,Ribosomal_S28e,3.68,0.27,text 3d pdb
644,3529,1,1,1,e2zv4S31,Major vault protein (MVP) structural repeat domain,Vault,2.73,0.27,text 3d pdb
645,3529,1,1,1,e4v60S8,Major vault protein (MVP) structural repeat domain,Vault,2.73,0.27,text 3d pdb
646,4988,1,1,4,e4v6vAH1,Ribosomal protein S8 C-terminal domain,Ribosomal_S8_C,3.93,0.27,text 3d pdb
647,375,1,1,2,e1e4vA1,Rubredoxin-related,ADK_lid,2.87,0.27,text 3d pdb
648,11,1,1,2544,e5iroI2,Immunoglobulin/Fibronectin type III/E set domains/PapD-like,C1-set_2,3.31,0.27,text 3d pdb
649,387,1,2,1,e1ulmA2,Plant lectins/antimicrobial peptides,Chitin_bind_1,3.24,0.27,text 3d pdb
650,59,1,2,1,e3pufQ2,RNase H2 subunits B and C,RNase_H2-Ydr279_1st,3.58,0.27,text 3d pdb
651,2,1,1,45,e6gz3Bc1,Nucleic acid-binding proteins,Ribosomal_S28e,3.50,0.27,text 3d pdb
652,389,1,2,4,e3oxuD1,Complement control module/SCR domain,Sushi_3,3.42,0.27,text 3d pdb
653,4,1,1,26,e2rd1C1,SH3,DUF903,2.92,0.27,text 3d pdb
654,387,1,1,16,e2mpqA1,omega toxin-related,Toxin_12,2.73,0.27,text 3d pdb
655,387,1,5,3,e6b55A1,Scorpion toxin-like,Gamma-thionin,3.28,0.27,text 3d pdb
656,2,1,1,45,e4u4rD81,Nucleic acid-binding proteins,Ribosomal_S28e,3.77,0.27,text 3d pdb
657,2,1,1,45,e4ujpd1,Nucleic acid-binding proteins,Ribosomal_S28e,3.77,0.27,text 3d pdb
658,389,1,3,7,e3qbqD2,TNF receptor-like,TNFR_c6,2.53,0.27,text 3d pdb
659,389,1,2,3,e2psmF1,Complement control module/SCR domain,Sushi,3.34,0.27,text 3d pdb
660,4012,3,1,7,e5b2qA4,SSHS domain in CRISPR-associated endonuclease Cas9,EUF08429,3.80,0.27,text 3d pdb
661,375,1,1,,e6cnbR5,Rubredoxin-related,F_UNCLASSIFIED,2.65,0.27,text 3d pdb
662,2,1,1,45,e5m1jc21,Nucleic acid-binding proteins,Ribosomal_S28e,3.40,0.27,text 3d pdb
663,375,1,1,24,e6mtcm1,Rubredoxin-related,Ribosomal_L40e,2.95,0.27,text 3d pdb
664,64,3,1,1,e4nz5B1,Carbohydrate binding domain,CBM_5_12,3.30,0.27,text 3d pdb
665,2,1,1,368,e4ro1B3,Nucleic acid-binding proteins,EUF07544,3.62,0.27,text 3d pdb
666,375,1,1,5,e5m3mL1,Rubredoxin-related,DNA_RNApol_7kD,3.70,0.27,text 3d pdb
667,4988,1,1,4,e6i7vAH2,Ribosomal protein S8 C-terminal domain,Ribosomal_S8_C,3.63,0.27,text 3d pdb
668,383,1,1,14,e1ewsA1,Defensin-related,EUF08685,3.16,0.27,text 3d pdb
669,4027,1,1,3,e2zbkA2,all-beta domain in DNA topoisomerase IV alpha subunit,PRK04342_1st,2.75,0.27,text 3d pdb
670,240,1,1,1,e5e81D52,Ribosomal protein TL5/L25 C-terminal domain-related,Ribosomal_TL5_C_1,3.52,0.27,text 3d pdb
671,375,1,1,35,e4ym7BI2,Rubredoxin-related,TFIIS_C,3.60,0.27,text 3d pdb
672,2,1,1,45,e4u53D81,Nucleic acid-binding proteins,Ribosomal_S28e,3.60,0.27,text 3d pdb
673,2,1,1,45,e4ukpd1,Nucleic acid-binding proteins,Ribosomal_S28e,3.60,0.27,text 3d pdb
674,4988,1,1,4,e4v9pHH1,Ribosomal protein S8 C-terminal domain,Ribosomal_S8_C,3.89,0.27,text 3d pdb
675,3695,1,1,1,e1ep2B3,Dihydroorotate dehydrogenase B PyrK subunit 2Fe-2S cluster-binding domain,DHODB_Fe-S_bind_like,3.21,0.27,text 3d pdb
676,375,1,1,259,e6b4vDA1,Rubredoxin-related,Ribosomal_L33,3.16,0.27,text 3d pdb
677,2,1,1,45,e4u4zD81,Nucleic acid-binding proteins,Ribosomal_S28e,3.73,0.27,text 3d pdb
678,2,1,1,45,e4uljd1,Nucleic acid-binding proteins,Ribosomal_S28e,3.73,0.27,text 3d pdb
679,4988,1,1,4,e2wwlH2,Ribosomal protein S8 C-terminal domain,Ribosomal_S8_C,3.81,0.27,text 3d pdb
680,4988,1,1,4,e4v5hAH1,Ribosomal protein S8 C-terminal domain,Ribosomal_S8_C,3.81,0.27,text 3d pdb
681,391,1,1,3,e2rkzF2,Fibronectin type I module,fn1_1,3.66,0.27,text 3d pdb
682,389,1,2,3,e2rlpA2,Complement control module/SCR domain,Sushi,2.76,0.27,text 3d pdb
683,386,1,1,43,e6b0qA1,beta-beta-alpha zinc fingers,zf-C2H2_12,1.99,0.27,text 3d pdb
684,275,1,1,7,e6c9yC2,MoeA-I/Ornithine decarboxylase-C/Reverse ferredoxin-like domain in RNA-polymerase,PRK09603,3.01,0.27,text 3d pdb
685,64,3,1,1,e3wx7A3,Carbohydrate binding domain,CBM_5_12,3.16,0.27,text 3d pdb
686,375,1,1,380,e5ijlA3,Rubredoxin-related,IBR_1,2.61,0.27,text 3d pdb
687,64,3,1,1,e4ny2B1,Carbohydrate binding domain,CBM_5_12,3.04,0.27,text 3d pdb
688,2,1,1,45,e6q8yL1,Nucleic acid-binding proteins,Ribosomal_S28e,3.66,0.27,text 3d pdb
689,389,1,2,4,e5o32C1,Complement control module/SCR domain,Sushi_3,3.51,0.27,text 3d pdb
690,386,1,1,37,e4f6nA3,beta-beta-alpha zinc fingers,zf-C2H2_15,3.69,0.27,text 3d pdb
691,919,1,1,1,e6gzqe11,Ribosomal protein L36,Ribosomal_L36,2.27,0.27,text 3d pdb
692,389,1,1,9,e1hj7A2,EGF/Laminin,FXa_inhibition,3.47,0.27,text 3d pdb
693,2,1,1,45,e5mc6L1,Nucleic acid-binding proteins,Ribosomal_S28e,3.53,0.27,text 3d pdb
694,2,1,1,45,e6hhqd81,Nucleic acid-binding proteins,Ribosomal_S28e,3.52,0.27,text 3d pdb
695,389,1,1,36,e1dx5J1,EGF/Laminin,EGF_CA,3.94,0.27,text 3d pdb
696,386,1,1,60,e6blwA4,beta-beta-alpha zinc fingers,zf-C2H2_like,2.69,0.27,text 3d pdb
697,2,1,1,45,e4u6fd81,Nucleic acid-binding proteins,Ribosomal_S28e,3.77,0.27,text 3d pdb
698,2,1,1,45,e4ujxC1,Nucleic acid-binding proteins,Ribosomal_S28e,3.77,0.27,text 3d pdb
699,376,1,1,8,e5wsgq2,RING/U-box,U-box,3.58,0.27,text 3d pdb
700,376,1,1,8,e5gm6q1,RING/U-box,U-box,3.58,0.27,text 3d pdb
701,376,1,1,8,e5gmkq2,RING/U-box,U-box,3.58,0.27,text 3d pdb
702,2,1,1,45,e4u4qD81,Nucleic acid-binding proteins,Ribosomal_S28e,3.64,0.27,text 3d pdb
703,2,1,1,45,e4ul4d1,Nucleic acid-binding proteins,Ribosomal_S28e,3.64,0.27,text 3d pdb
704,389,1,2,4,e3rj3D4,Complement control module/SCR domain,Sushi_3,3.48,0.27,text 3d pdb
705,1170,1,2,,e5vodC1,chemokine-related domain in glycoprotein L (gL),F_UNCLASSIFIED,2.87,0.27,text 3d pdb
706,4,1,1,25,e5xfpB3,SH3,DUF4537,3.99,0.27,text 3d pdb
707,2,1,1,45,e5fcjd81,Nucleic acid-binding proteins,Ribosomal_S28e,3.56,0.27,text 3d pdb
708,389,1,1,36,e1dx5L1,EGF/Laminin,EGF_CA,3.93,0.27,text 3d pdb
709,2,1,1,45,e5dgvD81,Nucleic acid-binding proteins,Ribosomal_S28e,3.53,0.27,text 3d pdb
710,383,1,1,9,e4gv5C1,Defensin-related,Myotoxins,3.12,0.27,text 3d pdb
711,386,1,1,55,e6e93A4,beta-beta-alpha zinc fingers,zf-C2H2_1,1.98,0.27,text 3d pdb
712,64,3,1,1,e3wx7B3,Carbohydrate binding domain,CBM_5_12,3.14,0.27,text 3d pdb
713,2,1,1,45,e5dged81,Nucleic acid-binding proteins,Ribosomal_S28e,3.34,0.27,text 3d pdb
714,2,1,1,45,e4u3mD81,Nucleic acid-binding proteins,Ribosomal_S28e,3.94,0.27,text 3d pdb
715,2,1,1,45,e4ujzd1,Nucleic acid-binding proteins,Ribosomal_S28e,3.94,0.27,text 3d pdb
716,4988,1,1,4,e4kjcH2,Ribosomal protein S8 C-terminal domain,Ribosomal_S8_C,3.89,0.27,text 3d pdb
717,2,1,1,45,e5fciD81,Nucleic acid-binding proteins,Ribosomal_S28e,3.68,0.27,text 3d pdb
718,2,1,1,45,e5lzwcc1,Nucleic acid-binding proteins,Ribosomal_S28e,3.40,0.27,text 3d pdb
719,387,1,2,1,e5wuzA1,Plant lectins/antimicrobial peptides,Chitin_bind_1,3.38,0.27,text 3d pdb
720,2,1,1,45,e5dgfD81,Nucleic acid-binding proteins,Ribosomal_S28e,3.63,0.27,text 3d pdb
721,2,4,1,8,e4xigS3,MOP-like,PRK11000,3.59,0.27,text 3d pdb
722,383,1,3,2,e4x0nB1,Helianthamide,Defensin_beta_2_like,3.09,0.27,text 3d pdb
723,919,1,1,1,e2wwq81,Ribosomal protein L36,Ribosomal_L36,2.21,0.27,text 3d pdb
724,919,1,1,1,e4v5hB81,Ribosomal protein L36,Ribosomal_L36,2.21,0.27,text 3d pdb
725,391,1,1,4,e2rl0K1,Fibronectin type I module,fn1,3.42,0.27,text 3d pdb
726,389,1,2,4,e4zh1E2,Complement control module/SCR domain,Sushi_3,3.18,0.27,text 3d pdb
727,386,1,1,43,e6b0pA1,beta-beta-alpha zinc fingers,zf-C2H2_12,2.00,0.27,text 3d pdb
728,383,1,1,9,e4gv5B1,Defensin-related,Myotoxins,3.56,0.27,text 3d pdb
729,4,1,1,27,e3huwV3,SH3,EFP_N,3.19,0.27,text 3d pdb
730,4,1,1,27,e4v6aAV2,SH3,EFP_N,3.19,0.27,text 3d pdb
731,387,1,2,1,e1ulkB2,Plant lectins/antimicrobial peptides,Chitin_bind_1,3.27,0.27,text 3d pdb
732,2,1,1,,e6rbec1,Nucleic acid-binding proteins,F_UNCLASSIFIED,3.66,0.27,text 3d pdb
733,2,1,1,45,e5jusZB1,Nucleic acid-binding proteins,Ribosomal_S28e,3.30,0.27,text 3d pdb
734,64,3,1,1,e4nz5A3,Carbohydrate binding domain,CBM_5_12,3.14,0.27,text 3d pdb
735,4988,1,1,4,e4gd2H2,Ribosomal protein S8 C-terminal domain,Ribosomal_S8_C,4.06,0.27,text 3d pdb
736,389,1,3,7,e2heyR3,TNF receptor-like,TNFR_c6,2.93,0.27,text 3d pdb
737,2,1,1,45,e6oleSc1,Nucleic acid-binding proteins,Ribosomal_S28e,3.94,0.27,text 3d pdb
738,4056,1,1,7,e2jesC1,Barrel domain in upper collar protein,Phage_prot_Gp6_1st,2.49,0.27,text 3d pdb
739,64,1,1,1,e4roiA1,WW domain,WW,2.83,0.27,text 3d pdb
740,386,1,1,43,e6b0qD4,beta-beta-alpha zinc fingers,zf-C2H2_12,2.01,0.27,text 3d pdb
741,2,1,1,45,e5dgeD81,Nucleic acid-binding proteins,Ribosomal_S28e,3.74,0.27,text 3d pdb
742,2,1,1,45,e5fcid81,Nucleic acid-binding proteins,Ribosomal_S28e,3.64,0.27,text 3d pdb
743,64,3,1,1,e4nz5B3,Carbohydrate binding domain,CBM_5_12,3.10,0.27,text 3d pdb
744,6127,1,1,3,e4v3dC1,Beta meander domain in PfEMP1 protein,EUF07605,4.04,0.27,text 3d pdb
745,375,1,1,31,e4xnvA1,Rubredoxin-related,Rubredoxin,3.08,0.27,text 3d pdb
746,919,1,1,1,e3pio41,Ribosomal protein L36,Ribosomal_L36,2.37,0.27,text 3d pdb
747,64,1,1,1,e5dzdA1,WW domain,WW,2.84,0.27,text 3d pdb
748,2,1,1,45,e6mtecc1,Nucleic acid-binding proteins,Ribosomal_S28e,3.76,0.27,text 3d pdb
749,389,1,2,3,e2psmC1,Complement control module/SCR domain,Sushi,3.35,0.27,text 3d pdb
750,2,1,1,45,e5ndvd81,Nucleic acid-binding proteins,Ribosomal_S28e,3.76,0.27,text 3d pdb
751,2,1,1,45,e6om0Sc1,Nucleic acid-binding proteins,Ribosomal_S28e,3.83,0.27,text 3d pdb
752,2,1,1,45,e4u50d81,Nucleic acid-binding proteins,Ribosomal_S28e,3.66,0.27,text 3d pdb
753,2,1,1,45,e4ulsC1,Nucleic acid-binding proteins,Ribosomal_S28e,3.66,0.27,text 3d pdb
754,2,1,1,45,e6d9jdd1,Nucleic acid-binding proteins,Ribosomal_S28e,3.43,0.27,text 3d pdb
755,386,1,1,43,e4r2sA2,beta-beta-alpha zinc fingers,zf-C2H2_12,2.03,0.27,text 3d pdb
756,64,3,1,1,e4nz1B3,Carbohydrate binding domain,CBM_5_12,3.14,0.27,text 3d pdb
757,376,1,3,12,e2qicA1,FYVE/PHD zinc finger,PHD_5,2.66,0.27,text 3d pdb
758,375,1,1,259,e4v64D11,Rubredoxin-related,Ribosomal_L33,3.20,0.27,text 3d pdb
759,4988,1,1,4,e5kpx121,Ribosomal protein S8 C-terminal domain,Ribosomal_S8_C,3.70,0.27,text 3d pdb
760,386,1,1,43,e6b0rD3,beta-beta-alpha zinc fingers,zf-C2H2_12,2.00,0.27,text 3d pdb
761,375,1,1,259,e4v64B11,Rubredoxin-related,Ribosomal_L33,3.20,0.27,text 3d pdb
762,355,1,1,2,e3ol2B4,Trefoil/Plexin domain-like,PSI_1,3.47,0.27,text 3d pdb
763,4988,1,1,4,e4pe9H2,Ribosomal protein S8 C-terminal domain,Ribosomal_S8_C,3.61,0.27,text 3d pdb
764,4988,1,1,4,e4u1uAH1,Ribosomal protein S8 C-terminal domain,Ribosomal_S8_C,3.61,0.27,text 3d pdb
765,919,1,1,1,e6q9af1,Ribosomal protein L36,Ribosomal_L36,2.17,0.27,text 3d pdb
766,2,1,1,45,e6fyyc1,Nucleic acid-binding proteins,Ribosomal_S28e,3.71,0.27,text 3d pdb
767,375,1,1,31,e4xnwC2,Rubredoxin-related,Rubredoxin,2.47,0.27,text 3d pdb
768,389,1,2,4,e3rj3E4,Complement control module/SCR domain,Sushi_3,3.49,0.27,text 3d pdb
769,386,1,1,18,e4pjol1,beta-beta-alpha zinc fingers,zf-U1,3.28,0.27,text 3d pdb
770,386,1,1,43,e6b0pD1,beta-beta-alpha zinc fingers,zf-C2H2_12,1.99,0.27,text 3d pdb
771,355,1,1,3,e1hi7A1,Trefoil/Plexin domain-like,Trefoil,3.32,0.27,text 3d pdb
772,375,1,1,259,e4wquC61,Rubredoxin-related,Ribosomal_L33,3.17,0.27,text 3d pdb
773,4076,1,1,5,e5x8pH1,L9 N-domain-like,Ribosomal_L9_N,3.60,0.27,text 3d pdb
774,4076,1,1,5,e5x8tH1,L9 N-domain-like,Ribosomal_L9_N,3.60,0.27,text 3d pdb
775,375,1,1,259,e5ot7b1,Rubredoxin-related,Ribosomal_L33,2.73,0.27,text 3d pdb
776,4988,1,1,4,e3j5hH2,Ribosomal protein S8 C-terminal domain,Ribosomal_S8_C,3.95,0.27,text 3d pdb
777,4988,1,1,4,e4v79AH1,Ribosomal protein S8 C-terminal domain,Ribosomal_S8_C,3.95,0.27,text 3d pdb
778,4,1,1,26,e2rd1A1,SH3,DUF903,2.97,0.27,text 3d pdb
779,4988,1,1,4,e3or9H2,Ribosomal protein S8 C-terminal domain,Ribosomal_S8_C,3.85,0.27,text 3d pdb
780,4988,1,1,4,e4wwwQH1,Ribosomal protein S8 C-terminal domain,Ribosomal_S8_C,3.85,0.27,text 3d pdb
781,2,1,1,45,e4u4ud81,Nucleic acid-binding proteins,Ribosomal_S28e,3.63,0.27,text 3d pdb
782,2,1,1,45,e4ujnC1,Nucleic acid-binding proteins,Ribosomal_S28e,3.63,0.27,text 3d pdb
783,4,1,1,236,e4v3pSD1,SH3,40S_S4_C,2.83,0.27,text 3d pdb
784,4,1,1,236,e3iz6D10,SH3,40S_S4_C,2.83,0.27,text 3d pdb
785,887,1,1,5,e6enjZ1,Ribosomal protein L30p/L7e,Ribosomal_L30,2.92,0.27,text 3d pdb
786,2,1,1,45,e4u3uD81,Nucleic acid-binding proteins,Ribosomal_S28e,3.90,0.27,text 3d pdb
787,2,1,1,45,e4uk9d1,Nucleic acid-binding proteins,Ribosomal_S28e,3.90,0.27,text 3d pdb
788,389,1,2,4,e3oxuE1,Complement control module/SCR domain,Sushi_3,3.40,0.27,text 3d pdb
789,382,1,1,3,e1f8uB1,Snake toxin-like,Toxin_TOLIP,3.19,0.27,text 3d pdb
790,211,1,1,20,e5wepB2,Glyoxalase/Bleomycin resistance protein/Dihydroxybiphenyl dioxygenase,Glyoxalase_9,2.43,0.27,text 3d pdb
791,2,1,1,45,e5tgaD81,Nucleic acid-binding proteins,Ribosomal_S28e,3.79,0.27,text 3d pdb
792,2,4,1,,e1oxvA3,MOP-like,F_UNCLASSIFIED,3.55,0.27,text 3d pdb
793,4056,1,1,7,e2jesE1,Barrel domain in upper collar protein,Phage_prot_Gp6_1st,2.51,0.27,text 3d pdb
794,11,1,1,344,e3fipB4,Immunoglobulin/Fibronectin type III/E set domains/PapD-like,Usher_2nd,3.42,0.27,text 3d pdb
795,375,1,1,35,e4c2mI2,Rubredoxin-related,TFIIS_C,3.08,0.27,text 3d pdb
796,919,1,1,1,e4k0q91,Ribosomal protein L36,Ribosomal_L36,2.34,0.27,text 3d pdb
797,919,1,1,1,e4v9iD91,Ribosomal protein L36,Ribosomal_L36,2.34,0.27,text 3d pdb
798,382,1,1,3,e2x8bB1,Snake toxin-like,Toxin_TOLIP,3.23,0.27,text 3d pdb
799,4,1,1,4,e4zg4E2,SH3,Myosin_N_1,3.85,0.27,text 3d pdb
800,375,1,1,18,e6n9uE1,Rubredoxin-related,Prim_Zn_Ribbon,2.25,0.27,text 3d pdb
801,3529,1,1,1,e1y7xA2,Major vault protein (MVP) structural repeat domain,Vault,3.40,0.27,text 3d pdb
802,386,1,1,43,e2prtA1,beta-beta-alpha zinc fingers,zf-C2H2_12,2.04,0.27,text 3d pdb
803,2,1,1,45,e5i4lD81,Nucleic acid-binding proteins,Ribosomal_S28e,3.74,0.27,text 3d pdb
804,2,1,1,45,e4u4uD81,Nucleic acid-binding proteins,Ribosomal_S28e,3.71,0.27,text 3d pdb
805,2,1,1,45,e4ujkd1,Nucleic acid-binding proteins,Ribosomal_S28e,3.71,0.27,text 3d pdb
806,64,3,1,1,e4nyuA3,Carbohydrate binding domain,CBM_5_12,3.18,0.27,text 3d pdb
807,2,1,1,45,e4u51d81,Nucleic acid-binding proteins,Ribosomal_S28e,3.69,0.27,text 3d pdb
808,2,1,1,45,e4ujiC1,Nucleic acid-binding proteins,Ribosomal_S28e,3.69,0.27,text 3d pdb
809,375,1,1,31,e6gpsA2,Rubredoxin-related,Rubredoxin,2.91,0.27,text 3d pdb
810,383,1,1,9,e4gv5A1,Defensin-related,Myotoxins,3.38,0.27,text 3d pdb
811,386,1,1,43,e2jpaA1,beta-beta-alpha zinc fingers,zf-C2H2_12,2.00,0.27,text 3d pdb
812,3529,1,1,1,e2zuoL31,Major vault protein (MVP) structural repeat domain,Vault,2.85,0.27,text 3d pdb
813,3529,1,1,1,e4v60L8,Major vault protein (MVP) structural repeat domain,Vault,2.85,0.27,text 3d pdb
814,4988,1,1,4,e5o2rh2,Ribosomal protein S8 C-terminal domain,Ribosomal_S8_C,3.85,0.27,text 3d pdb
815,4,1,1,26,e2rd1B1,SH3,DUF903,2.97,0.27,text 3d pdb
816,389,1,3,31,e6mkzD2,TNF receptor-like,TNFRSF14,2.99,0.27,text 3d pdb
817,2,1,1,45,e6hhqd1,Nucleic acid-binding proteins,Ribosomal_S28e,3.73,0.27,text 3d pdb
818,64,3,1,1,e4nz1A3,Carbohydrate binding domain,CBM_5_12,3.18,0.27,text 3d pdb
819,4056,1,1,7,e2jesM1,Barrel domain in upper collar protein,Phage_prot_Gp6_1st,2.53,0.27,text 3d pdb
820,375,1,1,160,e2gajA5,Rubredoxin-related,zf-C4_Topoisom,2.62,0.27,text 3d pdb
821,2,1,1,45,e4u6fD81,Nucleic acid-binding proteins,Ribosomal_S28e,3.76,0.27,text 3d pdb
822,2,1,1,45,e4ujud1,Nucleic acid-binding proteins,Ribosomal_S28e,3.76,0.27,text 3d pdb
823,2,1,1,45,e5on6d1,Nucleic acid-binding proteins,Ribosomal_S28e,3.74,0.27,text 3d pdb
824,375,1,1,160,e2gaiA5,Rubredoxin-related,zf-C4_Topoisom,2.62,0.27,text 3d pdb
825,2,1,1,45,e5tgmD81,Nucleic acid-binding proteins,Ribosomal_S28e,3.80,0.27,text 3d pdb
826,4076,1,1,5,e2wh4I2,L9 N-domain-like,Ribosomal_L9_N,3.93,0.27,text 3d pdb
827,4076,1,1,5,e4v5eDI2,L9 N-domain-like,Ribosomal_L9_N,3.93,0.27,text 3d pdb
828,387,1,3,15,e5hccD1,Colipase-like,EUF08716,2.90,0.27,text 3d pdb
829,375,1,1,259,e4wf1B11,Rubredoxin-related,Ribosomal_L33,3.37,0.27,text 3d pdb
830,64,3,1,1,e4ny2A3,Carbohydrate binding domain,CBM_5_12,3.18,0.27,text 3d pdb
831,2,1,1,77,e4ahcB4,Nucleic acid-binding proteins,pol2_like,3.04,0.27,text 3d pdb
832,3529,1,1,1,e2zv5k31,Major vault protein (MVP) structural repeat domain,Vault,2.81,0.27,text 3d pdb
833,3529,1,1,1,e4v60k8,Major vault protein (MVP) structural repeat domain,Vault,2.81,0.27,text 3d pdb
834,2,1,1,45,e5tbwd1,Nucleic acid-binding proteins,Ribosomal_S28e,3.48,0.27,text 3d pdb
835,375,1,1,258,e6eyc23,Rubredoxin-related,MCM_OB_4,2.87,0.27,text 3d pdb
836,3529,1,1,1,e2zv4P31,Major vault protein (MVP) structural repeat domain,Vault,2.83,0.27,text 3d pdb
837,3529,1,1,1,e4v60P8,Major vault protein (MVP) structural repeat domain,Vault,2.83,0.27,text 3d pdb
838,2,1,1,45,e5meid1,Nucleic acid-binding proteins,Ribosomal_S28e,3.72,0.27,text 3d pdb
839,4056,1,1,7,e2jesQ1,Barrel domain in upper collar protein,Phage_prot_Gp6_1st,2.22,0.27,text 3d pdb
840,389,1,2,4,e3zd1A4,Complement control module/SCR domain,Sushi_3,3.71,0.27,text 3d pdb
841,376,1,3,12,e2g6qA1,FYVE/PHD zinc finger,PHD_5,2.56,0.27,text 3d pdb
842,387,1,2,1,e2x3tA4,Plant lectins/antimicrobial peptides,Chitin_bind_1,3.27,0.27,text 3d pdb
843,4056,1,1,7,e2jesU1,Barrel domain in upper collar protein,Phage_prot_Gp6_1st,2.24,0.27,text 3d pdb
844,4056,1,1,7,e2jesY1,Barrel domain in upper collar protein,Phage_prot_Gp6_1st,2.17,0.27,text 3d pdb
845,2,1,1,45,e1vx2c1,Nucleic acid-binding proteins,Ribosomal_S28e,3.67,0.26,text 3d pdb
846,4056,1,1,7,e2jesA2,Barrel domain in upper collar protein,Phage_prot_Gp6_1st,3.21,0.26,text 3d pdb
847,376,1,3,12,e2vnfC1,FYVE/PHD zinc finger,PHD_5,2.71,0.26,text 3d pdb
848,375,1,1,5,e6hlsL1,Rubredoxin-related,DNA_RNApol_7kD,3.72,0.26,text 3d pdb
849,389,3,1,1,e4zrpD2,LDL receptor-like module,Ldl_recept_a,3.53,0.26,text 3d pdb
850,2,1,1,45,e1vx5c1,Nucleic acid-binding proteins,Ribosomal_S28e,3.67,0.26,text 3d pdb
851,4056,1,1,7,e2jesG1,Barrel domain in upper collar protein,Phage_prot_Gp6_1st,3.21,0.26,text 3d pdb
852,386,1,1,37,e5vmyA1,beta-beta-alpha zinc fingers,zf-C2H2_15,3.69,0.26,text 3d pdb
853,4056,1,1,7,e2jesI1,Barrel domain in upper collar protein,Phage_prot_Gp6_1st,2.24,0.26,text 3d pdb
854,3529,1,1,1,e2zuoA4,Major vault protein (MVP) structural repeat domain,Vault,2.86,0.26,text 3d pdb
855,3529,1,1,1,e4v60A8,Major vault protein (MVP) structural repeat domain,Vault,2.86,0.26,text 3d pdb
856,4046,1,1,2,e1frvB1,all-beta domain in nickel-iron hydrogenase large subunit,NiFeSe_Hases_2nd,3.72,0.26,text 3d pdb
857,3529,1,1,1,e2zv4U31,Major vault protein (MVP) structural repeat domain,Vault,2.84,0.26,text 3d pdb
858,3529,1,1,1,e4v60U8,Major vault protein (MVP) structural repeat domain,Vault,2.84,0.26,text 3d pdb
859,3529,1,1,1,e2zv4W31,Major vault protein (MVP) structural repeat domain,Vault,2.85,0.26,text 3d pdb
860,3529,1,1,1,e4v60W8,Major vault protein (MVP) structural repeat domain,Vault,2.85,0.26,text 3d pdb
861,389,1,1,152,e1tozA2,EGF/Laminin,hEGF_2,2.67,0.26,text 3d pdb
862,361,1,1,4,e3zqjE2,DnaJ/Hsp40 cysteine-rich domain,UvrA,4.07,0.26,text 3d pdb
863,386,1,1,223,e2eptA1,beta-beta-alpha zinc fingers,zf-C2H2_16,1.93,0.26,text 3d pdb
864,4046,1,1,2,e1yqwR7,all-beta domain in nickel-iron hydrogenase large subunit,NiFeSe_Hases_2nd,3.55,0.26,text 3d pdb
865,377,1,1,27,e1x3hA1,LIM domain-like,LIM_N_1,3.34,0.26,text 3d pdb
866,4988,1,1,4,e4gd1H2,Ribosomal protein S8 C-terminal domain,Ribosomal_S8_C,3.73,0.26,text 3d pdb
867,4988,1,1,4,e4v9dAH1,Ribosomal protein S8 C-terminal domain,Ribosomal_S8_C,3.73,0.26,text 3d pdb
868,4988,1,1,4,e3j18H2,Ribosomal protein S8 C-terminal domain,Ribosomal_S8_C,3.73,0.26,text 3d pdb
869,4988,1,1,4,e4v6tAH1,Ribosomal protein S8 C-terminal domain,Ribosomal_S8_C,3.73,0.26,text 3d pdb
870,2,1,1,45,e6oliSc1,Nucleic acid-binding proteins,Ribosomal_S28e,3.96,0.26,text 3d pdb
871,1170,1,1,2,e2jp1A1,IL8,IL8,3.56,0.26,text 3d pdb
872,3529,1,1,1,e2zv4N31,Major vault protein (MVP) structural repeat domain,Vault,3.73,0.26,text 3d pdb
873,3529,1,1,1,e4v60N8,Major vault protein (MVP) structural repeat domain,Vault,3.73,0.26,text 3d pdb
874,4046,1,1,2,e1yrqH7,all-beta domain in nickel-iron hydrogenase large subunit,NiFeSe_Hases_2nd,3.36,0.26,text 3d pdb
875,390,1,1,11,e2yioB2,Hairpin loop containing domain-like,EUF08730,3.28,0.26,text 3d pdb
876,375,1,2,1,e2ji2D2,Desulforedoxin,Desulfoferrod_N,3.15,0.26,text 3d pdb
877,4046,1,1,2,e4ue6Q1,all-beta domain in nickel-iron hydrogenase large subunit,NiFeSe_Hases_2nd,3.59,0.26,text 3d pdb
878,375,1,1,24,e6mtdm1,Rubredoxin-related,Ribosomal_L40e,3.74,0.26,text 3d pdb
879,223,1,1,28,e3t4lA2,sensor domains,EUF08492,3.55,0.26,text 3d pdb
880,4046,1,1,2,e4ueqU3,all-beta domain in nickel-iron hydrogenase large subunit,NiFeSe_Hases_2nd,3.43,0.25,text 3d pdb
881,4046,1,1,2,e5xvdM2,all-beta domain in nickel-iron hydrogenase large subunit,NiFeSe_Hases_2nd,3.67,0.25,text 3d pdb
882,387,1,1,14,e2dcwA1,omega toxin-related,Tachystatin_B,3.46,0.25,text 3d pdb
883,3529,1,1,1,e2zuoA3,Major vault protein (MVP) structural repeat domain,Vault,2.63,0.25,text 3d pdb
884,3529,1,1,1,e4v60A9,Major vault protein (MVP) structural repeat domain,Vault,2.63,0.25,text 3d pdb
885,387,1,2,3,e4z8iA2,Plant lectins/antimicrobial peptides,Chitin_bind_1_1,3.42,0.25,text 3d pdb
886,4012,1,1,2,e5zadA2,SSHS domain in type II DNA topoisomerase,TOPRIM_C,3.50,0.25,text 3d pdb
887,919,1,1,1,e3kit91,Ribosomal protein L36,Ribosomal_L36,2.34,0.25,text 3d pdb
888,919,1,1,1,e4v7jB91,Ribosomal protein L36,Ribosomal_L36,2.34,0.25,text 3d pdb
889,919,1,1,1,e1vxn91,Ribosomal protein L36,Ribosomal_L36,2.34,0.25,text 3d pdb
890,919,1,1,1,e4lskY91,Ribosomal protein L36,Ribosomal_L36,2.34,0.25,text 3d pdb
891,919,1,1,1,e1vxt91,Ribosomal protein L36,Ribosomal_L36,2.34,0.25,text 3d pdb
892,919,1,1,1,e4lt8Y91,Ribosomal protein L36,Ribosomal_L36,2.34,0.25,text 3d pdb
893,919,1,1,1,e1vvo91,Ribosomal protein L36,Ribosomal_L36,2.34,0.25,text 3d pdb
894,919,1,1,1,e4l47Y91,Ribosomal protein L36,Ribosomal_L36,2.34,0.25,text 3d pdb
895,919,1,1,1,e1vvw91,Ribosomal protein L36,Ribosomal_L36,2.34,0.25,text 3d pdb
896,919,1,1,1,e4lelY91,Ribosomal protein L36,Ribosomal_L36,2.34,0.25,text 3d pdb
897,919,1,1,1,e1vw091,Ribosomal protein L36,Ribosomal_L36,2.34,0.25,text 3d pdb
898,919,1,1,1,e4lfzY91,Ribosomal protein L36,Ribosomal_L36,2.34,0.25,text 3d pdb
899,919,1,1,1,e1vvs91,Ribosomal protein L36,Ribosomal_L36,2.34,0.25,text 3d pdb
900,919,1,1,1,e4l71Y91,Ribosomal protein L36,Ribosomal_L36,2.34,0.25,text 3d pdb
901,919,1,1,1,e1vvu91,Ribosomal protein L36,Ribosomal_L36,2.35,0.25,text 3d pdb
902,919,1,1,1,e4lelR91,Ribosomal protein L36,Ribosomal_L36,2.35,0.25,text 3d pdb
903,3529,1,1,1,e2zv4X30,Major vault protein (MVP) structural repeat domain,Vault,2.66,0.25,text 3d pdb
904,3529,1,1,1,e4v60X9,Major vault protein (MVP) structural repeat domain,Vault,2.66,0.25,text 3d pdb
905,919,1,1,1,e1vvq91,Ribosomal protein L36,Ribosomal_L36,2.35,0.25,text 3d pdb
906,919,1,1,1,e4l71R91,Ribosomal protein L36,Ribosomal_L36,2.35,0.25,text 3d pdb
907,919,1,1,1,e1vvm91,Ribosomal protein L36,Ribosomal_L36,2.35,0.25,text 3d pdb
908,919,1,1,1,e4l47R91,Ribosomal protein L36,Ribosomal_L36,2.35,0.25,text 3d pdb
909,919,1,1,1,e1vxq91,Ribosomal protein L36,Ribosomal_L36,2.35,0.25,text 3d pdb
910,919,1,1,1,e4lt8R91,Ribosomal protein L36,Ribosomal_L36,2.35,0.25,text 3d pdb
911,919,1,1,1,e1vvy91,Ribosomal protein L36,Ribosomal_L36,2.35,0.25,text 3d pdb
912,240,1,1,6,e4wsmD51,Ribosomal protein TL5/L25 C-terminal domain-related,Ribosomal_TL5_C,3.47,0.25,text 3d pdb
913,359,1,1,1,e1tx6I2,Bowman-Birk inhibitor BBI-like,Bowman-Birk_leg,4.04,0.25,text 3d pdb
914,4046,1,1,2,e6g7mM4,all-beta domain in nickel-iron hydrogenase large subunit,NiFeSe_Hases_2nd,3.69,0.25,text 3d pdb
915,4046,1,1,2,e6en9L3,all-beta domain in nickel-iron hydrogenase large subunit,NiFeSe_Hases_2nd,4.00,0.25,text 3d pdb
916,375,1,1,5,e4c2m11,Rubredoxin-related,DNA_RNApol_7kD,3.47,0.25,text 3d pdb
917,375,1,1,5,e4c2mL1,Rubredoxin-related,DNA_RNApol_7kD,3.47,0.25,text 3d pdb
918,387,1,1,19,e2m36A1,omega toxin-related,Toxin_21,3.08,0.25,text 3d pdb
919,4046,1,1,2,e6gamL1,all-beta domain in nickel-iron hydrogenase large subunit,NiFeSe_Hases_2nd,3.41,0.25,text 3d pdb
920,4046,1,1,2,e6ganL2,all-beta domain in nickel-iron hydrogenase large subunit,NiFeSe_Hases_2nd,3.41,0.25,text 3d pdb
921,4046,1,1,2,e6ehsL1,all-beta domain in nickel-iron hydrogenase large subunit,NiFeSe_Hases_2nd,3.41,0.25,text 3d pdb
922,4,1,1,121,e4ovaA1,SH3,Agenet_like,3.41,0.25,text 3d pdb
923,4046,1,1,2,e6en9M3,all-beta domain in nickel-iron hydrogenase large subunit,NiFeSe_Hases_2nd,3.72,0.25,text 3d pdb
924,398,1,1,2,e2xcmE2,Btk/CHORD zinc fingers,CHORD,3.31,0.25,text 3d pdb
925,4046,1,1,2,e6gamM3,all-beta domain in nickel-iron hydrogenase large subunit,NiFeSe_Hases_2nd,3.72,0.25,text 3d pdb
926,3529,1,1,1,e2zv5g30,Major vault protein (MVP) structural repeat domain,Vault,2.57,0.25,text 3d pdb
927,3529,1,1,1,e4v60g9,Major vault protein (MVP) structural repeat domain,Vault,2.57,0.25,text 3d pdb
928,375,1,1,35,e5xogI2,Rubredoxin-related,TFIIS_C,4.16,0.25,text 3d pdb
929,3529,1,1,1,e3gnfB2,Major vault protein (MVP) structural repeat domain,Vault,2.69,0.25,text 3d pdb
930,2,4,1,,e1oxvB3,MOP-like,F_UNCLASSIFIED,3.35,0.25,text 3d pdb
931,3529,1,1,1,e2zv5f30,Major vault protein (MVP) structural repeat domain,Vault,2.58,0.24,text 3d pdb
932,3529,1,1,1,e4v60f9,Major vault protein (MVP) structural repeat domain,Vault,2.58,0.24,text 3d pdb
933,4046,1,1,2,e4upvR4,all-beta domain in nickel-iron hydrogenase large subunit,NiFeSe_Hases_2nd,3.71,0.24,text 3d pdb
934,4046,1,1,2,e4uqpR4,all-beta domain in nickel-iron hydrogenase large subunit,NiFeSe_Hases_2nd,3.71,0.24,text 3d pdb
935,4046,1,1,2,e4ueqR3,all-beta domain in nickel-iron hydrogenase large subunit,NiFeSe_Hases_2nd,4.09,0.24,text 3d pdb
936,389,1,1,152,e4xl1A2,EGF/Laminin,hEGF_2,2.80,0.24,text 3d pdb
937,386,1,1,43,e1u85A1,beta-beta-alpha zinc fingers,zf-C2H2_12,1.80,0.24,text 3d pdb
938,919,1,1,1,e6gb2B91,Ribosomal protein L36,Ribosomal_L36,2.50,0.24,text 3d pdb
939,4046,1,1,2,e4uewR1,all-beta domain in nickel-iron hydrogenase large subunit,NiFeSe_Hases_2nd,3.88,0.24,text 3d pdb
940,4987,1,1,2,e4xejBL311,Ribosomal protein L31p,Ribosomal_L31,2.68,0.24,text 3d pdb
941,4987,1,1,2,e3f1h41,Ribosomal protein L31p,Ribosomal_L31,2.69,0.24,text 3d pdb
942,4987,1,1,2,e4v67D41,Ribosomal protein L31p,Ribosomal_L31,2.69,0.24,text 3d pdb
943,4987,1,1,2,e3f1f41,Ribosomal protein L31p,Ribosomal_L31,2.69,0.24,text 3d pdb
944,4987,1,1,2,e4v67B41,Ribosomal protein L31p,Ribosomal_L31,2.69,0.24,text 3d pdb
945,6173,1,1,3,e6cufd3,V1/V2 domain in HIV gp120,GP120_2nd,3.98,0.24,text 3d pdb
946,6173,1,1,3,e6cufC2,V1/V2 domain in HIV gp120,GP120_2nd,3.98,0.24,text 3d pdb
947,6173,1,1,3,e6cuf22,V1/V2 domain in HIV gp120,GP120_2nd,3.98,0.24,text 3d pdb
948,377,1,1,25,e2kbxB2,LIM domain-like,LIM_N_5,2.42,0.24,text 3d pdb
949,211,1,1,20,e1npbD1,Glyoxalase/Bleomycin resistance protein/Dihydroxybiphenyl dioxygenase,Glyoxalase_9,3.88,0.24,text 3d pdb
950,211,1,1,20,e1npbF1,Glyoxalase/Bleomycin resistance protein/Dihydroxybiphenyl dioxygenase,Glyoxalase_9,3.90,0.24,text 3d pdb
951,919,1,1,1,e1vw401,Ribosomal protein L36,Ribosomal_L36,2.96,0.24,text 3d pdb
952,919,1,1,1,e3j6b01,Ribosomal protein L36,Ribosomal_L36,2.96,0.24,text 3d pdb
953,389,1,3,31,e2aw2B2,TNF receptor-like,TNFRSF14,3.42,0.24,text 3d pdb
954,375,1,1,259,e4woiC11,Rubredoxin-related,Ribosomal_L33,3.51,0.24,text 3d pdb
955,3529,1,1,1,e2zuoE30,Major vault protein (MVP) structural repeat domain,Vault,3.34,0.24,text 3d pdb
956,3529,1,1,1,e4v60E9,Major vault protein (MVP) structural repeat domain,Vault,3.34,0.24,text 3d pdb
957,4046,1,1,2,e4ucqQ1,all-beta domain in nickel-iron hydrogenase large subunit,NiFeSe_Hases_2nd,3.94,0.24,text 3d pdb
958,919,1,1,1,e4wap41,Ribosomal protein L36,Ribosomal_L36,2.50,0.24,text 3d pdb
959,919,1,1,1,e4wf1B41,Ribosomal protein L36,Ribosomal_L36,2.50,0.24,text 3d pdb
960,386,1,1,37,e5k5hA1,beta-beta-alpha zinc fingers,zf-C2H2_15,1.98,0.24,text 3d pdb
961,919,1,1,1,e4v97D91,Ribosomal protein L36,Ribosomal_L36,2.55,0.24,text 3d pdb
962,4046,1,1,2,e3curH1,all-beta domain in nickel-iron hydrogenase large subunit,NiFeSe_Hases_2nd,3.63,0.24,text 3d pdb
963,919,1,1,1,e2wh291,Ribosomal protein L36,Ribosomal_L36,2.56,0.23,text 3d pdb
964,919,1,1,1,e4v5eB91,Ribosomal protein L36,Ribosomal_L36,2.56,0.23,text 3d pdb
965,919,1,1,1,e2wh491,Ribosomal protein L36,Ribosomal_L36,2.56,0.23,text 3d pdb
966,919,1,1,1,e4v5eD91,Ribosomal protein L36,Ribosomal_L36,2.56,0.23,text 3d pdb
967,389,1,3,6,e1du3G2,TNF receptor-like,TNFR_c6_1,2.80,0.23,text 3d pdb
968,919,1,1,1,e4peb41,Ribosomal protein L36,Ribosomal_L36,2.52,0.23,text 3d pdb
969,919,1,1,1,e4u1uB41,Ribosomal protein L36,Ribosomal_L36,2.52,0.23,text 3d pdb
970,4050,1,1,6,e3aa7B2,beta-barrel domain in Capz,F_actin_cap_B_2nd,3.88,0.23,text 3d pdb
971,919,1,1,1,e5mre01,Ribosomal protein L36,Ribosomal_L36,2.58,0.23,text 3d pdb
972,919,1,1,1,e5mrc01,Ribosomal protein L36,Ribosomal_L36,2.52,0.23,text 3d pdb
973,919,1,1,1,e5mrf01,Ribosomal protein L36,Ribosomal_L36,2.52,0.23,text 3d pdb
974,64,1,1,1,e1i5hW1,WW domain,WW,4.15,0.23,text 3d pdb
975,919,1,1,1,e4tp541,Ribosomal protein L36,Ribosomal_L36,2.53,0.23,text 3d pdb
976,919,1,1,1,e4u25B41,Ribosomal protein L36,Ribosomal_L36,2.53,0.23,text 3d pdb
977,4046,1,1,2,e3cusQ1,all-beta domain in nickel-iron hydrogenase large subunit,NiFeSe_Hases_2nd,3.65,0.23,text 3d pdb
978,389,1,1,26,e5wb7F1,EGF/Laminin,EGF_1,3.94,0.23,text 3d pdb
979,386,1,1,30,e5aazA1,beta-beta-alpha zinc fingers,zf-C2H2_4_like_2,2.09,0.23,text 3d pdb
980,4046,1,1,2,e5jskB1,all-beta domain in nickel-iron hydrogenase large subunit,NiFeSe_Hases_2nd,3.10,0.23,text 3d pdb
981,4056,1,1,7,e2jesK1,Barrel domain in upper collar protein,Phage_prot_Gp6_1st,3.33,0.23,text 3d pdb
982,4046,1,1,2,e5jshB2,all-beta domain in nickel-iron hydrogenase large subunit,NiFeSe_Hases_2nd,3.10,0.23,text 3d pdb
983,4046,1,1,2,e4ucqR2,all-beta domain in nickel-iron hydrogenase large subunit,NiFeSe_Hases_2nd,4.25,0.23,text 3d pdb
984,375,1,1,31,e6bd4A1,Rubredoxin-related,Rubredoxin,3.88,0.23,text 3d pdb
985,4046,1,1,2,e2wpnB1,all-beta domain in nickel-iron hydrogenase large subunit,NiFeSe_Hases_2nd,3.46,0.23,text 3d pdb
986,4046,1,1,2,e5jt1B2,all-beta domain in nickel-iron hydrogenase large subunit,NiFeSe_Hases_2nd,3.10,0.23,text 3d pdb
987,919,1,1,1,e3j5w81,Ribosomal protein L36,Ribosomal_L36,2.46,0.23,text 3d pdb
988,919,1,1,1,e4v7dA81,Ribosomal protein L36,Ribosomal_L36,2.46,0.23,text 3d pdb
989,919,1,1,1,e3j5u71,Ribosomal protein L36,Ribosomal_L36,2.46,0.23,text 3d pdb
990,919,1,1,1,e4v7cB71,Ribosomal protein L36,Ribosomal_L36,2.46,0.23,text 3d pdb
991,4056,1,1,7,e2jesW1,Barrel domain in upper collar protein,Phage_prot_Gp6_1st,3.34,0.23,text 3d pdb
992,4046,1,1,2,e3ze9B1,all-beta domain in nickel-iron hydrogenase large subunit,NiFeSe_Hases_2nd,3.42,0.23,text 3d pdb
993,4046,1,1,2,e5jsuB2,all-beta domain in nickel-iron hydrogenase large subunit,NiFeSe_Hases_2nd,3.09,0.22,text 3d pdb
994,4046,1,1,2,e3curI1,all-beta domain in nickel-iron hydrogenase large subunit,NiFeSe_Hases_2nd,4.28,0.22,text 3d pdb
995,919,1,1,1,e6gawB91,Ribosomal protein L36,Ribosomal_L36,2.76,0.22,text 3d pdb
996,386,1,1,51,e3hcuA2,beta-beta-alpha zinc fingers,zf-RAG1_like,2.46,0.22,text 3d pdb
997,3853,1,1,4,e5ikzA6,Oxalate Biosynthetic Component A (ObcA) insertion domains,EUF08460,2.61,0.22,text 3d pdb
998,375,1,1,24,e6hcqm31,Rubredoxin-related,Ribosomal_L40e,4.12,0.21,text 3d pdb
999,375,1,1,24,e6hcjm31,Rubredoxin-related,Ribosomal_L40e,4.12,0.21,text 3d pdb
1000,383,1,1,4,e1fd4H1,Defensin-related,Defensin_beta,3.60,0.21,text 3d pdb