#,C,A,T,H,s35,CATH Domain,Topology,Superfamily,RMSD,TM-Score,TM-Align
1,4,10,87,10,2,3s24D02,mRNA Capping Enzyme; Chain,mRNA Capping Enzyme; domain 3,3.26,0.36,text 3d pdb
2,3,30,60,20,1,2qqeB02,Wheat Germ Agglutinin (Isolectin 2); domain 1,,2.77,0.36,text 3d pdb
3,3,30,60,20,1,2orwA02,Wheat Germ Agglutinin (Isolectin 2); domain 1,,3.12,0.35,text 3d pdb
4,3,30,60,20,1,2qq0B02,Wheat Germ Agglutinin (Isolectin 2); domain 1,,3.14,0.35,text 3d pdb
5,3,30,60,20,1,2qqeA02,Wheat Germ Agglutinin (Isolectin 2); domain 1,,3.34,0.34,text 3d pdb
6,3,30,60,20,5,4uxjH02,Wheat Germ Agglutinin (Isolectin 2); domain 1,,3.51,0.34,text 3d pdb
7,3,30,60,20,1,2qq0A02,Wheat Germ Agglutinin (Isolectin 2); domain 1,,3.34,0.34,text 3d pdb
8,2,20,25,520,1,4rvhA01,N-terminal domain of TfIIb,,3.09,0.34,text 3d pdb
9,2,20,25,520,1,4rvgA01,N-terminal domain of TfIIb,,3.09,0.34,text 3d pdb
10,2,20,25,520,1,4rvfA01,N-terminal domain of TfIIb,,3.08,0.34,text 3d pdb
11,2,20,25,520,1,4rv9A01,N-terminal domain of TfIIb,,3.08,0.34,text 3d pdb
12,4,10,87,10,2,3s24B02,mRNA Capping Enzyme; Chain,mRNA Capping Enzyme; domain 3,3.12,0.33,text 3d pdb
13,3,30,60,20,1,2orwB02,Wheat Germ Agglutinin (Isolectin 2); domain 1,,3.31,0.33,text 3d pdb
14,1,20,5,1240,1,3gw6A02,Single alpha-helices involved in coiled-coils or other helix-helix interfaces,Endo-n-acetylneuraminidase,3.71,0.33,text 3d pdb
15,1,20,5,1240,1,3gw6F02,Single alpha-helices involved in coiled-coils or other helix-helix interfaces,Endo-n-acetylneuraminidase,3.62,0.33,text 3d pdb
16,1,10,110,40,1,2uvaG11,Hydrophobic Seed Protein,,3.78,0.32,text 3d pdb
17,1,10,110,40,1,2uvaI11,Hydrophobic Seed Protein,,3.78,0.32,text 3d pdb
18,1,10,110,40,1,2uvaJ11,Hydrophobic Seed Protein,,3.78,0.32,text 3d pdb
19,3,30,60,20,5,5fuyD02,Wheat Germ Agglutinin (Isolectin 2); domain 1,,3.48,0.32,text 3d pdb
20,3,30,60,20,5,4uxjA02,Wheat Germ Agglutinin (Isolectin 2); domain 1,,3.52,0.32,text 3d pdb
21,3,30,60,20,5,4uxjG02,Wheat Germ Agglutinin (Isolectin 2); domain 1,,2.92,0.32,text 3d pdb
22,3,30,60,20,5,4uxjB02,Wheat Germ Agglutinin (Isolectin 2); domain 1,,3.20,0.32,text 3d pdb
23,3,30,60,20,5,4uxiB02,Wheat Germ Agglutinin (Isolectin 2); domain 1,,3.14,0.32,text 3d pdb
24,3,30,60,20,5,4uxjD02,Wheat Germ Agglutinin (Isolectin 2); domain 1,,2.92,0.32,text 3d pdb
25,3,10,360,30,3,3qd6R02,Antimicrobial Peptide Beta-defensin 2; Chain A,,2.51,0.32,text 3d pdb
26,3,30,60,20,5,4uxjC02,Wheat Germ Agglutinin (Isolectin 2); domain 1,,2.93,0.32,text 3d pdb
27,2,10,70,10,13,1qgbA02,Complement Module; domain 1,Complement Module domain 1,3.49,0.32,text 3d pdb
28,1,10,10,1940,1,2md0A00,Arc Repressor Mutant subunit A,,3.64,0.32,text 3d pdb
29,3,30,60,20,5,4uxjE02,Wheat Germ Agglutinin (Isolectin 2); domain 1,,2.93,0.32,text 3d pdb
30,1,10,110,40,1,2uvaL11,Hydrophobic Seed Protein,,3.72,0.32,text 3d pdb
31,1,10,110,40,1,2uvaH11,Hydrophobic Seed Protein,,3.72,0.32,text 3d pdb
32,1,10,110,40,1,2uvaK11,Hydrophobic Seed Protein,,3.70,0.32,text 3d pdb
33,3,30,60,20,5,2orvA02,Wheat Germ Agglutinin (Isolectin 2); domain 1,,3.10,0.32,text 3d pdb
34,2,40,10,330,3,2kfwA02,Thrombin subunit H,,3.07,0.32,text 3d pdb
35,2,40,50,140,167,2awnA03,OB fold (Dihydrolipoamide Acetyltransferase E2P),Nucleic acid-binding proteins,2.80,0.32,text 3d pdb
36,3,30,60,20,5,5fuyB02,Wheat Germ Agglutinin (Isolectin 2); domain 1,,3.47,0.32,text 3d pdb
37,3,30,160,60,41,2eoqA01,Double Stranded RNA Binding Domain,Classic Zinc Finger,2.48,0.32,text 3d pdb
38,3,30,60,20,5,4uxhB02,Wheat Germ Agglutinin (Isolectin 2); domain 1,,3.39,0.32,text 3d pdb
39,4,10,87,10,2,3s24A02,mRNA Capping Enzyme; Chain,mRNA Capping Enzyme; domain 3,3.28,0.32,text 3d pdb
40,4,10,87,10,2,3s24F02,mRNA Capping Enzyme; Chain,mRNA Capping Enzyme; domain 3,3.18,0.32,text 3d pdb
41,3,30,60,20,5,1xbtA02,Wheat Germ Agglutinin (Isolectin 2); domain 1,,2.88,0.32,text 3d pdb
42,1,10,110,40,1,2uvcG11,Hydrophobic Seed Protein,,3.83,0.32,text 3d pdb
43,3,30,60,20,5,1xbtG02,Wheat Germ Agglutinin (Isolectin 2); domain 1,,3.34,0.32,text 3d pdb
44,1,10,110,40,1,2uvcH11,Hydrophobic Seed Protein,,3.83,0.32,text 3d pdb
45,1,10,110,40,1,2uvcK11,Hydrophobic Seed Protein,,3.83,0.32,text 3d pdb
46,3,30,60,20,5,4uxhA02,Wheat Germ Agglutinin (Isolectin 2); domain 1,,3.24,0.32,text 3d pdb
47,1,10,110,40,1,2uvcJ11,Hydrophobic Seed Protein,,3.83,0.32,text 3d pdb
48,1,10,110,40,1,2uvcI11,Hydrophobic Seed Protein,,3.83,0.32,text 3d pdb
49,3,30,60,20,5,2orvB02,Wheat Germ Agglutinin (Isolectin 2); domain 1,,3.11,0.32,text 3d pdb
50,3,30,60,20,5,4uxjF02,Wheat Germ Agglutinin (Isolectin 2); domain 1,,3.20,0.32,text 3d pdb
51,3,30,60,20,5,1xbtE02,Wheat Germ Agglutinin (Isolectin 2); domain 1,,3.03,0.32,text 3d pdb
52,3,30,60,20,5,1xbtC02,Wheat Germ Agglutinin (Isolectin 2); domain 1,,3.03,0.32,text 3d pdb
53,3,30,60,20,5,1xbtH02,Wheat Germ Agglutinin (Isolectin 2); domain 1,,3.03,0.32,text 3d pdb
54,3,30,60,20,5,1xbtD02,Wheat Germ Agglutinin (Isolectin 2); domain 1,,3.04,0.32,text 3d pdb
55,3,30,60,20,5,5fuyF02,Wheat Germ Agglutinin (Isolectin 2); domain 1,,3.47,0.32,text 3d pdb
56,3,30,60,20,5,5fuyA02,Wheat Germ Agglutinin (Isolectin 2); domain 1,,3.46,0.32,text 3d pdb
57,3,30,60,20,5,2wvjD02,Wheat Germ Agglutinin (Isolectin 2); domain 1,,3.03,0.32,text 3d pdb
58,3,30,60,20,5,5fuyC02,Wheat Germ Agglutinin (Isolectin 2); domain 1,,3.47,0.32,text 3d pdb
59,3,30,60,20,5,1w4rG02,Wheat Germ Agglutinin (Isolectin 2); domain 1,,3.12,0.32,text 3d pdb
60,3,30,60,20,5,1w4rC02,Wheat Germ Agglutinin (Isolectin 2); domain 1,,3.12,0.32,text 3d pdb
61,3,30,60,20,5,1xbtB02,Wheat Germ Agglutinin (Isolectin 2); domain 1,,3.10,0.31,text 3d pdb
62,3,10,360,30,4,3mi8D02,Antimicrobial Peptide Beta-defensin 2; Chain A,,2.20,0.31,text 3d pdb
63,3,30,60,20,5,2wvjA02,Wheat Germ Agglutinin (Isolectin 2); domain 1,,3.11,0.31,text 3d pdb
64,2,40,50,140,167,4khzA03,OB fold (Dihydrolipoamide Acetyltransferase E2P),Nucleic acid-binding proteins,2.85,0.31,text 3d pdb
65,3,30,160,20,10,2hhhE01,Double Stranded RNA Binding Domain,,3.36,0.31,text 3d pdb
66,3,30,60,20,5,5fuvA02,Wheat Germ Agglutinin (Isolectin 2); domain 1,,3.53,0.31,text 3d pdb
67,3,30,60,20,5,5fuxB02,Wheat Germ Agglutinin (Isolectin 2); domain 1,,3.66,0.31,text 3d pdb
68,3,30,60,20,5,5fuwB02,Wheat Germ Agglutinin (Isolectin 2); domain 1,,3.67,0.31,text 3d pdb
69,3,30,60,20,5,5fuxA02,Wheat Germ Agglutinin (Isolectin 2); domain 1,,3.20,0.31,text 3d pdb
70,2,10,70,10,23,2v8eA03,Complement Module; domain 1,Complement Module domain 1,3.16,0.31,text 3d pdb
71,4,10,87,10,1,1ckmB03,mRNA Capping Enzyme; Chain,mRNA Capping Enzyme; domain 3,3.19,0.31,text 3d pdb
72,1,10,10,2540,1,4fasF00,Arc Repressor Mutant subunit A,,3.72,0.31,text 3d pdb
73,3,30,60,20,5,5fuwA02,Wheat Germ Agglutinin (Isolectin 2); domain 1,,3.23,0.31,text 3d pdb
74,3,30,60,20,5,5fuyE02,Wheat Germ Agglutinin (Isolectin 2); domain 1,,3.20,0.31,text 3d pdb
75,2,20,28,30,3,5flmL00,Rubrerythrin domain 2,RNA polymerase ii chain L,3.11,0.31,text 3d pdb
76,3,30,60,20,5,5fuvB02,Wheat Germ Agglutinin (Isolectin 2); domain 1,,3.86,0.31,text 3d pdb
77,1,10,287,540,6,2pggA02,Helix Hairpins,Helix hairpin bin,4.46,0.31,text 3d pdb
78,2,40,50,140,167,3pv0A03,OB fold (Dihydrolipoamide Acetyltransferase E2P),Nucleic acid-binding proteins,2.88,0.31,text 3d pdb
79,2,30,30,50,5,1psfA00,SH3 type barrels.,,3.51,0.31,text 3d pdb
80,3,30,160,20,10,2qbhE01,Double Stranded RNA Binding Domain,,3.44,0.31,text 3d pdb
81,2,20,70,10,1,1nmvA01,Ubiquitin Ligase Nedd4; Chain: W;,,3.03,0.31,text 3d pdb
82,3,30,160,20,10,2qbjE01,Double Stranded RNA Binding Domain,,3.44,0.31,text 3d pdb
83,3,40,5,90,3,4f2cB00,Ribosomal Protein L9; domain 1,,2.71,0.30,text 3d pdb
84,3,30,160,20,10,3i21E01,Double Stranded RNA Binding Domain,,3.36,0.30,text 3d pdb
85,3,40,5,90,3,4f2cA00,Ribosomal Protein L9; domain 1,,2.92,0.30,text 3d pdb
86,3,30,60,20,5,2wvjG02,Wheat Germ Agglutinin (Isolectin 2); domain 1,,2.97,0.30,text 3d pdb
87,2,30,30,550,3,3gnfB07,SH3 type barrels.,,2.55,0.30,text 3d pdb
88,2,20,28,70,1,2ayjA00,Rubrerythrin domain 2,,2.83,0.30,text 3d pdb
89,2,20,25,520,1,4rvdA01,N-terminal domain of TfIIb,,3.70,0.30,text 3d pdb
90,2,20,28,30,1,1twgL00,Rubrerythrin domain 2,RNA polymerase ii chain L,3.16,0.30,text 3d pdb
91,3,30,160,20,10,2vhpE01,Double Stranded RNA Binding Domain,,3.29,0.30,text 3d pdb
92,2,10,60,10,16,1fssB00,CD59,CD59,3.08,0.30,text 3d pdb
93,3,30,30,10,5,1mr4A00,Defensin A-like,Knottin scorpion toxin-like,1.47,0.30,text 3d pdb
94,2,20,28,30,1,5m5xL00,Rubrerythrin domain 2,RNA polymerase ii chain L,2.69,0.30,text 3d pdb
95,3,30,30,10,5,4cqkL00,Defensin A-like,Knottin scorpion toxin-like,3.06,0.30,text 3d pdb
96,2,40,50,140,167,4khzB03,OB fold (Dihydrolipoamide Acetyltransferase E2P),Nucleic acid-binding proteins,2.85,0.30,text 3d pdb
97,2,20,25,10,27,1pftA00,N-terminal domain of TfIIb,,2.77,0.30,text 3d pdb
98,3,30,30,10,5,4cqkK00,Defensin A-like,Knottin scorpion toxin-like,3.07,0.30,text 3d pdb
99,3,30,30,10,5,4cqkN00,Defensin A-like,Knottin scorpion toxin-like,3.05,0.30,text 3d pdb
100,2,40,50,140,216,1ne3A00,OB fold (Dihydrolipoamide Acetyltransferase E2P),Nucleic acid-binding proteins,3.14,0.30,text 3d pdb
101,3,30,30,10,5,5kk4C00,Defensin A-like,Knottin scorpion toxin-like,2.08,0.30,text 3d pdb
102,2,20,28,30,1,4y52L00,Rubrerythrin domain 2,RNA polymerase ii chain L,3.44,0.30,text 3d pdb
103,3,30,60,20,5,1w4rF02,Wheat Germ Agglutinin (Isolectin 2); domain 1,,2.81,0.30,text 3d pdb
104,3,30,160,20,10,3ofpE01,Double Stranded RNA Binding Domain,,3.25,0.30,text 3d pdb
105,2,20,28,30,1,4y7nL00,Rubrerythrin domain 2,RNA polymerase ii chain L,2.90,0.30,text 3d pdb
106,3,30,30,10,5,4cqkD00,Defensin A-like,Knottin scorpion toxin-like,3.11,0.30,text 3d pdb
107,2,20,70,10,19,1i5hW00,Ubiquitin Ligase Nedd4; Chain: W;,,3.58,0.30,text 3d pdb
108,2,10,110,30,1,3nisA01,Cysteine Rich Protein,,2.79,0.30,text 3d pdb
109,3,40,1620,50,1,4l09D00,YefM-like fold,,3.37,0.30,text 3d pdb
110,2,30,30,1090,1,1vsaS01,SH3 type barrels.,,4.02,0.29,text 3d pdb
111,3,40,1620,50,1,4ui4D00,YefM-like fold,,3.71,0.29,text 3d pdb
112,3,30,60,20,5,1w4rB02,Wheat Germ Agglutinin (Isolectin 2); domain 1,,3.28,0.29,text 3d pdb
113,3,30,30,10,5,4cqkC00,Defensin A-like,Knottin scorpion toxin-like,3.09,0.29,text 3d pdb
114,3,30,30,10,5,4cqkB00,Defensin A-like,Knottin scorpion toxin-like,3.10,0.29,text 3d pdb
115,2,20,28,230,2,3iu3I02,Rubrerythrin domain 2,,3.39,0.29,text 3d pdb
116,3,30,30,10,5,4cqkG00,Defensin A-like,Knottin scorpion toxin-like,3.09,0.29,text 3d pdb
117,3,40,1620,50,1,4hkkD00,YefM-like fold,,3.39,0.29,text 3d pdb
118,3,30,2050,10,1,3jcuO02,photosynthetic oxygen evolving center fold,photosynthetic oxygen evolving center domain,3.31,0.29,text 3d pdb
119,3,30,2050,10,1,3jcuo02,photosynthetic oxygen evolving center fold,photosynthetic oxygen evolving center domain,3.31,0.29,text 3d pdb
120,3,40,1620,50,1,5adsB00,YefM-like fold,,3.40,0.29,text 3d pdb
121,3,40,1620,50,1,4l0iD00,YefM-like fold,,3.38,0.29,text 3d pdb
122,3,30,30,10,5,4cqkF00,Defensin A-like,Knottin scorpion toxin-like,3.09,0.29,text 3d pdb
123,2,10,110,30,1,3nilA01,Cysteine Rich Protein,,2.82,0.29,text 3d pdb
124,3,30,160,20,10,4gaqE01,Double Stranded RNA Binding Domain,,3.42,0.29,text 3d pdb
125,3,40,1620,50,1,4l0sD00,YefM-like fold,,3.38,0.29,text 3d pdb
126,2,30,30,550,1,3gngA05,SH3 type barrels.,,3.31,0.29,text 3d pdb
127,3,30,2050,10,1,5gthO02,photosynthetic oxygen evolving center fold,photosynthetic oxygen evolving center domain,2.94,0.29,text 3d pdb
128,2,20,100,10,5,1vexA00,TSP-1 type 1 repeat,Thrombospondin type-1 (TSP1) repeat,3.19,0.29,text 3d pdb
129,2,10,69,10,2,2g81I00,Cysteine Protease (Bromelain) Inhibitor subunit H,Cysteine Protease (Bromelain) Inhibitor subunit H,3.83,0.29,text 3d pdb
130,3,30,30,10,5,4cqkI00,Defensin A-like,Knottin scorpion toxin-like,3.08,0.29,text 3d pdb
131,3,40,1620,50,1,4ui3D00,YefM-like fold,,3.38,0.29,text 3d pdb
132,2,20,70,10,3,2djyA01,Ubiquitin Ligase Nedd4; Chain: W;,,3.28,0.29,text 3d pdb
133,2,10,110,30,1,3nisB01,Cysteine Rich Protein,,2.82,0.29,text 3d pdb
134,3,30,30,130,1,3qi7A03,Defensin A-like,,3.16,0.29,text 3d pdb
135,3,40,1620,50,1,4l2gD00,YefM-like fold,,3.39,0.29,text 3d pdb
136,3,40,1620,50,1,4hlfD00,YefM-like fold,,3.49,0.29,text 3d pdb
137,3,40,1620,50,1,4hkkB00,YefM-like fold,,3.42,0.29,text 3d pdb
138,2,40,50,140,191,4bpp100,OB fold (Dihydrolipoamide Acetyltransferase E2P),Nucleic acid-binding proteins,3.25,0.29,text 3d pdb
139,2,40,50,140,191,4bpe100,OB fold (Dihydrolipoamide Acetyltransferase E2P),Nucleic acid-binding proteins,3.25,0.29,text 3d pdb
140,3,40,1620,50,1,4l2kC00,YefM-like fold,,3.46,0.29,text 3d pdb
141,2,40,50,140,191,4bpo100,OB fold (Dihydrolipoamide Acetyltransferase E2P),Nucleic acid-binding proteins,3.25,0.29,text 3d pdb
142,2,10,110,30,1,3nikA01,Cysteine Rich Protein,,2.82,0.29,text 3d pdb
143,2,40,50,140,191,4bpn100,OB fold (Dihydrolipoamide Acetyltransferase E2P),Nucleic acid-binding proteins,3.25,0.29,text 3d pdb
144,3,30,30,10,5,5kk4A00,Defensin A-like,Knottin scorpion toxin-like,2.50,0.29,text 3d pdb
145,3,40,1620,50,1,4l34D00,YefM-like fold,,3.38,0.29,text 3d pdb
146,3,30,160,20,10,2i2uE01,Double Stranded RNA Binding Domain,,3.06,0.29,text 3d pdb
147,3,40,1620,50,1,4hlhC00,YefM-like fold,,3.44,0.29,text 3d pdb
148,3,30,30,130,1,3qi7B03,Defensin A-like,,3.14,0.29,text 3d pdb
149,1,20,5,420,7,4bxlB00,Single alpha-helices involved in coiled-coils or other helix-helix interfaces,Immunoglobulin FC subunit C,3.44,0.29,text 3d pdb
150,3,30,30,10,5,4cqkH00,Defensin A-like,Knottin scorpion toxin-like,3.10,0.29,text 3d pdb
151,3,40,1620,50,1,4l2fD00,YefM-like fold,,3.39,0.29,text 3d pdb
152,3,30,30,10,5,4cqkA00,Defensin A-like,Knottin scorpion toxin-like,3.09,0.29,text 3d pdb
153,2,10,110,30,1,3nimA01,Cysteine Rich Protein,,2.83,0.29,text 3d pdb
154,3,40,1620,50,1,4l10D00,YefM-like fold,,3.39,0.29,text 3d pdb
155,3,40,1620,50,1,4hlhD00,YefM-like fold,,3.39,0.29,text 3d pdb
156,3,40,1620,50,1,4l0bD00,YefM-like fold,,3.50,0.29,text 3d pdb
157,3,40,1620,50,1,4ui8D00,YefM-like fold,,3.42,0.29,text 3d pdb
158,3,40,1620,50,1,4l0tC00,YefM-like fold,,3.47,0.29,text 3d pdb
159,3,30,2050,10,1,2axto02,photosynthetic oxygen evolving center fold,photosynthetic oxygen evolving center domain,2.96,0.29,text 3d pdb
160,3,30,70,2270,1,1xezA03,Alpha-Beta Plaits,,4.25,0.29,text 3d pdb
161,3,30,30,10,5,5kk4B00,Defensin A-like,Knottin scorpion toxin-like,2.52,0.29,text 3d pdb
162,3,30,2050,10,1,2axtO02,photosynthetic oxygen evolving center fold,photosynthetic oxygen evolving center domain,2.97,0.29,text 3d pdb
163,3,40,1620,50,1,4hknC00,YefM-like fold,,3.41,0.29,text 3d pdb
164,3,40,1620,50,1,4hl5C00,YefM-like fold,,3.42,0.29,text 3d pdb
165,3,30,30,10,5,5kk4E00,Defensin A-like,Knottin scorpion toxin-like,2.70,0.29,text 3d pdb
166,2,60,40,2940,1,3hkzA06,Immunoglobulin-like,,3.92,0.29,text 3d pdb
167,2,10,70,20,1,3ci0J02,Complement Module; domain 1,gspk-gspi-gspj complex like domains,3.77,0.29,text 3d pdb
168,3,40,1620,50,1,4kzuC00,YefM-like fold,,3.46,0.29,text 3d pdb
169,2,20,28,30,1,3h0gX00,Rubrerythrin domain 2,RNA polymerase ii chain L,2.97,0.29,text 3d pdb
170,2,20,28,30,1,3h0gL00,Rubrerythrin domain 2,RNA polymerase ii chain L,2.97,0.29,text 3d pdb
171,3,40,1620,50,1,4l31D00,YefM-like fold,,3.12,0.29,text 3d pdb
172,3,40,1620,50,1,4ui6D00,YefM-like fold,,3.51,0.29,text 3d pdb
173,2,20,28,10,9,2k2dA00,Rubrerythrin domain 2,,3.42,0.29,text 3d pdb
174,3,40,5,90,3,4ezfB00,Ribosomal Protein L9; domain 1,,3.10,0.29,text 3d pdb
175,3,30,160,450,1,4dmiB01,Double Stranded RNA Binding Domain,,3.78,0.29,text 3d pdb
176,3,40,1620,50,1,4ui5D00,YefM-like fold,,3.12,0.29,text 3d pdb
177,4,10,1260,10,1,1al0B00,Scaffolding protein gpD of bacteriophage procapsid fold,Scaffolding protein gpD of bacteriophage procapsid,3.98,0.29,text 3d pdb
178,3,40,1620,50,1,4l0vD00,YefM-like fold,,3.39,0.29,text 3d pdb
179,3,40,1620,50,1,4l31C00,YefM-like fold,,3.45,0.29,text 3d pdb
180,2,10,250,10,1,3rg0A02,Calnexin lumenal domain non-globular proline-rich hairpin domain,Calreticulin/calnexin P domain,3.91,0.29,text 3d pdb
181,2,20,28,30,1,3po2L00,Rubrerythrin domain 2,RNA polymerase ii chain L,2.84,0.29,text 3d pdb
182,3,30,30,10,5,4cqkE00,Defensin A-like,Knottin scorpion toxin-like,3.11,0.29,text 3d pdb
183,3,40,1620,50,1,4hlkD00,YefM-like fold,,3.49,0.29,text 3d pdb
184,2,60,40,2940,1,3hkzI06,Immunoglobulin-like,,3.93,0.29,text 3d pdb
185,1,10,1620,10,2,4ukjc00,Atp Synthase Epsilon Chain; Chain: I;,Ribosomal protein L39e,3.97,0.29,text 3d pdb
186,3,40,1620,50,1,4uvpD00,YefM-like fold,,3.51,0.29,text 3d pdb
187,3,30,2050,10,1,4pj0o02,photosynthetic oxygen evolving center fold,photosynthetic oxygen evolving center domain,3.40,0.29,text 3d pdb
188,2,10,60,10,16,1fscA00,CD59,CD59,3.27,0.29,text 3d pdb
189,3,30,210,10,2,4m9nA04,Beta Polymerase; domain 3,DNA polymerase thumb domain,3.98,0.29,text 3d pdb
190,3,30,30,10,5,4cqkM00,Defensin A-like,Knottin scorpion toxin-like,3.13,0.29,text 3d pdb
191,1,20,890,40,1,2cb9A02,cAMP-dependent Protein Kinase Chain A,,3.85,0.29,text 3d pdb
192,2,30,30,40,38,3tvtA01,SH3 type barrels.,SH3 Domains,3.11,0.29,text 3d pdb
193,3,40,1620,50,1,4ui7C00,YefM-like fold,,3.55,0.29,text 3d pdb
194,3,30,60,30,4,1mt1K00,Wheat Germ Agglutinin (Isolectin 2); domain 1,,3.58,0.29,text 3d pdb
195,2,40,50,140,167,2awnD03,OB fold (Dihydrolipoamide Acetyltransferase E2P),Nucleic acid-binding proteins,3.21,0.29,text 3d pdb
196,2,20,28,30,1,3s15L00,Rubrerythrin domain 2,RNA polymerase ii chain L,3.01,0.29,text 3d pdb
197,3,40,1620,50,1,4l09C00,YefM-like fold,,3.55,0.29,text 3d pdb
198,2,20,28,30,1,2e2hL00,Rubrerythrin domain 2,RNA polymerase ii chain L,3.06,0.29,text 3d pdb
199,3,40,1620,50,1,4l0sC00,YefM-like fold,,3.56,0.29,text 3d pdb
200,3,30,1490,190,1,4lmyA02,Dna Ligase; domain 1,,3.57,0.29,text 3d pdb
201,2,10,69,10,2,1d6rI00,Cysteine Protease (Bromelain) Inhibitor subunit H,Cysteine Protease (Bromelain) Inhibitor subunit H,3.99,0.29,text 3d pdb
202,3,40,1620,50,1,4kzuD00,YefM-like fold,,3.50,0.29,text 3d pdb
203,3,40,1620,50,1,4l33C00,YefM-like fold,,3.56,0.29,text 3d pdb
204,3,30,30,10,5,5kk4D00,Defensin A-like,Knottin scorpion toxin-like,3.07,0.29,text 3d pdb
205,2,20,28,30,1,4a3mL00,Rubrerythrin domain 2,RNA polymerase ii chain L,2.90,0.29,text 3d pdb
206,2,10,110,30,1,3nimB01,Cysteine Rich Protein,,2.82,0.29,text 3d pdb
207,3,40,1620,50,1,4ui6C00,YefM-like fold,,3.55,0.29,text 3d pdb
208,3,40,1620,50,1,4uvpB00,YefM-like fold,,3.53,0.29,text 3d pdb
209,3,40,1620,50,1,4l33D00,YefM-like fold,,3.44,0.29,text 3d pdb
210,1,10,110,40,1,2uvcL11,Hydrophobic Seed Protein,,3.49,0.29,text 3d pdb
211,3,40,1620,50,1,4l2gC00,YefM-like fold,,3.54,0.29,text 3d pdb
212,3,40,970,50,1,3pmqA02,Ribonuclease HI; Chain A,,4.03,0.29,text 3d pdb
213,2,20,28,30,1,3m4oL00,Rubrerythrin domain 2,RNA polymerase ii chain L,3.16,0.29,text 3d pdb
214,2,10,110,30,1,3nikB01,Cysteine Rich Protein,,2.82,0.29,text 3d pdb
215,3,30,230,10,44,4gaqE02,Ribosomal Protein S5; domain 2,,3.69,0.29,text 3d pdb
216,2,30,30,280,1,2derB02,SH3 type barrels.,Adenine nucleotide alpha hydrolases-like domains,3.29,0.29,text 3d pdb
217,3,30,2050,10,1,5b5eo02,photosynthetic oxygen evolving center fold,photosynthetic oxygen evolving center domain,2.97,0.28,text 3d pdb
218,3,40,1620,50,1,4ui5C00,YefM-like fold,,3.56,0.28,text 3d pdb
219,3,30,160,20,10,3r8nE01,Double Stranded RNA Binding Domain,,3.57,0.28,text 3d pdb
220,3,30,160,20,10,4gd1E01,Double Stranded RNA Binding Domain,,3.57,0.28,text 3d pdb
221,4,10,1280,10,1,1e1hB02,Metalloproteases ("zincins") catalytic domain fold,Clostridium neurotoxins,3.73,0.28,text 3d pdb
222,2,20,70,10,12,3le4A00,Ubiquitin Ligase Nedd4; Chain: W;,,3.54,0.28,text 3d pdb
223,2,20,28,30,1,3gtkL00,Rubrerythrin domain 2,RNA polymerase ii chain L,3.07,0.28,text 3d pdb
224,3,30,2050,10,1,3arcO02,photosynthetic oxygen evolving center fold,photosynthetic oxygen evolving center domain,3.43,0.28,text 3d pdb
225,3,30,2050,10,1,5e79o02,photosynthetic oxygen evolving center fold,photosynthetic oxygen evolving center domain,2.96,0.28,text 3d pdb
226,2,20,28,30,1,3m3yL00,Rubrerythrin domain 2,RNA polymerase ii chain L,2.86,0.28,text 3d pdb
227,3,30,160,20,10,2qalE01,Double Stranded RNA Binding Domain,,3.07,0.28,text 3d pdb
228,2,20,25,10,9,1x3zA04,N-terminal domain of TfIIb,,3.13,0.28,text 3d pdb
229,2,20,28,30,1,3k7aL00,Rubrerythrin domain 2,RNA polymerase ii chain L,2.94,0.28,text 3d pdb
230,3,40,1620,50,1,4ui3C00,YefM-like fold,,3.53,0.28,text 3d pdb
231,3,30,30,10,5,4uj0B00,Defensin A-like,Knottin scorpion toxin-like,2.72,0.28,text 3d pdb
232,3,40,1620,50,1,4hlgC00,YefM-like fold,,3.57,0.28,text 3d pdb
233,4,10,1280,10,1,1e1hD02,Metalloproteases ("zincins") catalytic domain fold,Clostridium neurotoxins,3.73,0.28,text 3d pdb
234,2,20,25,90,4,3ir7A03,N-terminal domain of TfIIb,ADC-like domains,3.77,0.28,text 3d pdb
235,2,10,110,30,1,3nisD01,Cysteine Rich Protein,,2.67,0.28,text 3d pdb
236,2,20,28,30,1,2nvqL00,Rubrerythrin domain 2,RNA polymerase ii chain L,3.06,0.28,text 3d pdb
237,2,20,28,30,1,5ip9L00,Rubrerythrin domain 2,RNA polymerase ii chain L,3.33,0.28,text 3d pdb
238,2,10,110,30,1,3nilB01,Cysteine Rich Protein,,2.72,0.28,text 3d pdb
239,3,30,160,20,10,2ow8f01,Double Stranded RNA Binding Domain,,3.31,0.28,text 3d pdb
240,1,10,100,30,1,2l14B00,Insulin-like subunit E,,4.18,0.28,text 3d pdb
241,3,30,2050,10,1,5h2fO02,photosynthetic oxygen evolving center fold,photosynthetic oxygen evolving center domain,3.43,0.28,text 3d pdb
242,3,40,1620,50,1,4hlkC00,YefM-like fold,,3.56,0.28,text 3d pdb
243,3,40,1620,50,1,4ui4C00,YefM-like fold,,3.28,0.28,text 3d pdb
244,2,60,40,2940,1,4aybA06,Immunoglobulin-like,,3.60,0.28,text 3d pdb
245,4,10,900,10,4,1i7xB00,TCF3-CBD (Catenin binding domain),TCF3-CBD (Catenin binding domain),3.17,0.28,text 3d pdb
246,2,10,70,10,8,2kmsA01,Complement Module; domain 1,Complement Module domain 1,3.20,0.28,text 3d pdb
247,3,40,1620,50,1,4hlgD00,YefM-like fold,,3.54,0.28,text 3d pdb
248,3,30,2050,10,1,5kafO02,photosynthetic oxygen evolving center fold,photosynthetic oxygen evolving center domain,2.97,0.28,text 3d pdb
249,2,20,28,30,1,3gtjL00,Rubrerythrin domain 2,RNA polymerase ii chain L,3.11,0.28,text 3d pdb
250,3,40,1620,50,1,4l32C00,YefM-like fold,,3.56,0.28,text 3d pdb
251,3,30,2050,10,1,5kaiO02,photosynthetic oxygen evolving center fold,photosynthetic oxygen evolving center domain,3.01,0.28,text 3d pdb
252,3,30,160,20,10,3i1sE01,Double Stranded RNA Binding Domain,,3.00,0.28,text 3d pdb
253,3,40,5,90,3,3lpqA00,Ribosomal Protein L9; domain 1,,2.91,0.28,text 3d pdb
254,2,10,110,30,1,3ninA01,Cysteine Rich Protein,,2.87,0.28,text 3d pdb
255,2,20,20,120,1,2qsgA03,Anthopleurin-A,,3.16,0.28,text 3d pdb
256,2,20,28,30,1,3s1mL00,Rubrerythrin domain 2,RNA polymerase ii chain L,3.05,0.28,text 3d pdb
257,2,10,110,30,1,3nikD01,Cysteine Rich Protein,,2.90,0.28,text 3d pdb
258,3,30,2050,10,1,5gtiO02,photosynthetic oxygen evolving center fold,photosynthetic oxygen evolving center domain,3.41,0.28,text 3d pdb
259,3,30,30,10,5,1n4nA00,Defensin A-like,Knottin scorpion toxin-like,2.23,0.28,text 3d pdb
260,3,30,30,10,5,4aazA00,Defensin A-like,Knottin scorpion toxin-like,2.57,0.28,text 3d pdb
261,2,20,28,30,1,3s16L00,Rubrerythrin domain 2,RNA polymerase ii chain L,3.08,0.28,text 3d pdb
262,2,40,50,140,77,2i5hA01,OB fold (Dihydrolipoamide Acetyltransferase E2P),Nucleic acid-binding proteins,3.15,0.28,text 3d pdb
263,3,30,2050,10,1,5b5eO02,photosynthetic oxygen evolving center fold,photosynthetic oxygen evolving center domain,3.41,0.28,text 3d pdb
264,4,10,80,10,1,1hxs400,Rhinovirus 14 subunit 4,Picornavirus coat protein VP4,3.57,0.28,text 3d pdb
265,4,10,80,10,1,3jbg400,Rhinovirus 14 subunit 4,Picornavirus coat protein VP4,3.56,0.28,text 3d pdb
266,2,20,28,30,1,3rzoL00,Rubrerythrin domain 2,RNA polymerase ii chain L,3.09,0.28,text 3d pdb
267,2,40,50,40,37,5e4xA00,OB fold (Dihydrolipoamide Acetyltransferase E2P),,3.31,0.28,text 3d pdb
268,2,20,28,30,1,2nvyL00,Rubrerythrin domain 2,RNA polymerase ii chain L,3.09,0.28,text 3d pdb
269,2,30,30,1090,1,1vs9S01,SH3 type barrels.,,3.36,0.28,text 3d pdb
270,2,20,28,30,1,1sfoL00,Rubrerythrin domain 2,RNA polymerase ii chain L,2.95,0.28,text 3d pdb
271,3,40,5,90,3,3lpqB00,Ribosomal Protein L9; domain 1,,3.17,0.28,text 3d pdb
272,3,30,1550,10,1,4kd2K01,Ribosomal protein L11 N-terminal domain,Ribosomal protein L11/L12 N-terminal domain,3.49,0.28,text 3d pdb
273,3,40,1620,50,1,4l2kD00,YefM-like fold,,3.51,0.28,text 3d pdb
274,1,10,1620,10,2,4ul1Y00,Atp Synthase Epsilon Chain; Chain: I;,Ribosomal protein L39e,3.76,0.28,text 3d pdb
275,3,30,2050,10,1,4il6O02,photosynthetic oxygen evolving center fold,photosynthetic oxygen evolving center domain,3.14,0.28,text 3d pdb
276,2,30,140,40,1,3zfrA02,Spermidine Synthase; Chain: A domain 2,,2.91,0.28,text 3d pdb
277,3,30,1370,130,1,2y3mA02,Ribosomal Protein S8; Chain: A domain 1,,3.84,0.28,text 3d pdb
278,1,10,238,140,1,1w9zC01,Recoverin; domain 1,,4.02,0.28,text 3d pdb
279,1,10,1270,20,3,3quvA02,Trp Operon Repressor; Chain A,tRNA(m1g37)methyltransferase domain 2,3.55,0.28,text 3d pdb
280,3,40,5,90,3,3ew0A00,Ribosomal Protein L9; domain 1,,2.91,0.28,text 3d pdb
281,4,10,1260,10,2,1cd3B00,Scaffolding protein gpD of bacteriophage procapsid fold,Scaffolding protein gpD of bacteriophage procapsid,3.54,0.28,text 3d pdb
282,1,10,10,1120,1,3hc7A02,Arc Repressor Mutant subunit A,,3.63,0.28,text 3d pdb
283,3,30,160,60,67,2dmiA01,Double Stranded RNA Binding Domain,Classic Zinc Finger,3.26,0.28,text 3d pdb
284,2,10,69,10,3,1h34A00,Cysteine Protease (Bromelain) Inhibitor subunit H,Cysteine Protease (Bromelain) Inhibitor subunit H,4.07,0.28,text 3d pdb
285,2,40,50,140,168,4xigT03,OB fold (Dihydrolipoamide Acetyltransferase E2P),Nucleic acid-binding proteins,2.74,0.28,text 3d pdb
286,2,10,110,30,1,3ninB01,Cysteine Rich Protein,,2.84,0.28,text 3d pdb
287,2,30,30,30,4,3er0A01,SH3 type barrels.,,3.72,0.28,text 3d pdb
288,3,30,2050,10,1,4ub8O02,photosynthetic oxygen evolving center fold,photosynthetic oxygen evolving center domain,3.16,0.28,text 3d pdb
289,1,10,1620,10,2,4ukrY00,Atp Synthase Epsilon Chain; Chain: I;,Ribosomal protein L39e,3.99,0.28,text 3d pdb
290,3,30,429,10,32,3mb2L00,Macrophage Migration Inhibitory Factor,Macrophage Migration Inhibitory Factor,4.46,0.28,text 3d pdb
291,2,10,110,30,1,3nihA01,Cysteine Rich Protein,,3.03,0.28,text 3d pdb
292,2,20,28,10,5,5iy0F03,Rubrerythrin domain 2,,2.52,0.28,text 3d pdb
293,2,20,28,10,5,5iy0A03,Rubrerythrin domain 2,,2.52,0.28,text 3d pdb
294,2,30,140,40,1,3zfoA02,Spermidine Synthase; Chain: A domain 2,,2.93,0.28,text 3d pdb
295,3,30,429,10,29,3m20C00,Macrophage Migration Inhibitory Factor,Macrophage Migration Inhibitory Factor,4.07,0.28,text 3d pdb
296,2,30,30,550,1,2zuoE04,SH3 type barrels.,,2.99,0.28,text 3d pdb
297,3,30,2050,10,1,4il6o02,photosynthetic oxygen evolving center fold,photosynthetic oxygen evolving center domain,3.14,0.28,text 3d pdb
298,2,20,28,230,2,3iu3K02,Rubrerythrin domain 2,,3.40,0.28,text 3d pdb
299,3,30,30,10,6,2n66A00,Defensin A-like,Knottin scorpion toxin-like,2.74,0.28,text 3d pdb
300,2,20,28,30,1,2e2iL00,Rubrerythrin domain 2,RNA polymerase ii chain L,3.23,0.28,text 3d pdb
301,3,30,572,10,6,1qzfD02,Thymidylate Synthase; Chain A,Thymidylate synthase/dCMP hydroxymethylase domain,4.14,0.28,text 3d pdb
302,3,30,572,10,6,1qzfB02,Thymidylate Synthase; Chain A,Thymidylate synthase/dCMP hydroxymethylase domain,4.14,0.28,text 3d pdb
303,3,30,2050,10,1,5h2fo02,photosynthetic oxygen evolving center fold,photosynthetic oxygen evolving center domain,3.12,0.28,text 3d pdb
304,2,10,110,30,1,3nijA01,Cysteine Rich Protein,,3.03,0.28,text 3d pdb
305,2,20,28,30,1,4x6aL00,Rubrerythrin domain 2,RNA polymerase ii chain L,2.96,0.28,text 3d pdb
306,3,30,572,10,6,1qzfC02,Thymidylate Synthase; Chain A,Thymidylate synthase/dCMP hydroxymethylase domain,4.14,0.28,text 3d pdb
307,3,30,572,10,6,1sejE02,Thymidylate Synthase; Chain A,Thymidylate synthase/dCMP hydroxymethylase domain,3.99,0.28,text 3d pdb
308,3,30,40,10,27,4ptbA01,Herpes Virus-1,Zinc/RING finger domain C3HC4 (zinc finger),3.49,0.28,text 3d pdb
309,3,30,572,10,6,1sejD02,Thymidylate Synthase; Chain A,Thymidylate synthase/dCMP hydroxymethylase domain,3.99,0.28,text 3d pdb
310,1,10,1620,10,2,4ujjd00,Atp Synthase Epsilon Chain; Chain: I;,Ribosomal protein L39e,3.99,0.28,text 3d pdb
311,3,30,572,10,6,1sejC02,Thymidylate Synthase; Chain A,Thymidylate synthase/dCMP hydroxymethylase domain,3.99,0.28,text 3d pdb
312,2,20,28,30,1,3s2dL00,Rubrerythrin domain 2,RNA polymerase ii chain L,3.01,0.28,text 3d pdb
313,2,10,60,10,10,1crfA00,CD59,CD59,3.05,0.28,text 3d pdb
314,3,30,572,10,6,1qzfA02,Thymidylate Synthase; Chain A,Thymidylate synthase/dCMP hydroxymethylase domain,4.14,0.28,text 3d pdb
315,2,30,30,550,1,2zuoA04,SH3 type barrels.,,3.32,0.28,text 3d pdb
316,3,30,572,10,6,1sejB02,Thymidylate Synthase; Chain A,Thymidylate synthase/dCMP hydroxymethylase domain,3.99,0.28,text 3d pdb
317,3,30,70,20,8,3mmcD04,Alpha-Beta Plaits,,3.70,0.28,text 3d pdb
318,3,30,30,10,3,3psmA00,Defensin A-like,Knottin scorpion toxin-like,3.03,0.28,text 3d pdb
319,2,10,110,30,1,3nilF01,Cysteine Rich Protein,,2.81,0.28,text 3d pdb
320,1,10,10,740,1,1rc9A02,Arc Repressor Mutant subunit A,Crisp domain,3.17,0.28,text 3d pdb
321,3,40,1620,50,1,5c5pC00,YefM-like fold,,3.48,0.28,text 3d pdb
322,3,30,1490,190,1,4lmyB02,Dna Ligase; domain 1,,3.61,0.28,text 3d pdb
323,2,10,110,30,1,3nilD01,Cysteine Rich Protein,,2.94,0.28,text 3d pdb
324,2,10,110,30,1,3nimF01,Cysteine Rich Protein,,2.79,0.28,text 3d pdb
325,2,20,28,30,1,1k83L00,Rubrerythrin domain 2,RNA polymerase ii chain L,3.06,0.28,text 3d pdb
326,1,10,1620,10,2,3o5he00,Atp Synthase Epsilon Chain; Chain: I;,Ribosomal protein L39e,3.65,0.28,text 3d pdb
327,2,10,110,30,1,3nisF01,Cysteine Rich Protein,,2.87,0.28,text 3d pdb
328,2,20,70,10,1,2jx8A00,Ubiquitin Ligase Nedd4; Chain: W;,,3.59,0.28,text 3d pdb
329,2,20,28,30,1,3s14L00,Rubrerythrin domain 2,RNA polymerase ii chain L,3.39,0.28,text 3d pdb
330,3,30,429,10,32,3mb2F00,Macrophage Migration Inhibitory Factor,Macrophage Migration Inhibitory Factor,4.47,0.28,text 3d pdb
331,4,10,80,40,3,2aczA04,Rhinovirus 14 subunit 4,succinate dehydrogenase protein domain,3.56,0.27,text 3d pdb
332,4,10,320,10,5,1balA00,Dihydrolipoamide Transferase,E3-binding domain,3.94,0.27,text 3d pdb
333,3,30,1490,190,7,4mteA02,Dna Ligase; domain 1,,3.66,0.27,text 3d pdb
334,3,30,10,20,1,2kueA01,Trypsin Inhibitor V; Chain A,,3.11,0.27,text 3d pdb
335,2,40,50,140,191,4ukfd00,OB fold (Dihydrolipoamide Acetyltransferase E2P),Nucleic acid-binding proteins,3.36,0.27,text 3d pdb
336,2,20,28,30,1,4by7L00,Rubrerythrin domain 2,RNA polymerase ii chain L,3.27,0.27,text 3d pdb
337,1,10,1620,10,2,4uk6Y00,Atp Synthase Epsilon Chain; Chain: I;,Ribosomal protein L39e,3.99,0.27,text 3d pdb
338,2,40,50,530,2,1vw4Z00,OB fold (Dihydrolipoamide Acetyltransferase E2P),,3.93,0.27,text 3d pdb
339,2,10,60,10,16,1f8uB00,CD59,CD59,3.36,0.27,text 3d pdb
340,1,10,1620,10,2,3u5el00,Atp Synthase Epsilon Chain; Chain: I;,Ribosomal protein L39e,4.02,0.27,text 3d pdb
341,2,20,28,30,1,1i6hL00,Rubrerythrin domain 2,RNA polymerase ii chain L,3.02,0.27,text 3d pdb
342,3,30,572,10,6,1sejA02,Thymidylate Synthase; Chain A,Thymidylate synthase/dCMP hydroxymethylase domain,4.00,0.27,text 3d pdb
343,2,20,28,30,1,3s1qL00,Rubrerythrin domain 2,RNA polymerase ii chain L,3.91,0.27,text 3d pdb
344,2,20,28,30,1,3s1nL00,Rubrerythrin domain 2,RNA polymerase ii chain L,3.02,0.27,text 3d pdb
345,1,10,1620,10,2,4ujhY00,Atp Synthase Epsilon Chain; Chain: I;,Ribosomal protein L39e,4.08,0.27,text 3d pdb
346,3,30,1350,20,1,1fouH03,Crambin,Bacteriophage PHI-29 conector. Domain 3,3.44,0.27,text 3d pdb
347,2,60,40,2940,1,2waqA06,Immunoglobulin-like,,3.94,0.27,text 3d pdb
348,2,20,25,410,1,2wb1W09,N-terminal domain of TfIIb,,3.16,0.27,text 3d pdb
349,2,30,33,40,2,1we3Q00,10 Kd Chaperonin Protein Cpn10; Chain O,GroES chaperonin,3.68,0.27,text 3d pdb
350,2,10,110,30,1,3nikF01,Cysteine Rich Protein,,2.89,0.27,text 3d pdb
351,2,30,33,40,2,1we3O00,10 Kd Chaperonin Protein Cpn10; Chain O,GroES chaperonin,3.66,0.27,text 3d pdb
352,2,20,28,230,2,3iu3J02,Rubrerythrin domain 2,,3.44,0.27,text 3d pdb
353,2,20,25,410,1,2wb1A09,N-terminal domain of TfIIb,,3.16,0.27,text 3d pdb
354,2,30,30,550,2,2zuoK03,SH3 type barrels.,,3.15,0.27,text 3d pdb
355,2,10,70,10,40,4djzA01,Complement Module; domain 1,Complement Module domain 1,3.16,0.27,text 3d pdb
356,1,10,1620,10,2,4ujmY00,Atp Synthase Epsilon Chain; Chain: I;,Ribosomal protein L39e,4.23,0.27,text 3d pdb
357,3,40,5,10,1,4kj7H00,Ribosomal Protein L9; domain 1,Ribosomal protein L9 N-terminal domain,3.31,0.27,text 3d pdb
358,2,10,60,10,16,1b41B00,CD59,CD59,3.55,0.27,text 3d pdb
359,1,10,1620,10,2,4ul3d00,Atp Synthase Epsilon Chain; Chain: I;,Ribosomal protein L39e,3.99,0.27,text 3d pdb
360,3,40,5,90,3,2r13A00,Ribosomal Protein L9; domain 1,,2.93,0.27,text 3d pdb
361,1,10,8,510,1,1ye9C01,Helicase Ruva Protein; domain 3,,3.05,0.27,text 3d pdb
362,2,40,50,140,191,4ul2C00,OB fold (Dihydrolipoamide Acetyltransferase E2P),Nucleic acid-binding proteins,3.33,0.27,text 3d pdb
363,1,10,1660,50,1,4dczA00,Multidrug-efflux Transporter Regulator; Chain: A; Domain 2,,4.06,0.27,text 3d pdb
364,1,10,1620,10,2,4ukwY00,Atp Synthase Epsilon Chain; Chain: I;,Ribosomal protein L39e,4.00,0.27,text 3d pdb
365,2,20,25,420,2,2qkdA03,N-terminal domain of TfIIb,,4.04,0.27,text 3d pdb
366,2,40,50,100,15,3w3aK03,OB fold (Dihydrolipoamide Acetyltransferase E2P),,3.68,0.27,text 3d pdb
367,1,10,8,510,1,1ye9J01,Helicase Ruva Protein; domain 3,,3.27,0.27,text 3d pdb
368,3,30,2050,10,1,5tisO02,photosynthetic oxygen evolving center fold,photosynthetic oxygen evolving center domain,3.16,0.27,text 3d pdb
369,2,20,28,10,5,4ywlG03,Rubrerythrin domain 2,,2.79,0.27,text 3d pdb
370,3,30,2050,10,1,4ub6O02,photosynthetic oxygen evolving center fold,photosynthetic oxygen evolving center domain,3.25,0.27,text 3d pdb
371,2,20,28,10,5,4ywlJ03,Rubrerythrin domain 2,,2.80,0.27,text 3d pdb
372,3,30,1490,190,7,4mtdA02,Dna Ligase; domain 1,,3.61,0.27,text 3d pdb
373,2,30,150,10,1,2a6eC04,Rna Polymerase Beta Subunit; Chain: C domain 4,,3.06,0.27,text 3d pdb
374,3,30,60,20,5,2wvjC02,Wheat Germ Agglutinin (Isolectin 2); domain 1,,3.00,0.27,text 3d pdb
375,1,10,8,440,1,3hhzE00,Helicase Ruva Protein; domain 3,,3.69,0.27,text 3d pdb
376,2,20,28,10,5,4ywlI03,Rubrerythrin domain 2,,2.80,0.27,text 3d pdb
377,3,40,5,80,1,2outA01,Ribosomal Protein L9; domain 1,,3.65,0.27,text 3d pdb
378,3,90,290,10,4,3sekC01,Extracellular Matrix Fibrillin,TGF-beta binding (TB) domain,4.11,0.27,text 3d pdb
379,2,30,30,140,24,1khcA01,SH3 type barrels.,,3.04,0.27,text 3d pdb
380,1,10,238,140,1,1w9zB01,Recoverin; domain 1,,3.79,0.27,text 3d pdb
381,2,20,28,10,5,4ywmD03,Rubrerythrin domain 2,,2.67,0.27,text 3d pdb
382,2,20,28,30,2,3hkzX00,Rubrerythrin domain 2,RNA polymerase ii chain L,3.26,0.27,text 3d pdb
383,2,40,50,530,1,4kdh800,OB fold (Dihydrolipoamide Acetyltransferase E2P),,3.82,0.27,text 3d pdb
384,2,40,50,140,191,4ujkd00,OB fold (Dihydrolipoamide Acetyltransferase E2P),Nucleic acid-binding proteins,3.36,0.27,text 3d pdb
385,2,20,28,30,2,3hkzP00,Rubrerythrin domain 2,RNA polymerase ii chain L,3.27,0.27,text 3d pdb
386,2,30,30,550,2,2zuoI03,SH3 type barrels.,,3.36,0.27,text 3d pdb
387,3,30,70,20,8,3mm8D04,Alpha-Beta Plaits,,3.73,0.27,text 3d pdb
388,2,20,28,10,5,4ywmB03,Rubrerythrin domain 2,,2.67,0.27,text 3d pdb
389,2,20,28,10,5,4ywmG03,Rubrerythrin domain 2,,2.81,0.27,text 3d pdb
390,3,30,2050,10,1,4ub8o02,photosynthetic oxygen evolving center fold,photosynthetic oxygen evolving center domain,3.26,0.27,text 3d pdb
391,3,30,70,20,8,3mm8A04,Alpha-Beta Plaits,,3.74,0.27,text 3d pdb
392,2,20,28,30,1,1i3qL00,Rubrerythrin domain 2,RNA polymerase ii chain L,3.15,0.27,text 3d pdb
393,2,20,28,10,5,4ywmH03,Rubrerythrin domain 2,,2.80,0.27,text 3d pdb
394,2,20,28,30,1,5c4jL00,Rubrerythrin domain 2,RNA polymerase ii chain L,3.01,0.27,text 3d pdb
395,2,20,28,10,5,4ywlF03,Rubrerythrin domain 2,,2.81,0.27,text 3d pdb
396,2,40,50,140,191,4ukkd00,OB fold (Dihydrolipoamide Acetyltransferase E2P),Nucleic acid-binding proteins,3.31,0.27,text 3d pdb
397,2,20,28,10,5,4ywlH03,Rubrerythrin domain 2,,2.81,0.27,text 3d pdb
398,2,20,28,10,5,4ywmE03,Rubrerythrin domain 2,,2.67,0.27,text 3d pdb
399,2,40,50,140,191,3u5cc00,OB fold (Dihydrolipoamide Acetyltransferase E2P),Nucleic acid-binding proteins,3.37,0.27,text 3d pdb
400,2,10,25,10,13,2mgpA01,Laminin,Laminin,3.59,0.27,text 3d pdb
401,1,10,286,10,1,1fbxB01,GTP Cyclohydrolase I; Chain A domain 1,,4.22,0.27,text 3d pdb
402,2,40,50,140,191,4ulpd00,OB fold (Dihydrolipoamide Acetyltransferase E2P),Nucleic acid-binding proteins,3.13,0.27,text 3d pdb
403,2,20,28,170,1,2a68N09,Rubrerythrin domain 2,,3.43,0.27,text 3d pdb
404,2,20,28,30,1,4a3lL00,Rubrerythrin domain 2,RNA polymerase ii chain L,3.27,0.27,text 3d pdb
405,3,30,2050,10,1,4ub6o02,photosynthetic oxygen evolving center fold,photosynthetic oxygen evolving center domain,3.26,0.27,text 3d pdb
406,2,20,28,10,5,4pogH03,Rubrerythrin domain 2,,2.59,0.27,text 3d pdb
407,2,40,50,140,191,4uk4d00,OB fold (Dihydrolipoamide Acetyltransferase E2P),Nucleic acid-binding proteins,3.39,0.27,text 3d pdb
408,2,20,25,10,10,2ja6I02,N-terminal domain of TfIIb,,3.00,0.27,text 3d pdb
409,3,30,2050,10,1,3kziO02,photosynthetic oxygen evolving center fold,photosynthetic oxygen evolving center domain,3.65,0.27,text 3d pdb
410,3,30,2050,10,1,3prqO02,photosynthetic oxygen evolving center fold,photosynthetic oxygen evolving center domain,3.65,0.27,text 3d pdb
411,3,30,2050,10,1,3bz1O02,photosynthetic oxygen evolving center fold,photosynthetic oxygen evolving center domain,3.65,0.27,text 3d pdb
412,3,30,429,10,30,3mb2D00,Macrophage Migration Inhibitory Factor,Macrophage Migration Inhibitory Factor,4.50,0.27,text 3d pdb
413,2,40,50,140,191,4ukud00,OB fold (Dihydrolipoamide Acetyltransferase E2P),Nucleic acid-binding proteins,3.35,0.27,text 3d pdb
414,1,10,1620,10,2,4ulbY00,Atp Synthase Epsilon Chain; Chain: I;,Ribosomal protein L39e,4.02,0.27,text 3d pdb
415,2,40,50,530,1,4qcx800,OB fold (Dihydrolipoamide Acetyltransferase E2P),,4.00,0.27,text 3d pdb
416,2,10,110,30,1,3nimD01,Cysteine Rich Protein,,3.00,0.27,text 3d pdb
417,2,40,50,140,191,4ujnC00,OB fold (Dihydrolipoamide Acetyltransferase E2P),Nucleic acid-binding proteins,3.33,0.27,text 3d pdb
418,2,20,20,100,1,1zhhB02,Anthopleurin-A,,3.16,0.27,text 3d pdb
419,2,10,70,10,7,2mczA02,Complement Module; domain 1,Complement Module domain 1,3.32,0.27,text 3d pdb
420,1,10,286,10,1,1n3rL01,GTP Cyclohydrolase I; Chain A domain 1,,4.22,0.27,text 3d pdb
421,2,10,69,10,4,2qn5B01,Cysteine Protease (Bromelain) Inhibitor subunit H,Cysteine Protease (Bromelain) Inhibitor subunit H,3.82,0.27,text 3d pdb
422,2,20,28,170,1,2a69D09,Rubrerythrin domain 2,,3.42,0.27,text 3d pdb
423,3,30,2050,10,1,4pj0O02,photosynthetic oxygen evolving center fold,photosynthetic oxygen evolving center domain,3.28,0.27,text 3d pdb
424,3,30,2050,10,1,3prrO02,photosynthetic oxygen evolving center fold,photosynthetic oxygen evolving center domain,3.65,0.27,text 3d pdb
425,1,10,8,440,1,3hhwC00,Helicase Ruva Protein; domain 3,,3.68,0.27,text 3d pdb
426,3,30,2050,10,1,3bz2O02,photosynthetic oxygen evolving center fold,photosynthetic oxygen evolving center domain,3.65,0.27,text 3d pdb
427,3,30,1490,190,7,4mtdD02,Dna Ligase; domain 1,,4.00,0.27,text 3d pdb
428,3,30,429,10,30,3mb2J00,Macrophage Migration Inhibitory Factor,Macrophage Migration Inhibitory Factor,4.34,0.27,text 3d pdb
429,2,40,50,140,191,4ul4d00,OB fold (Dihydrolipoamide Acetyltransferase E2P),Nucleic acid-binding proteins,3.13,0.27,text 3d pdb
430,3,30,40,10,47,2pnxA00,Herpes Virus-1,Zinc/RING finger domain C3HC4 (zinc finger),3.37,0.27,text 3d pdb
431,2,20,25,80,1,1wj2A00,N-terminal domain of TfIIb,WRKY domain,2.82,0.27,text 3d pdb
432,2,10,60,10,16,2x8bB00,CD59,CD59,3.36,0.27,text 3d pdb
433,3,30,1490,20,5,2j9gB03,Dna Ligase; domain 1,ATP-grasp fold A domain,3.28,0.27,text 3d pdb
434,3,30,572,10,6,2oipB02,Thymidylate Synthase; Chain A,Thymidylate synthase/dCMP hydroxymethylase domain,3.59,0.27,text 3d pdb
435,2,30,30,1090,1,1vspS01,SH3 type barrels.,,4.01,0.27,text 3d pdb
436,2,40,50,140,191,4ujud00,OB fold (Dihydrolipoamide Acetyltransferase E2P),Nucleic acid-binding proteins,3.37,0.27,text 3d pdb
437,3,10,450,40,6,1ivwB01,Nuclear Transport Factor 2; Chain: A,,3.69,0.27,text 3d pdb
438,3,30,60,20,5,2j87A02,Wheat Germ Agglutinin (Isolectin 2); domain 1,,3.78,0.27,text 3d pdb
439,1,10,286,10,1,1n3rN01,GTP Cyclohydrolase I; Chain A domain 1,,4.26,0.27,text 3d pdb
440,1,10,100,10,1,1wqjI00,Insulin-like subunit E,Insulin-like,3.15,0.27,text 3d pdb
441,3,30,70,330,75,1wezA01,Alpha-Beta Plaits,,3.65,0.27,text 3d pdb
442,3,30,2050,10,1,5tiso02,photosynthetic oxygen evolving center fold,photosynthetic oxygen evolving center domain,3.16,0.27,text 3d pdb
443,2,40,50,530,1,2y0x800,OB fold (Dihydrolipoamide Acetyltransferase E2P),,4.01,0.27,text 3d pdb
444,2,40,50,530,1,2y0v800,OB fold (Dihydrolipoamide Acetyltransferase E2P),,4.01,0.27,text 3d pdb
445,2,20,28,10,5,4pogA03,Rubrerythrin domain 2,,2.60,0.27,text 3d pdb
446,3,10,450,210,1,2p09A00,Nuclear Transport Factor 2; Chain: A,,4.20,0.27,text 3d pdb
447,2,20,28,10,5,4pofF03,Rubrerythrin domain 2,,2.56,0.27,text 3d pdb
448,2,20,25,330,4,4a1cH02,N-terminal domain of TfIIb,,2.95,0.27,text 3d pdb
449,2,20,28,10,5,4pofA03,Rubrerythrin domain 2,,2.56,0.27,text 3d pdb
450,2,20,28,30,2,2pmzZ00,Rubrerythrin domain 2,RNA polymerase ii chain L,3.33,0.27,text 3d pdb
451,3,30,60,20,5,2j87D02,Wheat Germ Agglutinin (Isolectin 2); domain 1,,3.77,0.27,text 3d pdb
452,2,30,150,10,1,2cw0M04,Rna Polymerase Beta Subunit; Chain: C domain 4,,3.08,0.27,text 3d pdb
453,3,10,450,210,1,3dgmA00,Nuclear Transport Factor 2; Chain: A,,4.22,0.27,text 3d pdb
454,3,40,5,90,3,4ezfA00,Ribosomal Protein L9; domain 1,,3.67,0.27,text 3d pdb
455,2,20,28,170,1,2a69N09,Rubrerythrin domain 2,,3.45,0.27,text 3d pdb
456,2,10,60,10,16,1fasA00,CD59,CD59,3.60,0.27,text 3d pdb
457,2,20,70,10,9,1jmqA00,Ubiquitin Ligase Nedd4; Chain: W;,,3.67,0.27,text 3d pdb
458,3,30,1490,190,7,4mteD02,Dna Ligase; domain 1,,3.80,0.27,text 3d pdb
459,3,40,1620,50,1,4hlfC00,YefM-like fold,,3.53,0.27,text 3d pdb
460,3,10,450,210,1,3ltdA00,Nuclear Transport Factor 2; Chain: A,,4.22,0.27,text 3d pdb
461,3,30,60,20,5,2j87C02,Wheat Germ Agglutinin (Isolectin 2); domain 1,,3.78,0.27,text 3d pdb
462,3,30,60,20,5,2j87B02,Wheat Germ Agglutinin (Isolectin 2); domain 1,,3.77,0.27,text 3d pdb
463,2,40,50,140,191,4ulcC00,OB fold (Dihydrolipoamide Acetyltransferase E2P),Nucleic acid-binding proteins,3.34,0.27,text 3d pdb
464,2,20,28,30,1,4bbrL00,Rubrerythrin domain 2,RNA polymerase ii chain L,3.47,0.27,text 3d pdb
465,3,10,450,210,1,3lt8A00,Nuclear Transport Factor 2; Chain: A,,4.25,0.27,text 3d pdb
466,3,10,450,210,1,3lt9A00,Nuclear Transport Factor 2; Chain: A,,4.25,0.27,text 3d pdb
467,2,70,10,10,1,4mlfD00,Thrombin Inhibitor (Hirudin); Chain I,Thrombin Inhibitor (Hirudin) subunit I,3.22,0.27,text 3d pdb
468,2,20,28,10,5,4pofC03,Rubrerythrin domain 2,,2.56,0.27,text 3d pdb
469,2,20,210,20,1,3hs0C01,ubp-family deubiquitinating enzyme fold,,3.67,0.27,text 3d pdb
470,3,10,450,210,1,3ltbA00,Nuclear Transport Factor 2; Chain: A,,4.24,0.27,text 3d pdb
471,2,40,50,530,1,3uzk800,OB fold (Dihydrolipoamide Acetyltransferase E2P),,3.85,0.27,text 3d pdb
472,3,10,20,90,165,1gjzA00,Ubiquitin-like (UB roll),Phosphatidylinositol 3-kinase Catalytic Subunit; Chain A domain 1,3.46,0.27,text 3d pdb
473,2,40,50,530,1,3pyt500,OB fold (Dihydrolipoamide Acetyltransferase E2P),,4.42,0.27,text 3d pdb
474,3,30,429,10,29,3m20B00,Macrophage Migration Inhibitory Factor,Macrophage Migration Inhibitory Factor,4.27,0.27,text 3d pdb
475,1,10,1620,10,2,4ulgY00,Atp Synthase Epsilon Chain; Chain: I;,Ribosomal protein L39e,4.00,0.27,text 3d pdb
476,3,90,940,50,1,4qiwK00,Eukaryotic RPB6 RNA polymerase subunit,,4.48,0.27,text 3d pdb
477,3,90,940,50,1,4qiwT00,Eukaryotic RPB6 RNA polymerase subunit,,4.48,0.27,text 3d pdb
478,2,20,28,10,5,4pogD03,Rubrerythrin domain 2,,2.62,0.27,text 3d pdb
479,2,30,30,550,2,2zv4R03,SH3 type barrels.,,3.47,0.27,text 3d pdb
480,2,40,50,140,191,4ul9d00,OB fold (Dihydrolipoamide Acetyltransferase E2P),Nucleic acid-binding proteins,3.11,0.27,text 3d pdb
481,2,40,50,140,191,4ujiC00,OB fold (Dihydrolipoamide Acetyltransferase E2P),Nucleic acid-binding proteins,3.17,0.27,text 3d pdb
482,3,30,429,10,17,1s0yA00,Macrophage Migration Inhibitory Factor,Macrophage Migration Inhibitory Factor,3.98,0.27,text 3d pdb
483,3,10,20,540,2,4rnaA01,Ubiquitin-like (UB roll),,3.30,0.27,text 3d pdb
484,1,10,1620,10,2,4ukmY00,Atp Synthase Epsilon Chain; Chain: I;,Ribosomal protein L39e,4.16,0.27,text 3d pdb
485,3,30,54,20,2,1tkgA03,Replication Terminator Protein; Chain A domain 2,,3.12,0.27,text 3d pdb
486,1,10,1620,10,2,4ujwY00,Atp Synthase Epsilon Chain; Chain: I;,Ribosomal protein L39e,4.15,0.27,text 3d pdb
487,1,10,10,60,51,2r7zJ00,Arc Repressor Mutant subunit A,Homeodomain-like,3.51,0.27,text 3d pdb
488,3,30,1550,10,1,4kdkK01,Ribosomal protein L11 N-terminal domain,Ribosomal protein L11/L12 N-terminal domain,3.95,0.27,text 3d pdb
489,1,10,10,60,51,3hoyJ00,Arc Repressor Mutant subunit A,Homeodomain-like,3.52,0.27,text 3d pdb
490,3,30,230,10,44,4gasE02,Ribosomal Protein S5; domain 2,,3.76,0.27,text 3d pdb
491,3,30,54,20,2,1tjeA03,Replication Terminator Protein; Chain A domain 2,,3.14,0.27,text 3d pdb
492,1,10,10,740,1,1wvrA02,Arc Repressor Mutant subunit A,Crisp domain,3.21,0.27,text 3d pdb
493,3,40,1630,20,1,1jv3A02,S-adenosyl-L-methionine-dependent methyltransferases,,3.37,0.27,text 3d pdb
494,2,40,50,140,191,4uk2C00,OB fold (Dihydrolipoamide Acetyltransferase E2P),Nucleic acid-binding proteins,3.34,0.27,text 3d pdb
495,1,10,10,60,51,2b63J00,Arc Repressor Mutant subunit A,Homeodomain-like,3.54,0.27,text 3d pdb
496,3,30,860,10,1,2y0yS00,30s Ribosomal Protein S19; Chain A,30s Ribosomal Protein S19; Chain A,2.49,0.27,text 3d pdb
497,2,10,60,10,10,2crsA00,CD59,CD59,3.39,0.27,text 3d pdb
498,2,40,50,140,191,5flxc00,OB fold (Dihydrolipoamide Acetyltransferase E2P),Nucleic acid-binding proteins,3.52,0.27,text 3d pdb
499,2,40,50,140,191,4ukiC00,OB fold (Dihydrolipoamide Acetyltransferase E2P),Nucleic acid-binding proteins,3.61,0.27,text 3d pdb
500,2,40,20,10,1,4iuaF02,Plasminogen Kringle 4,Plasminogen Kringle 4,3.74,0.26,text 3d pdb
501,4,10,87,10,2,3s24G02,mRNA Capping Enzyme; Chain,mRNA Capping Enzyme; domain 3,3.68,0.26,text 3d pdb
502,2,20,20,130,3,3kezB02,Anthopleurin-A,,3.80,0.26,text 3d pdb
503,1,10,286,10,1,1fbxE01,GTP Cyclohydrolase I; Chain A domain 1,,4.25,0.26,text 3d pdb
504,2,40,50,140,191,4ul7C00,OB fold (Dihydrolipoamide Acetyltransferase E2P),Nucleic acid-binding proteins,3.35,0.26,text 3d pdb
505,3,30,46,10,1,2idjB01,Glycine N-methyltransferase; chain A domain 1,Glycine N-methyltransferase chain A, domain 1,3.33,0.26,text 3d pdb
506,3,30,30,180,1,2yipE02,Defensin A-like,,3.31,0.26,text 3d pdb
507,3,10,450,210,1,3ltaA00,Nuclear Transport Factor 2; Chain: A,,4.25,0.26,text 3d pdb
508,3,30,2050,10,1,5kaio02,photosynthetic oxygen evolving center fold,photosynthetic oxygen evolving center domain,3.31,0.26,text 3d pdb
509,3,40,1630,20,1,1jv1A02,S-adenosyl-L-methionine-dependent methyltransferases,,3.39,0.26,text 3d pdb
510,3,10,450,210,1,3dgoA00,Nuclear Transport Factor 2; Chain: A,,4.25,0.26,text 3d pdb
511,2,20,28,30,2,2pmzP00,Rubrerythrin domain 2,RNA polymerase ii chain L,3.34,0.26,text 3d pdb
512,2,10,60,10,10,1cdtB00,CD59,CD59,3.28,0.26,text 3d pdb
513,2,40,50,140,191,3u5gc00,OB fold (Dihydrolipoamide Acetyltransferase E2P),Nucleic acid-binding proteins,3.41,0.26,text 3d pdb
514,1,10,286,10,1,1n3tF01,GTP Cyclohydrolase I; Chain A domain 1,,4.40,0.26,text 3d pdb
515,2,20,28,70,1,1vx1m00,Rubrerythrin domain 2,,3.81,0.26,text 3d pdb
516,2,20,28,70,1,1vx4m00,Rubrerythrin domain 2,,3.81,0.26,text 3d pdb
517,2,20,28,70,1,1vwxm00,Rubrerythrin domain 2,,3.81,0.26,text 3d pdb
518,2,20,28,70,1,1vwzm00,Rubrerythrin domain 2,,3.81,0.26,text 3d pdb
519,2,30,30,550,2,2zuoL03,SH3 type barrels.,,3.31,0.26,text 3d pdb
520,3,10,450,210,1,3dgnA00,Nuclear Transport Factor 2; Chain: A,,4.25,0.26,text 3d pdb
521,2,20,25,590,1,3ix0A02,N-terminal domain of TfIIb,,3.96,0.26,text 3d pdb
522,2,40,20,10,1,1nk1A02,Plasminogen Kringle 4,Plasminogen Kringle 4,3.78,0.26,text 3d pdb
523,3,30,54,20,2,1tkyA03,Replication Terminator Protein; Chain A domain 2,,3.15,0.26,text 3d pdb
524,2,20,28,230,2,3nfpK02,Rubrerythrin domain 2,,3.16,0.26,text 3d pdb
525,4,10,110,10,3,1hi7A00,Spasmolytic Protein; domain 1,Spasmolytic Protein domain 1,4.04,0.26,text 3d pdb
526,3,10,450,210,1,3ltcA00,Nuclear Transport Factor 2; Chain: A,,4.25,0.26,text 3d pdb
527,2,20,28,130,1,2ckcA00,Rubrerythrin domain 2,,3.90,0.26,text 3d pdb
528,2,20,28,10,5,4pogI03,Rubrerythrin domain 2,,2.63,0.26,text 3d pdb
529,4,10,410,10,4,3bybC00,Factor Xa Inhibitor,Pancreatic trypsin inhibitor Kunitz domain,3.79,0.26,text 3d pdb
530,3,30,1350,20,1,1jnbK03,Crambin,Bacteriophage PHI-29 conector. Domain 3,3.69,0.26,text 3d pdb
531,2,10,230,10,1,1nltA02,Chaperone DNAj Protein; Chain A,Heat shock protein DnaJ cysteine-rich domain,4.35,0.26,text 3d pdb
532,1,10,10,60,51,3i4mJ00,Arc Repressor Mutant subunit A,Homeodomain-like,3.54,0.26,text 3d pdb
533,3,10,450,210,1,3dglA00,Nuclear Transport Factor 2; Chain: A,,4.25,0.26,text 3d pdb
534,2,10,110,20,1,5fy0A03,Cysteine Rich Protein,,3.46,0.26,text 3d pdb
535,3,30,54,20,2,1tkeA03,Replication Terminator Protein; Chain A domain 2,,3.15,0.26,text 3d pdb
536,2,30,30,570,2,2zuoF09,SH3 type barrels.,,4.42,0.26,text 3d pdb
537,1,20,58,1890,1,2j01200,Methane Monooxygenase Hydroxylase; Chain G domain 1,,3.86,0.26,text 3d pdb
538,1,10,1620,10,2,4ukyd00,Atp Synthase Epsilon Chain; Chain: I;,Ribosomal protein L39e,3.42,0.26,text 3d pdb
539,1,10,10,60,51,3hozJ00,Arc Repressor Mutant subunit A,Homeodomain-like,3.54,0.26,text 3d pdb
540,2,20,28,30,1,4a93L00,Rubrerythrin domain 2,RNA polymerase ii chain L,3.18,0.26,text 3d pdb
541,3,30,70,1470,2,3p45J00,Alpha-Beta Plaits,Caspase-like,4.00,0.26,text 3d pdb
542,1,10,1620,10,2,3u5il00,Atp Synthase Epsilon Chain; Chain: I;,Ribosomal protein L39e,4.11,0.26,text 3d pdb
543,1,10,10,60,51,3m4oJ00,Arc Repressor Mutant subunit A,Homeodomain-like,3.54,0.26,text 3d pdb
544,2,20,28,30,1,2yu9L00,Rubrerythrin domain 2,RNA polymerase ii chain L,3.24,0.26,text 3d pdb
545,2,20,28,30,1,2nvsL00,Rubrerythrin domain 2,RNA polymerase ii chain L,3.24,0.26,text 3d pdb
546,3,30,70,20,8,3mm5A04,Alpha-Beta Plaits,,3.96,0.26,text 3d pdb
547,3,10,20,90,165,1gjzB00,Ubiquitin-like (UB roll),Phosphatidylinositol 3-kinase Catalytic Subunit; Chain A domain 1,3.53,0.26,text 3d pdb
548,2,30,30,570,2,2zuoD09,SH3 type barrels.,,4.41,0.26,text 3d pdb
549,1,10,286,10,1,1fbxI01,GTP Cyclohydrolase I; Chain A domain 1,,4.09,0.26,text 3d pdb
550,3,30,1350,20,1,1jnbA03,Crambin,Bacteriophage PHI-29 conector. Domain 3,3.71,0.26,text 3d pdb
551,2,40,50,140,191,4ukxC00,OB fold (Dihydrolipoamide Acetyltransferase E2P),Nucleic acid-binding proteins,3.40,0.26,text 3d pdb
552,2,10,50,10,6,2aw2Y02,Tumor Necrosis Factor Receptor subunit A; domain 2,Tumor Necrosis Factor Receptor subunit A, domain 2,3.49,0.26,text 3d pdb
553,1,10,10,60,51,1sfoJ00,Arc Repressor Mutant subunit A,Homeodomain-like,3.53,0.26,text 3d pdb
554,1,10,286,10,1,1n3rG01,GTP Cyclohydrolase I; Chain A domain 1,,4.38,0.26,text 3d pdb
555,1,10,1620,10,2,4uk1Y00,Atp Synthase Epsilon Chain; Chain: I;,Ribosomal protein L39e,4.00,0.26,text 3d pdb
556,2,20,28,30,1,3gtlL00,Rubrerythrin domain 2,RNA polymerase ii chain L,3.88,0.26,text 3d pdb
557,2,40,50,140,191,4uled00,OB fold (Dihydrolipoamide Acetyltransferase E2P),Nucleic acid-binding proteins,3.23,0.26,text 3d pdb
558,3,30,70,20,8,3mmaD04,Alpha-Beta Plaits,,3.99,0.26,text 3d pdb
559,2,10,70,10,2,2w81B02,Complement Module; domain 1,Complement Module domain 1,3.53,0.26,text 3d pdb
560,1,10,10,60,51,2nvqJ00,Arc Repressor Mutant subunit A,Homeodomain-like,3.55,0.26,text 3d pdb
561,2,20,25,20,1,4dglA02,N-terminal domain of TfIIb,,3.79,0.26,text 3d pdb
562,2,10,10,30,1,1yu4A01,Seminal Fluid Protein PDC-109 (Domain B),,2.87,0.26,text 3d pdb
563,2,40,50,140,191,4ukpd00,OB fold (Dihydrolipoamide Acetyltransferase E2P),Nucleic acid-binding proteins,3.54,0.26,text 3d pdb
564,2,20,28,70,1,5an9H00,Rubrerythrin domain 2,,3.89,0.26,text 3d pdb
565,2,40,50,140,191,4ujfd00,OB fold (Dihydrolipoamide Acetyltransferase E2P),Nucleic acid-binding proteins,3.52,0.26,text 3d pdb
566,3,30,70,20,8,3mm5D04,Alpha-Beta Plaits,,3.99,0.26,text 3d pdb
567,1,10,286,10,1,1fbxF01,GTP Cyclohydrolase I; Chain A domain 1,,4.18,0.26,text 3d pdb
568,2,40,50,140,191,4ujpd00,OB fold (Dihydrolipoamide Acetyltransferase E2P),Nucleic acid-binding proteins,3.51,0.26,text 3d pdb
569,1,10,10,250,1,1hc8A00,Arc Repressor Mutant subunit A,Ribosomal protein L11 C-terminal domain,4.35,0.26,text 3d pdb
570,1,10,10,60,51,3houJ00,Arc Repressor Mutant subunit A,Homeodomain-like,3.54,0.26,text 3d pdb
571,2,20,25,330,2,4ultA02,N-terminal domain of TfIIb,,3.55,0.26,text 3d pdb
572,2,40,50,140,191,4ujzd00,OB fold (Dihydrolipoamide Acetyltransferase E2P),Nucleic acid-binding proteins,3.58,0.26,text 3d pdb
573,1,10,20,90,1,4w27h02,Histone subunit A,,3.17,0.26,text 3d pdb
574,1,10,20,90,1,4w22h02,Histone subunit A,,3.17,0.26,text 3d pdb
575,1,10,20,90,1,4w20h02,Histone subunit A,,3.17,0.26,text 3d pdb
576,1,10,20,90,1,4w25h02,Histone subunit A,,3.17,0.26,text 3d pdb
577,3,30,70,20,8,3mm6A04,Alpha-Beta Plaits,,3.98,0.26,text 3d pdb
578,1,10,10,60,51,3houV00,Arc Repressor Mutant subunit A,Homeodomain-like,3.54,0.26,text 3d pdb
579,3,30,429,10,17,1s0yI00,Macrophage Migration Inhibitory Factor,Macrophage Migration Inhibitory Factor,4.07,0.26,text 3d pdb
580,1,10,1620,10,2,4uk3d00,Atp Synthase Epsilon Chain; Chain: I;,Ribosomal protein L39e,3.45,0.26,text 3d pdb
581,1,10,286,10,1,1n3rA01,GTP Cyclohydrolase I; Chain A domain 1,,4.49,0.26,text 3d pdb
582,3,30,70,20,8,3mm6D04,Alpha-Beta Plaits,,3.99,0.26,text 3d pdb
583,2,10,60,10,6,4zqyA00,CD59,CD59,3.46,0.26,text 3d pdb
584,1,10,1620,10,2,4ujyc00,Atp Synthase Epsilon Chain; Chain: I;,Ribosomal protein L39e,4.15,0.26,text 3d pdb
585,2,10,60,10,16,4ey8B00,CD59,CD59,3.62,0.26,text 3d pdb
586,2,20,25,10,10,2r7zI02,N-terminal domain of TfIIb,,3.08,0.26,text 3d pdb
587,2,40,50,530,1,4qs3800,OB fold (Dihydrolipoamide Acetyltransferase E2P),,3.63,0.26,text 3d pdb
588,4,10,830,10,1,4dv5N00,30s Ribosomal Protein S14; Chain N,30s Ribosomal Protein S14; Chain N,3.23,0.26,text 3d pdb
589,2,40,50,140,191,4ulnC00,OB fold (Dihydrolipoamide Acetyltransferase E2P),Nucleic acid-binding proteins,3.12,0.26,text 3d pdb
590,3,30,1370,30,1,1vs7H01,Ribosomal Protein S8; Chain: A domain 1,,2.96,0.26,text 3d pdb
591,1,10,10,60,51,3gtjJ00,Arc Repressor Mutant subunit A,Homeodomain-like,3.56,0.26,text 3d pdb
592,3,30,1490,10,1,3i1zH02,Dna Ligase; domain 1,,3.08,0.26,text 3d pdb
593,3,30,70,20,8,3c7bA04,Alpha-Beta Plaits,,3.98,0.26,text 3d pdb
594,1,10,286,10,1,1n3rH01,GTP Cyclohydrolase I; Chain A domain 1,,4.32,0.26,text 3d pdb
595,1,10,10,760,1,2bhzA03,Arc Repressor Mutant subunit A,E-set domains of sugar-utilizing enzymes,3.58,0.26,text 3d pdb
596,3,30,70,1470,2,3p45D00,Alpha-Beta Plaits,Caspase-like,4.02,0.26,text 3d pdb
597,2,40,50,140,191,5it9c00,OB fold (Dihydrolipoamide Acetyltransferase E2P),Nucleic acid-binding proteins,3.26,0.26,text 3d pdb
598,2,30,30,570,2,2zuoE09,SH3 type barrels.,,4.43,0.26,text 3d pdb
599,2,10,10,30,1,1yu4B01,Seminal Fluid Protein PDC-109 (Domain B),,2.89,0.26,text 3d pdb
600,1,10,10,60,51,3h3vK00,Arc Repressor Mutant subunit A,Homeodomain-like,3.56,0.26,text 3d pdb
601,3,30,70,1470,2,3p45H00,Alpha-Beta Plaits,Caspase-like,3.77,0.26,text 3d pdb
602,2,40,20,10,1,1gp9B02,Plasminogen Kringle 4,Plasminogen Kringle 4,3.61,0.26,text 3d pdb
603,2,10,60,10,10,1ffjA00,CD59,CD59,3.20,0.26,text 3d pdb
604,3,30,70,20,8,3mmbA04,Alpha-Beta Plaits,,3.99,0.26,text 3d pdb
605,1,20,5,420,7,5k5gC00,Single alpha-helices involved in coiled-coils or other helix-helix interfaces,Immunoglobulin FC subunit C,3.55,0.26,text 3d pdb
606,3,30,70,20,8,3mm7D04,Alpha-Beta Plaits,,4.00,0.26,text 3d pdb
607,1,10,286,10,1,1n3sJ01,GTP Cyclohydrolase I; Chain A domain 1,,4.33,0.26,text 3d pdb
608,1,10,10,60,51,3hovJ00,Arc Repressor Mutant subunit A,Homeodomain-like,3.55,0.26,text 3d pdb
609,4,10,410,10,1,1jv9A00,Factor Xa Inhibitor,Pancreatic trypsin inhibitor Kunitz domain,3.75,0.26,text 3d pdb
610,1,10,10,60,51,3fkiJ00,Arc Repressor Mutant subunit A,Homeodomain-like,3.56,0.26,text 3d pdb
611,3,30,2050,10,1,3arco02,photosynthetic oxygen evolving center fold,photosynthetic oxygen evolving center domain,3.44,0.26,text 3d pdb
612,3,30,70,20,8,3mmcA04,Alpha-Beta Plaits,,4.00,0.26,text 3d pdb
613,2,40,50,140,191,4ukcC00,OB fold (Dihydrolipoamide Acetyltransferase E2P),Nucleic acid-binding proteins,3.40,0.26,text 3d pdb
614,1,10,10,60,51,4bbrJ00,Arc Repressor Mutant subunit A,Homeodomain-like,3.56,0.26,text 3d pdb
615,3,30,2050,10,1,5gtio02,photosynthetic oxygen evolving center fold,photosynthetic oxygen evolving center domain,3.43,0.26,text 3d pdb
616,3,30,429,10,17,3ej3E00,Macrophage Migration Inhibitory Factor,Macrophage Migration Inhibitory Factor,4.30,0.26,text 3d pdb
617,2,20,25,10,10,2b63I02,N-terminal domain of TfIIb,,3.38,0.26,text 3d pdb
618,1,10,1660,50,1,4dczB00,Multidrug-efflux Transporter Regulator; Chain: A; Domain 2,,4.30,0.26,text 3d pdb
619,2,10,110,20,1,5fxzA03,Cysteine Rich Protein,,3.57,0.26,text 3d pdb
620,2,10,60,10,10,2crtA00,CD59,CD59,3.32,0.26,text 3d pdb
621,2,30,30,570,2,2zuoB09,SH3 type barrels.,,4.42,0.26,text 3d pdb
622,3,30,70,20,8,3c7bD04,Alpha-Beta Plaits,,3.99,0.26,text 3d pdb
623,3,30,2050,10,1,5kafo02,photosynthetic oxygen evolving center fold,photosynthetic oxygen evolving center domain,3.40,0.26,text 3d pdb
624,2,30,30,30,14,2e6zA00,SH3 type barrels.,,3.05,0.26,text 3d pdb
625,1,10,286,10,1,1n3rJ01,GTP Cyclohydrolase I; Chain A domain 1,,4.41,0.26,text 3d pdb
626,2,60,40,10,28,5iroQ02,Immunoglobulin-like,Immunoglobulins,3.25,0.26,text 3d pdb
627,2,20,25,10,10,3howI02,N-terminal domain of TfIIb,,4.45,0.26,text 3d pdb
628,2,20,25,330,2,4ujjA02,N-terminal domain of TfIIb,,3.84,0.26,text 3d pdb
629,3,10,450,40,6,1ivuB01,Nuclear Transport Factor 2; Chain: A,,3.70,0.26,text 3d pdb
630,3,30,2050,10,1,3wu2O02,photosynthetic oxygen evolving center fold,photosynthetic oxygen evolving center domain,3.44,0.26,text 3d pdb
631,2,30,30,570,2,2zuoC09,SH3 type barrels.,,4.40,0.26,text 3d pdb
632,2,30,30,570,2,2zuoK09,SH3 type barrels.,,4.46,0.26,text 3d pdb
633,3,30,70,20,8,3mm7A04,Alpha-Beta Plaits,,4.00,0.26,text 3d pdb
634,3,30,40,10,51,3c6wC00,Herpes Virus-1,Zinc/RING finger domain C3HC4 (zinc finger),3.41,0.26,text 3d pdb
635,3,30,2050,10,1,5gtho02,photosynthetic oxygen evolving center fold,photosynthetic oxygen evolving center domain,3.44,0.26,text 3d pdb
636,2,30,30,380,2,5kywA02,SH3 type barrels.,Zn-finger domain of Sec23/24,2.95,0.26,text 3d pdb
637,2,10,25,10,2,1hj7A01,Laminin,Laminin,3.50,0.26,text 3d pdb
638,1,10,10,60,51,3hoxJ00,Arc Repressor Mutant subunit A,Homeodomain-like,3.57,0.26,text 3d pdb
639,1,10,10,60,81,3hb9A07,Arc Repressor Mutant subunit A,Homeodomain-like,3.64,0.26,text 3d pdb
640,2,10,69,10,2,2ilnI00,Cysteine Protease (Bromelain) Inhibitor subunit H,Cysteine Protease (Bromelain) Inhibitor subunit H,3.09,0.26,text 3d pdb
641,1,10,10,60,51,4bxxJ00,Arc Repressor Mutant subunit A,Homeodomain-like,3.61,0.26,text 3d pdb
642,1,10,10,60,51,2e2jJ00,Arc Repressor Mutant subunit A,Homeodomain-like,3.56,0.26,text 3d pdb
643,3,30,60,260,1,3ol0A00,Wheat Germ Agglutinin (Isolectin 2); domain 1,,2.92,0.26,text 3d pdb
644,3,30,2050,10,1,3wu2o02,photosynthetic oxygen evolving center fold,photosynthetic oxygen evolving center domain,3.44,0.26,text 3d pdb
645,3,30,70,20,8,3mmaA04,Alpha-Beta Plaits,,4.01,0.26,text 3d pdb
646,1,10,10,60,51,3rzdJ00,Arc Repressor Mutant subunit A,Homeodomain-like,3.56,0.26,text 3d pdb
647,3,10,450,40,6,1ivvB01,Nuclear Transport Factor 2; Chain: A,,3.59,0.26,text 3d pdb
648,3,30,860,10,1,3i1oS00,30s Ribosomal Protein S19; Chain A,30s Ribosomal Protein S19; Chain A,2.62,0.26,text 3d pdb
649,4,10,40,10,3,1qdpA00,Omega-AgatoxinV,,3.76,0.26,text 3d pdb
650,1,10,10,250,1,1y39A00,Arc Repressor Mutant subunit A,Ribosomal protein L11 C-terminal domain,4.38,0.26,text 3d pdb
651,3,10,450,40,6,1wmnB01,Nuclear Transport Factor 2; Chain: A,,3.69,0.26,text 3d pdb
652,2,40,50,140,191,4uk9d00,OB fold (Dihydrolipoamide Acetyltransferase E2P),Nucleic acid-binding proteins,3.17,0.26,text 3d pdb
653,2,30,30,140,34,2jz2A00,SH3 type barrels.,,2.46,0.26,text 3d pdb
654,3,40,5,90,3,3ew0B00,Ribosomal Protein L9; domain 1,,2.95,0.26,text 3d pdb
655,3,30,1920,30,1,4mtkB03,Phage tail proteins - 2 layer sandwich fold,,3.68,0.26,text 3d pdb
656,2,20,25,10,10,5c4jI02,N-terminal domain of TfIIb,,4.39,0.26,text 3d pdb
657,3,30,1370,30,1,4tonH01,Ribosomal Protein S8; Chain: A domain 1,,2.99,0.26,text 3d pdb
658,3,10,450,40,6,1wmoB01,Nuclear Transport Factor 2; Chain: A,,3.70,0.26,text 3d pdb
659,3,30,30,10,20,2e3fA00,Defensin A-like,Knottin scorpion toxin-like,3.47,0.26,text 3d pdb
660,2,20,25,330,2,4uloA02,N-terminal domain of TfIIb,,3.66,0.26,text 3d pdb
661,3,30,860,10,1,1hnzS00,30s Ribosomal Protein S19; Chain A,30s Ribosomal Protein S19; Chain A,2.56,0.26,text 3d pdb
662,2,30,30,570,2,2zv4R09,SH3 type barrels.,,3.91,0.26,text 3d pdb
663,3,30,2050,10,1,5b66O02,photosynthetic oxygen evolving center fold,photosynthetic oxygen evolving center domain,3.43,0.26,text 3d pdb
664,3,30,750,130,1,4ae2A01,Transcription Regulator spoIIAA,,3.56,0.26,text 3d pdb
665,1,10,10,60,45,1w0tA00,Arc Repressor Mutant subunit A,Homeodomain-like,4.01,0.26,text 3d pdb
666,2,40,50,530,1,2xqe800,OB fold (Dihydrolipoamide Acetyltransferase E2P),,3.86,0.26,text 3d pdb
667,3,30,1680,10,3,3ol2A02,ligand-binding face of the semaphorins domain 2,ligand-binding face of the semaphorins domain 2,3.66,0.26,text 3d pdb
668,3,30,1350,20,1,1h5wA03,Crambin,Bacteriophage PHI-29 conector. Domain 3,3.99,0.26,text 3d pdb
669,3,30,2050,10,1,5e79O02,photosynthetic oxygen evolving center fold,photosynthetic oxygen evolving center domain,3.42,0.26,text 3d pdb
670,2,30,30,570,2,2zuoA09,SH3 type barrels.,,4.46,0.26,text 3d pdb
671,2,20,25,410,1,2pmzQ09,N-terminal domain of TfIIb,,3.31,0.26,text 3d pdb
672,1,10,1620,10,2,4ukhY00,Atp Synthase Epsilon Chain; Chain: I;,Ribosomal protein L39e,3.63,0.26,text 3d pdb
673,1,10,10,60,51,4a3iJ00,Arc Repressor Mutant subunit A,Homeodomain-like,3.61,0.26,text 3d pdb
674,2,40,20,10,1,5cs3B02,Plasminogen Kringle 4,Plasminogen Kringle 4,4.02,0.26,text 3d pdb
675,2,10,110,20,1,5fy7A03,Cysteine Rich Protein,,3.65,0.26,text 3d pdb
676,2,20,25,10,10,5c44I02,N-terminal domain of TfIIb,,4.59,0.26,text 3d pdb
677,3,30,429,10,30,3mb2H00,Macrophage Migration Inhibitory Factor,Macrophage Migration Inhibitory Factor,4.46,0.26,text 3d pdb
678,2,10,110,10,4,3mmkB01,Cysteine Rich Protein,Cysteine Rich Protein,4.19,0.26,text 3d pdb
679,3,30,40,10,20,4r2yB00,Herpes Virus-1,Zinc/RING finger domain C3HC4 (zinc finger),3.53,0.26,text 3d pdb
680,4,10,410,10,1,1jv8A00,Factor Xa Inhibitor,Pancreatic trypsin inhibitor Kunitz domain,3.56,0.26,text 3d pdb
681,3,30,1350,20,1,1ijgH03,Crambin,Bacteriophage PHI-29 conector. Domain 3,4.09,0.26,text 3d pdb
682,2,10,110,20,1,5fxxA03,Cysteine Rich Protein,,3.65,0.26,text 3d pdb
683,2,40,50,140,191,3jamc00,OB fold (Dihydrolipoamide Acetyltransferase E2P),Nucleic acid-binding proteins,2.93,0.26,text 3d pdb
684,2,40,50,530,1,4kfl800,OB fold (Dihydrolipoamide Acetyltransferase E2P),,4.25,0.26,text 3d pdb
685,2,40,50,530,1,4kfi800,OB fold (Dihydrolipoamide Acetyltransferase E2P),,4.26,0.26,text 3d pdb
686,2,10,60,10,16,1mahF00,CD59,CD59,3.47,0.26,text 3d pdb
687,2,20,25,10,20,1y1vS01,N-terminal domain of TfIIb,,3.25,0.26,text 3d pdb
688,2,40,50,140,191,4ulsC00,OB fold (Dihydrolipoamide Acetyltransferase E2P),Nucleic acid-binding proteins,3.61,0.26,text 3d pdb
689,3,30,860,10,1,1xmqS00,30s Ribosomal Protein S19; Chain A,30s Ribosomal Protein S19; Chain A,2.67,0.26,text 3d pdb
690,3,30,750,130,1,4ae2B01,Transcription Regulator spoIIAA,,3.31,0.26,text 3d pdb
691,1,10,10,250,1,3r8sI02,Arc Repressor Mutant subunit A,Ribosomal protein L11 C-terminal domain,3.84,0.26,text 3d pdb
692,2,20,28,120,1,3pip100,Rubrerythrin domain 2,,3.70,0.26,text 3d pdb
693,4,10,410,10,4,3bybB00,Factor Xa Inhibitor,Pancreatic trypsin inhibitor Kunitz domain,3.89,0.26,text 3d pdb
694,2,20,25,330,2,4ul8A02,N-terminal domain of TfIIb,,3.55,0.26,text 3d pdb
695,2,10,60,10,6,2h8uB00,CD59,CD59,3.70,0.26,text 3d pdb
696,2,40,50,530,1,2wrj800,OB fold (Dihydrolipoamide Acetyltransferase E2P),,4.27,0.26,text 3d pdb
697,2,40,50,530,1,2wrl800,OB fold (Dihydrolipoamide Acetyltransferase E2P),,4.27,0.26,text 3d pdb
698,2,30,30,570,2,2zuoJ09,SH3 type barrels.,,4.36,0.26,text 3d pdb
699,2,20,25,150,1,2p28A02,N-terminal domain of TfIIb,,3.12,0.26,text 3d pdb
700,3,30,429,10,30,3mb2B00,Macrophage Migration Inhibitory Factor,Macrophage Migration Inhibitory Factor,4.49,0.26,text 3d pdb
701,3,30,860,10,1,4ji5S00,30s Ribosomal Protein S19; Chain A,30s Ribosomal Protein S19; Chain A,2.63,0.26,text 3d pdb
702,2,20,25,440,1,2vf1A02,N-terminal domain of TfIIb,,3.83,0.26,text 3d pdb
703,3,30,210,10,5,2m2uA02,Beta Polymerase; domain 3,DNA polymerase thumb domain,3.95,0.26,text 3d pdb
704,2,40,50,530,1,4kcz800,OB fold (Dihydrolipoamide Acetyltransferase E2P),,3.72,0.26,text 3d pdb
705,3,30,750,130,1,4ae2C01,Transcription Regulator spoIIAA,,3.53,0.26,text 3d pdb
706,3,30,2050,10,1,5b66o02,photosynthetic oxygen evolving center fold,photosynthetic oxygen evolving center domain,3.44,0.26,text 3d pdb
707,2,30,30,560,2,2zuoC02,SH3 type barrels.,,2.97,0.26,text 3d pdb
708,2,10,60,10,10,1h0jA00,CD59,CD59,3.23,0.26,text 3d pdb
709,3,30,60,210,1,2luyA01,Wheat Germ Agglutinin (Isolectin 2); domain 1,,4.47,0.26,text 3d pdb
710,2,10,70,10,33,3nfpK01,Complement Module; domain 1,Complement Module domain 1,3.20,0.26,text 3d pdb
711,3,10,360,30,3,3qd6S02,Antimicrobial Peptide Beta-defensin 2; Chain A,,2.73,0.26,text 3d pdb
712,2,10,25,10,77,2k2tA00,Laminin,Laminin,2.71,0.26,text 3d pdb
713,3,10,450,40,6,2cwvA01,Nuclear Transport Factor 2; Chain: A,,3.79,0.26,text 3d pdb
714,3,30,429,10,17,1s0yG00,Macrophage Migration Inhibitory Factor,Macrophage Migration Inhibitory Factor,4.46,0.26,text 3d pdb
715,2,10,110,20,1,5fy1A03,Cysteine Rich Protein,,3.60,0.26,text 3d pdb
716,2,30,30,20,1,4kgxB02,SH3 type barrels.,Aspartate carbamoyltransferase regulatory subunit C-terminal domain,3.35,0.26,text 3d pdb
717,2,10,110,20,1,3zpoA03,Cysteine Rich Protein,,3.66,0.26,text 3d pdb
718,1,10,286,80,1,4qpmA01,GTP Cyclohydrolase I; Chain A domain 1,,2.59,0.26,text 3d pdb
719,2,20,20,10,3,1d6bA00,Anthopleurin-A,Anthopleurin-A,3.62,0.26,text 3d pdb
720,1,10,1620,10,2,4ujrY00,Atp Synthase Epsilon Chain; Chain: I;,Ribosomal protein L39e,3.69,0.26,text 3d pdb
721,2,30,30,570,2,2zuoL09,SH3 type barrels.,,3.95,0.26,text 3d pdb
722,2,20,28,120,4,4kd2600,Rubrerythrin domain 2,,3.16,0.26,text 3d pdb
723,1,10,238,10,58,4mspA02,Recoverin; domain 1,EF-hand,3.47,0.26,text 3d pdb
724,2,20,25,10,10,1wcmI02,N-terminal domain of TfIIb,,3.07,0.26,text 3d pdb
725,3,30,210,10,2,3v72A04,Beta Polymerase; domain 3,DNA polymerase thumb domain,4.24,0.26,text 3d pdb
726,2,20,25,10,10,2ja8I02,N-terminal domain of TfIIb,,4.59,0.26,text 3d pdb
727,2,10,110,20,1,4uf0A03,Cysteine Rich Protein,,3.70,0.26,text 3d pdb
728,4,10,80,10,1,3jd7400,Rhinovirus 14 subunit 4,Picornavirus coat protein VP4,3.33,0.26,text 3d pdb
729,2,10,10,30,1,1yu1A01,Seminal Fluid Protein PDC-109 (Domain B),,3.06,0.26,text 3d pdb
730,2,20,25,10,10,2ja7U02,N-terminal domain of TfIIb,,4.58,0.26,text 3d pdb
731,3,30,429,10,17,3ej3G00,Macrophage Migration Inhibitory Factor,Macrophage Migration Inhibitory Factor,4.18,0.26,text 3d pdb
732,2,10,69,10,2,1k9bA00,Cysteine Protease (Bromelain) Inhibitor subunit H,Cysteine Protease (Bromelain) Inhibitor subunit H,3.86,0.26,text 3d pdb
733,3,10,450,40,6,2e2vA01,Nuclear Transport Factor 2; Chain: A,,3.77,0.26,text 3d pdb
734,2,20,25,10,10,5c4xI02,N-terminal domain of TfIIb,,4.26,0.26,text 3d pdb
735,3,30,1370,30,2,5a2qW01,Ribosomal Protein S8; Chain: A domain 1,,3.14,0.26,text 3d pdb
736,1,10,10,60,45,1w0tB00,Arc Repressor Mutant subunit A,Homeodomain-like,4.02,0.26,text 3d pdb
737,2,20,25,330,2,4uk8A02,N-terminal domain of TfIIb,,3.68,0.26,text 3d pdb
738,2,40,50,530,1,3pyv500,OB fold (Dihydrolipoamide Acetyltransferase E2P),,4.33,0.26,text 3d pdb
739,2,10,69,10,2,3ru4B00,Cysteine Protease (Bromelain) Inhibitor subunit H,Cysteine Protease (Bromelain) Inhibitor subunit H,3.95,0.26,text 3d pdb
740,2,20,210,20,1,3hrzC01,ubp-family deubiquitinating enzyme fold,,3.91,0.26,text 3d pdb
741,4,10,80,40,1,3aedA04,Rhinovirus 14 subunit 4,succinate dehydrogenase protein domain,3.68,0.26,text 3d pdb
742,2,30,30,560,2,2zuoG02,SH3 type barrels.,,3.23,0.26,text 3d pdb
743,2,30,30,560,2,2zuoF02,SH3 type barrels.,,3.20,0.26,text 3d pdb
744,1,10,1620,10,2,4ujtd00,Atp Synthase Epsilon Chain; Chain: I;,Ribosomal protein L39e,3.70,0.25,text 3d pdb
745,3,30,429,10,17,3ej3K00,Macrophage Migration Inhibitory Factor,Macrophage Migration Inhibitory Factor,4.05,0.25,text 3d pdb
746,3,30,2420,10,1,1ihrB00,TolA/TonB C-terminal domain,TonB,4.40,0.25,text 3d pdb
747,2,40,50,140,191,4ujsC00,OB fold (Dihydrolipoamide Acetyltransferase E2P),Nucleic acid-binding proteins,3.38,0.25,text 3d pdb
748,2,40,50,530,1,4kdb800,OB fold (Dihydrolipoamide Acetyltransferase E2P),,4.28,0.25,text 3d pdb
749,3,30,30,10,13,2ljmA01,Defensin A-like,Knottin scorpion toxin-like,2.94,0.25,text 3d pdb
750,4,10,1030,10,1,1u6gA05,Ring Box Chain A; domain 5,Ring Box Chain A; domain 5,3.30,0.25,text 3d pdb
751,3,30,2330,10,2,1vraB01,arginine biosynthesis bifunctional protein fold,arginine biosynthesis bifunctional protein suprefamily,3.79,0.25,text 3d pdb
752,2,20,100,10,1,3vdlA00,TSP-1 type 1 repeat,Thrombospondin type-1 (TSP1) repeat,3.03,0.25,text 3d pdb
753,3,10,450,40,6,2zl8B01,Nuclear Transport Factor 2; Chain: A,,3.52,0.25,text 3d pdb
754,1,10,10,60,51,3s17J00,Arc Repressor Mutant subunit A,Homeodomain-like,3.66,0.25,text 3d pdb
755,3,40,5,10,1,2wh4I01,Ribosomal Protein L9; domain 1,Ribosomal protein L9 N-terminal domain,3.56,0.25,text 3d pdb
756,1,10,1620,10,2,4uktd00,Atp Synthase Epsilon Chain; Chain: I;,Ribosomal protein L39e,3.71,0.25,text 3d pdb
757,2,10,10,30,1,2iouC01,Seminal Fluid Protein PDC-109 (Domain B),,3.06,0.25,text 3d pdb
758,1,10,286,10,1,1fbxO01,GTP Cyclohydrolase I; Chain A domain 1,,4.48,0.25,text 3d pdb
759,2,10,70,10,7,1nwvA02,Complement Module; domain 1,Complement Module domain 1,2.87,0.25,text 3d pdb
760,2,10,10,30,1,2iouE01,Seminal Fluid Protein PDC-109 (Domain B),,3.07,0.25,text 3d pdb
761,4,10,60,10,7,1wwfA00,HIV-1 Nucleocapsid Protein,Zinc finger CCHC-type,4.14,0.25,text 3d pdb
762,2,10,25,10,41,1egfA00,Laminin,Laminin,3.46,0.25,text 3d pdb
763,3,30,30,180,1,2yipF02,Defensin A-like,,3.87,0.25,text 3d pdb
764,3,30,2330,10,1,3it4D01,arginine biosynthesis bifunctional protein fold,arginine biosynthesis bifunctional protein suprefamily,3.75,0.25,text 3d pdb
765,2,20,25,10,10,3i4nI02,N-terminal domain of TfIIb,,3.97,0.25,text 3d pdb
766,2,10,60,10,25,2jqpA00,CD59,CD59,3.77,0.25,text 3d pdb
767,2,30,30,570,2,2zuoI09,SH3 type barrels.,,3.99,0.25,text 3d pdb
768,3,90,940,10,1,3h0gR00,Eukaryotic RPB6 RNA polymerase subunit,,3.80,0.25,text 3d pdb
769,2,20,25,10,20,3po3S02,N-terminal domain of TfIIb,,3.41,0.25,text 3d pdb
770,3,30,40,10,30,1k2fB02,Herpes Virus-1,Zinc/RING finger domain C3HC4 (zinc finger),3.85,0.25,text 3d pdb
771,3,30,1550,10,1,4kdbK01,Ribosomal protein L11 N-terminal domain,Ribosomal protein L11/L12 N-terminal domain,3.81,0.25,text 3d pdb
772,3,90,940,10,1,3h0gF00,Eukaryotic RPB6 RNA polymerase subunit,,3.80,0.25,text 3d pdb
773,2,10,70,10,55,4b2rA02,Complement Module; domain 1,Complement Module domain 1,3.79,0.25,text 3d pdb
774,3,10,450,40,6,2yx9B01,Nuclear Transport Factor 2; Chain: A,,3.48,0.25,text 3d pdb
775,2,20,25,10,10,4a3kI02,N-terminal domain of TfIIb,,4.52,0.25,text 3d pdb
776,2,20,25,10,10,2r92I02,N-terminal domain of TfIIb,,4.17,0.25,text 3d pdb
777,2,10,60,10,10,1ccqA00,CD59,CD59,3.21,0.25,text 3d pdb
778,2,20,25,10,10,2ja7I02,N-terminal domain of TfIIb,,4.50,0.25,text 3d pdb
779,3,30,860,10,1,3r8oS00,30s Ribosomal Protein S19; Chain A,30s Ribosomal Protein S19; Chain A,2.78,0.25,text 3d pdb
780,3,30,860,10,1,4gd2S00,30s Ribosomal Protein S19; Chain A,30s Ribosomal Protein S19; Chain A,2.78,0.25,text 3d pdb
781,2,170,120,20,1,4qcnZ02,RNA Polymerase Alpha Subunit; Chain A domain 2,Ribosomal protein L25 beta domain,4.23,0.25,text 3d pdb
782,1,10,10,60,51,4by7J00,Arc Repressor Mutant subunit A,Homeodomain-like,3.63,0.25,text 3d pdb
783,2,20,25,10,10,2r93I02,N-terminal domain of TfIIb,,4.24,0.25,text 3d pdb
784,2,20,28,30,1,5ip7L00,Rubrerythrin domain 2,RNA polymerase ii chain L,4.25,0.25,text 3d pdb
785,3,30,60,30,9,1tihA00,Wheat Germ Agglutinin (Isolectin 2); domain 1,,3.21,0.25,text 3d pdb
786,2,30,30,620,1,2zuoG08,SH3 type barrels.,,3.45,0.25,text 3d pdb
787,1,10,10,60,51,5c4jJ00,Arc Repressor Mutant subunit A,Homeodomain-like,3.64,0.25,text 3d pdb
788,3,30,210,10,5,2m2wA02,Beta Polymerase; domain 3,DNA polymerase thumb domain,3.87,0.25,text 3d pdb
789,3,30,160,60,41,2em9A01,Double Stranded RNA Binding Domain,Classic Zinc Finger,3.94,0.25,text 3d pdb
790,3,30,860,10,1,4duyS00,30s Ribosomal Protein S19; Chain A,30s Ribosomal Protein S19; Chain A,2.70,0.25,text 3d pdb
791,2,10,60,10,10,4om4C00,CD59,CD59,3.75,0.25,text 3d pdb
792,3,30,70,270,4,4rw6B02,Alpha-Beta Plaits,,3.72,0.25,text 3d pdb
793,3,30,30,10,5,4ab0A00,Defensin A-like,Knottin scorpion toxin-like,3.24,0.25,text 3d pdb
794,1,10,10,60,51,3po2J00,Arc Repressor Mutant subunit A,Homeodomain-like,3.68,0.25,text 3d pdb
795,2,30,30,560,2,2zuoM02,SH3 type barrels.,,3.22,0.25,text 3d pdb
796,1,10,10,60,51,3s1mJ00,Arc Repressor Mutant subunit A,Homeodomain-like,3.69,0.25,text 3d pdb
797,2,20,25,10,10,4a3bI02,N-terminal domain of TfIIb,,4.40,0.25,text 3d pdb
798,2,40,50,530,1,4b8g800,OB fold (Dihydrolipoamide Acetyltransferase E2P),,4.29,0.25,text 3d pdb
799,1,10,10,1190,1,2w82B03,Arc Repressor Mutant subunit A,,4.18,0.25,text 3d pdb
800,3,30,30,180,1,2yioB02,Defensin A-like,,3.88,0.25,text 3d pdb
801,1,10,246,10,8,3lu8A06,Serum Albumin; Chain A Domain 1,,3.84,0.25,text 3d pdb
802,1,10,1620,10,2,4ukbY00,Atp Synthase Epsilon Chain; Chain: I;,Ribosomal protein L39e,4.07,0.25,text 3d pdb
803,3,30,1490,20,13,3r5hA02,Dna Ligase; domain 1,ATP-grasp fold A domain,3.48,0.25,text 3d pdb
804,2,20,25,10,10,1i50I01,N-terminal domain of TfIIb,,3.84,0.25,text 3d pdb
805,2,60,40,2940,1,2y0sW06,Immunoglobulin-like,,3.88,0.25,text 3d pdb
806,2,60,40,2940,1,2y0sA06,Immunoglobulin-like,,3.88,0.25,text 3d pdb
807,2,20,25,10,10,4a3fI02,N-terminal domain of TfIIb,,3.81,0.25,text 3d pdb
808,3,30,1350,20,1,1jnbC03,Crambin,Bacteriophage PHI-29 conector. Domain 3,4.15,0.25,text 3d pdb
809,3,10,450,40,6,2zl8A01,Nuclear Transport Factor 2; Chain: A,,3.43,0.25,text 3d pdb
810,2,20,25,10,10,1k83I01,N-terminal domain of TfIIb,,3.84,0.25,text 3d pdb
811,3,30,1350,20,1,1jnbE03,Crambin,Bacteriophage PHI-29 conector. Domain 3,4.16,0.25,text 3d pdb
812,2,10,70,10,55,4b2sA01,Complement Module; domain 1,Complement Module domain 1,3.74,0.25,text 3d pdb
813,2,30,30,560,2,2zuoB02,SH3 type barrels.,,3.00,0.25,text 3d pdb
814,1,10,1620,10,2,4ulid00,Atp Synthase Epsilon Chain; Chain: I;,Ribosomal protein L39e,3.75,0.25,text 3d pdb
815,1,10,286,10,1,1fbxK01,GTP Cyclohydrolase I; Chain A domain 1,,4.29,0.25,text 3d pdb
816,2,20,25,10,10,4a3dI02,N-terminal domain of TfIIb,,4.40,0.25,text 3d pdb
817,3,30,70,270,4,4rw7B02,Alpha-Beta Plaits,,3.75,0.25,text 3d pdb
818,3,30,30,180,1,2yipB02,Defensin A-like,,3.89,0.25,text 3d pdb
819,3,30,429,10,17,3ej9C00,Macrophage Migration Inhibitory Factor,Macrophage Migration Inhibitory Factor,4.19,0.25,text 3d pdb
820,3,30,860,10,1,1vs7S00,30s Ribosomal Protein S19; Chain A,30s Ribosomal Protein S19; Chain A,2.97,0.25,text 3d pdb
821,1,10,1620,10,2,4a18B00,Atp Synthase Epsilon Chain; Chain: I;,Ribosomal protein L39e,3.63,0.25,text 3d pdb
822,3,30,30,180,1,2yilC02,Defensin A-like,,3.88,0.25,text 3d pdb
823,3,30,860,10,1,2aw7S00,30s Ribosomal Protein S19; Chain A,30s Ribosomal Protein S19; Chain A,2.94,0.25,text 3d pdb
824,2,20,28,120,1,3pio100,Rubrerythrin domain 2,,3.40,0.25,text 3d pdb
825,2,20,25,10,10,3po2I02,N-terminal domain of TfIIb,,4.28,0.25,text 3d pdb
826,3,30,30,100,2,2ln8A00,Defensin A-like,,3.26,0.25,text 3d pdb
827,3,30,70,270,4,4rw9B02,Alpha-Beta Plaits,,3.74,0.25,text 3d pdb
828,2,20,25,10,10,4a93I02,N-terminal domain of TfIIb,,3.81,0.25,text 3d pdb
829,2,30,30,620,1,2zuoJ08,SH3 type barrels.,,3.43,0.25,text 3d pdb
830,3,30,160,190,1,2jyaA00,Double Stranded RNA Binding Domain,atu1810 like domain,4.37,0.25,text 3d pdb
831,2,20,25,10,20,3gtmS02,N-terminal domain of TfIIb,,3.96,0.25,text 3d pdb
832,2,20,25,10,10,4bbsI02,N-terminal domain of TfIIb,,3.92,0.25,text 3d pdb
833,2,30,30,620,1,2zuoH08,SH3 type barrels.,,3.42,0.25,text 3d pdb
834,2,20,25,10,10,2ja5I02,N-terminal domain of TfIIb,,4.08,0.25,text 3d pdb
835,2,20,25,10,10,4by7I02,N-terminal domain of TfIIb,,4.30,0.25,text 3d pdb
836,4,10,110,10,3,1ps2A00,Spasmolytic Protein; domain 1,Spasmolytic Protein domain 1,4.01,0.25,text 3d pdb
837,2,10,10,30,1,1yu3A01,Seminal Fluid Protein PDC-109 (Domain B),,3.11,0.25,text 3d pdb
838,3,30,1350,20,1,1jnbD03,Crambin,Bacteriophage PHI-29 conector. Domain 3,4.16,0.25,text 3d pdb
839,3,30,1350,20,1,1jnbG03,Crambin,Bacteriophage PHI-29 conector. Domain 3,4.16,0.25,text 3d pdb
840,3,30,1350,20,1,1jnbB03,Crambin,Bacteriophage PHI-29 conector. Domain 3,4.17,0.25,text 3d pdb
841,2,10,70,10,38,1cklC02,Complement Module; domain 1,Complement Module domain 1,3.70,0.25,text 3d pdb
842,2,60,40,10,493,3qwrA01,Immunoglobulin-like,Immunoglobulins,3.40,0.25,text 3d pdb
843,2,30,30,620,1,2zuoM08,SH3 type barrels.,,3.44,0.25,text 3d pdb
844,3,30,1350,20,1,1jnbL03,Crambin,Bacteriophage PHI-29 conector. Domain 3,4.17,0.25,text 3d pdb
845,2,10,60,10,6,3neqA00,CD59,CD59,3.56,0.25,text 3d pdb
846,2,20,25,10,10,4by1I02,N-terminal domain of TfIIb,,3.94,0.25,text 3d pdb
847,2,20,25,10,10,3s14I02,N-terminal domain of TfIIb,,3.89,0.25,text 3d pdb
848,3,30,429,10,17,3ej3A00,Macrophage Migration Inhibitory Factor,Macrophage Migration Inhibitory Factor,4.24,0.25,text 3d pdb
849,2,40,50,40,12,1hfgA00,OB fold (Dihydrolipoamide Acetyltransferase E2P),,3.39,0.25,text 3d pdb
850,3,30,210,10,2,4rq0A04,Beta Polymerase; domain 3,DNA polymerase thumb domain,3.81,0.25,text 3d pdb
851,2,10,70,10,3,1q3xB01,Complement Module; domain 1,Complement Module domain 1,3.37,0.25,text 3d pdb
852,2,10,60,10,10,4om4D00,CD59,CD59,3.48,0.25,text 3d pdb
853,2,20,25,10,10,1i3qI01,N-terminal domain of TfIIb,,4.17,0.25,text 3d pdb
854,3,30,429,10,17,3ej3C00,Macrophage Migration Inhibitory Factor,Macrophage Migration Inhibitory Factor,4.33,0.25,text 3d pdb
855,3,10,450,40,6,2cwuB01,Nuclear Transport Factor 2; Chain: A,,3.71,0.25,text 3d pdb
856,2,20,25,10,10,4bxxI02,N-terminal domain of TfIIb,,3.80,0.25,text 3d pdb
857,2,40,50,530,1,4kbu800,OB fold (Dihydrolipoamide Acetyltransferase E2P),,4.10,0.25,text 3d pdb
858,2,20,25,10,10,1twhI02,N-terminal domain of TfIIb,,4.36,0.25,text 3d pdb
859,2,20,25,10,10,4a3lI02,N-terminal domain of TfIIb,,3.91,0.25,text 3d pdb
860,2,20,25,10,10,4a3iI02,N-terminal domain of TfIIb,,3.82,0.25,text 3d pdb
861,2,20,25,10,10,4a3eI02,N-terminal domain of TfIIb,,3.81,0.25,text 3d pdb
862,3,30,750,130,1,4aejA01,Transcription Regulator spoIIAA,,3.39,0.25,text 3d pdb
863,2,20,25,10,10,4a3gI02,N-terminal domain of TfIIb,,4.20,0.25,text 3d pdb
864,2,20,25,10,10,3hozI02,N-terminal domain of TfIIb,,4.17,0.25,text 3d pdb
865,1,10,10,60,51,4c3jJ00,Arc Repressor Mutant subunit A,Homeodomain-like,4.10,0.25,text 3d pdb
866,3,30,860,10,1,1n34S00,30s Ribosomal Protein S19; Chain A,30s Ribosomal Protein S19; Chain A,2.70,0.25,text 3d pdb
867,2,20,25,10,10,4a3jI02,N-terminal domain of TfIIb,,3.92,0.25,text 3d pdb
868,2,20,20,120,1,2qsfA03,Anthopleurin-A,,2.99,0.25,text 3d pdb
869,2,20,25,10,10,3hoyI02,N-terminal domain of TfIIb,,4.14,0.25,text 3d pdb
870,1,10,10,60,51,4c3hJ00,Arc Repressor Mutant subunit A,Homeodomain-like,4.10,0.25,text 3d pdb
871,3,30,750,130,1,4aejC01,Transcription Regulator spoIIAA,,3.44,0.25,text 3d pdb
872,2,10,110,20,1,5fxwA03,Cysteine Rich Protein,,3.33,0.25,text 3d pdb
873,3,30,750,130,1,4aejB01,Transcription Regulator spoIIAA,,3.14,0.25,text 3d pdb
874,1,10,10,60,162,2da5A00,Arc Repressor Mutant subunit A,Homeodomain-like,3.69,0.25,text 3d pdb
875,2,30,30,620,1,2zuoA08,SH3 type barrels.,,3.46,0.25,text 3d pdb
876,2,20,25,10,10,2vumI02,N-terminal domain of TfIIb,,4.29,0.25,text 3d pdb
877,2,20,25,10,10,5ip7I02,N-terminal domain of TfIIb,,4.30,0.25,text 3d pdb
878,4,10,650,10,1,1aqrA00,Ag-metallothionein,Metallothionein domain superfamily yeast,2.43,0.25,text 3d pdb
879,2,60,40,10,493,1f45A02,Immunoglobulin-like,Immunoglobulins,3.63,0.25,text 3d pdb
880,2,20,25,10,10,4bbrI02,N-terminal domain of TfIIb,,3.95,0.25,text 3d pdb
881,2,20,25,10,10,5c3eI02,N-terminal domain of TfIIb,,4.09,0.25,text 3d pdb
882,2,10,60,10,10,4om4B00,CD59,CD59,3.48,0.25,text 3d pdb
883,2,10,60,10,10,3vtsB00,CD59,CD59,3.74,0.25,text 3d pdb
884,3,30,40,10,20,4r2yD00,Herpes Virus-1,Zinc/RING finger domain C3HC4 (zinc finger),3.48,0.25,text 3d pdb
885,1,10,10,2790,1,4hntA07,Arc Repressor Mutant subunit A,,3.92,0.25,text 3d pdb
886,2,30,30,810,1,2fhdA02,SH3 type barrels.,,3.48,0.25,text 3d pdb
887,3,30,70,270,4,1rt5B02,Alpha-Beta Plaits,,3.84,0.25,text 3d pdb
888,2,10,25,20,3,1kkeB01,Laminin,reovirus attachment protein sigma1; domain 1,3.48,0.25,text 3d pdb
889,1,10,246,10,8,2vueB06,Serum Albumin; Chain A Domain 1,,4.04,0.25,text 3d pdb
890,2,20,25,10,10,3s17I02,N-terminal domain of TfIIb,,4.21,0.25,text 3d pdb
891,2,60,260,20,10,4j80C02,HSP40/DNAj peptide-binding domain,Urease metallochaperone UreE N-terminal domain,3.49,0.25,text 3d pdb
892,3,90,940,20,1,2wb1H00,Eukaryotic RPB6 RNA polymerase subunit,RPB5-like RNA polymerase subunit,3.74,0.25,text 3d pdb
893,2,10,60,10,10,1cb9A00,CD59,CD59,3.23,0.25,text 3d pdb
894,2,10,110,20,1,5fy1B03,Cysteine Rich Protein,,3.33,0.25,text 3d pdb
895,2,20,25,10,10,1twcI02,N-terminal domain of TfIIb,,4.38,0.25,text 3d pdb
896,2,30,30,560,2,2zuoE02,SH3 type barrels.,,3.29,0.25,text 3d pdb
897,1,10,238,10,41,1w7jB02,Recoverin; domain 1,EF-hand,3.73,0.25,text 3d pdb
898,2,20,28,70,1,4ulie00,Rubrerythrin domain 2,,4.04,0.25,text 3d pdb
899,2,40,50,40,4,1je4A00,OB fold (Dihydrolipoamide Acetyltransferase E2P),,3.98,0.25,text 3d pdb
900,2,20,28,50,2,3pl5A02,Rubrerythrin domain 2,degv family protein,2.88,0.25,text 3d pdb
901,3,30,1490,20,5,3u9tA03,Dna Ligase; domain 1,ATP-grasp fold A domain,3.67,0.25,text 3d pdb
902,2,10,70,10,40,4kkdA01,Complement Module; domain 1,Complement Module domain 1,3.62,0.25,text 3d pdb
903,3,30,1490,130,1,1v51A03,Dna Ligase; domain 1,D-aminoacylase. Domain 3,3.85,0.25,text 3d pdb
904,4,10,80,10,2,1bev400,Rhinovirus 14 subunit 4,Picornavirus coat protein VP4,3.79,0.25,text 3d pdb
905,2,20,25,10,10,4a3cI02,N-terminal domain of TfIIb,,4.35,0.25,text 3d pdb
906,3,30,1370,30,1,4peaH01,Ribosomal Protein S8; Chain: A domain 1,,3.56,0.25,text 3d pdb
907,2,30,30,40,116,2o2oA00,SH3 type barrels.,SH3 Domains,4.03,0.25,text 3d pdb
908,2,20,25,10,10,3s2dI02,N-terminal domain of TfIIb,,3.91,0.25,text 3d pdb
909,2,20,25,10,10,3rzdI02,N-terminal domain of TfIIb,,4.22,0.25,text 3d pdb
910,2,20,25,10,10,3s2hI02,N-terminal domain of TfIIb,,3.89,0.25,text 3d pdb
911,3,30,60,20,5,1xbtF02,Wheat Germ Agglutinin (Isolectin 2); domain 1,,3.57,0.25,text 3d pdb
912,2,10,70,10,11,3zd2A01,Complement Module; domain 1,Complement Module domain 1,3.93,0.25,text 3d pdb
913,2,20,25,10,10,1twgI02,N-terminal domain of TfIIb,,4.28,0.25,text 3d pdb
914,2,20,28,70,1,4ukjd00,Rubrerythrin domain 2,,3.83,0.25,text 3d pdb
915,2,40,50,530,1,4kbw800,OB fold (Dihydrolipoamide Acetyltransferase E2P),,4.16,0.25,text 3d pdb
916,2,30,170,40,2,3ofzX00,Ribosomal Protein L24e; Chain: T;,Ribosomal protein L28/L24,3.56,0.25,text 3d pdb
917,2,60,40,2940,1,2wb1W06,Immunoglobulin-like,,3.94,0.25,text 3d pdb
918,2,60,40,2940,1,2wb1A06,Immunoglobulin-like,,3.93,0.25,text 3d pdb
919,2,30,30,20,1,8at1B02,SH3 type barrels.,Aspartate carbamoyltransferase regulatory subunit C-terminal domain,3.40,0.25,text 3d pdb
920,4,10,170,10,3,1olhD00,p53 subunit A,p53-like tetramerisation domain,4.17,0.25,text 3d pdb
921,4,10,170,10,3,1olhA00,p53 subunit A,p53-like tetramerisation domain,4.17,0.25,text 3d pdb
922,4,10,170,10,3,1olhB00,p53 subunit A,p53-like tetramerisation domain,4.17,0.25,text 3d pdb
923,1,10,246,10,8,1bm0A06,Serum Albumin; Chain A Domain 1,,4.10,0.25,text 3d pdb
924,1,10,10,60,51,3gtkJ00,Arc Repressor Mutant subunit A,Homeodomain-like,4.16,0.25,text 3d pdb
925,2,30,170,40,2,3ofcX00,Ribosomal Protein L24e; Chain: T;,Ribosomal protein L28/L24,3.49,0.25,text 3d pdb
926,2,40,50,40,39,2hugA00,OB fold (Dihydrolipoamide Acetyltransferase E2P),,4.19,0.25,text 3d pdb
927,2,20,25,410,1,2pmzA09,N-terminal domain of TfIIb,,3.42,0.25,text 3d pdb
928,3,30,2330,10,1,3it6B01,arginine biosynthesis bifunctional protein fold,arginine biosynthesis bifunctional protein suprefamily,4.46,0.25,text 3d pdb
929,3,30,70,330,101,3rw7A01,Alpha-Beta Plaits,,3.65,0.25,text 3d pdb
930,3,30,1490,20,22,2r7kA03,Dna Ligase; domain 1,ATP-grasp fold A domain,4.26,0.25,text 3d pdb
931,2,40,50,530,1,4b8i800,OB fold (Dihydrolipoamide Acetyltransferase E2P),,4.33,0.25,text 3d pdb
932,2,20,28,120,1,3oas100,Rubrerythrin domain 2,,3.22,0.25,text 3d pdb
933,2,40,50,530,1,3oi3800,OB fold (Dihydrolipoamide Acetyltransferase E2P),,4.43,0.25,text 3d pdb
934,2,40,50,890,1,4u9tA00,OB fold (Dihydrolipoamide Acetyltransferase E2P),,3.33,0.24,text 3d pdb
935,2,10,110,20,1,4uf0B03,Cysteine Rich Protein,,3.50,0.24,text 3d pdb
936,2,10,70,10,7,1g44C02,Complement Module; domain 1,Complement Module domain 1,3.91,0.24,text 3d pdb
937,2,30,30,500,1,1xovA03,SH3 type barrels.,,3.58,0.24,text 3d pdb
938,3,30,2330,10,1,3it4B01,arginine biosynthesis bifunctional protein fold,arginine biosynthesis bifunctional protein suprefamily,4.28,0.24,text 3d pdb
939,3,30,60,20,12,1farA00,Wheat Germ Agglutinin (Isolectin 2); domain 1,,3.61,0.24,text 3d pdb
940,4,10,8,20,1,1khvB01,Luciferase; domain 5,DNA/RNA polymerases,3.87,0.24,text 3d pdb
941,4,10,80,40,3,2wdqI04,Rhinovirus 14 subunit 4,succinate dehydrogenase protein domain,3.90,0.24,text 3d pdb
942,4,10,70,10,1,2ljvA00,Echistatin,Disintegrin domain,2.94,0.24,text 3d pdb
943,3,10,350,10,10,2djpA00,Membrane-bound Lytic Murein Transglycosylase D; Chain A,LysM domain,4.00,0.24,text 3d pdb
944,3,10,20,540,2,4r3dA01,Ubiquitin-like (UB roll),,4.32,0.24,text 3d pdb
945,3,30,2330,10,1,3it6D01,arginine biosynthesis bifunctional protein fold,arginine biosynthesis bifunctional protein suprefamily,4.49,0.24,text 3d pdb
946,2,20,28,30,1,4bbsL00,Rubrerythrin domain 2,RNA polymerase ii chain L,4.28,0.24,text 3d pdb
947,2,30,30,810,1,2fhdB02,SH3 type barrels.,,3.65,0.24,text 3d pdb
948,2,10,110,20,1,3avsA03,Cysteine Rich Protein,,3.52,0.24,text 3d pdb
949,1,20,1580,10,4,2vf7C05,ABC transporter ATPase like fold,ABC transporter ATPase like domain,4.15,0.24,text 3d pdb
950,1,10,8,510,1,1ye9K01,Helicase Ruva Protein; domain 3,,3.50,0.24,text 3d pdb
951,3,30,40,200,1,3ddtA00,Herpes Virus-1,,4.34,0.24,text 3d pdb
952,2,10,60,10,10,1cxnA00,CD59,CD59,3.58,0.24,text 3d pdb
953,3,10,330,110,1,4cqnD03,Vcp-like ATPase; Chain A domain 2,,3.82,0.24,text 3d pdb
954,3,30,1370,30,2,4uk1001,Ribosomal Protein S8; Chain: A domain 1,,3.59,0.24,text 3d pdb
955,2,40,50,530,1,4g5w800,OB fold (Dihydrolipoamide Acetyltransferase E2P),,4.64,0.24,text 3d pdb
956,2,40,50,530,1,4g5n800,OB fold (Dihydrolipoamide Acetyltransferase E2P),,4.60,0.24,text 3d pdb
957,3,30,1490,10,1,4qjth02,Dna Ligase; domain 1,,3.53,0.24,text 3d pdb
958,2,10,70,10,14,1c1zA04,Complement Module; domain 1,Complement Module domain 1,3.45,0.24,text 3d pdb
959,3,30,40,10,98,1mm3A00,Herpes Virus-1,Zinc/RING finger domain C3HC4 (zinc finger),3.80,0.24,text 3d pdb
960,2,10,310,10,1,1qmbB00,Serpins fold,Serpins superfamily,3.79,0.24,text 3d pdb
961,2,20,28,120,1,3og0100,Rubrerythrin domain 2,,2.91,0.24,text 3d pdb
962,1,10,1220,10,4,2k9iB00,Arc Repressor Mutant,Met repressor-like,4.48,0.23,text 3d pdb
963,2,10,70,10,10,4zh1F02,Complement Module; domain 1,Complement Module domain 1,2.81,0.23,text 3d pdb
964,3,30,1490,20,30,3se7E03,Dna Ligase; domain 1,ATP-grasp fold A domain,3.74,0.23,text 3d pdb
965,2,40,50,530,1,4nvx800,OB fold (Dihydrolipoamide Acetyltransferase E2P),,4.90,0.23,text 3d pdb
966,2,20,28,10,7,2vl6C03,Rubrerythrin domain 2,,3.36,0.23,text 3d pdb
967,2,20,28,10,7,2vl6B03,Rubrerythrin domain 2,,3.36,0.23,text 3d pdb
968,3,30,40,70,1,3e2dA04,Herpes Virus-1,,3.56,0.23,text 3d pdb
969,3,30,30,30,2,4gniB02,Defensin A-like,,3.53,0.23,text 3d pdb
970,2,20,25,160,1,4mriB02,N-terminal domain of TfIIb,,4.50,0.23,text 3d pdb
971,3,30,70,270,4,4rw4B02,Alpha-Beta Plaits,,3.01,0.23,text 3d pdb
972,3,30,60,20,10,4l9mA04,Wheat Germ Agglutinin (Isolectin 2); domain 1,,3.29,0.23,text 3d pdb
973,2,40,50,40,40,2epbA00,OB fold (Dihydrolipoamide Acetyltransferase E2P),,3.96,0.23,text 3d pdb
974,2,20,28,120,1,3ofd100,Rubrerythrin domain 2,,3.65,0.23,text 3d pdb
975,1,10,10,660,1,3clqB03,Arc Repressor Mutant subunit A,conserved protein of unknown function from Enterococcus faecalis V583,4.52,0.23,text 3d pdb
976,2,30,30,20,2,2ywwB02,SH3 type barrels.,Aspartate carbamoyltransferase regulatory subunit C-terminal domain,3.68,0.23,text 3d pdb
977,3,40,970,10,1,1qhkA00,Ribonuclease HI; Chain A,Ribonuclease H1 N-terminal domain,4.22,0.23,text 3d pdb
978,1,10,10,60,51,3gtmJ00,Arc Repressor Mutant subunit A,Homeodomain-like,4.09,0.22,text 3d pdb
979,2,20,28,120,1,1vt2100,Rubrerythrin domain 2,,3.22,0.22,text 3d pdb
980,2,30,170,50,1,2aw4Z00,Ribosomal Protein L24e; Chain: T;,,3.40,0.22,text 3d pdb
981,4,10,80,40,3,2ws3I04,Rhinovirus 14 subunit 4,succinate dehydrogenase protein domain,3.73,0.22,text 3d pdb
982,2,10,310,10,1,1d5sB00,Serpins fold,Serpins superfamily,3.36,0.22,text 3d pdb
983,2,20,28,10,5,4pogJ03,Rubrerythrin domain 2,,4.17,0.22,text 3d pdb
984,3,10,450,290,1,3n54B01,Nuclear Transport Factor 2; Chain: A,,3.61,0.22,text 3d pdb
985,3,30,1490,50,2,3kakB05,Dna Ligase; domain 1,,3.30,0.22,text 3d pdb
986,2,10,110,20,1,5fy0B03,Cysteine Rich Protein,,3.62,0.22,text 3d pdb
987,2,30,30,20,1,9atcB02,SH3 type barrels.,Aspartate carbamoyltransferase regulatory subunit C-terminal domain,3.55,0.22,text 3d pdb
988,2,20,25,330,2,4ujtA02,N-terminal domain of TfIIb,,3.67,0.21,text 3d pdb
989,2,10,70,10,18,1y8eA03,Complement Module; domain 1,Complement Module domain 1,3.49,0.21,text 3d pdb
990,3,30,240,30,1,1wu7A02,CRO Repressor,,3.81,0.21,text 3d pdb
991,2,20,25,330,2,4ujyA02,N-terminal domain of TfIIb,,3.66,0.21,text 3d pdb
992,2,10,10,70,1,4ibkB02,Seminal Fluid Protein PDC-109 (Domain B),,3.56,0.21,text 3d pdb
993,2,30,30,40,96,2yuqA01,SH3 type barrels.,SH3 Domains,3.87,0.20,text 3d pdb
994,3,30,860,10,1,4pe9S00,30s Ribosomal Protein S19; Chain A,30s Ribosomal Protein S19; Chain A,4.54,0.19,text 3d pdb
995,2,40,340,10,2,2nqnA04,Beta-clip,MoeA C-terminal, domain IV,4.51,0.19,text 3d pdb
996,3,30,860,10,1,4dv7S00,30s Ribosomal Protein S19; Chain A,30s Ribosomal Protein S19; Chain A,4.71,0.19,text 3d pdb
997,2,60,40,10,750,3t0eE04,Immunoglobulin-like,Immunoglobulins,4.67,0.19,text 3d pdb
998,3,30,860,10,1,1ibkS00,30s Ribosomal Protein S19; Chain A,30s Ribosomal Protein S19; Chain A,4.48,0.18,text 3d pdb
999,3,30,860,10,1,4gkjS00,30s Ribosomal Protein S19; Chain A,30s Ribosomal Protein S19; Chain A,4.85,0.17,text 3d pdb
1000,3,30,860,10,1,3uoqS00,30s Ribosomal Protein S19; Chain A,30s Ribosomal Protein S19; Chain A,4.09,0.16,text 3d pdb