#,CL,CF,SF,FA,SCOP Domain,Fold,Superfamily,RMSD,TM-Score,TM-Align
1,b,72,1,1,d2mwba_,WW domain-like,WW domain,1.96,0.40,text 3d pdb
2,g,24,1,1,d2h9gr3,TNF receptor-like,TNF receptor-like,2.68,0.35,text 3d pdb
3,g,3,11,0,d5wb8c_,Knottins (small inhibitors toxins, lectins),EGF/Laminin,2.67,0.35,text 3d pdb
4,g,41,9,2,d4c3il_,Rubredoxin-like,RNA polymerase subunits,3.69,0.34,text 3d pdb
5,g,41,9,2,d3cqzl1,Rubredoxin-like,RNA polymerase subunits,3.44,0.34,text 3d pdb
6,g,3,7,5,d5kk4e1,Knottins (small inhibitors toxins, lectins),Scorpion toxin-like,2.37,0.34,text 3d pdb
7,g,41,16,1,d2ey4e1,Rubredoxin-like,Nop10-like SnoRNP,3.04,0.34,text 3d pdb
8,g,3,7,5,d5kk4a_,Knottins (small inhibitors toxins, lectins),Scorpion toxin-like,2.38,0.34,text 3d pdb
9,g,41,11,1,d2cr8a1,Rubredoxin-like,Ran binding protein zinc finger-like,2.99,0.34,text 3d pdb
10,b,72,1,1,d3kaba1,WW domain-like,WW domain,2.15,0.34,text 3d pdb
11,g,41,16,1,d2ausb_,Rubredoxin-like,Nop10-like SnoRNP,2.76,0.34,text 3d pdb
12,g,39,1,0,d4uxjh2,Glucocorticoid receptor-like (DNA-binding domain),Glucocorticoid receptor-like (DNA-binding domain),3.35,0.34,text 3d pdb
13,g,3,7,5,d4cqkl_,Knottins (small inhibitors toxins, lectins),Scorpion toxin-like,2.39,0.34,text 3d pdb
14,g,41,9,2,d3s1ml_,Rubredoxin-like,RNA polymerase subunits,3.55,0.34,text 3d pdb
15,b,72,1,1,d1k9qa_,WW domain-like,WW domain,2.79,0.34,text 3d pdb
16,g,27,1,1,d2cg7a1,FnI-like domain,FnI-like domain,2.40,0.34,text 3d pdb
17,g,41,16,1,d3lwqb_,Rubredoxin-like,Nop10-like SnoRNP,3.69,0.34,text 3d pdb
18,g,41,9,2,d2nvtl1,Rubredoxin-like,RNA polymerase subunits,3.63,0.34,text 3d pdb
19,g,41,9,2,d4c3hl_,Rubredoxin-like,RNA polymerase subunits,3.61,0.33,text 3d pdb
20,g,39,1,0,d4uxjg2,Glucocorticoid receptor-like (DNA-binding domain),Glucocorticoid receptor-like (DNA-binding domain),3.31,0.33,text 3d pdb
21,g,39,1,0,d4uxje2,Glucocorticoid receptor-like (DNA-binding domain),Glucocorticoid receptor-like (DNA-binding domain),3.34,0.33,text 3d pdb
22,g,41,2,0,d2ar7b2,Rubredoxin-like,Microbial and mitochondrial ADK insert "zinc finger" domain,2.67,0.33,text 3d pdb
23,g,39,1,0,d4uxjc2,Glucocorticoid receptor-like (DNA-binding domain),Glucocorticoid receptor-like (DNA-binding domain),3.34,0.33,text 3d pdb
24,g,41,16,1,d3mqkb_,Rubredoxin-like,Nop10-like SnoRNP,3.11,0.33,text 3d pdb
25,g,39,1,0,d4uxjd2,Glucocorticoid receptor-like (DNA-binding domain),Glucocorticoid receptor-like (DNA-binding domain),3.33,0.33,text 3d pdb
26,g,39,1,0,d4uxjb2,Glucocorticoid receptor-like (DNA-binding domain),Glucocorticoid receptor-like (DNA-binding domain),3.34,0.33,text 3d pdb
27,g,3,7,5,d4cqkk_,Knottins (small inhibitors toxins, lectins),Scorpion toxin-like,2.41,0.33,text 3d pdb
28,g,3,7,5,d4cqkb_,Knottins (small inhibitors toxins, lectins),Scorpion toxin-like,2.40,0.33,text 3d pdb
29,g,3,7,5,d4cqkf_,Knottins (small inhibitors toxins, lectins),Scorpion toxin-like,2.40,0.33,text 3d pdb
30,g,41,16,1,d3lwpb_,Rubredoxin-like,Nop10-like SnoRNP,3.65,0.33,text 3d pdb
31,b,72,1,1,d2xp3a1,WW domain-like,WW domain,2.32,0.33,text 3d pdb
32,g,39,1,0,d4uxib2,Glucocorticoid receptor-like (DNA-binding domain),Glucocorticoid receptor-like (DNA-binding domain),3.30,0.33,text 3d pdb
33,g,41,16,1,d3haxc_,Rubredoxin-like,Nop10-like SnoRNP,3.32,0.33,text 3d pdb
34,b,72,1,1,d2xp5a1,WW domain-like,WW domain,2.16,0.33,text 3d pdb
35,g,3,7,5,d4cqkg_,Knottins (small inhibitors toxins, lectins),Scorpion toxin-like,2.41,0.33,text 3d pdb
36,b,72,1,1,d3tcza1,WW domain-like,WW domain,2.16,0.33,text 3d pdb
37,b,72,1,1,d3ntpa1,WW domain-like,WW domain,2.15,0.33,text 3d pdb
38,g,3,7,5,d4cqki_,Knottins (small inhibitors toxins, lectins),Scorpion toxin-like,2.42,0.33,text 3d pdb
39,g,39,1,0,d4uxjf2,Glucocorticoid receptor-like (DNA-binding domain),Glucocorticoid receptor-like (DNA-binding domain),3.32,0.33,text 3d pdb
40,b,72,1,1,d2xp9a1,WW domain-like,WW domain,2.17,0.33,text 3d pdb
41,d,58,11,1,d2bv3a4,Ferredoxin-like,EF-G C-terminal domain-like,3.37,0.33,text 3d pdb
42,g,41,16,1,d3lwob_,Rubredoxin-like,Nop10-like SnoRNP,3.75,0.33,text 3d pdb
43,g,39,1,0,d4uxia2,Glucocorticoid receptor-like (DNA-binding domain),Glucocorticoid receptor-like (DNA-binding domain),3.06,0.33,text 3d pdb
44,g,3,7,5,d4cqkd_,Knottins (small inhibitors toxins, lectins),Scorpion toxin-like,2.45,0.33,text 3d pdb
45,g,41,5,2,d1vzia2,Rubredoxin-like,Rubredoxin-like,3.06,0.33,text 3d pdb
46,b,72,1,1,d2xp4a1,WW domain-like,WW domain,2.15,0.33,text 3d pdb
47,g,39,1,0,d4uxha2,Glucocorticoid receptor-like (DNA-binding domain),Glucocorticoid receptor-like (DNA-binding domain),3.12,0.33,text 3d pdb
48,g,41,16,1,d3lwvb_,Rubredoxin-like,Nop10-like SnoRNP,3.47,0.33,text 3d pdb
49,b,72,1,1,d3kaia1,WW domain-like,WW domain,2.57,0.33,text 3d pdb
50,g,3,11,0,d4cuea1,Knottins (small inhibitors toxins, lectins),EGF/Laminin,2.05,0.32,text 3d pdb
51,g,41,16,1,d2hvyc1,Rubredoxin-like,Nop10-like SnoRNP,3.46,0.32,text 3d pdb
52,g,41,16,1,d2ausd_,Rubredoxin-like,Nop10-like SnoRNP,3.04,0.32,text 3d pdb
53,g,39,1,0,d5fuxa2,Glucocorticoid receptor-like (DNA-binding domain),Glucocorticoid receptor-like (DNA-binding domain),3.51,0.32,text 3d pdb
54,g,39,1,0,d4uxja2,Glucocorticoid receptor-like (DNA-binding domain),Glucocorticoid receptor-like (DNA-binding domain),3.33,0.32,text 3d pdb
55,g,97,1,1,d4ooab_,Iron-sulfur cluster-binding zinc finger CDGSH type,Iron-sulfur cluster-binding zinc finger CDGSH type,2.72,0.32,text 3d pdb
56,b,72,1,1,d2xpaa1,WW domain-like,WW domain,2.18,0.32,text 3d pdb
57,g,39,1,0,d5fuwa2,Glucocorticoid receptor-like (DNA-binding domain),Glucocorticoid receptor-like (DNA-binding domain),3.51,0.32,text 3d pdb
58,b,72,1,1,d3ooba1,WW domain-like,WW domain,2.73,0.32,text 3d pdb
59,b,72,1,1,d2xp7a1,WW domain-like,WW domain,2.19,0.32,text 3d pdb
60,g,41,16,1,d3lwrb_,Rubredoxin-like,Nop10-like SnoRNP,3.45,0.32,text 3d pdb
61,g,3,7,5,d2n2ra_,Knottins (small inhibitors toxins, lectins),Scorpion toxin-like,2.34,0.32,text 3d pdb
62,b,72,1,0,d3kafa1,WW domain-like,WW domain,2.18,0.32,text 3d pdb
63,g,3,11,0,d4cufa1,Knottins (small inhibitors toxins, lectins),EGF/Laminin,2.47,0.32,text 3d pdb
64,b,72,1,1,d3kaga1,WW domain-like,WW domain,2.37,0.32,text 3d pdb
65,g,41,2,1,d1eckb2,Rubredoxin-like,Microbial and mitochondrial ADK insert "zinc finger" domain,2.43,0.32,text 3d pdb
66,g,39,1,0,d4uxhb2,Glucocorticoid receptor-like (DNA-binding domain),Glucocorticoid receptor-like (DNA-binding domain),3.11,0.32,text 3d pdb
67,g,39,1,0,d1w4ra2,Glucocorticoid receptor-like (DNA-binding domain),Glucocorticoid receptor-like (DNA-binding domain),2.87,0.32,text 3d pdb
68,g,41,3,1,d4c2mx2,Rubredoxin-like,Zinc beta-ribbon,2.70,0.32,text 3d pdb
69,g,39,1,0,d1w4rg2,Glucocorticoid receptor-like (DNA-binding domain),Glucocorticoid receptor-like (DNA-binding domain),2.87,0.32,text 3d pdb
70,g,97,1,1,d4oo7b_,Iron-sulfur cluster-binding zinc finger CDGSH type,Iron-sulfur cluster-binding zinc finger CDGSH type,3.08,0.32,text 3d pdb
71,b,72,1,1,d3kaha1,WW domain-like,WW domain,2.24,0.32,text 3d pdb
72,g,39,1,14,d1xbtb2,Glucocorticoid receptor-like (DNA-binding domain),Glucocorticoid receptor-like (DNA-binding domain),2.85,0.32,text 3d pdb
73,g,39,1,14,d1xbtf2,Glucocorticoid receptor-like (DNA-binding domain),Glucocorticoid receptor-like (DNA-binding domain),2.85,0.32,text 3d pdb
74,g,39,1,14,d1xbta2,Glucocorticoid receptor-like (DNA-binding domain),Glucocorticoid receptor-like (DNA-binding domain),2.85,0.32,text 3d pdb
75,g,39,1,14,d1xbtg2,Glucocorticoid receptor-like (DNA-binding domain),Glucocorticoid receptor-like (DNA-binding domain),2.85,0.32,text 3d pdb
76,g,39,1,14,d1xbtd2,Glucocorticoid receptor-like (DNA-binding domain),Glucocorticoid receptor-like (DNA-binding domain),2.85,0.32,text 3d pdb
77,b,72,1,1,d2n4sa_,WW domain-like,WW domain,2.24,0.32,text 3d pdb
78,g,41,16,1,d2rfkb_,Rubredoxin-like,Nop10-like SnoRNP,3.27,0.32,text 3d pdb
79,b,72,1,1,d2xpba1,WW domain-like,WW domain,2.18,0.32,text 3d pdb
80,g,39,1,14,d1xbth2,Glucocorticoid receptor-like (DNA-binding domain),Glucocorticoid receptor-like (DNA-binding domain),2.85,0.32,text 3d pdb
81,g,39,1,14,d1xbte2,Glucocorticoid receptor-like (DNA-binding domain),Glucocorticoid receptor-like (DNA-binding domain),2.86,0.32,text 3d pdb
82,g,39,1,14,d1xbtc2,Glucocorticoid receptor-like (DNA-binding domain),Glucocorticoid receptor-like (DNA-binding domain),2.86,0.32,text 3d pdb
83,g,97,1,1,d3fnvb_,Iron-sulfur cluster-binding zinc finger CDGSH type,Iron-sulfur cluster-binding zinc finger CDGSH type,2.88,0.32,text 3d pdb
84,g,3,11,0,d4d0ea1,Knottins (small inhibitors toxins, lectins),EGF/Laminin,2.47,0.32,text 3d pdb
85,g,39,1,0,d2wvjg2,Glucocorticoid receptor-like (DNA-binding domain),Glucocorticoid receptor-like (DNA-binding domain),2.85,0.32,text 3d pdb
86,g,39,1,0,d1w4rd2,Glucocorticoid receptor-like (DNA-binding domain),Glucocorticoid receptor-like (DNA-binding domain),2.88,0.32,text 3d pdb
87,g,39,1,0,d2wvjh2,Glucocorticoid receptor-like (DNA-binding domain),Glucocorticoid receptor-like (DNA-binding domain),2.85,0.32,text 3d pdb
88,g,39,1,0,d1w4rb2,Glucocorticoid receptor-like (DNA-binding domain),Glucocorticoid receptor-like (DNA-binding domain),2.86,0.32,text 3d pdb
89,g,39,1,0,d1w4rh2,Glucocorticoid receptor-like (DNA-binding domain),Glucocorticoid receptor-like (DNA-binding domain),2.87,0.32,text 3d pdb
90,g,3,11,0,d4d0fa1,Knottins (small inhibitors toxins, lectins),EGF/Laminin,2.56,0.32,text 3d pdb
91,g,41,8,7,d2ayja1,Rubredoxin-like,Zn-binding ribosomal proteins,3.47,0.32,text 3d pdb
92,b,72,1,1,d2itka1,WW domain-like,WW domain,2.19,0.32,text 3d pdb
93,g,39,1,0,d2wvjb2,Glucocorticoid receptor-like (DNA-binding domain),Glucocorticoid receptor-like (DNA-binding domain),2.86,0.32,text 3d pdb
94,g,41,16,1,d3hjwb_,Rubredoxin-like,Nop10-like SnoRNP,3.48,0.32,text 3d pdb
95,g,41,16,1,d2apob_,Rubredoxin-like,Nop10-like SnoRNP,2.97,0.32,text 3d pdb
96,g,39,1,0,d1w4rc2,Glucocorticoid receptor-like (DNA-binding domain),Glucocorticoid receptor-like (DNA-binding domain),2.88,0.32,text 3d pdb
97,g,37,1,1,d2adra1,beta-beta-alpha zinc fingers,beta-beta-alpha zinc fingers,2.04,0.32,text 3d pdb
98,g,39,1,14,d2orva2,Glucocorticoid receptor-like (DNA-binding domain),Glucocorticoid receptor-like (DNA-binding domain),2.87,0.32,text 3d pdb
99,g,39,1,0,d1w4re2,Glucocorticoid receptor-like (DNA-binding domain),Glucocorticoid receptor-like (DNA-binding domain),2.89,0.32,text 3d pdb
100,g,39,1,0,d2wvje2,Glucocorticoid receptor-like (DNA-binding domain),Glucocorticoid receptor-like (DNA-binding domain),2.85,0.32,text 3d pdb
101,g,3,7,5,d2lj7a_,Knottins (small inhibitors toxins, lectins),Scorpion toxin-like,2.52,0.32,text 3d pdb
102,g,39,1,0,d2wvjf2,Glucocorticoid receptor-like (DNA-binding domain),Glucocorticoid receptor-like (DNA-binding domain),2.85,0.32,text 3d pdb
103,g,39,1,0,d1w4rf2,Glucocorticoid receptor-like (DNA-binding domain),Glucocorticoid receptor-like (DNA-binding domain),2.88,0.32,text 3d pdb
104,g,97,1,0,d3s2ra_,Iron-sulfur cluster-binding zinc finger CDGSH type,Iron-sulfur cluster-binding zinc finger CDGSH type,2.73,0.32,text 3d pdb
105,g,97,1,0,d3s2qb_,Iron-sulfur cluster-binding zinc finger CDGSH type,Iron-sulfur cluster-binding zinc finger CDGSH type,2.69,0.32,text 3d pdb
106,b,72,1,1,d2q5aa1,WW domain-like,WW domain,2.21,0.32,text 3d pdb
107,g,97,1,0,d3s2qa_,Iron-sulfur cluster-binding zinc finger CDGSH type,Iron-sulfur cluster-binding zinc finger CDGSH type,2.70,0.32,text 3d pdb
108,g,39,1,0,d2wvjc2,Glucocorticoid receptor-like (DNA-binding domain),Glucocorticoid receptor-like (DNA-binding domain),2.87,0.32,text 3d pdb
109,g,39,1,0,d2wvja2,Glucocorticoid receptor-like (DNA-binding domain),Glucocorticoid receptor-like (DNA-binding domain),2.87,0.32,text 3d pdb
110,g,3,7,5,d2m8bb1,Knottins (small inhibitors toxins, lectins),Scorpion toxin-like,2.53,0.32,text 3d pdb
111,g,97,1,1,d4ooaa_,Iron-sulfur cluster-binding zinc finger CDGSH type,Iron-sulfur cluster-binding zinc finger CDGSH type,2.56,0.32,text 3d pdb
112,g,39,1,0,d5fuva2,Glucocorticoid receptor-like (DNA-binding domain),Glucocorticoid receptor-like (DNA-binding domain),3.24,0.32,text 3d pdb
113,b,72,1,0,d4n7fa1,WW domain-like,WW domain,2.60,0.32,text 3d pdb
114,g,39,1,0,d5fuwb2,Glucocorticoid receptor-like (DNA-binding domain),Glucocorticoid receptor-like (DNA-binding domain),3.29,0.32,text 3d pdb
115,g,43,1,0,d5k3qd_,B-box zinc-binding domain,B-box zinc-binding domain,3.05,0.32,text 3d pdb
116,g,27,1,1,d2rkzc2,FnI-like domain,FnI-like domain,2.16,0.32,text 3d pdb
117,g,97,1,1,d4ooad_,Iron-sulfur cluster-binding zinc finger CDGSH type,Iron-sulfur cluster-binding zinc finger CDGSH type,3.02,0.31,text 3d pdb
118,g,39,1,0,d2wvjd2,Glucocorticoid receptor-like (DNA-binding domain),Glucocorticoid receptor-like (DNA-binding domain),2.87,0.31,text 3d pdb
119,g,97,1,1,d4ooaf_,Iron-sulfur cluster-binding zinc finger CDGSH type,Iron-sulfur cluster-binding zinc finger CDGSH type,2.87,0.31,text 3d pdb
120,g,41,5,0,d2ji2b2,Rubredoxin-like,Rubredoxin-like,3.32,0.31,text 3d pdb
121,g,41,5,2,d2lk5a_,Rubredoxin-like,Rubredoxin-like,3.28,0.31,text 3d pdb
122,g,3,7,5,d4cqkn_,Knottins (small inhibitors toxins, lectins),Scorpion toxin-like,2.50,0.31,text 3d pdb
123,g,3,7,5,d4cqkh_,Knottins (small inhibitors toxins, lectins),Scorpion toxin-like,2.71,0.31,text 3d pdb
124,g,97,1,1,d4ooae_,Iron-sulfur cluster-binding zinc finger CDGSH type,Iron-sulfur cluster-binding zinc finger CDGSH type,2.78,0.31,text 3d pdb
125,g,39,1,14,d2orvb2,Glucocorticoid receptor-like (DNA-binding domain),Glucocorticoid receptor-like (DNA-binding domain),3.24,0.31,text 3d pdb
126,i,1,1,1,d3j3bm_,Ribosome and ribosomal fragments,Ribosome and ribosomal fragments,2.85,0.31,text 3d pdb
127,b,72,1,1,d3tc5a1,WW domain-like,WW domain,2.24,0.31,text 3d pdb
128,b,104,1,1,d1k91a1,P-domain of calnexin/calreticulin,P-domain of calnexin/calreticulin,3.23,0.31,text 3d pdb
129,g,97,1,1,d3fnva_,Iron-sulfur cluster-binding zinc finger CDGSH type,Iron-sulfur cluster-binding zinc finger CDGSH type,2.80,0.31,text 3d pdb
130,b,72,1,1,d1nmva1,WW domain-like,WW domain,3.08,0.31,text 3d pdb
131,g,3,1,1,d1ulka2,Knottins (small inhibitors toxins, lectins),Plant lectins/antimicrobial peptides,3.21,0.31,text 3d pdb
132,g,3,7,5,d4cqka_,Knottins (small inhibitors toxins, lectins),Scorpion toxin-like,2.72,0.31,text 3d pdb
133,g,3,1,1,d1ulmb2,Knottins (small inhibitors toxins, lectins),Plant lectins/antimicrobial peptides,3.22,0.31,text 3d pdb
134,g,27,1,1,d2cg6a1,FnI-like domain,FnI-like domain,2.17,0.31,text 3d pdb
135,g,41,5,0,d2ji1b2,Rubredoxin-like,Rubredoxin-like,2.72,0.31,text 3d pdb
136,g,41,2,1,d1dvrb2,Rubredoxin-like,Microbial and mitochondrial ADK insert "zinc finger" domain,2.84,0.31,text 3d pdb
137,g,41,5,0,d2ji3b2,Rubredoxin-like,Rubredoxin-like,2.70,0.31,text 3d pdb
138,g,3,7,5,d5kk4f1,Knottins (small inhibitors toxins, lectins),Scorpion toxin-like,2.77,0.31,text 3d pdb
139,g,43,1,1,d2dida1,B-box zinc-binding domain,B-box zinc-binding domain,2.85,0.31,text 3d pdb
140,g,41,3,5,d2akla2,Rubredoxin-like,Zinc beta-ribbon,2.45,0.31,text 3d pdb
141,g,41,5,0,d2ji3d2,Rubredoxin-like,Rubredoxin-like,3.06,0.31,text 3d pdb
142,g,41,5,0,d2ji1d2,Rubredoxin-like,Rubredoxin-like,3.07,0.31,text 3d pdb
143,g,41,2,1,d1ecka2,Rubredoxin-like,Microbial and mitochondrial ADK insert "zinc finger" domain,2.53,0.31,text 3d pdb
144,g,97,1,1,d4ooac_,Iron-sulfur cluster-binding zinc finger CDGSH type,Iron-sulfur cluster-binding zinc finger CDGSH type,2.84,0.31,text 3d pdb
145,g,3,1,1,d1ulna1,Knottins (small inhibitors toxins, lectins),Plant lectins/antimicrobial peptides,3.22,0.31,text 3d pdb
146,g,27,1,1,d2rkzb2,FnI-like domain,FnI-like domain,2.57,0.30,text 3d pdb
147,g,3,7,5,d4cqkc_,Knottins (small inhibitors toxins, lectins),Scorpion toxin-like,2.85,0.30,text 3d pdb
148,g,3,1,1,d1p9za_,Knottins (small inhibitors toxins, lectins),Plant lectins/antimicrobial peptides,3.35,0.30,text 3d pdb
149,g,97,1,1,d4oo7a_,Iron-sulfur cluster-binding zinc finger CDGSH type,Iron-sulfur cluster-binding zinc finger CDGSH type,2.38,0.30,text 3d pdb
150,g,3,1,1,d1ulkb3,Knottins (small inhibitors toxins, lectins),Plant lectins/antimicrobial peptides,3.27,0.30,text 3d pdb
151,g,3,1,1,d2x3td4,Knottins (small inhibitors toxins, lectins),Plant lectins/antimicrobial peptides,3.37,0.30,text 3d pdb
152,b,72,1,1,d2n4ra_,WW domain-like,WW domain,2.37,0.30,text 3d pdb
153,b,72,1,0,d1wr4a1,WW domain-like,WW domain,3.19,0.30,text 3d pdb
154,g,27,1,1,d2rkza2,FnI-like domain,FnI-like domain,2.59,0.30,text 3d pdb
155,g,3,1,1,d2x3tb1,Knottins (small inhibitors toxins, lectins),Plant lectins/antimicrobial peptides,3.93,0.30,text 3d pdb
156,d,50,1,2,d2hhhe2,dsRBD-like,dsRNA-binding domain-like,3.18,0.30,text 3d pdb
157,g,3,13,0,d2qn5b1,Knottins (small inhibitors toxins, lectins),Bowman-Birk inhibitor BBI,3.68,0.30,text 3d pdb
158,g,3,1,1,d1ulka3,Knottins (small inhibitors toxins, lectins),Plant lectins/antimicrobial peptides,3.52,0.30,text 3d pdb
159,g,3,1,1,d1k7tb1,Knottins (small inhibitors toxins, lectins),Plant lectins/antimicrobial peptides,3.61,0.30,text 3d pdb
160,b,72,1,0,d4u86a1,WW domain-like,WW domain,2.35,0.30,text 3d pdb
161,b,71,1,1,d1r7aa1,Glycosyl hydrolase domain,Glycosyl hydrolase domain,3.22,0.30,text 3d pdb
162,g,24,1,1,d1ncfa3,TNF receptor-like,TNF receptor-like,2.94,0.30,text 3d pdb
163,b,72,2,1,d1ogga1,WW domain-like,Carbohydrate binding domain,3.84,0.30,text 3d pdb
164,g,97,1,1,d4f2ca_,Iron-sulfur cluster-binding zinc finger CDGSH type,Iron-sulfur cluster-binding zinc finger CDGSH type,2.83,0.30,text 3d pdb
165,g,43,1,0,d5k3qc_,B-box zinc-binding domain,B-box zinc-binding domain,2.41,0.30,text 3d pdb
166,b,71,1,0,d2gdua1,Glycosyl hydrolase domain,Glycosyl hydrolase domain,3.18,0.30,text 3d pdb
167,b,71,1,0,d5manb2,Glycosyl hydrolase domain,Glycosyl hydrolase domain,3.24,0.30,text 3d pdb
168,g,41,3,1,d1pfta_,Rubredoxin-like,Zinc beta-ribbon,3.40,0.30,text 3d pdb
169,g,97,1,1,d2qd0a_,Iron-sulfur cluster-binding zinc finger CDGSH type,Iron-sulfur cluster-binding zinc finger CDGSH type,2.57,0.30,text 3d pdb
170,g,3,7,5,d4uj0a_,Knottins (small inhibitors toxins, lectins),Scorpion toxin-like,2.98,0.30,text 3d pdb
171,b,71,1,0,d5m9xb2,Glycosyl hydrolase domain,Glycosyl hydrolase domain,3.22,0.30,text 3d pdb
172,g,3,1,1,d1wgcb1,Knottins (small inhibitors toxins, lectins),Plant lectins/antimicrobial peptides,3.62,0.30,text 3d pdb
173,g,3,1,1,d2wgcb1,Knottins (small inhibitors toxins, lectins),Plant lectins/antimicrobial peptides,3.62,0.30,text 3d pdb
174,b,71,1,1,d2gdvb1,Glycosyl hydrolase domain,Glycosyl hydrolase domain,3.28,0.30,text 3d pdb
175,g,97,1,1,d2qh7b_,Iron-sulfur cluster-binding zinc finger CDGSH type,Iron-sulfur cluster-binding zinc finger CDGSH type,2.91,0.30,text 3d pdb
176,g,3,1,1,d1wgca4,Knottins (small inhibitors toxins, lectins),Plant lectins/antimicrobial peptides,3.43,0.30,text 3d pdb
177,b,72,1,1,d2ysfa2,WW domain-like,WW domain,2.72,0.30,text 3d pdb
178,g,24,1,1,d2heyt1,TNF receptor-like,TNF receptor-like,3.33,0.30,text 3d pdb
179,g,3,6,4,d1p8ba_,Knottins (small inhibitors toxins, lectins),omega toxin-like,2.20,0.30,text 3d pdb
180,g,3,1,1,d1k7ua1,Knottins (small inhibitors toxins, lectins),Plant lectins/antimicrobial peptides,3.68,0.30,text 3d pdb
181,g,97,1,1,d4f28b_,Iron-sulfur cluster-binding zinc finger CDGSH type,Iron-sulfur cluster-binding zinc finger CDGSH type,2.57,0.30,text 3d pdb
182,g,3,1,1,d1k7ub1,Knottins (small inhibitors toxins, lectins),Plant lectins/antimicrobial peptides,3.64,0.30,text 3d pdb
183,g,41,2,1,d4akeb2,Rubredoxin-like,Microbial and mitochondrial ADK insert "zinc finger" domain,2.97,0.30,text 3d pdb
184,b,71,1,0,d5mb2b2,Glycosyl hydrolase domain,Glycosyl hydrolase domain,3.26,0.30,text 3d pdb
185,g,95,1,1,d2jyia_,bi-CXXC zinc finger-like,bi-CXXC zinc finger-like,4.24,0.30,text 3d pdb
186,b,71,1,1,d1r7ab1,Glycosyl hydrolase domain,Glycosyl hydrolase domain,3.28,0.30,text 3d pdb
187,g,97,1,1,d2qh7a_,Iron-sulfur cluster-binding zinc finger CDGSH type,Iron-sulfur cluster-binding zinc finger CDGSH type,2.56,0.30,text 3d pdb
188,b,71,1,0,d2gdub1,Glycosyl hydrolase domain,Glycosyl hydrolase domain,3.23,0.29,text 3d pdb
189,g,3,1,1,d1k7vb1,Knottins (small inhibitors toxins, lectins),Plant lectins/antimicrobial peptides,3.40,0.29,text 3d pdb
190,g,3,1,1,d1ulma1,Knottins (small inhibitors toxins, lectins),Plant lectins/antimicrobial peptides,3.25,0.29,text 3d pdb
191,b,72,1,1,d2dk1a1,WW domain-like,WW domain,1.79,0.29,text 3d pdb
192,g,4,1,1,d1gl1j_,PMP inhibitors,PMP inhibitors,2.32,0.29,text 3d pdb
193,g,97,1,1,d4f2cb_,Iron-sulfur cluster-binding zinc finger CDGSH type,Iron-sulfur cluster-binding zinc finger CDGSH type,3.01,0.29,text 3d pdb
194,b,40,4,5,d1ne3a_,OB-fold,Nucleic acid-binding proteins,3.56,0.29,text 3d pdb
195,b,72,1,0,d2xp6a1,WW domain-like,WW domain,2.63,0.29,text 3d pdb
196,k,22,1,1,d1e0ma_,WW domain-based designs,WW domain-based designs,2.46,0.29,text 3d pdb
197,g,3,1,1,d1k7tb4,Knottins (small inhibitors toxins, lectins),Plant lectins/antimicrobial peptides,3.46,0.29,text 3d pdb
198,g,3,1,1,d1ulkb1,Knottins (small inhibitors toxins, lectins),Plant lectins/antimicrobial peptides,3.33,0.29,text 3d pdb
199,g,41,16,1,d2aqca1,Rubredoxin-like,Nop10-like SnoRNP,2.71,0.29,text 3d pdb
200,b,34,1,1,d2ejfb1,SH3-like barrel,C-terminal domain of transcriptional repressors,2.94,0.29,text 3d pdb
201,g,24,1,1,d2aw2y2,TNF receptor-like,TNF receptor-like,3.43,0.29,text 3d pdb
202,g,97,1,1,d4ezfb_,Iron-sulfur cluster-binding zinc finger CDGSH type,Iron-sulfur cluster-binding zinc finger CDGSH type,3.32,0.29,text 3d pdb
203,b,72,1,1,d2e45a1,WW domain-like,WW domain,3.19,0.29,text 3d pdb
204,g,24,1,1,d2hevr1,TNF receptor-like,TNF receptor-like,3.31,0.29,text 3d pdb
205,g,3,1,1,d1uhaa1,Knottins (small inhibitors toxins, lectins),Plant lectins/antimicrobial peptides,3.33,0.29,text 3d pdb
206,g,41,3,1,d1tfia_,Rubredoxin-like,Zinc beta-ribbon,3.53,0.29,text 3d pdb
207,g,37,1,1,d2yt9a3,beta-beta-alpha zinc fingers,beta-beta-alpha zinc fingers,3.10,0.29,text 3d pdb
208,g,3,1,1,d1wkxa_,Knottins (small inhibitors toxins, lectins),Plant lectins/antimicrobial peptides,3.16,0.29,text 3d pdb
209,g,24,1,1,d2heyr1,TNF receptor-like,TNF receptor-like,3.24,0.29,text 3d pdb
210,g,3,1,1,d4wp4a_,Knottins (small inhibitors toxins, lectins),Plant lectins/antimicrobial peptides,3.16,0.29,text 3d pdb
211,b,1,18,15,d2omya1,Immunoglobulin-like beta-sandwich,E set domains,3.47,0.29,text 3d pdb
212,g,97,1,1,d4f28a_,Iron-sulfur cluster-binding zinc finger CDGSH type,Iron-sulfur cluster-binding zinc finger CDGSH type,2.67,0.29,text 3d pdb
213,j,71,1,1,d1i7xb_,beta-Catenine bound non-globular protein regions,beta-Catenine bound non-globular protein regions,2.98,0.29,text 3d pdb
214,g,41,2,1,d1e4yb2,Rubredoxin-like,Microbial and mitochondrial ADK insert "zinc finger" domain,2.75,0.29,text 3d pdb
215,b,72,1,1,d2mwea_,WW domain-like,WW domain,2.53,0.29,text 3d pdb
216,b,34,13,2,d2dy8a1,SH3-like barrel,Chromo domain-like,3.37,0.29,text 3d pdb
217,b,1,18,15,d1o6va1,Immunoglobulin-like beta-sandwich,E set domains,3.54,0.29,text 3d pdb
218,d,50,1,2,d2z4me2,dsRBD-like,dsRNA-binding domain-like,3.25,0.29,text 3d pdb
219,d,50,1,2,d2z4ke2,dsRBD-like,dsRNA-binding domain-like,3.25,0.29,text 3d pdb
220,d,50,1,2,d2vhpe2,dsRBD-like,dsRNA-binding domain-like,2.90,0.29,text 3d pdb
221,d,50,1,2,d2qale2,dsRBD-like,dsRNA-binding domain-like,3.12,0.29,text 3d pdb
222,g,3,7,5,d1ayja_,Knottins (small inhibitors toxins, lectins),Scorpion toxin-like,3.38,0.29,text 3d pdb
223,d,50,1,2,d2qane2,dsRBD-like,dsRNA-binding domain-like,3.26,0.29,text 3d pdb
224,b,1,18,15,d1o6ta1,Immunoglobulin-like beta-sandwich,E set domains,3.60,0.29,text 3d pdb
225,g,41,5,1,d1qcva_,Rubredoxin-like,Rubredoxin-like,2.79,0.29,text 3d pdb
226,d,50,1,2,d1vs5e2,dsRBD-like,dsRNA-binding domain-like,3.27,0.28,text 3d pdb
227,g,24,1,0,d4i9xc3,TNF receptor-like,TNF receptor-like,2.62,0.28,text 3d pdb
228,g,41,2,1,d1e4vb2,Rubredoxin-like,Microbial and mitochondrial ADK insert "zinc finger" domain,2.57,0.28,text 3d pdb
229,g,3,6,2,d1lmma_,Knottins (small inhibitors toxins, lectins),omega toxin-like,2.18,0.28,text 3d pdb
230,g,41,5,1,d1m2ya_,Rubredoxin-like,Rubredoxin-like,3.70,0.28,text 3d pdb
231,b,40,6,3,d1v43a1,OB-fold,MOP-like,3.30,0.28,text 3d pdb
232,d,50,1,2,d2avye2,dsRBD-like,dsRNA-binding domain-like,3.24,0.28,text 3d pdb
233,g,3,11,4,d1ob1f2,Knottins (small inhibitors toxins, lectins),EGF/Laminin,2.89,0.28,text 3d pdb
234,g,9,1,3,d2jtoa2,Defensin-like,Defensin-like,3.33,0.28,text 3d pdb
235,b,72,1,1,d2kcfa1,WW domain-like,WW domain,3.18,0.28,text 3d pdb
236,d,50,1,2,d2qbje2,dsRBD-like,dsRNA-binding domain-like,2.78,0.28,text 3d pdb
237,d,50,1,2,d2qbhe2,dsRBD-like,dsRNA-binding domain-like,2.79,0.28,text 3d pdb
238,d,50,1,2,d2i2pe2,dsRBD-like,dsRNA-binding domain-like,3.11,0.28,text 3d pdb
239,g,43,1,0,d5k3qb1,B-box zinc-binding domain,B-box zinc-binding domain,2.42,0.28,text 3d pdb
240,b,40,6,3,d1vcia1,OB-fold,MOP-like,2.79,0.28,text 3d pdb
241,g,37,1,1,d2enta1,beta-beta-alpha zinc fingers,beta-beta-alpha zinc fingers,2.55,0.28,text 3d pdb
242,g,18,1,1,d1hcca_,Complement control module/SCR domain,Complement control module/SCR domain,4.06,0.28,text 3d pdb
243,g,3,1,1,d1q9ba_,Knottins (small inhibitors toxins, lectins),Plant lectins/antimicrobial peptides,2.91,0.28,text 3d pdb
244,b,34,3,0,d1w8jb1,SH3-like barrel,Myosin S1 fragment N-terminal domain,3.92,0.28,text 3d pdb
245,g,3,6,2,d5t3ma_,Knottins (small inhibitors toxins, lectins),omega toxin-like,2.38,0.28,text 3d pdb
246,b,1,18,15,d1o6vb1,Immunoglobulin-like beta-sandwich,E set domains,3.64,0.28,text 3d pdb
247,g,4,1,1,d1gl1i_,PMP inhibitors,PMP inhibitors,2.46,0.28,text 3d pdb
248,b,1,18,15,d2omta1,Immunoglobulin-like beta-sandwich,E set domains,3.58,0.28,text 3d pdb
249,g,26,1,1,d1afpa_,Antifungal protein (AGAFP),Antifungal protein (AGAFP),3.22,0.28,text 3d pdb
250,b,72,1,0,d2n8sa1,WW domain-like,WW domain,2.45,0.28,text 3d pdb
251,d,50,1,2,d2aw7e2,dsRBD-like,dsRNA-binding domain-like,2.73,0.28,text 3d pdb
252,g,3,6,2,d1g9pa_,Knottins (small inhibitors toxins, lectins),omega toxin-like,3.03,0.28,text 3d pdb
253,g,97,1,1,d4ezfa_,Iron-sulfur cluster-binding zinc finger CDGSH type,Iron-sulfur cluster-binding zinc finger CDGSH type,2.89,0.28,text 3d pdb
254,d,100,1,2,d1qhka_,MbtH/L9 domain-like,L9 N-domain-like,2.87,0.28,text 3d pdb
255,g,39,1,14,d3e2ia2,Glucocorticoid receptor-like (DNA-binding domain),Glucocorticoid receptor-like (DNA-binding domain),3.65,0.28,text 3d pdb
256,b,1,18,15,d2omva1,Immunoglobulin-like beta-sandwich,E set domains,3.59,0.28,text 3d pdb
257,g,13,1,1,d1nbla_,Crambin-like,Crambin-like,2.87,0.28,text 3d pdb
258,g,3,7,5,d1mr4a_,Knottins (small inhibitors toxins, lectins),Scorpion toxin-like,3.59,0.28,text 3d pdb
259,g,50,1,2,d1x4ia1,FYVE/PHD zinc finger,FYVE/PHD zinc finger,3.08,0.28,text 3d pdb
260,a,4,5,25,d1xgoa1,DNA/RNA-binding 3-helical bundle,"Winged helix" DNA-binding domain,3.34,0.28,text 3d pdb
261,g,41,2,1,d1e4ya2,Rubredoxin-like,Microbial and mitochondrial ADK insert "zinc finger" domain,2.80,0.28,text 3d pdb
262,g,27,1,1,d1o9aa1,FnI-like domain,FnI-like domain,3.39,0.28,text 3d pdb
263,g,12,1,1,d1d2la_,LDL receptor-like module,LDL receptor-like module,3.37,0.28,text 3d pdb
264,b,71,1,1,d2gdva1,Glycosyl hydrolase domain,Glycosyl hydrolase domain,3.14,0.28,text 3d pdb
265,g,27,1,1,d1qgba2,FnI-like domain,FnI-like domain,2.66,0.28,text 3d pdb
266,g,41,2,1,d4jzka2,Rubredoxin-like,Microbial and mitochondrial ADK insert "zinc finger" domain,2.87,0.28,text 3d pdb
267,g,41,2,1,d1akea2,Rubredoxin-like,Microbial and mitochondrial ADK insert "zinc finger" domain,2.84,0.28,text 3d pdb
268,g,79,1,0,d5w3xb_,WRKY DNA-binding domain,WRKY DNA-binding domain,3.87,0.28,text 3d pdb
269,b,1,1,2,d1fh5h2,Immunoglobulin-like beta-sandwich,Immunoglobulin,3.19,0.28,text 3d pdb
270,b,1,1,4,d1xmwa2,Immunoglobulin-like beta-sandwich,Immunoglobulin,3.47,0.28,text 3d pdb
271,g,95,1,1,d2j2sa_,bi-CXXC zinc finger-like,bi-CXXC zinc finger-like,3.23,0.28,text 3d pdb
272,g,3,15,2,d4mlfd_,Knottins (small inhibitors toxins, lectins),Leech antihemostatic proteins,3.64,0.28,text 3d pdb
273,b,34,4,1,d3sfma_,SH3-like barrel,Electron transport accessory proteins,3.70,0.28,text 3d pdb
274,g,3,11,4,d2mgpa1,Knottins (small inhibitors toxins, lectins),EGF/Laminin,3.33,0.28,text 3d pdb
275,g,41,16,1,d3uaib_,Rubredoxin-like,Nop10-like SnoRNP,3.81,0.28,text 3d pdb
276,d,50,1,2,d2ow8f2,dsRBD-like,dsRNA-binding domain-like,3.21,0.28,text 3d pdb
277,g,27,1,1,d2rkzb1,FnI-like domain,FnI-like domain,3.74,0.27,text 3d pdb
278,g,3,15,2,d4htci_,Knottins (small inhibitors toxins, lectins),Leech antihemostatic proteins,3.40,0.27,text 3d pdb
279,g,3,11,1,d1dx5k1,Knottins (small inhibitors toxins, lectins),EGF/Laminin,3.87,0.27,text 3d pdb
280,g,7,1,1,d1b41b_,Snake toxin-like,Snake toxin-like,3.02,0.27,text 3d pdb
281,g,3,1,1,d1ulma2,Knottins (small inhibitors toxins, lectins),Plant lectins/antimicrobial peptides,3.67,0.27,text 3d pdb
282,g,41,2,1,d1e4va2,Rubredoxin-like,Microbial and mitochondrial ADK insert "zinc finger" domain,2.87,0.27,text 3d pdb
283,g,41,5,1,d1zrpa_,Rubredoxin-like,Rubredoxin-like,3.11,0.27,text 3d pdb
284,g,24,1,1,d1exta3,TNF receptor-like,TNF receptor-like,3.15,0.27,text 3d pdb
285,g,3,6,2,d2mpqa_,Knottins (small inhibitors toxins, lectins),omega toxin-like,2.73,0.27,text 3d pdb
286,g,97,1,1,d3lpqb_,Iron-sulfur cluster-binding zinc finger CDGSH type,Iron-sulfur cluster-binding zinc finger CDGSH type,2.79,0.27,text 3d pdb
287,b,34,13,2,d4haea1,SH3-like barrel,Chromo domain-like,3.65,0.27,text 3d pdb
288,g,18,1,1,d2psmf_,Complement control module/SCR domain,Complement control module/SCR domain,3.34,0.27,text 3d pdb
289,g,20,1,1,d2w9ua_,Blood coagulation inhibitor (disintegrin),Blood coagulation inhibitor (disintegrin),3.09,0.27,text 3d pdb
290,g,9,1,1,d1ewsa_,Defensin-like,Defensin-like,3.16,0.27,text 3d pdb
291,g,97,1,1,d3ew0a1,Iron-sulfur cluster-binding zinc finger CDGSH type,Iron-sulfur cluster-binding zinc finger CDGSH type,2.77,0.27,text 3d pdb
292,a,155,1,1,d2l93a1,H-NS histone-like proteins,H-NS histone-like proteins,3.11,0.27,text 3d pdb
293,g,37,1,1,d2eofa1,beta-beta-alpha zinc fingers,beta-beta-alpha zinc fingers,2.79,0.27,text 3d pdb
294,g,97,1,1,d3lpqa_,Iron-sulfur cluster-binding zinc finger CDGSH type,Iron-sulfur cluster-binding zinc finger CDGSH type,3.48,0.27,text 3d pdb
295,g,3,1,1,d1ulmb1,Knottins (small inhibitors toxins, lectins),Plant lectins/antimicrobial peptides,3.73,0.27,text 3d pdb
296,g,37,1,1,d2csha2,beta-beta-alpha zinc fingers,beta-beta-alpha zinc fingers,3.66,0.27,text 3d pdb
297,g,27,1,1,d2rkzf1,FnI-like domain,FnI-like domain,3.66,0.27,text 3d pdb
298,b,38,1,6,d2rd1c2,Sm-like fold,Sm-like ribonucleoproteins,3.32,0.27,text 3d pdb
299,b,1,1,2,d1ao7e2,Immunoglobulin-like beta-sandwich,Immunoglobulin,3.62,0.27,text 3d pdb
300,g,3,11,1,d1dx5j1,Knottins (small inhibitors toxins, lectins),EGF/Laminin,3.94,0.27,text 3d pdb
301,b,34,2,0,d2ekha1,SH3-like barrel,SH3-domain,3.02,0.27,text 3d pdb
302,g,3,15,2,d2jooa_,Knottins (small inhibitors toxins, lectins),Leech antihemostatic proteins,3.13,0.27,text 3d pdb
303,g,3,11,1,d1dx5l1,Knottins (small inhibitors toxins, lectins),EGF/Laminin,3.93,0.27,text 3d pdb
304,g,9,1,2,d4gv5c_,Defensin-like,Defensin-like,3.12,0.27,text 3d pdb
305,g,27,1,1,d2rl0d2,FnI-like domain,FnI-like domain,3.50,0.27,text 3d pdb
306,g,3,1,0,d5wuza_,Knottins (small inhibitors toxins, lectins),Plant lectins/antimicrobial peptides,3.38,0.27,text 3d pdb
307,b,35,1,1,d1aonr_,GroES-like,GroES-like,3.47,0.27,text 3d pdb
308,i,16,1,1,d1grur_,GroE chaperon,GroE chaperon,3.47,0.27,text 3d pdb
309,g,41,2,1,d1akya2,Rubredoxin-like,Microbial and mitochondrial ADK insert "zinc finger" domain,3.28,0.27,text 3d pdb
310,g,9,1,2,d4gv5b_,Defensin-like,Defensin-like,3.56,0.27,text 3d pdb
311,g,97,1,1,d2r13a1,Iron-sulfur cluster-binding zinc finger CDGSH type,Iron-sulfur cluster-binding zinc finger CDGSH type,3.01,0.27,text 3d pdb
312,g,27,1,1,d2cg7a2,FnI-like domain,FnI-like domain,3.17,0.27,text 3d pdb
313,g,27,1,1,d2cg6a2,FnI-like domain,FnI-like domain,3.15,0.27,text 3d pdb
314,g,24,1,1,d2heyr3,TNF receptor-like,TNF receptor-like,2.93,0.27,text 3d pdb
315,b,38,1,0,d5mknh_,Sm-like fold,Sm-like ribonucleoproteins,3.21,0.27,text 3d pdb
316,b,1,18,15,d1o6sa1,Immunoglobulin-like beta-sandwich,E set domains,3.84,0.27,text 3d pdb
317,b,35,1,1,d1we3s_,GroES-like,GroES-like,3.73,0.27,text 3d pdb
318,g,18,1,1,d2psmc1,Complement control module/SCR domain,Complement control module/SCR domain,3.35,0.27,text 3d pdb
319,d,17,3,0,d5g1ka1,Cystatin-like,DsbC/DsbG N-terminal domain-like,3.42,0.27,text 3d pdb
320,b,35,1,1,d1wf4p_,GroES-like,GroES-like,3.72,0.27,text 3d pdb
321,g,50,1,2,d2qica_,FYVE/PHD zinc finger,FYVE/PHD zinc finger,2.66,0.27,text 3d pdb
322,i,1,1,1,d3df411,Ribosome and ribosomal fragments,Ribosome and ribosomal fragments,3.20,0.27,text 3d pdb
323,i,1,1,1,d3df211,Ribosome and ribosomal fragments,Ribosome and ribosomal fragments,3.20,0.27,text 3d pdb
324,g,9,1,1,d2gw9a_,Defensin-like,Defensin-like,2.32,0.27,text 3d pdb
325,g,39,1,4,d1zfoa_,Glucocorticoid receptor-like (DNA-binding domain),Glucocorticoid receptor-like (DNA-binding domain),2.84,0.27,text 3d pdb
326,g,16,1,1,d1hi7a_,Trefoil/Plexin domain-like,Trefoil,3.32,0.27,text 3d pdb
327,i,1,1,1,d3u5gc_,Ribosome and ribosomal fragments,Ribosome and ribosomal fragments,3.65,0.27,text 3d pdb
328,b,38,1,6,d2rd1a1,Sm-like fold,Sm-like ribonucleoproteins,2.97,0.27,text 3d pdb
329,d,17,3,0,d5g1la1,Cystatin-like,DsbC/DsbG N-terminal domain-like,3.44,0.27,text 3d pdb
330,b,1,1,2,d1hsba1,Immunoglobulin-like beta-sandwich,Immunoglobulin,3.20,0.27,text 3d pdb
331,g,7,1,1,d1f8ub_,Snake toxin-like,Snake toxin-like,3.19,0.27,text 3d pdb
332,b,1,18,15,d2omza1,Immunoglobulin-like beta-sandwich,E set domains,3.96,0.27,text 3d pdb
333,b,34,3,1,d1d1ba1,SH3-like barrel,Myosin S1 fragment N-terminal domain,3.03,0.27,text 3d pdb
334,b,84,2,2,d1hcza2,Barrel-sandwich hybrid,Rudiment single hybrid motif,3.09,0.27,text 3d pdb
335,g,7,1,1,d2x8bb_,Snake toxin-like,Snake toxin-like,3.23,0.27,text 3d pdb
336,g,50,1,2,d2pnxc1,FYVE/PHD zinc finger,FYVE/PHD zinc finger,2.72,0.27,text 3d pdb
337,b,38,1,0,d5mkih_,Sm-like fold,Sm-like ribonucleoproteins,3.40,0.27,text 3d pdb
338,g,9,1,2,d4gv5a_,Defensin-like,Defensin-like,3.38,0.27,text 3d pdb
339,g,37,1,1,d2emha1,beta-beta-alpha zinc fingers,beta-beta-alpha zinc fingers,2.60,0.27,text 3d pdb
340,g,37,1,1,d1p7aa1,beta-beta-alpha zinc fingers,beta-beta-alpha zinc fingers,2.91,0.27,text 3d pdb
341,b,1,18,0,d2wque2,Immunoglobulin-like beta-sandwich,E set domains,3.74,0.27,text 3d pdb
342,b,34,5,4,d2kvqg_,SH3-like barrel,Translation proteins SH3-like domain,3.00,0.27,text 3d pdb
343,b,34,5,4,d2jvva_,SH3-like barrel,Translation proteins SH3-like domain,3.00,0.27,text 3d pdb
344,i,1,1,1,d2qam11,Ribosome and ribosomal fragments,Ribosome and ribosomal fragments,3.29,0.27,text 3d pdb
345,g,39,1,3,d2co8a2,Glucocorticoid receptor-like (DNA-binding domain),Glucocorticoid receptor-like (DNA-binding domain),2.96,0.27,text 3d pdb
346,g,16,2,1,d1olzb3,Trefoil/Plexin domain-like,Plexin repeat,3.11,0.27,text 3d pdb
347,g,7,1,1,d1cxna_,Snake toxin-like,Snake toxin-like,3.54,0.27,text 3d pdb
348,b,1,1,2,d3cvhh1,Immunoglobulin-like beta-sandwich,Immunoglobulin,2.99,0.27,text 3d pdb
349,g,41,16,1,d3u28b_,Rubredoxin-like,Nop10-like SnoRNP,3.27,0.27,text 3d pdb
350,b,38,1,0,d5mknc_,Sm-like fold,Sm-like ribonucleoproteins,3.42,0.27,text 3d pdb
351,g,3,2,1,d2it8a1,Knottins (small inhibitors toxins, lectins),Plant inhibitors of proteinases and amylases,2.32,0.27,text 3d pdb
352,b,1,18,0,d2wqua2,Immunoglobulin-like beta-sandwich,E set domains,3.63,0.27,text 3d pdb
353,g,97,1,1,d3reea_,Iron-sulfur cluster-binding zinc finger CDGSH type,Iron-sulfur cluster-binding zinc finger CDGSH type,3.03,0.27,text 3d pdb
354,g,3,1,1,d1ulka1,Knottins (small inhibitors toxins, lectins),Plant lectins/antimicrobial peptides,3.72,0.27,text 3d pdb
355,g,41,5,1,d1rdva_,Rubredoxin-like,Rubredoxin-like,2.92,0.27,text 3d pdb
356,g,3,1,1,d1ulkb2,Knottins (small inhibitors toxins, lectins),Plant lectins/antimicrobial peptides,3.35,0.27,text 3d pdb
357,b,34,4,1,d2gqva_,SH3-like barrel,Electron transport accessory proteins,3.28,0.27,text 3d pdb
358,g,27,1,1,d2rl0k2,FnI-like domain,FnI-like domain,3.45,0.27,text 3d pdb
359,g,3,1,1,d1uhaa2,Knottins (small inhibitors toxins, lectins),Plant lectins/antimicrobial peptides,3.34,0.27,text 3d pdb
360,g,37,1,1,d2emia1,beta-beta-alpha zinc fingers,beta-beta-alpha zinc fingers,2.53,0.27,text 3d pdb
361,g,37,1,1,d1a1ha3,beta-beta-alpha zinc fingers,beta-beta-alpha zinc fingers,2.00,0.27,text 3d pdb
362,g,50,1,2,d2g6qa_,FYVE/PHD zinc finger,FYVE/PHD zinc finger,2.56,0.27,text 3d pdb
363,g,3,1,1,d2x3ta4,Knottins (small inhibitors toxins, lectins),Plant lectins/antimicrobial peptides,3.27,0.27,text 3d pdb
364,b,1,1,2,d8fabb2,Immunoglobulin-like beta-sandwich,Immunoglobulin,3.21,0.27,text 3d pdb
365,b,1,1,2,d1zgle1,Immunoglobulin-like beta-sandwich,Immunoglobulin,3.28,0.27,text 3d pdb
366,g,97,1,1,d3ew0b1,Iron-sulfur cluster-binding zinc finger CDGSH type,Iron-sulfur cluster-binding zinc finger CDGSH type,3.00,0.27,text 3d pdb
367,b,1,1,2,d1cz8y2,Immunoglobulin-like beta-sandwich,Immunoglobulin,3.22,0.27,text 3d pdb
368,b,1,4,0,d3k46a2,Immunoglobulin-like beta-sandwich,beta-Galactosidase/glucuronidase domain,3.55,0.27,text 3d pdb
369,g,3,7,5,d4he7a_,Knottins (small inhibitors toxins, lectins),Scorpion toxin-like,3.49,0.27,text 3d pdb
370,b,38,1,6,d2rd1b2,Sm-like fold,Sm-like ribonucleoproteins,2.97,0.27,text 3d pdb
371,b,1,1,2,d2ny2d2,Immunoglobulin-like beta-sandwich,Immunoglobulin,3.19,0.26,text 3d pdb
372,b,1,1,2,d2i60h2,Immunoglobulin-like beta-sandwich,Immunoglobulin,3.19,0.26,text 3d pdb
373,b,34,4,1,d1viea_,SH3-like barrel,Electron transport accessory proteins,3.35,0.26,text 3d pdb
374,g,3,1,1,d1ulna2,Knottins (small inhibitors toxins, lectins),Plant lectins/antimicrobial peptides,3.30,0.26,text 3d pdb
375,b,1,1,2,d1mfch2,Immunoglobulin-like beta-sandwich,Immunoglobulin,3.07,0.26,text 3d pdb
376,b,34,4,1,d1vifa_,SH3-like barrel,Electron transport accessory proteins,3.26,0.26,text 3d pdb
377,b,1,3,1,d1b4ra_,Immunoglobulin-like beta-sandwich,PKD domain,4.02,0.26,text 3d pdb
378,b,34,7,1,d1c6vx_,SH3-like barrel,DNA-binding domain of retroviral integrase,3.62,0.26,text 3d pdb
379,g,18,1,1,d1ok9b4,Complement control module/SCR domain,Complement control module/SCR domain,3.40,0.26,text 3d pdb
380,g,18,1,1,d2z3qb1,Complement control module/SCR domain,Complement control module/SCR domain,3.54,0.26,text 3d pdb
381,b,34,9,1,d2qqsb2,SH3-like barrel,Tudor/PWWP/MBT,3.44,0.26,text 3d pdb
382,b,1,1,2,d1pskh2,Immunoglobulin-like beta-sandwich,Immunoglobulin,3.72,0.26,text 3d pdb
383,g,7,1,1,d1chvs_,Snake toxin-like,Snake toxin-like,3.74,0.26,text 3d pdb
384,g,18,1,1,d2erje2,Complement control module/SCR domain,Complement control module/SCR domain,3.78,0.26,text 3d pdb
385,g,3,1,1,d2x3tb4,Knottins (small inhibitors toxins, lectins),Plant lectins/antimicrobial peptides,3.28,0.26,text 3d pdb
386,b,1,1,2,d2ny5h2,Immunoglobulin-like beta-sandwich,Immunoglobulin,3.21,0.26,text 3d pdb
387,g,12,1,1,d1f5ya1,LDL receptor-like module,LDL receptor-like module,3.00,0.26,text 3d pdb
388,b,1,1,2,d3c5jb2,Immunoglobulin-like beta-sandwich,Immunoglobulin,3.21,0.26,text 3d pdb
389,b,1,6,0,d3lndd2,Immunoglobulin-like beta-sandwich,Cadherin-like,3.63,0.26,text 3d pdb
390,g,3,11,1,d1toza1,Knottins (small inhibitors toxins, lectins),EGF/Laminin,2.67,0.26,text 3d pdb
391,b,1,1,0,d5w1wp2,Immunoglobulin-like beta-sandwich,Immunoglobulin,3.43,0.26,text 3d pdb
392,g,37,1,1,d2en3a1,beta-beta-alpha zinc fingers,beta-beta-alpha zinc fingers,2.53,0.26,text 3d pdb
393,b,1,4,0,d3lpga2,Immunoglobulin-like beta-sandwich,beta-Galactosidase/glucuronidase domain,3.52,0.26,text 3d pdb
394,b,1,1,2,d2hffh2,Immunoglobulin-like beta-sandwich,Immunoglobulin,3.18,0.26,text 3d pdb
395,b,1,1,2,d2i5yr2,Immunoglobulin-like beta-sandwich,Immunoglobulin,3.19,0.26,text 3d pdb
396,g,3,6,2,d1eita_,Knottins (small inhibitors toxins, lectins),omega toxin-like,2.73,0.26,text 3d pdb
397,b,1,1,2,d2arjh2,Immunoglobulin-like beta-sandwich,Immunoglobulin,2.85,0.26,text 3d pdb
398,b,1,4,0,d3k46b2,Immunoglobulin-like beta-sandwich,beta-Galactosidase/glucuronidase domain,3.45,0.26,text 3d pdb
399,b,1,1,2,d2nxzd2,Immunoglobulin-like beta-sandwich,Immunoglobulin,3.19,0.26,text 3d pdb
400,b,38,1,0,d5mkil_,Sm-like fold,Sm-like ribonucleoproteins,3.85,0.26,text 3d pdb
401,b,49,1,0,d2rkwb1,Domain of alpha and beta subunits of F1 ATP synthase-like,N-terminal domain of alpha and beta (or A/B) subunits of rotary ATPases,3.45,0.26,text 3d pdb
402,b,1,1,2,d1b0ra1,Immunoglobulin-like beta-sandwich,Immunoglobulin,3.53,0.26,text 3d pdb
403,b,1,1,2,d1zlvm2,Immunoglobulin-like beta-sandwich,Immunoglobulin,3.26,0.26,text 3d pdb
404,g,37,1,2,d1m36a1,beta-beta-alpha zinc fingers,beta-beta-alpha zinc fingers,1.92,0.26,text 3d pdb
405,g,14,1,1,d1gmoe2,Kringle-like,Kringle-like,4.15,0.26,text 3d pdb
406,g,9,1,1,d1e4ta_,Defensin-like,Defensin-like,2.01,0.26,text 3d pdb
407,i,1,1,3,d2xzm61,Ribosome and ribosomal fragments,Ribosome and ribosomal fragments,2.73,0.26,text 3d pdb
408,g,18,1,1,d1vvca1,Complement control module/SCR domain,Complement control module/SCR domain,3.47,0.26,text 3d pdb
409,g,41,11,1,d2c6ba_,Rubredoxin-like,Ran binding protein zinc finger-like,3.44,0.26,text 3d pdb
410,b,1,1,2,d1zlum2,Immunoglobulin-like beta-sandwich,Immunoglobulin,3.65,0.26,text 3d pdb
411,d,344,1,1,d2outa2,GINS/PriA/YqbF domain,PriA/YqbF domain,3.19,0.26,text 3d pdb
412,b,1,1,2,d1q94d1,Immunoglobulin-like beta-sandwich,Immunoglobulin,3.30,0.26,text 3d pdb
413,g,24,1,1,d2h9gr2,TNF receptor-like,TNF receptor-like,2.89,0.26,text 3d pdb
414,b,1,1,2,d1fg2g1,Immunoglobulin-like beta-sandwich,Immunoglobulin,3.41,0.26,text 3d pdb
415,g,14,1,1,d4iuae2,Kringle-like,Kringle-like,4.59,0.26,text 3d pdb
416,g,18,1,0,d2mcza2,Complement control module/SCR domain,Complement control module/SCR domain,3.63,0.26,text 3d pdb
417,g,18,1,1,d2z3rb2,Complement control module/SCR domain,Complement control module/SCR domain,3.48,0.26,text 3d pdb
418,b,1,1,2,d2ny1d2,Immunoglobulin-like beta-sandwich,Immunoglobulin,3.19,0.26,text 3d pdb
419,b,1,1,2,d2gsih2,Immunoglobulin-like beta-sandwich,Immunoglobulin,3.37,0.26,text 3d pdb
420,b,1,1,2,d1uz6f2,Immunoglobulin-like beta-sandwich,Immunoglobulin,3.44,0.26,text 3d pdb
421,b,1,1,2,d3cdgc1,Immunoglobulin-like beta-sandwich,Immunoglobulin,3.40,0.26,text 3d pdb
422,g,3,11,1,d1emna1,Knottins (small inhibitors toxins, lectins),EGF/Laminin,3.59,0.26,text 3d pdb
423,b,1,18,0,d4aw4a2,Immunoglobulin-like beta-sandwich,E set domains,3.47,0.26,text 3d pdb
424,b,71,1,1,d1qpka1,Glycosyl hydrolase domain,Glycosyl hydrolase domain,3.35,0.26,text 3d pdb
425,b,1,1,2,d3cdga1,Immunoglobulin-like beta-sandwich,Immunoglobulin,3.41,0.26,text 3d pdb
426,g,18,1,1,d2z3rj2,Complement control module/SCR domain,Complement control module/SCR domain,3.92,0.26,text 3d pdb
427,b,1,1,2,d2ny0d2,Immunoglobulin-like beta-sandwich,Immunoglobulin,3.24,0.26,text 3d pdb
428,g,37,1,1,d2el4a1,beta-beta-alpha zinc fingers,beta-beta-alpha zinc fingers,2.38,0.26,text 3d pdb
429,g,37,1,1,d2em6a1,beta-beta-alpha zinc fingers,beta-beta-alpha zinc fingers,2.20,0.26,text 3d pdb
430,b,72,1,1,d1eg3a3,WW domain-like,WW domain,2.94,0.26,text 3d pdb
431,g,3,6,2,d1cixa_,Knottins (small inhibitors toxins, lectins),omega toxin-like,3.39,0.26,text 3d pdb
432,d,51,1,1,d2cpqa1,Eukaryotic type KH-domain (KH-domain type I),Eukaryotic type KH-domain (KH-domain type I),3.43,0.26,text 3d pdb
433,g,39,1,3,d1x3ha1,Glucocorticoid receptor-like (DNA-binding domain),Glucocorticoid receptor-like (DNA-binding domain),3.34,0.26,text 3d pdb
434,g,14,1,1,d4iuac2,Kringle-like,Kringle-like,4.31,0.26,text 3d pdb
435,b,1,1,0,d4z77d2,Immunoglobulin-like beta-sandwich,Immunoglobulin,3.65,0.26,text 3d pdb
436,g,39,1,3,d2co8a1,Glucocorticoid receptor-like (DNA-binding domain),Glucocorticoid receptor-like (DNA-binding domain),2.49,0.26,text 3d pdb
437,b,1,1,2,d3c09h2,Immunoglobulin-like beta-sandwich,Immunoglobulin,3.58,0.26,text 3d pdb
438,b,71,1,1,d1qi4a1,Glycosyl hydrolase domain,Glycosyl hydrolase domain,3.34,0.26,text 3d pdb
439,d,31,1,1,d5x4la2,Cdc48 domain 2-like,Cdc48 domain 2-like,3.76,0.26,text 3d pdb
440,b,1,1,2,d1uwgh2,Immunoglobulin-like beta-sandwich,Immunoglobulin,3.10,0.26,text 3d pdb
441,b,1,1,2,d1p2cb2,Immunoglobulin-like beta-sandwich,Immunoglobulin,3.38,0.26,text 3d pdb
442,g,44,1,2,d3jb9t1,RING/U-box,RING/U-box,3.55,0.26,text 3d pdb
443,g,7,1,1,d4ey8b_,Snake toxin-like,Snake toxin-like,3.28,0.26,text 3d pdb
444,b,72,1,1,d1i8hb_,WW domain-like,WW domain,3.69,0.26,text 3d pdb
445,d,16,1,7,d2bi8a2,FAD-linked reductases C-terminal domain,FAD-linked reductases C-terminal domain,2.91,0.26,text 3d pdb
446,b,1,1,2,d1fl3a2,Immunoglobulin-like beta-sandwich,Immunoglobulin,3.03,0.26,text 3d pdb
447,g,14,1,1,d4iuab2,Kringle-like,Kringle-like,4.31,0.26,text 3d pdb
448,d,58,7,0,d2x1fa1,Ferredoxin-like,RNA-binding domain RBD,3.56,0.26,text 3d pdb
449,b,1,1,2,d3m1be2,Immunoglobulin-like beta-sandwich,Immunoglobulin,3.51,0.26,text 3d pdb
450,g,18,1,1,d2erja2,Complement control module/SCR domain,Complement control module/SCR domain,3.79,0.26,text 3d pdb
451,b,34,4,2,d1qp2a_,SH3-like barrel,Electron transport accessory proteins,2.69,0.26,text 3d pdb
452,g,3,11,1,d3egfa_,Knottins (small inhibitors toxins, lectins),EGF/Laminin,3.20,0.26,text 3d pdb
453,d,184,1,3,d1bgyu_,Non-globular alpha+beta subunits of globular proteins,Non-globular alpha+beta subunits of globular proteins,3.24,0.26,text 3d pdb
454,b,1,1,2,d3qdga2,Immunoglobulin-like beta-sandwich,Immunoglobulin,3.39,0.26,text 3d pdb
455,b,71,1,1,d1qi5a1,Glycosyl hydrolase domain,Glycosyl hydrolase domain,3.34,0.26,text 3d pdb
456,b,49,1,0,d3ssaa1,Domain of alpha and beta subunits of F1 ATP synthase-like,N-terminal domain of alpha and beta (or A/B) subunits of rotary ATPases,2.60,0.26,text 3d pdb
457,b,38,1,0,d5mkii_,Sm-like fold,Sm-like ribonucleoproteins,3.56,0.26,text 3d pdb
458,d,9,1,1,d4uaib_,IL8-like,Interleukin 8-like chemokines,3.33,0.26,text 3d pdb
459,g,14,1,1,d2qj2a2,Kringle-like,Kringle-like,4.20,0.26,text 3d pdb
460,b,71,1,1,d1qi3a1,Glycosyl hydrolase domain,Glycosyl hydrolase domain,3.35,0.26,text 3d pdb
461,g,14,1,1,d4iuah2,Kringle-like,Kringle-like,4.36,0.26,text 3d pdb
462,a,4,5,30,d1j2xa1,DNA/RNA-binding 3-helical bundle,"Winged helix" DNA-binding domain,3.02,0.26,text 3d pdb
463,b,1,1,2,d2p5wa1,Immunoglobulin-like beta-sandwich,Immunoglobulin,3.39,0.26,text 3d pdb
464,b,1,1,2,d2h9gb2,Immunoglobulin-like beta-sandwich,Immunoglobulin,3.20,0.26,text 3d pdb
465,g,39,1,0,d5fuyc2,Glucocorticoid receptor-like (DNA-binding domain),Glucocorticoid receptor-like (DNA-binding domain),3.86,0.26,text 3d pdb
466,g,3,11,4,d1n1ia1,Knottins (small inhibitors toxins, lectins),EGF/Laminin,3.65,0.26,text 3d pdb
467,g,3,7,2,d1agta_,Knottins (small inhibitors toxins, lectins),Scorpion toxin-like,2.22,0.26,text 3d pdb
468,g,37,1,1,d1f2ih2,beta-beta-alpha zinc fingers,beta-beta-alpha zinc fingers,1.97,0.26,text 3d pdb
469,b,1,6,0,d3lndc2,Immunoglobulin-like beta-sandwich,Cadherin-like,3.58,0.26,text 3d pdb
470,b,1,1,2,d1fl3h2,Immunoglobulin-like beta-sandwich,Immunoglobulin,3.06,0.26,text 3d pdb
471,b,1,1,2,d1beyh2,Immunoglobulin-like beta-sandwich,Immunoglobulin,3.25,0.26,text 3d pdb
472,g,24,1,2,d1oqeo_,TNF receptor-like,TNF receptor-like,3.29,0.26,text 3d pdb
473,b,1,1,2,d1w72d1,Immunoglobulin-like beta-sandwich,Immunoglobulin,3.41,0.26,text 3d pdb
474,g,3,13,1,d2ilni_,Knottins (small inhibitors toxins, lectins),Bowman-Birk inhibitor BBI,3.97,0.26,text 3d pdb
475,g,14,1,1,d5hpga_,Kringle-like,Kringle-like,4.61,0.26,text 3d pdb
476,k,12,1,1,d1meyg_,Zinc finger design,Zinc finger design,2.09,0.26,text 3d pdb
477,g,3,13,1,d1tx6i2,Knottins (small inhibitors toxins, lectins),Bowman-Birk inhibitor BBI,3.66,0.26,text 3d pdb
478,b,71,1,1,d1jdda1,Glycosyl hydrolase domain,Glycosyl hydrolase domain,3.35,0.26,text 3d pdb
479,b,38,1,0,d5mkik_,Sm-like fold,Sm-like ribonucleoproteins,3.54,0.26,text 3d pdb
480,d,184,1,3,d1bgyi_,Non-globular alpha+beta subunits of globular proteins,Non-globular alpha+beta subunits of globular proteins,3.04,0.26,text 3d pdb
481,b,1,1,2,d4h25e2,Immunoglobulin-like beta-sandwich,Immunoglobulin,3.26,0.26,text 3d pdb
482,g,37,1,1,d1a1fa3,beta-beta-alpha zinc fingers,beta-beta-alpha zinc fingers,2.84,0.26,text 3d pdb
483,b,1,1,2,d3hlaa1,Immunoglobulin-like beta-sandwich,Immunoglobulin,3.29,0.26,text 3d pdb
484,b,1,1,2,d3gsnh2,Immunoglobulin-like beta-sandwich,Immunoglobulin,3.41,0.26,text 3d pdb
485,b,71,1,1,d2amga1,Glycosyl hydrolase domain,Glycosyl hydrolase domain,3.36,0.26,text 3d pdb
486,b,1,1,0,d4n0fh2,Immunoglobulin-like beta-sandwich,Immunoglobulin,3.74,0.26,text 3d pdb
487,d,9,1,1,d1a15a_,IL8-like,Interleukin 8-like chemokines,3.27,0.26,text 3d pdb
488,b,1,6,0,d3lndc1,Immunoglobulin-like beta-sandwich,Cadherin-like,3.64,0.26,text 3d pdb
489,b,1,1,2,d3ciid1,Immunoglobulin-like beta-sandwich,Immunoglobulin,3.63,0.26,text 3d pdb
490,b,1,1,2,d3ciia1,Immunoglobulin-like beta-sandwich,Immunoglobulin,3.63,0.26,text 3d pdb
491,g,14,1,1,d4iuad2,Kringle-like,Kringle-like,4.47,0.26,text 3d pdb
492,g,37,1,1,d2ytka1,beta-beta-alpha zinc fingers,beta-beta-alpha zinc fingers,2.42,0.26,text 3d pdb
493,d,9,1,1,d1plfc_,IL8-like,Interleukin 8-like chemokines,3.60,0.26,text 3d pdb
494,b,71,1,1,d1jdca1,Glycosyl hydrolase domain,Glycosyl hydrolase domain,3.36,0.26,text 3d pdb
495,g,27,1,1,d3calc1,FnI-like domain,FnI-like domain,3.46,0.26,text 3d pdb
496,b,1,1,2,d1fg2j1,Immunoglobulin-like beta-sandwich,Immunoglobulin,3.06,0.26,text 3d pdb
497,g,41,5,0,d2ji2d2,Rubredoxin-like,Rubredoxin-like,3.15,0.26,text 3d pdb
498,a,42,1,1,d1v31a1,SWIB/MDM2 domain,SWIB/MDM2 domain,3.84,0.26,text 3d pdb
499,g,37,1,1,d1llmc1,beta-beta-alpha zinc fingers,beta-beta-alpha zinc fingers,2.03,0.26,text 3d pdb
500,g,24,1,2,d1oqep_,TNF receptor-like,TNF receptor-like,2.82,0.26,text 3d pdb
501,b,1,1,2,d1rzfh2,Immunoglobulin-like beta-sandwich,Immunoglobulin,3.19,0.26,text 3d pdb
502,b,71,1,1,d1gcya1,Glycosyl hydrolase domain,Glycosyl hydrolase domain,2.88,0.26,text 3d pdb
503,b,1,1,2,d5ddha2,Immunoglobulin-like beta-sandwich,Immunoglobulin,3.31,0.26,text 3d pdb
504,g,18,1,1,d1ckle2,Complement control module/SCR domain,Complement control module/SCR domain,3.88,0.26,text 3d pdb
505,d,301,1,1,d1vs631,L35p-like,L35p-like,4.16,0.26,text 3d pdb
506,b,1,4,0,d4jhzb2,Immunoglobulin-like beta-sandwich,beta-Galactosidase/glucuronidase domain,3.31,0.26,text 3d pdb
507,g,14,1,1,d3sp8a2,Kringle-like,Kringle-like,4.56,0.26,text 3d pdb
508,b,35,1,0,d4pj11_,GroES-like,GroES-like,3.76,0.26,text 3d pdb
509,b,35,1,0,d4pj1t_,GroES-like,GroES-like,3.61,0.26,text 3d pdb
510,g,14,1,1,d4iuaa2,Kringle-like,Kringle-like,4.39,0.26,text 3d pdb
511,b,1,1,0,d4n0fk2,Immunoglobulin-like beta-sandwich,Immunoglobulin,3.43,0.26,text 3d pdb
512,b,71,1,1,d1jdaa1,Glycosyl hydrolase domain,Glycosyl hydrolase domain,3.16,0.26,text 3d pdb
513,g,24,1,2,d1oqem_,TNF receptor-like,TNF receptor-like,2.85,0.26,text 3d pdb
514,d,58,7,0,d3p5tn_,Ferredoxin-like,RNA-binding domain RBD,3.57,0.26,text 3d pdb
515,b,1,1,2,d1ub5h2,Immunoglobulin-like beta-sandwich,Immunoglobulin,3.06,0.26,text 3d pdb
516,b,1,1,0,d4n0fe2,Immunoglobulin-like beta-sandwich,Immunoglobulin,3.44,0.26,text 3d pdb
517,g,14,1,1,d2qj2b2,Kringle-like,Kringle-like,4.04,0.26,text 3d pdb
518,b,1,1,2,d1ub5a2,Immunoglobulin-like beta-sandwich,Immunoglobulin,3.07,0.26,text 3d pdb
519,g,3,7,4,d1ozza_,Knottins (small inhibitors toxins, lectins),Scorpion toxin-like,3.11,0.26,text 3d pdb
520,b,1,1,2,d1tzhh2,Immunoglobulin-like beta-sandwich,Immunoglobulin,3.60,0.26,text 3d pdb
521,b,1,1,2,d3gswa2,Immunoglobulin-like beta-sandwich,Immunoglobulin,3.33,0.26,text 3d pdb
522,b,1,1,0,d4zncf1,Immunoglobulin-like beta-sandwich,Immunoglobulin,3.73,0.26,text 3d pdb
523,b,1,1,2,d3o4la2,Immunoglobulin-like beta-sandwich,Immunoglobulin,3.42,0.26,text 3d pdb
524,g,41,5,2,d1dxga_,Rubredoxin-like,Rubredoxin-like,3.16,0.26,text 3d pdb
525,d,31,1,1,d3qq8a2,Cdc48 domain 2-like,Cdc48 domain 2-like,4.30,0.26,text 3d pdb
526,b,1,1,2,d1x7qa1,Immunoglobulin-like beta-sandwich,Immunoglobulin,3.76,0.26,text 3d pdb
527,b,1,1,2,d1m7ib2,Immunoglobulin-like beta-sandwich,Immunoglobulin,2.99,0.26,text 3d pdb
528,b,1,1,0,d4u0qd1,Immunoglobulin-like beta-sandwich,Immunoglobulin,3.71,0.26,text 3d pdb
529,b,1,1,0,d4n0fa2,Immunoglobulin-like beta-sandwich,Immunoglobulin,3.44,0.26,text 3d pdb
530,g,3,11,1,d1edmb_,Knottins (small inhibitors toxins, lectins),EGF/Laminin,2.91,0.26,text 3d pdb
531,g,3,11,1,d1dx5i1,Knottins (small inhibitors toxins, lectins),EGF/Laminin,4.03,0.26,text 3d pdb
532,g,7,1,1,d4om4e_,Snake toxin-like,Snake toxin-like,3.63,0.26,text 3d pdb
533,g,14,1,1,d2doix2,Kringle-like,Kringle-like,3.62,0.26,text 3d pdb
534,b,1,1,2,d1za3h2,Immunoglobulin-like beta-sandwich,Immunoglobulin,3.21,0.26,text 3d pdb
535,b,1,1,2,d1ktlc1,Immunoglobulin-like beta-sandwich,Immunoglobulin,3.63,0.26,text 3d pdb
536,g,39,1,0,d5fuxb2,Glucocorticoid receptor-like (DNA-binding domain),Glucocorticoid receptor-like (DNA-binding domain),3.61,0.26,text 3d pdb
537,b,1,1,2,d1nakh2,Immunoglobulin-like beta-sandwich,Immunoglobulin,3.19,0.26,text 3d pdb
538,g,14,1,1,d2dohx2,Kringle-like,Kringle-like,3.95,0.26,text 3d pdb
539,b,1,1,2,d1naki2,Immunoglobulin-like beta-sandwich,Immunoglobulin,3.19,0.26,text 3d pdb
540,b,1,1,2,d1qsfa1,Immunoglobulin-like beta-sandwich,Immunoglobulin,3.49,0.26,text 3d pdb
541,b,1,1,2,d7fabh2,Immunoglobulin-like beta-sandwich,Immunoglobulin,3.62,0.26,text 3d pdb
542,g,41,7,1,d4kh0d2,Rubredoxin-like,Aspartate carbamoyltransferase Regulatory-chain, C-terminal domain,3.60,0.26,text 3d pdb
543,g,41,3,1,d4c3hi2,Rubredoxin-like,Zinc beta-ribbon,3.91,0.26,text 3d pdb
544,b,1,1,2,d3bzeg1,Immunoglobulin-like beta-sandwich,Immunoglobulin,3.46,0.26,text 3d pdb
545,g,42,1,1,d3dll41,Ribosomal protein L36,Ribosomal protein L36,2.33,0.26,text 3d pdb
546,b,1,1,2,d1fcca2,Immunoglobulin-like beta-sandwich,Immunoglobulin,3.73,0.26,text 3d pdb
547,b,1,1,2,d1fccb2,Immunoglobulin-like beta-sandwich,Immunoglobulin,3.73,0.26,text 3d pdb
548,b,34,9,0,d4uc4b2,SH3-like barrel,Tudor/PWWP/MBT,3.17,0.26,text 3d pdb
549,b,84,2,1,d1kjqa1,Barrel-sandwich hybrid,Rudiment single hybrid motif,3.74,0.26,text 3d pdb
550,g,14,1,1,d5ct1b2,Kringle-like,Kringle-like,4.08,0.26,text 3d pdb
551,g,3,11,1,d4fm5b1,Knottins (small inhibitors toxins, lectins),EGF/Laminin,2.95,0.26,text 3d pdb
552,g,37,1,1,d1f2ii2,beta-beta-alpha zinc fingers,beta-beta-alpha zinc fingers,2.01,0.26,text 3d pdb
553,g,24,1,2,d1oqeq_,TNF receptor-like,TNF receptor-like,2.89,0.26,text 3d pdb
554,g,3,6,2,d1oawa_,Knottins (small inhibitors toxins, lectins),omega toxin-like,3.33,0.26,text 3d pdb
555,g,39,1,0,d5fuyf2,Glucocorticoid receptor-like (DNA-binding domain),Glucocorticoid receptor-like (DNA-binding domain),3.71,0.26,text 3d pdb
556,b,1,1,2,d1agba1,Immunoglobulin-like beta-sandwich,Immunoglobulin,3.43,0.26,text 3d pdb
557,g,12,1,0,d2m0pa_,LDL receptor-like module,LDL receptor-like module,3.51,0.26,text 3d pdb
558,b,1,1,2,d1uwgy2,Immunoglobulin-like beta-sandwich,Immunoglobulin,3.71,0.26,text 3d pdb
559,g,37,1,1,d1aaya3,beta-beta-alpha zinc fingers,beta-beta-alpha zinc fingers,2.81,0.26,text 3d pdb
560,b,1,1,2,d2ny6d2,Immunoglobulin-like beta-sandwich,Immunoglobulin,3.71,0.26,text 3d pdb
561,b,1,1,0,d5w1wk2,Immunoglobulin-like beta-sandwich,Immunoglobulin,3.16,0.26,text 3d pdb
562,g,37,1,1,d1p47a3,beta-beta-alpha zinc fingers,beta-beta-alpha zinc fingers,2.86,0.26,text 3d pdb
563,b,1,1,2,d3bgma1,Immunoglobulin-like beta-sandwich,Immunoglobulin,3.54,0.26,text 3d pdb
564,b,1,1,2,d5d9sa2,Immunoglobulin-like beta-sandwich,Immunoglobulin,3.36,0.26,text 3d pdb
565,b,1,1,2,d3b2uf2,Immunoglobulin-like beta-sandwich,Immunoglobulin,3.45,0.26,text 3d pdb
566,g,43,1,1,d3ddtc_,B-box zinc-binding domain,B-box zinc-binding domain,2.89,0.26,text 3d pdb
567,g,14,1,1,d5ct3b2,Kringle-like,Kringle-like,4.07,0.26,text 3d pdb
568,b,40,6,1,d1fr3j_,OB-fold,MOP-like,3.85,0.26,text 3d pdb
569,g,14,1,1,d5cp9b2,Kringle-like,Kringle-like,4.07,0.25,text 3d pdb
570,d,15,1,8,d2d5ge1,beta-Grasp (ubiquitin-like),Ubiquitin-like,3.47,0.25,text 3d pdb
571,b,1,1,2,d5xhgb2,Immunoglobulin-like beta-sandwich,Immunoglobulin,3.75,0.25,text 3d pdb
572,g,37,1,1,d2epra1,beta-beta-alpha zinc fingers,beta-beta-alpha zinc fingers,2.28,0.25,text 3d pdb
573,g,17,1,4,d1hrpa_,Cystine-knot cytokines,Cystine-knot cytokines,3.79,0.25,text 3d pdb
574,g,14,1,1,d5cs3b2,Kringle-like,Kringle-like,4.06,0.25,text 3d pdb
575,b,1,1,2,d1t22a1,Immunoglobulin-like beta-sandwich,Immunoglobulin,3.64,0.25,text 3d pdb
576,b,1,1,2,d1ktla1,Immunoglobulin-like beta-sandwich,Immunoglobulin,3.66,0.25,text 3d pdb
577,g,14,1,1,d5coeb2,Kringle-like,Kringle-like,4.08,0.25,text 3d pdb
578,g,14,1,1,d5hpgb_,Kringle-like,Kringle-like,4.57,0.25,text 3d pdb
579,b,34,7,1,d1qmca1,SH3-like barrel,DNA-binding domain of retroviral integrase,3.16,0.25,text 3d pdb
580,b,34,7,1,d1qmcb1,SH3-like barrel,DNA-binding domain of retroviral integrase,3.16,0.25,text 3d pdb
581,g,43,1,1,d3ddta1,B-box zinc-binding domain,B-box zinc-binding domain,2.89,0.25,text 3d pdb
582,b,1,1,2,d1e28a1,Immunoglobulin-like beta-sandwich,Immunoglobulin,3.40,0.25,text 3d pdb
583,b,1,1,2,d1t1za1,Immunoglobulin-like beta-sandwich,Immunoglobulin,3.58,0.25,text 3d pdb
584,g,37,1,1,d1zaac3,beta-beta-alpha zinc fingers,beta-beta-alpha zinc fingers,2.83,0.25,text 3d pdb
585,b,1,1,2,d1t7wa1,Immunoglobulin-like beta-sandwich,Immunoglobulin,3.44,0.25,text 3d pdb
586,b,1,4,1,d1bhga1,Immunoglobulin-like beta-sandwich,beta-Galactosidase/glucuronidase domain,3.73,0.25,text 3d pdb
587,b,1,1,2,d1tvhd1,Immunoglobulin-like beta-sandwich,Immunoglobulin,3.46,0.25,text 3d pdb
588,g,37,1,1,d2en6a1,beta-beta-alpha zinc fingers,beta-beta-alpha zinc fingers,3.04,0.25,text 3d pdb
589,b,1,1,2,d1cz8h2,Immunoglobulin-like beta-sandwich,Immunoglobulin,3.66,0.25,text 3d pdb
590,b,1,1,2,d1t1ya1,Immunoglobulin-like beta-sandwich,Immunoglobulin,3.36,0.25,text 3d pdb
591,g,37,1,1,d2yspa1,beta-beta-alpha zinc fingers,beta-beta-alpha zinc fingers,2.27,0.25,text 3d pdb
592,g,50,1,2,d1wesa1,FYVE/PHD zinc finger,FYVE/PHD zinc finger,2.91,0.25,text 3d pdb
593,b,34,13,2,d2dnta1,SH3-like barrel,Chromo domain-like,3.33,0.25,text 3d pdb
594,g,14,1,1,d5cs1b2,Kringle-like,Kringle-like,4.10,0.25,text 3d pdb
595,g,43,1,1,d3q1da_,B-box zinc-binding domain,B-box zinc-binding domain,2.85,0.25,text 3d pdb
596,g,37,1,1,d2dmda3,beta-beta-alpha zinc fingers,beta-beta-alpha zinc fingers,3.06,0.25,text 3d pdb
597,b,1,1,2,d2guoa1,Immunoglobulin-like beta-sandwich,Immunoglobulin,3.46,0.25,text 3d pdb
598,d,17,3,0,d4i5qa1,Cystatin-like,DsbC/DsbG N-terminal domain-like,3.37,0.25,text 3d pdb
599,g,14,1,1,d1nk1b2,Kringle-like,Kringle-like,4.11,0.25,text 3d pdb
600,b,72,1,1,d1zr7a1,WW domain-like,WW domain,2.79,0.25,text 3d pdb
601,g,37,1,1,d2epwa1,beta-beta-alpha zinc fingers,beta-beta-alpha zinc fingers,2.48,0.25,text 3d pdb
602,g,3,9,1,d1h59b_,Knottins (small inhibitors toxins, lectins),Growth factor receptor domain,3.80,0.25,text 3d pdb
603,b,1,1,2,d1za3b2,Immunoglobulin-like beta-sandwich,Immunoglobulin,3.51,0.25,text 3d pdb
604,b,1,1,2,d2gtzd1,Immunoglobulin-like beta-sandwich,Immunoglobulin,3.47,0.25,text 3d pdb
605,b,1,1,2,d2adfh1,Immunoglobulin-like beta-sandwich,Immunoglobulin,3.15,0.25,text 3d pdb
606,b,1,1,2,d1um4h2,Immunoglobulin-like beta-sandwich,Immunoglobulin,3.14,0.25,text 3d pdb
607,b,1,1,2,d3o3dd2,Immunoglobulin-like beta-sandwich,Immunoglobulin,3.46,0.25,text 3d pdb
608,b,1,1,2,d2guod1,Immunoglobulin-like beta-sandwich,Immunoglobulin,3.47,0.25,text 3d pdb
609,g,14,1,1,d5cs5a2,Kringle-like,Kringle-like,4.19,0.25,text 3d pdb
610,b,1,1,2,d2gt9a1,Immunoglobulin-like beta-sandwich,Immunoglobulin,3.48,0.25,text 3d pdb
611,b,1,1,2,d3pwld2,Immunoglobulin-like beta-sandwich,Immunoglobulin,3.46,0.25,text 3d pdb
612,g,41,7,1,d8at1d2,Rubredoxin-like,Aspartate carbamoyltransferase Regulatory-chain, C-terminal domain,3.08,0.25,text 3d pdb
613,b,1,1,2,d3pwna2,Immunoglobulin-like beta-sandwich,Immunoglobulin,3.47,0.25,text 3d pdb
614,g,14,1,1,d5cs9a2,Kringle-like,Kringle-like,4.29,0.25,text 3d pdb
615,g,14,1,1,d1gmog2,Kringle-like,Kringle-like,4.02,0.25,text 3d pdb
616,g,41,11,1,d1n0za1,Rubredoxin-like,Ran binding protein zinc finger-like,3.13,0.25,text 3d pdb
617,g,37,1,1,d1f2ij2,beta-beta-alpha zinc fingers,beta-beta-alpha zinc fingers,2.01,0.25,text 3d pdb
618,b,1,1,2,d1figh2,Immunoglobulin-like beta-sandwich,Immunoglobulin,3.09,0.25,text 3d pdb
619,b,1,1,2,d1de4d1,Immunoglobulin-like beta-sandwich,Immunoglobulin,3.37,0.25,text 3d pdb
620,g,41,3,1,d2nvqi2,Rubredoxin-like,Zinc beta-ribbon,4.11,0.25,text 3d pdb
621,g,14,1,1,d5cs1a2,Kringle-like,Kringle-like,4.09,0.25,text 3d pdb
622,g,3,10,1,d1n8sc2,Knottins (small inhibitors toxins, lectins),Colipase-like,3.56,0.25,text 3d pdb
623,b,1,1,2,d1a4jh2,Immunoglobulin-like beta-sandwich,Immunoglobulin,3.23,0.25,text 3d pdb
624,b,1,1,0,d4wdid2,Immunoglobulin-like beta-sandwich,Immunoglobulin,3.85,0.25,text 3d pdb
625,b,1,1,2,d1agea1,Immunoglobulin-like beta-sandwich,Immunoglobulin,3.44,0.25,text 3d pdb
626,b,1,1,2,d2p8mb2,Immunoglobulin-like beta-sandwich,Immunoglobulin,3.69,0.25,text 3d pdb
627,g,49,1,1,d3uffa1,Cysteine-rich domain,Cysteine-rich domain,3.34,0.25,text 3d pdb
628,g,37,1,1,d1a1la3,beta-beta-alpha zinc fingers,beta-beta-alpha zinc fingers,2.06,0.25,text 3d pdb
629,b,1,1,2,d3o3bd2,Immunoglobulin-like beta-sandwich,Immunoglobulin,3.46,0.25,text 3d pdb
630,b,38,1,0,d5mkia_,Sm-like fold,Sm-like ribonucleoproteins,3.36,0.25,text 3d pdb
631,b,34,7,1,d1ihvb_,SH3-like barrel,DNA-binding domain of retroviral integrase,3.74,0.25,text 3d pdb
632,b,34,7,1,d1ihva_,SH3-like barrel,DNA-binding domain of retroviral integrase,3.74,0.25,text 3d pdb
633,g,41,3,1,d1twgi2,Rubredoxin-like,Zinc beta-ribbon,3.89,0.25,text 3d pdb
634,g,37,1,1,d1llmc2,beta-beta-alpha zinc fingers,beta-beta-alpha zinc fingers,2.13,0.25,text 3d pdb
635,g,37,1,1,d1jk2a3,beta-beta-alpha zinc fingers,beta-beta-alpha zinc fingers,2.87,0.25,text 3d pdb
636,g,24,1,2,d1xuta1,TNF receptor-like,TNF receptor-like,2.44,0.25,text 3d pdb
637,b,1,1,0,d4y4he2,Immunoglobulin-like beta-sandwich,Immunoglobulin,3.54,0.25,text 3d pdb
638,b,1,1,2,d3o3ea2,Immunoglobulin-like beta-sandwich,Immunoglobulin,3.48,0.25,text 3d pdb
639,g,14,1,1,d5ct3a2,Kringle-like,Kringle-like,4.20,0.25,text 3d pdb
640,b,1,1,2,d1m7db2,Immunoglobulin-like beta-sandwich,Immunoglobulin,3.25,0.25,text 3d pdb
641,b,1,1,0,d4nqve2,Immunoglobulin-like beta-sandwich,Immunoglobulin,3.20,0.25,text 3d pdb
642,b,1,1,2,d2esva1,Immunoglobulin-like beta-sandwich,Immunoglobulin,3.52,0.25,text 3d pdb
643,b,1,1,2,d3c9na1,Immunoglobulin-like beta-sandwich,Immunoglobulin,3.47,0.25,text 3d pdb
644,b,1,1,2,d1s8da1,Immunoglobulin-like beta-sandwich,Immunoglobulin,3.45,0.25,text 3d pdb
645,g,24,1,1,d2h9gs1,TNF receptor-like,TNF receptor-like,3.71,0.25,text 3d pdb
646,b,1,1,2,d1w72a1,Immunoglobulin-like beta-sandwich,Immunoglobulin,3.65,0.25,text 3d pdb
647,b,1,1,2,d1i4fa1,Immunoglobulin-like beta-sandwich,Immunoglobulin,3.44,0.25,text 3d pdb
648,g,18,1,1,d1hfia_,Complement control module/SCR domain,Complement control module/SCR domain,3.57,0.25,text 3d pdb
649,b,1,1,2,d1ogta1,Immunoglobulin-like beta-sandwich,Immunoglobulin,3.44,0.25,text 3d pdb
650,b,1,1,2,d1s9ya1,Immunoglobulin-like beta-sandwich,Immunoglobulin,3.45,0.25,text 3d pdb
651,g,14,1,1,d1gp9a2,Kringle-like,Kringle-like,3.98,0.25,text 3d pdb
652,g,39,1,3,d1ibia2,Glucocorticoid receptor-like (DNA-binding domain),Glucocorticoid receptor-like (DNA-binding domain),3.16,0.25,text 3d pdb
653,b,1,1,2,d1t21a1,Immunoglobulin-like beta-sandwich,Immunoglobulin,3.45,0.25,text 3d pdb
654,b,1,1,2,d1s9xa1,Immunoglobulin-like beta-sandwich,Immunoglobulin,3.70,0.25,text 3d pdb
655,g,37,1,1,d2ytga1,beta-beta-alpha zinc fingers,beta-beta-alpha zinc fingers,2.04,0.25,text 3d pdb
656,g,37,1,1,d2empa1,beta-beta-alpha zinc fingers,beta-beta-alpha zinc fingers,2.72,0.25,text 3d pdb
657,b,1,1,2,d1t1xa1,Immunoglobulin-like beta-sandwich,Immunoglobulin,3.45,0.25,text 3d pdb
658,g,37,1,1,d1jk1a3,beta-beta-alpha zinc fingers,beta-beta-alpha zinc fingers,2.88,0.25,text 3d pdb
659,b,1,1,2,d1s7uj1,Immunoglobulin-like beta-sandwich,Immunoglobulin,3.74,0.25,text 3d pdb
660,b,1,1,2,d1t1wa1,Immunoglobulin-like beta-sandwich,Immunoglobulin,3.45,0.25,text 3d pdb
661,b,1,1,2,d3qeqa2,Immunoglobulin-like beta-sandwich,Immunoglobulin,3.67,0.25,text 3d pdb
662,g,3,7,5,d2n69a_,Knottins (small inhibitors toxins, lectins),Scorpion toxin-like,3.09,0.25,text 3d pdb
663,b,1,1,2,d1jgea1,Immunoglobulin-like beta-sandwich,Immunoglobulin,3.46,0.25,text 3d pdb
664,d,58,7,1,d1l3ka1,Ferredoxin-like,RNA-binding domain RBD,3.80,0.25,text 3d pdb
665,b,1,1,2,d2fwoa1,Immunoglobulin-like beta-sandwich,Immunoglobulin,3.15,0.25,text 3d pdb
666,b,1,1,2,d5meqa2,Immunoglobulin-like beta-sandwich,Immunoglobulin,3.61,0.25,text 3d pdb
667,g,37,1,1,d2enea1,beta-beta-alpha zinc fingers,beta-beta-alpha zinc fingers,2.26,0.25,text 3d pdb
668,b,1,1,2,d5merd2,Immunoglobulin-like beta-sandwich,Immunoglobulin,3.32,0.25,text 3d pdb
669,b,1,1,2,d1ffnd1,Immunoglobulin-like beta-sandwich,Immunoglobulin,3.72,0.25,text 3d pdb
670,b,34,3,1,d2mysa1,SH3-like barrel,Myosin S1 fragment N-terminal domain,2.10,0.25,text 3d pdb
671,b,34,4,2,d1jb0e_,SH3-like barrel,Electron transport accessory proteins,3.92,0.25,text 3d pdb
672,b,1,1,2,d1jhta1,Immunoglobulin-like beta-sandwich,Immunoglobulin,3.69,0.25,text 3d pdb
673,a,155,1,1,d1hnra_,H-NS histone-like proteins,H-NS histone-like proteins,2.97,0.25,text 3d pdb
674,b,1,1,2,d1z3gi1,Immunoglobulin-like beta-sandwich,Immunoglobulin,3.04,0.25,text 3d pdb
675,b,1,1,2,d2itda2,Immunoglobulin-like beta-sandwich,Immunoglobulin,3.07,0.25,text 3d pdb
676,b,1,1,2,d1bj1k2,Immunoglobulin-like beta-sandwich,Immunoglobulin,3.61,0.25,text 3d pdb
677,g,24,1,1,d4rsuj2,TNF receptor-like,TNF receptor-like,3.06,0.25,text 3d pdb
678,b,84,2,1,d1kj8b1,Barrel-sandwich hybrid,Rudiment single hybrid motif,3.61,0.25,text 3d pdb
679,b,1,1,0,d4z76a2,Immunoglobulin-like beta-sandwich,Immunoglobulin,3.70,0.25,text 3d pdb
680,b,1,1,2,d1n0xk2,Immunoglobulin-like beta-sandwich,Immunoglobulin,3.79,0.25,text 3d pdb
681,d,31,1,1,d3qwza2,Cdc48 domain 2-like,Cdc48 domain 2-like,3.51,0.25,text 3d pdb
682,b,1,1,2,d3kppa2,Immunoglobulin-like beta-sandwich,Immunoglobulin,3.46,0.25,text 3d pdb
683,b,6,1,6,d5n1ba1,Cupredoxin-like,Cupredoxins,3.38,0.25,text 3d pdb
684,b,1,1,2,d1e27a1,Immunoglobulin-like beta-sandwich,Immunoglobulin,3.46,0.25,text 3d pdb
685,b,1,1,2,d2cika1,Immunoglobulin-like beta-sandwich,Immunoglobulin,3.47,0.25,text 3d pdb
686,b,1,1,2,d5eu3a2,Immunoglobulin-like beta-sandwich,Immunoglobulin,3.36,0.25,text 3d pdb
687,b,1,1,2,d2bsud4,Immunoglobulin-like beta-sandwich,Immunoglobulin,3.59,0.25,text 3d pdb
688,g,37,1,1,d1a1ia3,beta-beta-alpha zinc fingers,beta-beta-alpha zinc fingers,2.87,0.25,text 3d pdb
689,b,1,1,2,d2hjka1,Immunoglobulin-like beta-sandwich,Immunoglobulin,3.39,0.25,text 3d pdb
690,b,1,1,2,d2p5ea1,Immunoglobulin-like beta-sandwich,Immunoglobulin,3.81,0.25,text 3d pdb
691,b,1,1,2,d2axga1,Immunoglobulin-like beta-sandwich,Immunoglobulin,3.48,0.25,text 3d pdb
692,b,1,1,2,d1n0xh2,Immunoglobulin-like beta-sandwich,Immunoglobulin,3.66,0.25,text 3d pdb
693,b,1,1,0,d4z76d2,Immunoglobulin-like beta-sandwich,Immunoglobulin,3.74,0.25,text 3d pdb
694,b,1,1,0,d4wdia2,Immunoglobulin-like beta-sandwich,Immunoglobulin,3.70,0.25,text 3d pdb
695,b,1,1,2,d1r5vb1,Immunoglobulin-like beta-sandwich,Immunoglobulin,3.54,0.25,text 3d pdb
696,b,1,1,2,d1r5vd1,Immunoglobulin-like beta-sandwich,Immunoglobulin,3.54,0.25,text 3d pdb
697,g,24,1,2,d1oqer_,TNF receptor-like,TNF receptor-like,3.27,0.25,text 3d pdb
698,d,100,1,1,d2qbah2,MbtH/L9 domain-like,L9 N-domain-like,3.63,0.25,text 3d pdb
699,b,1,1,2,d3qdja2,Immunoglobulin-like beta-sandwich,Immunoglobulin,3.33,0.25,text 3d pdb
700,g,3,6,3,d1i26a_,Knottins (small inhibitors toxins, lectins),omega toxin-like,3.07,0.25,text 3d pdb
701,b,1,2,1,d1k85a1,Immunoglobulin-like beta-sandwich,Fibronectin type III,3.45,0.25,text 3d pdb
702,d,58,7,0,d3p5to_,Ferredoxin-like,RNA-binding domain RBD,3.13,0.25,text 3d pdb
703,b,1,1,2,d1h3vb2,Immunoglobulin-like beta-sandwich,Immunoglobulin,3.77,0.25,text 3d pdb
704,b,1,1,2,d2ol3h1,Immunoglobulin-like beta-sandwich,Immunoglobulin,3.27,0.25,text 3d pdb
705,d,17,2,1,d2e2va2,Cystatin-like,Amine oxidase N-terminal region,3.59,0.25,text 3d pdb
706,b,1,1,2,d1tvbd1,Immunoglobulin-like beta-sandwich,Immunoglobulin,3.32,0.25,text 3d pdb
707,g,14,1,1,d2qj4b2,Kringle-like,Kringle-like,4.10,0.25,text 3d pdb
708,b,1,1,2,d1hhha1,Immunoglobulin-like beta-sandwich,Immunoglobulin,3.65,0.25,text 3d pdb
709,g,24,1,2,d1oqel_,TNF receptor-like,TNF receptor-like,3.27,0.25,text 3d pdb
710,g,41,5,0,d2ji2c2,Rubredoxin-like,Rubredoxin-like,3.20,0.25,text 3d pdb
711,b,1,1,0,d5ks9b2,Immunoglobulin-like beta-sandwich,Immunoglobulin,3.75,0.25,text 3d pdb
712,b,1,1,2,d3bzea1,Immunoglobulin-like beta-sandwich,Immunoglobulin,3.73,0.25,text 3d pdb
713,b,1,1,2,d1pg7i2,Immunoglobulin-like beta-sandwich,Immunoglobulin,3.40,0.25,text 3d pdb
714,g,3,6,2,d1oava_,Knottins (small inhibitors toxins, lectins),omega toxin-like,4.18,0.25,text 3d pdb
715,b,1,1,2,d2gtwd1,Immunoglobulin-like beta-sandwich,Immunoglobulin,3.32,0.25,text 3d pdb
716,b,1,1,2,d1pkqg2,Immunoglobulin-like beta-sandwich,Immunoglobulin,3.73,0.25,text 3d pdb
717,b,1,1,2,d2bsua4,Immunoglobulin-like beta-sandwich,Immunoglobulin,3.70,0.25,text 3d pdb
718,b,1,1,0,d4z77a2,Immunoglobulin-like beta-sandwich,Immunoglobulin,3.49,0.25,text 3d pdb
719,g,14,1,1,d1gp9c2,Kringle-like,Kringle-like,4.19,0.25,text 3d pdb
720,g,14,1,1,d2qj4a2,Kringle-like,Kringle-like,3.78,0.25,text 3d pdb
721,b,1,1,2,d1h3yb2,Immunoglobulin-like beta-sandwich,Immunoglobulin,3.83,0.25,text 3d pdb
722,d,9,1,1,d2nwga_,IL8-like,Interleukin 8-like chemokines,3.21,0.25,text 3d pdb
723,g,41,3,1,d3s1mi2,Rubredoxin-like,Zinc beta-ribbon,3.66,0.25,text 3d pdb
724,b,1,1,2,d3g6dh2,Immunoglobulin-like beta-sandwich,Immunoglobulin,3.18,0.25,text 3d pdb
725,g,14,1,1,d4d3ca1,Kringle-like,Kringle-like,4.34,0.25,text 3d pdb
726,b,1,1,2,d1h3ya2,Immunoglobulin-like beta-sandwich,Immunoglobulin,3.85,0.25,text 3d pdb
727,g,3,11,1,d1mq5l_,Knottins (small inhibitors toxins, lectins),EGF/Laminin,2.94,0.25,text 3d pdb
728,b,1,1,2,d1jf1a1,Immunoglobulin-like beta-sandwich,Immunoglobulin,3.62,0.25,text 3d pdb
729,b,1,1,0,d4z78d2,Immunoglobulin-like beta-sandwich,Immunoglobulin,3.36,0.25,text 3d pdb
730,b,34,13,2,d1s4za1,SH3-like barrel,Chromo domain-like,2.83,0.25,text 3d pdb
731,d,17,1,1,d1fuwa_,Cystatin-like,Cystatin/monellin,3.58,0.25,text 3d pdb
732,b,1,1,2,d1vgka1,Immunoglobulin-like beta-sandwich,Immunoglobulin,3.77,0.25,text 3d pdb
733,g,14,1,1,d5ct1a2,Kringle-like,Kringle-like,3.44,0.25,text 3d pdb
734,g,41,7,1,d8at1b2,Rubredoxin-like,Aspartate carbamoyltransferase Regulatory-chain, C-terminal domain,3.77,0.25,text 3d pdb
735,b,1,1,2,d2oqjb2,Immunoglobulin-like beta-sandwich,Immunoglobulin,3.22,0.25,text 3d pdb
736,g,7,1,1,d1h0jb_,Snake toxin-like,Snake toxin-like,3.66,0.25,text 3d pdb
737,b,1,1,2,d1k8da1,Immunoglobulin-like beta-sandwich,Immunoglobulin,3.59,0.25,text 3d pdb
738,g,14,1,1,d3hn4a3,Kringle-like,Kringle-like,4.34,0.25,text 3d pdb
739,d,58,7,0,d3hi9c_,Ferredoxin-like,RNA-binding domain RBD,3.68,0.25,text 3d pdb
740,g,3,11,1,d1fjsl_,Knottins (small inhibitors toxins, lectins),EGF/Laminin,2.88,0.25,text 3d pdb
741,b,1,1,2,d3bzfa1,Immunoglobulin-like beta-sandwich,Immunoglobulin,3.37,0.25,text 3d pdb
742,g,41,9,2,d4c2m1_,Rubredoxin-like,RNA polymerase subunits,3.47,0.25,text 3d pdb
743,b,1,1,2,d2pw1b2,Immunoglobulin-like beta-sandwich,Immunoglobulin,3.11,0.25,text 3d pdb
744,b,1,1,2,d4l3cy2,Immunoglobulin-like beta-sandwich,Immunoglobulin,3.82,0.25,text 3d pdb
745,g,79,1,0,d2ayda_,WRKY DNA-binding domain,WRKY DNA-binding domain,3.71,0.25,text 3d pdb
746,g,41,9,2,d4c2ml_,Rubredoxin-like,RNA polymerase subunits,3.47,0.25,text 3d pdb
747,g,37,1,1,d1a1ja3,beta-beta-alpha zinc fingers,beta-beta-alpha zinc fingers,2.83,0.25,text 3d pdb
748,b,1,1,0,d4z78a2,Immunoglobulin-like beta-sandwich,Immunoglobulin,3.58,0.25,text 3d pdb
749,b,1,1,2,d1fo0h1,Immunoglobulin-like beta-sandwich,Immunoglobulin,3.56,0.25,text 3d pdb
750,b,49,1,0,d3tgwa1,Domain of alpha and beta subunits of F1 ATP synthase-like,N-terminal domain of alpha and beta (or A/B) subunits of rotary ATPases,3.18,0.25,text 3d pdb
751,g,41,5,1,d1spwa_,Rubredoxin-like,Rubredoxin-like,3.22,0.25,text 3d pdb
752,b,1,1,2,d3m1bc2,Immunoglobulin-like beta-sandwich,Immunoglobulin,3.72,0.25,text 3d pdb
753,b,1,1,2,d5xmma2,Immunoglobulin-like beta-sandwich,Immunoglobulin,3.97,0.25,text 3d pdb
754,b,84,2,1,d1kjqb1,Barrel-sandwich hybrid,Rudiment single hybrid motif,3.63,0.25,text 3d pdb
755,g,14,1,1,d2pf2a1,Kringle-like,Kringle-like,2.96,0.25,text 3d pdb
756,b,1,1,2,d3bzfc1,Immunoglobulin-like beta-sandwich,Immunoglobulin,3.36,0.25,text 3d pdb
757,b,1,1,2,d1mhec1,Immunoglobulin-like beta-sandwich,Immunoglobulin,3.82,0.25,text 3d pdb
758,d,17,5,1,d2zhxb_,Cystatin-like,Uracil-DNA glycosylase inhibitor protein,3.22,0.25,text 3d pdb
759,g,39,1,7,d3d5an1,Glucocorticoid receptor-like (DNA-binding domain),Glucocorticoid receptor-like (DNA-binding domain),3.71,0.25,text 3d pdb
760,g,39,1,7,d3d5cn1,Glucocorticoid receptor-like (DNA-binding domain),Glucocorticoid receptor-like (DNA-binding domain),3.71,0.25,text 3d pdb
761,b,34,7,1,d1ihwb_,SH3-like barrel,DNA-binding domain of retroviral integrase,3.57,0.25,text 3d pdb
762,b,34,7,1,d1ihwa_,SH3-like barrel,DNA-binding domain of retroviral integrase,3.57,0.25,text 3d pdb
763,b,1,1,2,d1h3ua2,Immunoglobulin-like beta-sandwich,Immunoglobulin,3.77,0.25,text 3d pdb
764,b,1,1,2,d1pg7h2,Immunoglobulin-like beta-sandwich,Immunoglobulin,3.65,0.25,text 3d pdb
765,g,41,3,1,d2nvxi2,Rubredoxin-like,Zinc beta-ribbon,3.88,0.25,text 3d pdb
766,g,49,1,1,d3uglb1,Cysteine-rich domain,Cysteine-rich domain,3.35,0.25,text 3d pdb
767,b,85,6,0,d5ersa3,beta-clip,MoeA C-terminal domain-like,3.00,0.25,text 3d pdb
768,b,1,1,2,d1zlvh2,Immunoglobulin-like beta-sandwich,Immunoglobulin,3.62,0.25,text 3d pdb
769,g,37,1,1,d1a1ga3,beta-beta-alpha zinc fingers,beta-beta-alpha zinc fingers,1.97,0.25,text 3d pdb
770,b,1,1,0,d5iuea2,Immunoglobulin-like beta-sandwich,Immunoglobulin,3.79,0.25,text 3d pdb
771,b,1,1,2,d2vlla1,Immunoglobulin-like beta-sandwich,Immunoglobulin,3.20,0.25,text 3d pdb
772,g,14,1,1,d3hn4a2,Kringle-like,Kringle-like,4.44,0.25,text 3d pdb
773,d,17,1,3,d1n5ha1,Cystatin-like,Cystatin/monellin,3.35,0.25,text 3d pdb
774,b,1,1,2,d2oqjh2,Immunoglobulin-like beta-sandwich,Immunoglobulin,3.24,0.25,text 3d pdb
775,b,1,1,2,d1c16g1,Immunoglobulin-like beta-sandwich,Immunoglobulin,3.37,0.25,text 3d pdb
776,b,1,1,2,d1h3va2,Immunoglobulin-like beta-sandwich,Immunoglobulin,3.79,0.25,text 3d pdb
777,b,1,1,2,d1rk1a1,Immunoglobulin-like beta-sandwich,Immunoglobulin,3.84,0.25,text 3d pdb
778,b,1,1,2,d5mera2,Immunoglobulin-like beta-sandwich,Immunoglobulin,3.16,0.25,text 3d pdb
779,b,72,1,0,d2l5fa1,WW domain-like,WW domain,2.46,0.25,text 3d pdb
780,g,14,1,1,d2spta1,Kringle-like,Kringle-like,3.72,0.25,text 3d pdb
781,d,58,7,0,d3p6yg_,Ferredoxin-like,RNA-binding domain RBD,3.10,0.25,text 3d pdb
782,b,1,1,2,d3o3ad2,Immunoglobulin-like beta-sandwich,Immunoglobulin,3.36,0.25,text 3d pdb
783,b,1,1,2,d3bhba1,Immunoglobulin-like beta-sandwich,Immunoglobulin,4.01,0.25,text 3d pdb
784,b,1,1,2,d3to4b_,Immunoglobulin-like beta-sandwich,Immunoglobulin,3.47,0.25,text 3d pdb
785,g,39,1,0,d5fuvb2,Glucocorticoid receptor-like (DNA-binding domain),Glucocorticoid receptor-like (DNA-binding domain),3.98,0.25,text 3d pdb
786,d,58,7,1,d2u1aa_,Ferredoxin-like,RNA-binding domain RBD,2.89,0.25,text 3d pdb
787,b,1,1,2,d2hh0h2,Immunoglobulin-like beta-sandwich,Immunoglobulin,3.82,0.25,text 3d pdb
788,b,72,1,1,d2n4va_,WW domain-like,WW domain,2.98,0.25,text 3d pdb
789,b,1,1,2,d4l29k2,Immunoglobulin-like beta-sandwich,Immunoglobulin,3.81,0.25,text 3d pdb
790,b,34,1,3,d1igqd_,SH3-like barrel,C-terminal domain of transcriptional repressors,3.72,0.25,text 3d pdb
791,b,1,1,2,d1mhea1,Immunoglobulin-like beta-sandwich,Immunoglobulin,3.93,0.25,text 3d pdb
792,b,1,1,2,d2jb6h2,Immunoglobulin-like beta-sandwich,Immunoglobulin,3.37,0.25,text 3d pdb
793,g,14,1,1,d4iuab3,Kringle-like,Kringle-like,3.58,0.25,text 3d pdb
794,g,18,1,1,d2z3rf2,Complement control module/SCR domain,Complement control module/SCR domain,3.83,0.25,text 3d pdb
795,d,361,1,1,d2gmoa1,PB2 C-terminal domain-like,PB2 C-terminal domain-like,2.50,0.25,text 3d pdb
796,g,14,1,1,d1gp9b2,Kringle-like,Kringle-like,4.10,0.25,text 3d pdb
797,g,3,7,5,d2n66a_,Knottins (small inhibitors toxins, lectins),Scorpion toxin-like,2.90,0.25,text 3d pdb
798,b,1,1,2,d2gtwa1,Immunoglobulin-like beta-sandwich,Immunoglobulin,3.35,0.25,text 3d pdb
799,b,1,1,2,d1a1na1,Immunoglobulin-like beta-sandwich,Immunoglobulin,3.30,0.25,text 3d pdb
800,g,14,1,1,d5cs5b2,Kringle-like,Kringle-like,4.38,0.25,text 3d pdb
801,b,1,1,2,d4l29y2,Immunoglobulin-like beta-sandwich,Immunoglobulin,3.51,0.25,text 3d pdb
802,g,14,1,1,d5csqb2,Kringle-like,Kringle-like,4.02,0.25,text 3d pdb
803,b,1,1,2,d2fjfi2,Immunoglobulin-like beta-sandwich,Immunoglobulin,3.34,0.25,text 3d pdb
804,b,6,1,6,d2deyx2,Cupredoxin-like,Cupredoxins,3.18,0.25,text 3d pdb
805,b,1,2,1,d1ttga_,Immunoglobulin-like beta-sandwich,Fibronectin type III,4.27,0.25,text 3d pdb
806,b,1,1,2,d2oqje2,Immunoglobulin-like beta-sandwich,Immunoglobulin,3.25,0.25,text 3d pdb
807,b,1,1,2,d3pwla2,Immunoglobulin-like beta-sandwich,Immunoglobulin,3.35,0.25,text 3d pdb
808,b,1,14,1,d1f02i1,Immunoglobulin-like beta-sandwich,Invasin/intimin cell-adhesion fragments,2.99,0.25,text 3d pdb
809,b,1,1,2,d2bsva4,Immunoglobulin-like beta-sandwich,Immunoglobulin,3.56,0.25,text 3d pdb
810,g,14,1,1,d1nk1a2,Kringle-like,Kringle-like,4.41,0.25,text 3d pdb
811,b,1,1,2,d4l29c2,Immunoglobulin-like beta-sandwich,Immunoglobulin,3.73,0.25,text 3d pdb
812,b,1,1,2,d3kpla2,Immunoglobulin-like beta-sandwich,Immunoglobulin,3.61,0.25,text 3d pdb
813,b,1,1,2,d1xr9a1,Immunoglobulin-like beta-sandwich,Immunoglobulin,3.61,0.25,text 3d pdb
814,d,15,1,8,d2d5gb1,beta-Grasp (ubiquitin-like),Ubiquitin-like,3.47,0.25,text 3d pdb
815,b,1,1,2,d1q94a1,Immunoglobulin-like beta-sandwich,Immunoglobulin,3.59,0.25,text 3d pdb
816,g,24,1,1,d2h9gr1,TNF receptor-like,TNF receptor-like,3.76,0.25,text 3d pdb
817,b,1,1,2,d1s7td1,Immunoglobulin-like beta-sandwich,Immunoglobulin,3.59,0.25,text 3d pdb
818,g,14,1,1,d4iuae3,Kringle-like,Kringle-like,4.15,0.25,text 3d pdb
819,g,3,11,1,d2bq7a_,Knottins (small inhibitors toxins, lectins),EGF/Laminin,2.93,0.25,text 3d pdb
820,b,1,1,2,d2ak4f1,Immunoglobulin-like beta-sandwich,Immunoglobulin,3.64,0.25,text 3d pdb
821,g,37,1,1,d2epsa1,beta-beta-alpha zinc fingers,beta-beta-alpha zinc fingers,2.71,0.25,text 3d pdb
822,b,1,1,2,d1tvha1,Immunoglobulin-like beta-sandwich,Immunoglobulin,3.36,0.25,text 3d pdb
823,g,18,1,1,d1ok3b2,Complement control module/SCR domain,Complement control module/SCR domain,3.69,0.25,text 3d pdb
824,b,1,1,2,d4l29m2,Immunoglobulin-like beta-sandwich,Immunoglobulin,3.46,0.25,text 3d pdb
825,g,3,11,1,d5e8da_,Knottins (small inhibitors toxins, lectins),EGF/Laminin,3.01,0.25,text 3d pdb
826,b,1,1,2,d4hx1a2,Immunoglobulin-like beta-sandwich,Immunoglobulin,3.37,0.25,text 3d pdb
827,g,3,11,0,d3gisx1,Knottins (small inhibitors toxins, lectins),EGF/Laminin,3.37,0.25,text 3d pdb
828,d,58,7,1,d1up1a1,Ferredoxin-like,RNA-binding domain RBD,3.96,0.25,text 3d pdb
829,b,1,1,2,d1tzib2,Immunoglobulin-like beta-sandwich,Immunoglobulin,3.24,0.25,text 3d pdb
830,b,85,6,0,d5erta3,beta-clip,MoeA C-terminal domain-like,2.98,0.25,text 3d pdb
831,b,1,1,2,d1agca1,Immunoglobulin-like beta-sandwich,Immunoglobulin,3.80,0.25,text 3d pdb
832,b,1,1,2,d4l29w2,Immunoglobulin-like beta-sandwich,Immunoglobulin,3.74,0.25,text 3d pdb
833,g,18,1,1,d1ok3a2,Complement control module/SCR domain,Complement control module/SCR domain,3.46,0.25,text 3d pdb
834,g,3,11,1,d2bmga_,Knottins (small inhibitors toxins, lectins),EGF/Laminin,2.90,0.25,text 3d pdb
835,g,7,1,1,d2bhib_,Snake toxin-like,Snake toxin-like,3.86,0.25,text 3d pdb
836,g,3,7,4,d1p0aa_,Knottins (small inhibitors toxins, lectins),Scorpion toxin-like,3.16,0.25,text 3d pdb
837,b,1,1,2,d1jpsh2,Immunoglobulin-like beta-sandwich,Immunoglobulin,3.92,0.25,text 3d pdb
838,g,3,11,1,d1ivoc_,Knottins (small inhibitors toxins, lectins),EGF/Laminin,3.71,0.25,text 3d pdb
839,g,7,1,1,d2bhia_,Snake toxin-like,Snake toxin-like,3.84,0.25,text 3d pdb
840,g,9,1,1,d2h9xa_,Defensin-like,Defensin-like,3.20,0.25,text 3d pdb
841,g,3,11,1,d3cenl_,Knottins (small inhibitors toxins, lectins),EGF/Laminin,2.91,0.25,text 3d pdb
842,b,1,1,2,d4l29g2,Immunoglobulin-like beta-sandwich,Immunoglobulin,3.49,0.25,text 3d pdb
843,g,3,11,1,d3sw2a_,Knottins (small inhibitors toxins, lectins),EGF/Laminin,3.64,0.25,text 3d pdb
844,b,1,1,2,d1sysa1,Immunoglobulin-like beta-sandwich,Immunoglobulin,3.32,0.25,text 3d pdb
845,g,3,11,1,d2p94l_,Knottins (small inhibitors toxins, lectins),EGF/Laminin,2.90,0.25,text 3d pdb
846,b,1,1,2,d4l3cg2,Immunoglobulin-like beta-sandwich,Immunoglobulin,3.43,0.25,text 3d pdb
847,g,14,1,1,d1nl1a1,Kringle-like,Kringle-like,3.39,0.25,text 3d pdb
848,g,3,11,1,d2p95l_,Knottins (small inhibitors toxins, lectins),EGF/Laminin,2.92,0.25,text 3d pdb
849,b,1,1,2,d5xmfa2,Immunoglobulin-like beta-sandwich,Immunoglobulin,3.82,0.25,text 3d pdb
850,g,18,1,1,d1vvda2,Complement control module/SCR domain,Complement control module/SCR domain,3.14,0.25,text 3d pdb
851,g,41,3,1,d1i3qi2,Rubredoxin-like,Zinc beta-ribbon,3.57,0.25,text 3d pdb
852,g,18,1,1,d1ojva2,Complement control module/SCR domain,Complement control module/SCR domain,3.46,0.25,text 3d pdb
853,b,1,1,2,d1im9a1,Immunoglobulin-like beta-sandwich,Immunoglobulin,3.53,0.25,text 3d pdb
854,g,41,3,1,d3s14i2,Rubredoxin-like,Zinc beta-ribbon,3.67,0.25,text 3d pdb
855,b,1,1,2,d1ddha1,Immunoglobulin-like beta-sandwich,Immunoglobulin,3.72,0.25,text 3d pdb
856,g,3,11,1,d2p16l_,Knottins (small inhibitors toxins, lectins),EGF/Laminin,2.90,0.25,text 3d pdb
857,g,18,1,1,d1ok2a2,Complement control module/SCR domain,Complement control module/SCR domain,3.45,0.25,text 3d pdb
858,b,1,1,2,d2g60h2,Immunoglobulin-like beta-sandwich,Immunoglobulin,3.27,0.25,text 3d pdb
859,g,3,11,1,d1xkba2,Knottins (small inhibitors toxins, lectins),EGF/Laminin,2.92,0.25,text 3d pdb
860,b,1,1,2,d2v2wa1,Immunoglobulin-like beta-sandwich,Immunoglobulin,3.18,0.25,text 3d pdb
861,g,18,1,1,d1ojvb2,Complement control module/SCR domain,Complement control module/SCR domain,3.70,0.25,text 3d pdb
862,g,14,1,1,d1nl2a1,Kringle-like,Kringle-like,3.24,0.25,text 3d pdb
863,b,1,1,2,d3bn9f2,Immunoglobulin-like beta-sandwich,Immunoglobulin,3.80,0.25,text 3d pdb
864,b,1,1,2,d1jgda1,Immunoglobulin-like beta-sandwich,Immunoglobulin,3.67,0.25,text 3d pdb
865,d,230,3,1,d1owta_,Dodecin subunit-like,Amyloid beta a4 protein copper binding domain (domain 2),4.02,0.25,text 3d pdb
866,b,1,1,2,d1zvsa1,Immunoglobulin-like beta-sandwich,Immunoglobulin,3.48,0.25,text 3d pdb
867,b,1,1,2,d1rzkh2,Immunoglobulin-like beta-sandwich,Immunoglobulin,3.28,0.25,text 3d pdb
868,g,13,1,1,d1bhpa_,Crambin-like,Crambin-like,2.92,0.25,text 3d pdb
869,g,3,11,1,d3m37l_,Knottins (small inhibitors toxins, lectins),EGF/Laminin,2.89,0.25,text 3d pdb
870,b,1,1,2,d5mepa2,Immunoglobulin-like beta-sandwich,Immunoglobulin,3.55,0.25,text 3d pdb
871,b,1,1,2,d1s9wa1,Immunoglobulin-like beta-sandwich,Immunoglobulin,3.45,0.25,text 3d pdb
872,b,49,1,0,d3b2qa1,Domain of alpha and beta subunits of F1 ATP synthase-like,N-terminal domain of alpha and beta (or A/B) subunits of rotary ATPases,3.51,0.25,text 3d pdb
873,b,1,1,2,d4l29s2,Immunoglobulin-like beta-sandwich,Immunoglobulin,3.70,0.25,text 3d pdb
874,g,37,1,1,d1p47b2,beta-beta-alpha zinc fingers,beta-beta-alpha zinc fingers,1.85,0.25,text 3d pdb
875,b,1,1,2,d1efxa1,Immunoglobulin-like beta-sandwich,Immunoglobulin,3.81,0.25,text 3d pdb
876,b,1,1,2,d1zhka1,Immunoglobulin-like beta-sandwich,Immunoglobulin,3.14,0.25,text 3d pdb
877,b,1,1,2,d2bcka1,Immunoglobulin-like beta-sandwich,Immunoglobulin,3.71,0.25,text 3d pdb
878,b,6,1,6,d2dewx2,Cupredoxin-like,Cupredoxins,3.19,0.25,text 3d pdb
879,g,39,1,14,d1xx6b2,Glucocorticoid receptor-like (DNA-binding domain),Glucocorticoid receptor-like (DNA-binding domain),3.80,0.25,text 3d pdb
880,g,7,1,1,d4om4a_,Snake toxin-like,Snake toxin-like,4.08,0.25,text 3d pdb
881,b,1,1,2,d1lega1,Immunoglobulin-like beta-sandwich,Immunoglobulin,3.65,0.25,text 3d pdb
882,b,1,1,2,d1xh3a1,Immunoglobulin-like beta-sandwich,Immunoglobulin,3.21,0.25,text 3d pdb
883,b,1,1,2,d4l3ci2,Immunoglobulin-like beta-sandwich,Immunoglobulin,3.66,0.25,text 3d pdb
884,b,1,1,2,d2fjff2,Immunoglobulin-like beta-sandwich,Immunoglobulin,3.61,0.25,text 3d pdb
885,g,3,11,1,d2ra0l_,Knottins (small inhibitors toxins, lectins),EGF/Laminin,2.91,0.25,text 3d pdb
886,b,1,1,0,d5iuee2,Immunoglobulin-like beta-sandwich,Immunoglobulin,3.47,0.25,text 3d pdb
887,b,1,1,2,d1im9e1,Immunoglobulin-like beta-sandwich,Immunoglobulin,3.61,0.25,text 3d pdb
888,g,18,1,1,d2z3rp2,Complement control module/SCR domain,Complement control module/SCR domain,3.67,0.25,text 3d pdb
889,b,1,1,2,d2c7ud1,Immunoglobulin-like beta-sandwich,Immunoglobulin,3.09,0.25,text 3d pdb
890,b,1,1,2,d1kbgh1,Immunoglobulin-like beta-sandwich,Immunoglobulin,3.63,0.25,text 3d pdb
891,g,3,11,1,d1moxd_,Knottins (small inhibitors toxins, lectins),EGF/Laminin,3.53,0.25,text 3d pdb
892,d,344,1,2,d2ehoc2,GINS/PriA/YqbF domain,PriA/YqbF domain,3.86,0.25,text 3d pdb
893,b,1,1,2,d1hsaa1,Immunoglobulin-like beta-sandwich,Immunoglobulin,3.32,0.25,text 3d pdb
894,g,39,1,0,d5fuyb2,Glucocorticoid receptor-like (DNA-binding domain),Glucocorticoid receptor-like (DNA-binding domain),3.82,0.25,text 3d pdb
895,g,39,1,0,d5fuye2,Glucocorticoid receptor-like (DNA-binding domain),Glucocorticoid receptor-like (DNA-binding domain),4.04,0.25,text 3d pdb
896,g,3,11,1,d2y82b_,Knottins (small inhibitors toxins, lectins),EGF/Laminin,2.93,0.25,text 3d pdb
897,b,72,1,1,d2jmfa_,WW domain-like,WW domain,3.65,0.25,text 3d pdb
898,b,1,1,2,d3kprf2,Immunoglobulin-like beta-sandwich,Immunoglobulin,3.76,0.25,text 3d pdb
899,d,19,1,1,d1hdma2,MHC antigen-recognition domain,MHC antigen-recognition domain,3.67,0.25,text 3d pdb
900,b,1,1,2,d1im3a1,Immunoglobulin-like beta-sandwich,Immunoglobulin,3.40,0.25,text 3d pdb
901,b,1,1,2,d1s7xg1,Immunoglobulin-like beta-sandwich,Immunoglobulin,3.83,0.25,text 3d pdb
902,b,1,1,2,d4l29o2,Immunoglobulin-like beta-sandwich,Immunoglobulin,3.55,0.25,text 3d pdb
903,b,84,2,1,d1kjjb1,Barrel-sandwich hybrid,Rudiment single hybrid motif,3.85,0.25,text 3d pdb
904,g,37,1,1,d2el5a1,beta-beta-alpha zinc fingers,beta-beta-alpha zinc fingers,2.55,0.25,text 3d pdb
905,b,1,1,2,d2fyya1,Immunoglobulin-like beta-sandwich,Immunoglobulin,3.15,0.25,text 3d pdb
906,g,18,1,1,d2z3qd2,Complement control module/SCR domain,Complement control module/SCR domain,3.16,0.25,text 3d pdb
907,g,39,1,0,d5fuya2,Glucocorticoid receptor-like (DNA-binding domain),Glucocorticoid receptor-like (DNA-binding domain),4.04,0.25,text 3d pdb
908,g,7,1,1,d4om4c_,Snake toxin-like,Snake toxin-like,3.81,0.25,text 3d pdb
909,g,3,13,1,d1c2aa2,Knottins (small inhibitors toxins, lectins),Bowman-Birk inhibitor BBI,4.19,0.25,text 3d pdb
910,g,37,1,1,d2dmda1,beta-beta-alpha zinc fingers,beta-beta-alpha zinc fingers,2.55,0.25,text 3d pdb
911,b,1,1,2,d2j8uh1,Immunoglobulin-like beta-sandwich,Immunoglobulin,4.13,0.25,text 3d pdb
912,b,34,4,2,d1psfa_,SH3-like barrel,Electron transport accessory proteins,3.77,0.25,text 3d pdb
913,g,7,1,3,d1ywhk2,Snake toxin-like,Snake toxin-like,3.71,0.24,text 3d pdb
914,b,1,1,2,d3c09c2,Immunoglobulin-like beta-sandwich,Immunoglobulin,3.65,0.24,text 3d pdb
915,g,18,1,1,d1ojyd1,Complement control module/SCR domain,Complement control module/SCR domain,3.92,0.24,text 3d pdb
916,b,84,2,1,d1ez1b1,Barrel-sandwich hybrid,Rudiment single hybrid motif,3.86,0.24,text 3d pdb
917,b,1,1,2,d1u8kb2,Immunoglobulin-like beta-sandwich,Immunoglobulin,3.90,0.24,text 3d pdb
918,g,3,11,1,d4tgfa_,Knottins (small inhibitors toxins, lectins),EGF/Laminin,2.92,0.24,text 3d pdb
919,b,1,1,2,d3lkna2,Immunoglobulin-like beta-sandwich,Immunoglobulin,3.21,0.24,text 3d pdb
920,g,41,3,1,d3rzoi2,Rubredoxin-like,Zinc beta-ribbon,3.83,0.24,text 3d pdb
921,b,34,1,3,d1igub_,SH3-like barrel,C-terminal domain of transcriptional repressors,4.37,0.24,text 3d pdb
922,g,39,1,0,d5fuyd2,Glucocorticoid receptor-like (DNA-binding domain),Glucocorticoid receptor-like (DNA-binding domain),4.16,0.24,text 3d pdb
923,b,1,1,2,d1p7qa1,Immunoglobulin-like beta-sandwich,Immunoglobulin,2.99,0.24,text 3d pdb
924,g,37,1,1,d2emya1,beta-beta-alpha zinc fingers,beta-beta-alpha zinc fingers,2.73,0.24,text 3d pdb
925,b,1,1,2,d3bh9a1,Immunoglobulin-like beta-sandwich,Immunoglobulin,3.66,0.24,text 3d pdb
926,g,3,11,4,d1ob1c1,Knottins (small inhibitors toxins, lectins),EGF/Laminin,3.09,0.24,text 3d pdb
927,g,14,1,1,d1gp9d2,Kringle-like,Kringle-like,4.18,0.24,text 3d pdb
928,g,3,11,4,d1ob1f1,Knottins (small inhibitors toxins, lectins),EGF/Laminin,3.10,0.24,text 3d pdb
929,d,101,1,1,d1r6la2,Ribonuclease PH domain 2-like,Ribonuclease PH domain 2-like,3.95,0.24,text 3d pdb
930,g,41,2,0,d3ndpb2,Rubredoxin-like,Microbial and mitochondrial ADK insert "zinc finger" domain,2.83,0.24,text 3d pdb
931,g,41,7,1,d2at1b2,Rubredoxin-like,Aspartate carbamoyltransferase Regulatory-chain, C-terminal domain,3.20,0.24,text 3d pdb
932,g,41,2,0,d3ndpa2,Rubredoxin-like,Microbial and mitochondrial ADK insert "zinc finger" domain,2.83,0.24,text 3d pdb
933,b,1,1,2,d2j8ua1,Immunoglobulin-like beta-sandwich,Immunoglobulin,3.72,0.24,text 3d pdb
934,b,1,1,2,d1n2ra1,Immunoglobulin-like beta-sandwich,Immunoglobulin,3.38,0.24,text 3d pdb
935,b,1,1,2,d1agda1,Immunoglobulin-like beta-sandwich,Immunoglobulin,3.64,0.24,text 3d pdb
936,b,1,1,2,d2bckd1,Immunoglobulin-like beta-sandwich,Immunoglobulin,3.84,0.24,text 3d pdb
937,b,1,1,2,d1agfa1,Immunoglobulin-like beta-sandwich,Immunoglobulin,4.17,0.24,text 3d pdb
938,g,37,1,1,d1u85a1,beta-beta-alpha zinc fingers,beta-beta-alpha zinc fingers,1.80,0.24,text 3d pdb
939,b,1,1,2,d1pz5b2,Immunoglobulin-like beta-sandwich,Immunoglobulin,2.99,0.24,text 3d pdb
940,i,1,1,2,d4v199_,Ribosome and ribosomal fragments,Ribosome and ribosomal fragments,3.37,0.24,text 3d pdb
941,b,1,1,2,d4huva2,Immunoglobulin-like beta-sandwich,Immunoglobulin,3.59,0.24,text 3d pdb
942,d,9,1,1,d1tvxa_,IL8-like,Interleukin 8-like chemokines,3.31,0.24,text 3d pdb
943,b,1,6,0,d1zxkb_,Immunoglobulin-like beta-sandwich,Cadherin-like,3.48,0.24,text 3d pdb
944,b,1,1,2,d1bbjb2,Immunoglobulin-like beta-sandwich,Immunoglobulin,3.49,0.24,text 3d pdb
945,b,1,1,2,d1bbjh2,Immunoglobulin-like beta-sandwich,Immunoglobulin,3.49,0.24,text 3d pdb
946,g,18,1,1,d1ckld1,Complement control module/SCR domain,Complement control module/SCR domain,3.35,0.24,text 3d pdb
947,g,3,10,1,d1lpba2,Knottins (small inhibitors toxins, lectins),Colipase-like,2.94,0.24,text 3d pdb
948,b,1,1,2,d1bj1h2,Immunoglobulin-like beta-sandwich,Immunoglobulin,3.66,0.24,text 3d pdb
949,d,58,7,0,d3hi9a_,Ferredoxin-like,RNA-binding domain RBD,3.58,0.24,text 3d pdb
950,a,4,5,79,d1s6la1,DNA/RNA-binding 3-helical bundle,"Winged helix" DNA-binding domain,3.88,0.24,text 3d pdb
951,b,1,1,2,d3lkoa2,Immunoglobulin-like beta-sandwich,Immunoglobulin,3.98,0.24,text 3d pdb
952,i,1,1,2,d1vw40_,Ribosome and ribosomal fragments,Ribosome and ribosomal fragments,2.96,0.24,text 3d pdb
953,b,1,1,2,d2ny3d2,Immunoglobulin-like beta-sandwich,Immunoglobulin,3.68,0.24,text 3d pdb
954,g,24,1,1,d2aw2b2,TNF receptor-like,TNF receptor-like,3.42,0.24,text 3d pdb
955,d,17,3,1,d1v57a2,Cystatin-like,DsbC/DsbG N-terminal domain-like,3.15,0.24,text 3d pdb
956,b,1,1,2,d2f5ah2,Immunoglobulin-like beta-sandwich,Immunoglobulin,3.77,0.24,text 3d pdb
957,b,1,1,2,d2pr4h2,Immunoglobulin-like beta-sandwich,Immunoglobulin,3.77,0.24,text 3d pdb
958,g,7,1,1,d1cxoa_,Snake toxin-like,Snake toxin-like,3.93,0.24,text 3d pdb
959,g,3,11,1,d5wb7g_,Knottins (small inhibitors toxins, lectins),EGF/Laminin,3.30,0.24,text 3d pdb
960,g,3,13,1,d2bbia_,Knottins (small inhibitors toxins, lectins),Bowman-Birk inhibitor BBI,3.97,0.24,text 3d pdb
961,g,41,7,1,d1tugd2,Rubredoxin-like,Aspartate carbamoyltransferase Regulatory-chain, C-terminal domain,3.73,0.24,text 3d pdb
962,b,1,1,2,d2bssa1,Immunoglobulin-like beta-sandwich,Immunoglobulin,3.91,0.24,text 3d pdb
963,b,1,1,2,d2hffb2,Immunoglobulin-like beta-sandwich,Immunoglobulin,3.72,0.24,text 3d pdb
964,g,3,11,1,d5wb7e_,Knottins (small inhibitors toxins, lectins),EGF/Laminin,3.52,0.24,text 3d pdb
965,g,85,1,1,d2dj8a1,HIT/MYND zinc finger-like,HIT/MYND zinc finger-like,3.84,0.24,text 3d pdb
966,g,24,1,1,d1du3g2,TNF receptor-like,TNF receptor-like,2.80,0.23,text 3d pdb
967,g,3,7,4,d1i2va_,Knottins (small inhibitors toxins, lectins),Scorpion toxin-like,2.91,0.23,text 3d pdb
968,g,7,1,1,d1cdtb_,Snake toxin-like,Snake toxin-like,3.96,0.23,text 3d pdb
969,d,58,1,4,d1dfda_,Ferredoxin-like,4Fe-4S ferredoxins,3.39,0.23,text 3d pdb
970,g,41,3,1,d1twhi2,Rubredoxin-like,Zinc beta-ribbon,4.04,0.23,text 3d pdb
971,g,14,1,1,d1i5ka_,Kringle-like,Kringle-like,3.67,0.23,text 3d pdb
972,b,1,1,2,d2q76d1,Immunoglobulin-like beta-sandwich,Immunoglobulin,3.88,0.23,text 3d pdb
973,b,72,1,1,d1i5hw_,WW domain-like,WW domain,4.15,0.23,text 3d pdb
974,b,85,1,1,d1ekla_,beta-clip,AFP III-like domain,2.98,0.23,text 3d pdb
975,g,37,1,0,d2lcea1,beta-beta-alpha zinc fingers,beta-beta-alpha zinc fingers,4.20,0.23,text 3d pdb
976,g,3,11,0,d2fd6a1,Knottins (small inhibitors toxins, lectins),EGF/Laminin,4.05,0.23,text 3d pdb
977,b,85,1,1,d1b7ka_,beta-clip,AFP III-like domain,3.21,0.23,text 3d pdb
978,g,3,11,1,d5wb7f_,Knottins (small inhibitors toxins, lectins),EGF/Laminin,3.94,0.23,text 3d pdb
979,g,3,6,2,d2jtba_,Knottins (small inhibitors toxins, lectins),omega toxin-like,2.57,0.23,text 3d pdb
980,g,3,11,1,d1autl2,Knottins (small inhibitors toxins, lectins),EGF/Laminin,4.02,0.23,text 3d pdb
981,g,18,1,1,d1vvda1,Complement control module/SCR domain,Complement control module/SCR domain,3.44,0.22,text 3d pdb
982,g,37,1,1,d2eora1,beta-beta-alpha zinc fingers,beta-beta-alpha zinc fingers,2.74,0.22,text 3d pdb
983,b,1,1,2,d2arjb2,Immunoglobulin-like beta-sandwich,Immunoglobulin,3.75,0.22,text 3d pdb
984,g,7,1,1,d4om5a_,Snake toxin-like,Snake toxin-like,3.76,0.22,text 3d pdb
985,g,37,1,1,d2em9a1,beta-beta-alpha zinc fingers,beta-beta-alpha zinc fingers,2.79,0.22,text 3d pdb
986,d,15,1,0,d4mm3b1,beta-Grasp (ubiquitin-like),Ubiquitin-like,3.50,0.22,text 3d pdb
987,d,9,1,1,d1rhpb_,IL8-like,Interleukin 8-like chemokines,3.42,0.21,text 3d pdb
988,b,1,1,0,d3wyra1,Immunoglobulin-like beta-sandwich,Immunoglobulin,3.99,0.21,text 3d pdb
989,d,58,7,1,d1b7fa1,Ferredoxin-like,RNA-binding domain RBD,2.88,0.21,text 3d pdb
990,g,9,1,1,d1fd4h_,Defensin-like,Defensin-like,3.60,0.21,text 3d pdb
991,g,39,1,7,d2j02n1,Glucocorticoid receptor-like (DNA-binding domain),Glucocorticoid receptor-like (DNA-binding domain),3.25,0.21,text 3d pdb
992,g,39,1,7,d2j00n1,Glucocorticoid receptor-like (DNA-binding domain),Glucocorticoid receptor-like (DNA-binding domain),3.25,0.21,text 3d pdb
993,g,3,7,4,d1i2ua_,Knottins (small inhibitors toxins, lectins),Scorpion toxin-like,3.25,0.21,text 3d pdb
994,g,3,11,1,d1fsba_,Knottins (small inhibitors toxins, lectins),EGF/Laminin,2.97,0.20,text 3d pdb
995,d,58,7,1,d1cvjg1,Ferredoxin-like,RNA-binding domain RBD,4.21,0.20,text 3d pdb
996,g,3,6,2,d1lu8a_,Knottins (small inhibitors toxins, lectins),omega toxin-like,3.17,0.19,text 3d pdb
997,b,1,2,1,d1p9mc1,Immunoglobulin-like beta-sandwich,Fibronectin type III,3.54,0.19,text 3d pdb
998,g,39,1,0,d2o13a1,Glucocorticoid receptor-like (DNA-binding domain),Glucocorticoid receptor-like (DNA-binding domain),3.14,0.19,text 3d pdb
999,g,24,1,1,d4rsue1,TNF receptor-like,TNF receptor-like,5.17,0.18,text 3d pdb
1000,b,84,2,2,d1ctma2,Barrel-sandwich hybrid,Rudiment single hybrid motif,4.81,0.18,text 3d pdb