#,C,A,T,H,s35,CATH Domain,Topology,Superfamily,RMSD,TM-Score,TM-Align
1,3,40,5,90,1,3s2rB01,Ribosomal Protein L9; domain 1,,2.68,0.38,text 3d pdb
2,3,40,5,90,1,3s2qB01,Ribosomal Protein L9; domain 1,,2.85,0.38,text 3d pdb
3,3,10,450,300,1,4aeqA02,Nuclear Transport Factor 2; Chain: A,,2.88,0.38,text 3d pdb
4,3,40,5,90,1,3s2qA01,Ribosomal Protein L9; domain 1,,2.70,0.38,text 3d pdb
5,3,40,5,90,1,3s2rA01,Ribosomal Protein L9; domain 1,,2.73,0.37,text 3d pdb
6,2,20,25,10,15,3u50C02,N-terminal domain of TfIIb,,2.28,0.36,text 3d pdb
7,3,30,70,2000,1,3drxC03,Alpha-Beta Plaits,,2.93,0.35,text 3d pdb
8,2,20,28,30,1,4c3iL00,Rubrerythrin domain 2,RNA polymerase ii chain L,3.69,0.34,text 3d pdb
9,3,10,450,210,2,2p0xA01,Nuclear Transport Factor 2; Chain: A,,3.44,0.34,text 3d pdb
10,2,20,28,30,1,3cqzL00,Rubrerythrin domain 2,RNA polymerase ii chain L,3.44,0.34,text 3d pdb
11,2,20,28,30,1,4c3jL00,Rubrerythrin domain 2,RNA polymerase ii chain L,3.69,0.34,text 3d pdb
12,2,20,70,10,3,2m3oW01,Ubiquitin Ligase Nedd4; Chain: W;,,2.45,0.34,text 3d pdb
13,2,20,28,30,1,3gtqL00,Rubrerythrin domain 2,RNA polymerase ii chain L,3.37,0.34,text 3d pdb
14,2,10,70,10,27,4ynxB00,Complement Module; domain 1,Complement Module domain 1,3.05,0.34,text 3d pdb
15,2,20,28,40,1,2ey4E00,Rubrerythrin domain 2,H/ACA ribonucleoprotein complex subunit Nop10,3.04,0.34,text 3d pdb
16,3,30,30,10,5,5kk4A00,Defensin A-like,Knottin scorpion toxin-like,2.38,0.34,text 3d pdb
17,2,30,36,70,1,4wybI02,Actin; Chain A domain 2,Actin; Chain A domain 2,2.91,0.34,text 3d pdb
18,2,20,70,10,2,3kabA01,Ubiquitin Ligase Nedd4; Chain: W;,,2.15,0.34,text 3d pdb
19,2,20,28,40,1,2ausB00,Rubrerythrin domain 2,H/ACA ribonucleoprotein complex subunit Nop10,2.76,0.34,text 3d pdb
20,3,30,30,10,5,4cqkL00,Defensin A-like,Knottin scorpion toxin-like,2.39,0.34,text 3d pdb
21,2,20,25,520,1,5t6bD01,N-terminal domain of TfIIb,,3.37,0.34,text 3d pdb
22,2,20,25,520,1,5t6bC01,N-terminal domain of TfIIb,,3.39,0.34,text 3d pdb
23,3,30,1490,350,1,3df7A03,Dna Ligase; domain 1,,3.27,0.34,text 3d pdb
24,2,20,28,40,1,3lwqB00,Rubrerythrin domain 2,H/ACA ribonucleoprotein complex subunit Nop10,3.69,0.34,text 3d pdb
25,2,20,28,30,1,4c3hL00,Rubrerythrin domain 2,RNA polymerase ii chain L,3.61,0.33,text 3d pdb
26,2,10,70,10,16,2cg7A02,Complement Module; domain 1,Complement Module domain 1,2.40,0.33,text 3d pdb
27,3,30,60,20,5,4uxiB02,Wheat Germ Agglutinin (Isolectin 2); domain 1,,3.29,0.33,text 3d pdb
28,3,30,30,10,5,4cqkK00,Defensin A-like,Knottin scorpion toxin-like,2.41,0.33,text 3d pdb
29,2,20,25,520,1,5t64B01,N-terminal domain of TfIIb,,3.46,0.33,text 3d pdb
30,2,20,25,520,1,5t64A01,N-terminal domain of TfIIb,,3.41,0.33,text 3d pdb
31,3,30,30,10,5,4cqkB00,Defensin A-like,Knottin scorpion toxin-like,2.40,0.33,text 3d pdb
32,3,30,30,10,5,4cqkF00,Defensin A-like,Knottin scorpion toxin-like,2.40,0.33,text 3d pdb
33,2,20,28,40,1,3lwpB00,Rubrerythrin domain 2,H/ACA ribonucleoprotein complex subunit Nop10,3.65,0.33,text 3d pdb
34,2,10,70,10,16,4pz5A02,Complement Module; domain 1,Complement Module domain 1,2.06,0.33,text 3d pdb
35,2,20,28,10,12,2lcqA02,Rubrerythrin domain 2,,2.93,0.33,text 3d pdb
36,2,20,28,40,1,3haxC00,Rubrerythrin domain 2,H/ACA ribonucleoprotein complex subunit Nop10,3.32,0.33,text 3d pdb
37,3,30,60,20,5,4uxjC02,Wheat Germ Agglutinin (Isolectin 2); domain 1,,3.31,0.33,text 3d pdb
38,3,30,60,20,5,4uxjB02,Wheat Germ Agglutinin (Isolectin 2); domain 1,,3.34,0.33,text 3d pdb
39,3,30,30,10,5,4cqkG00,Defensin A-like,Knottin scorpion toxin-like,2.41,0.33,text 3d pdb
40,2,20,70,10,2,2xp5A01,Ubiquitin Ligase Nedd4; Chain: W;,,2.16,0.33,text 3d pdb
41,3,30,60,20,5,4uxjG02,Wheat Germ Agglutinin (Isolectin 2); domain 1,,3.06,0.33,text 3d pdb
42,2,20,28,60,1,2h12D01,Rubrerythrin domain 2,,2.88,0.33,text 3d pdb
43,2,20,70,10,3,1wr7A01,Ubiquitin Ligase Nedd4; Chain: W;,,2.97,0.33,text 3d pdb
44,2,20,70,10,2,3odkA01,Ubiquitin Ligase Nedd4; Chain: W;,,2.20,0.33,text 3d pdb
45,3,30,60,20,5,4uxjE02,Wheat Germ Agglutinin (Isolectin 2); domain 1,,3.06,0.33,text 3d pdb
46,2,20,70,10,4,3tczA01,Ubiquitin Ligase Nedd4; Chain: W;,,2.16,0.33,text 3d pdb
47,2,20,70,10,2,2xp3A01,Ubiquitin Ligase Nedd4; Chain: W;,,2.17,0.33,text 3d pdb
48,2,20,28,30,1,3s1qL00,Rubrerythrin domain 2,RNA polymerase ii chain L,3.38,0.33,text 3d pdb
49,2,20,28,200,1,5mf6A02,Rubrerythrin domain 2,,3.25,0.33,text 3d pdb
50,3,30,60,20,5,4uxjD02,Wheat Germ Agglutinin (Isolectin 2); domain 1,,3.06,0.33,text 3d pdb
51,2,20,70,10,2,3ntpA01,Ubiquitin Ligase Nedd4; Chain: W;,,2.15,0.33,text 3d pdb
52,3,30,30,10,5,4cqkI00,Defensin A-like,Knottin scorpion toxin-like,2.42,0.33,text 3d pdb
53,2,20,70,10,2,2xp9A01,Ubiquitin Ligase Nedd4; Chain: W;,,2.17,0.33,text 3d pdb
54,2,20,28,40,1,3lwoB00,Rubrerythrin domain 2,H/ACA ribonucleoprotein complex subunit Nop10,3.75,0.33,text 3d pdb
55,3,30,30,10,5,4cqkD00,Defensin A-like,Knottin scorpion toxin-like,2.45,0.33,text 3d pdb
56,2,20,28,60,1,2h12A01,Rubrerythrin domain 2,,3.00,0.33,text 3d pdb
57,2,20,70,10,2,2xp4A01,Ubiquitin Ligase Nedd4; Chain: W;,,2.15,0.33,text 3d pdb
58,2,20,28,30,1,3s15L00,Rubrerythrin domain 2,RNA polymerase ii chain L,3.52,0.33,text 3d pdb
59,2,20,25,520,1,5t67A01,N-terminal domain of TfIIb,,3.71,0.33,text 3d pdb
60,2,20,28,40,1,3lwvB00,Rubrerythrin domain 2,H/ACA ribonucleoprotein complex subunit Nop10,3.47,0.33,text 3d pdb
61,2,20,28,40,1,2hvyC00,Rubrerythrin domain 2,H/ACA ribonucleoprotein complex subunit Nop10,3.46,0.32,text 3d pdb
62,2,20,28,60,1,2h12F01,Rubrerythrin domain 2,,3.01,0.32,text 3d pdb
63,2,20,28,100,1,2ji3D01,Rubrerythrin domain 2,,3.05,0.32,text 3d pdb
64,2,20,28,40,1,2ausD00,Rubrerythrin domain 2,H/ACA ribonucleoprotein complex subunit Nop10,3.04,0.32,text 3d pdb
65,2,20,25,10,13,1nuiB01,N-terminal domain of TfIIb,,3.01,0.32,text 3d pdb
66,3,30,60,20,5,4uxjF02,Wheat Germ Agglutinin (Isolectin 2); domain 1,,3.32,0.32,text 3d pdb
67,2,20,70,10,2,3kaiA01,Ubiquitin Ligase Nedd4; Chain: W;,,2.57,0.32,text 3d pdb
68,3,30,60,20,5,4uxiA02,Wheat Germ Agglutinin (Isolectin 2); domain 1,,3.06,0.32,text 3d pdb
69,2,20,70,10,4,3oobA01,Ubiquitin Ligase Nedd4; Chain: W;,,2.73,0.32,text 3d pdb
70,2,20,28,200,1,5mfzA02,Rubrerythrin domain 2,,3.24,0.32,text 3d pdb
71,2,20,70,10,2,2xp7A01,Ubiquitin Ligase Nedd4; Chain: W;,,2.19,0.32,text 3d pdb
72,2,20,28,40,1,3lwrB00,Rubrerythrin domain 2,H/ACA ribonucleoprotein complex subunit Nop10,3.45,0.32,text 3d pdb
73,2,20,70,10,2,2xpaA01,Ubiquitin Ligase Nedd4; Chain: W;,,2.18,0.32,text 3d pdb
74,2,20,28,60,1,2h12E01,Rubrerythrin domain 2,,3.01,0.32,text 3d pdb
75,3,30,60,20,5,4uxhA02,Wheat Germ Agglutinin (Isolectin 2); domain 1,,3.12,0.32,text 3d pdb
76,3,30,30,10,11,2n2rA00,Defensin A-like,Knottin scorpion toxin-like,2.34,0.32,text 3d pdb
77,2,20,70,10,2,3kafA01,Ubiquitin Ligase Nedd4; Chain: W;,,2.18,0.32,text 3d pdb
78,2,20,28,200,1,3pkjD02,Rubrerythrin domain 2,,3.26,0.32,text 3d pdb
79,2,20,25,520,1,5t67B01,N-terminal domain of TfIIb,,3.35,0.32,text 3d pdb
80,2,20,28,60,1,2h12B01,Rubrerythrin domain 2,,3.00,0.32,text 3d pdb
81,3,10,360,30,1,2uwiB02,Antimicrobial Peptide Beta-defensin 2; Chain A,,3.07,0.32,text 3d pdb
82,2,30,30,840,5,3mlqG00,SH3 type barrels.,,2.91,0.32,text 3d pdb
83,2,20,70,10,2,3kceA01,Ubiquitin Ligase Nedd4; Chain: W;,,2.17,0.32,text 3d pdb
84,2,10,70,10,16,2rkzB02,Complement Module; domain 1,Complement Module domain 1,2.33,0.32,text 3d pdb
85,3,30,60,20,5,5fuwA02,Wheat Germ Agglutinin (Isolectin 2); domain 1,,3.51,0.32,text 3d pdb
86,2,20,28,60,1,2h12C01,Rubrerythrin domain 2,,3.01,0.32,text 3d pdb
87,2,20,70,10,2,2xpbA01,Ubiquitin Ligase Nedd4; Chain: W;,,2.18,0.32,text 3d pdb
88,3,30,70,1550,1,2drbA04,Alpha-Beta Plaits,Archaeal tRNA CCA-adding enzyme catalytic domain,3.19,0.32,text 3d pdb
89,3,30,160,290,1,2v83C01,Double Stranded RNA Binding Domain,,3.04,0.32,text 3d pdb
90,2,20,220,10,1,2gduA03,Glycosyl hydrolase fold,alpha-Amylases,3.23,0.32,text 3d pdb
91,2,20,220,10,1,2gdvB03,Glycosyl hydrolase fold,alpha-Amylases,3.28,0.32,text 3d pdb
92,3,30,60,20,5,4uxjA02,Wheat Germ Agglutinin (Isolectin 2); domain 1,,3.06,0.32,text 3d pdb
93,2,20,25,520,1,5t6bA01,N-terminal domain of TfIIb,,3.66,0.32,text 3d pdb
94,2,20,28,70,1,2ayjA00,Rubrerythrin domain 2,,3.47,0.32,text 3d pdb
95,3,30,60,20,5,1w4rA02,Wheat Germ Agglutinin (Isolectin 2); domain 1,,2.87,0.32,text 3d pdb
96,2,20,28,40,1,3hjwB00,Rubrerythrin domain 2,H/ACA ribonucleoprotein complex subunit Nop10,3.48,0.32,text 3d pdb
97,2,20,28,40,1,2apoB00,Rubrerythrin domain 2,H/ACA ribonucleoprotein complex subunit Nop10,2.97,0.32,text 3d pdb
98,3,30,60,20,5,4uxhB02,Wheat Germ Agglutinin (Isolectin 2); domain 1,,3.11,0.32,text 3d pdb
99,3,30,160,60,29,2adrA01,Double Stranded RNA Binding Domain,Classic Zinc Finger,2.04,0.32,text 3d pdb
100,3,30,60,20,5,1w4rG02,Wheat Germ Agglutinin (Isolectin 2); domain 1,,2.87,0.32,text 3d pdb
101,3,30,60,20,5,1xbtB02,Wheat Germ Agglutinin (Isolectin 2); domain 1,,2.85,0.32,text 3d pdb
102,3,30,60,20,5,1xbtG02,Wheat Germ Agglutinin (Isolectin 2); domain 1,,2.85,0.32,text 3d pdb
103,2,20,25,110,2,1wznA02,N-terminal domain of TfIIb,S-adenosyl-L-methionine-dependent methyltransferases,3.78,0.32,text 3d pdb
104,3,30,60,20,5,1xbtA02,Wheat Germ Agglutinin (Isolectin 2); domain 1,,2.85,0.32,text 3d pdb
105,3,30,30,10,3,2lj7A00,Defensin A-like,Knottin scorpion toxin-like,2.52,0.32,text 3d pdb
106,2,10,70,10,16,2rkzA02,Complement Module; domain 1,Complement Module domain 1,2.34,0.32,text 3d pdb
107,3,30,60,20,5,1xbtD02,Wheat Germ Agglutinin (Isolectin 2); domain 1,,2.85,0.32,text 3d pdb
108,3,30,60,20,5,1xbtH02,Wheat Germ Agglutinin (Isolectin 2); domain 1,,2.85,0.32,text 3d pdb
109,3,30,60,20,5,1xbtE02,Wheat Germ Agglutinin (Isolectin 2); domain 1,,2.86,0.32,text 3d pdb
110,3,30,60,20,5,1xbtC02,Wheat Germ Agglutinin (Isolectin 2); domain 1,,2.86,0.32,text 3d pdb
111,2,20,220,10,1,5c8bB03,Glycosyl hydrolase fold,alpha-Amylases,3.19,0.32,text 3d pdb
112,3,30,60,20,5,2wvjH02,Wheat Germ Agglutinin (Isolectin 2); domain 1,,2.85,0.32,text 3d pdb
113,3,30,60,20,5,2orvA02,Wheat Germ Agglutinin (Isolectin 2); domain 1,,3.24,0.32,text 3d pdb
114,2,20,25,520,1,5t6bB01,N-terminal domain of TfIIb,,3.53,0.32,text 3d pdb
115,2,20,70,70,2,1rp5B01,Ubiquitin Ligase Nedd4; Chain: W;,,2.83,0.32,text 3d pdb
116,3,30,60,20,5,2wvjG02,Wheat Germ Agglutinin (Isolectin 2); domain 1,,2.85,0.32,text 3d pdb
117,2,20,28,30,1,3rzdL00,Rubrerythrin domain 2,RNA polymerase ii chain L,3.79,0.32,text 3d pdb
118,2,20,28,200,1,5mgnA02,Rubrerythrin domain 2,,3.20,0.32,text 3d pdb
119,3,30,160,450,1,4dmiE01,Double Stranded RNA Binding Domain,,3.32,0.32,text 3d pdb
120,3,30,60,20,5,5fuxA02,Wheat Germ Agglutinin (Isolectin 2); domain 1,,3.23,0.32,text 3d pdb
121,3,30,60,20,5,1w4rD02,Wheat Germ Agglutinin (Isolectin 2); domain 1,,2.88,0.32,text 3d pdb
122,3,30,160,60,45,2lvhA00,Double Stranded RNA Binding Domain,Classic Zinc Finger,3.39,0.32,text 3d pdb
123,3,30,60,20,5,1w4rB02,Wheat Germ Agglutinin (Isolectin 2); domain 1,,2.86,0.32,text 3d pdb
124,3,30,60,20,5,1w4rH02,Wheat Germ Agglutinin (Isolectin 2); domain 1,,2.87,0.32,text 3d pdb
125,3,30,30,10,11,2m8bB00,Defensin A-like,Knottin scorpion toxin-like,2.53,0.32,text 3d pdb
126,3,30,60,20,5,5fuvA02,Wheat Germ Agglutinin (Isolectin 2); domain 1,,3.20,0.32,text 3d pdb
127,3,30,60,20,5,1xbtF02,Wheat Germ Agglutinin (Isolectin 2); domain 1,,3.23,0.32,text 3d pdb
128,2,20,25,110,2,1wznC02,N-terminal domain of TfIIb,S-adenosyl-L-methionine-dependent methyltransferases,3.79,0.32,text 3d pdb
129,3,30,60,20,5,2wvjB02,Wheat Germ Agglutinin (Isolectin 2); domain 1,,2.86,0.32,text 3d pdb
130,3,30,60,20,5,2wvjE02,Wheat Germ Agglutinin (Isolectin 2); domain 1,,2.85,0.32,text 3d pdb
131,2,20,25,520,1,4e2yA01,N-terminal domain of TfIIb,,3.42,0.32,text 3d pdb
132,3,30,60,20,5,1w4rC02,Wheat Germ Agglutinin (Isolectin 2); domain 1,,2.88,0.32,text 3d pdb
133,2,20,28,70,1,4ukod00,Rubrerythrin domain 2,,2.91,0.32,text 3d pdb
134,3,30,60,20,5,2wvjF02,Wheat Germ Agglutinin (Isolectin 2); domain 1,,2.85,0.32,text 3d pdb
135,2,20,25,110,2,1wznB02,N-terminal domain of TfIIb,S-adenosyl-L-methionine-dependent methyltransferases,3.61,0.32,text 3d pdb
136,3,30,60,20,5,1w4rE02,Wheat Germ Agglutinin (Isolectin 2); domain 1,,2.89,0.32,text 3d pdb
137,2,20,220,10,1,2gduB03,Glycosyl hydrolase fold,alpha-Amylases,3.23,0.32,text 3d pdb
138,2,20,70,10,2,2itiA01,Ubiquitin Ligase Nedd4; Chain: W;,,2.21,0.32,text 3d pdb
139,3,30,40,200,3,5k3qD00,Herpes Virus-1,,3.05,0.32,text 3d pdb
140,2,20,220,10,1,1r7aB03,Glycosyl hydrolase fold,alpha-Amylases,3.28,0.32,text 3d pdb
141,2,20,70,10,2,2q5aA01,Ubiquitin Ligase Nedd4; Chain: W;,,2.21,0.32,text 3d pdb
142,2,20,28,30,1,3k7aL00,Rubrerythrin domain 2,RNA polymerase ii chain L,3.68,0.32,text 3d pdb
143,2,20,28,70,1,4ukye00,Rubrerythrin domain 2,,2.95,0.32,text 3d pdb
144,3,30,60,20,5,1w4rF02,Wheat Germ Agglutinin (Isolectin 2); domain 1,,2.88,0.32,text 3d pdb
145,3,30,60,20,5,2wvjC02,Wheat Germ Agglutinin (Isolectin 2); domain 1,,2.87,0.31,text 3d pdb
146,3,30,60,20,5,2wvjA02,Wheat Germ Agglutinin (Isolectin 2); domain 1,,2.87,0.31,text 3d pdb
147,2,30,36,70,1,1lcuB02,Actin; Chain A domain 2,Actin; Chain A domain 2,2.56,0.31,text 3d pdb
148,2,20,25,520,1,4e2wA01,N-terminal domain of TfIIb,,3.56,0.31,text 3d pdb
149,2,20,28,230,1,2psmF01,Rubrerythrin domain 2,,3.34,0.31,text 3d pdb
150,3,30,30,10,5,4cqkN00,Defensin A-like,Knottin scorpion toxin-like,2.50,0.31,text 3d pdb
151,3,30,30,10,5,4cqkH00,Defensin A-like,Knottin scorpion toxin-like,2.71,0.31,text 3d pdb
152,2,20,28,200,1,5mfpA02,Rubrerythrin domain 2,,3.21,0.31,text 3d pdb
153,3,30,60,20,1,2orwB02,Wheat Germ Agglutinin (Isolectin 2); domain 1,,2.53,0.31,text 3d pdb
154,2,20,28,70,1,4uloe00,Rubrerythrin domain 2,,2.92,0.31,text 3d pdb
155,2,20,28,70,1,4ujte00,Rubrerythrin domain 2,,2.93,0.31,text 3d pdb
156,2,20,70,10,7,4u85A01,Ubiquitin Ligase Nedd4; Chain: W;,,2.24,0.31,text 3d pdb
157,2,20,70,10,4,3tc5A01,Ubiquitin Ligase Nedd4; Chain: W;,,2.24,0.31,text 3d pdb
158,2,40,50,140,167,4jbwA03,OB fold (Dihydrolipoamide Acetyltransferase E2P),Nucleic acid-binding proteins,3.11,0.31,text 3d pdb
159,2,20,28,200,1,5mfzB02,Rubrerythrin domain 2,,3.27,0.31,text 3d pdb
160,3,30,60,20,5,2wvjD02,Wheat Germ Agglutinin (Isolectin 2); domain 1,,2.87,0.31,text 3d pdb
161,3,30,60,20,5,5fuwB02,Wheat Germ Agglutinin (Isolectin 2); domain 1,,3.29,0.31,text 3d pdb
162,2,20,28,70,1,4uk3e00,Rubrerythrin domain 2,,2.93,0.31,text 3d pdb
163,3,30,30,10,11,2n2qA00,Defensin A-like,Knottin scorpion toxin-like,3.32,0.31,text 3d pdb
164,2,20,25,440,1,2vf1A02,N-terminal domain of TfIIb,,2.97,0.31,text 3d pdb
165,3,30,30,10,5,5kk4F00,Defensin A-like,Knottin scorpion toxin-like,2.97,0.31,text 3d pdb
166,3,30,1660,20,1,1rfxA02,Dodecin subunit-like,,3.23,0.31,text 3d pdb
167,2,40,50,140,167,4jbwB03,OB fold (Dihydrolipoamide Acetyltransferase E2P),Nucleic acid-binding proteins,3.09,0.31,text 3d pdb
168,3,30,60,20,5,2orvB02,Wheat Germ Agglutinin (Isolectin 2); domain 1,,3.24,0.31,text 3d pdb
169,3,30,30,10,5,4cqkA00,Defensin A-like,Knottin scorpion toxin-like,2.72,0.31,text 3d pdb
170,3,30,60,20,1,2qq0B02,Wheat Germ Agglutinin (Isolectin 2); domain 1,,2.57,0.31,text 3d pdb
171,2,20,28,70,1,4ulie00,Rubrerythrin domain 2,,2.92,0.31,text 3d pdb
172,2,20,28,40,1,3hjyB00,Rubrerythrin domain 2,H/ACA ribonucleoprotein complex subunit Nop10,3.17,0.31,text 3d pdb
173,2,20,25,520,1,4e33A01,N-terminal domain of TfIIb,,3.56,0.31,text 3d pdb
174,2,20,28,70,1,4ujje00,Rubrerythrin domain 2,,2.93,0.31,text 3d pdb
175,2,20,28,230,1,2psmC01,Rubrerythrin domain 2,,3.10,0.31,text 3d pdb
176,2,40,50,140,167,4jbwC03,OB fold (Dihydrolipoamide Acetyltransferase E2P),Nucleic acid-binding proteins,3.21,0.31,text 3d pdb
177,2,20,25,520,1,4e31A01,N-terminal domain of TfIIb,,3.56,0.31,text 3d pdb
178,2,20,25,520,1,3ndiA01,N-terminal domain of TfIIb,,3.56,0.31,text 3d pdb
179,3,30,1680,10,5,2uzyB02,ligand-binding face of the semaphorins domain 2,ligand-binding face of the semaphorins domain 2,2.47,0.31,text 3d pdb
180,3,30,60,20,5,5fuvB02,Wheat Germ Agglutinin (Isolectin 2); domain 1,,3.28,0.31,text 3d pdb
181,2,20,28,70,1,4ukjd00,Rubrerythrin domain 2,,2.97,0.31,text 3d pdb
182,2,20,25,520,1,4e32A01,N-terminal domain of TfIIb,,3.54,0.31,text 3d pdb
183,2,20,25,520,1,4e2xA01,N-terminal domain of TfIIb,,3.56,0.31,text 3d pdb
184,2,20,25,520,1,4e30A01,N-terminal domain of TfIIb,,3.55,0.31,text 3d pdb
185,2,20,70,10,2,2itkA01,Ubiquitin Ligase Nedd4; Chain: W;,,2.72,0.31,text 3d pdb
186,2,20,25,520,1,3ndjA01,N-terminal domain of TfIIb,,3.58,0.31,text 3d pdb
187,2,20,28,230,1,2z3rB01,Rubrerythrin domain 2,,3.45,0.31,text 3d pdb
188,3,30,30,10,14,2lr3A00,Defensin A-like,Knottin scorpion toxin-like,2.71,0.31,text 3d pdb
189,2,20,28,200,1,3k35F02,Rubrerythrin domain 2,,2.77,0.31,text 3d pdb
190,2,20,28,100,1,2ji2B01,Rubrerythrin domain 2,,3.51,0.31,text 3d pdb
191,3,30,160,450,1,4dmiB01,Double Stranded RNA Binding Domain,,3.54,0.31,text 3d pdb
192,2,20,220,10,1,1r7aA03,Glycosyl hydrolase fold,alpha-Amylases,3.14,0.31,text 3d pdb
193,2,20,28,100,1,2ji1B01,Rubrerythrin domain 2,,3.53,0.31,text 3d pdb
194,3,30,60,20,1,2qq0A02,Wheat Germ Agglutinin (Isolectin 2); domain 1,,2.50,0.30,text 3d pdb
195,2,20,25,550,1,3wknF00,N-terminal domain of TfIIb,,3.20,0.30,text 3d pdb
196,2,20,25,520,1,4rvgA01,N-terminal domain of TfIIb,,3.59,0.30,text 3d pdb
197,3,30,160,60,41,2emwA01,Double Stranded RNA Binding Domain,Classic Zinc Finger,3.15,0.30,text 3d pdb
198,3,30,30,10,5,4cqkC00,Defensin A-like,Knottin scorpion toxin-like,2.85,0.30,text 3d pdb
199,3,30,1350,20,1,1fouA03,Crambin,Bacteriophage PHI-29 conector. Domain 3,3.24,0.30,text 3d pdb
200,3,30,60,10,2,1ulnA02,Wheat Germ Agglutinin (Isolectin 2); domain 1,Endochitinase-like,3.25,0.30,text 3d pdb
201,3,30,60,10,1,1p9zA00,Wheat Germ Agglutinin (Isolectin 2); domain 1,Endochitinase-like,3.35,0.30,text 3d pdb
202,3,30,70,1550,1,3ovbA04,Alpha-Beta Plaits,Archaeal tRNA CCA-adding enzyme catalytic domain,2.18,0.30,text 3d pdb
203,2,20,28,100,1,2ji1C01,Rubrerythrin domain 2,,3.52,0.30,text 3d pdb
204,2,10,70,30,1,1rlhA01,Complement Module; domain 1,Ta1353-like,2.51,0.30,text 3d pdb
205,2,20,25,520,1,4e2zA01,N-terminal domain of TfIIb,,3.58,0.30,text 3d pdb
206,3,30,30,10,5,5kk4E00,Defensin A-like,Knottin scorpion toxin-like,3.15,0.30,text 3d pdb
207,3,30,70,1550,1,3ouyA04,Alpha-Beta Plaits,Archaeal tRNA CCA-adding enzyme catalytic domain,3.05,0.30,text 3d pdb
208,2,20,28,230,1,2z3rF01,Rubrerythrin domain 2,,3.63,0.30,text 3d pdb
209,2,20,28,200,1,3pkjE02,Rubrerythrin domain 2,,2.93,0.30,text 3d pdb
210,3,30,160,20,10,2hhhE01,Double Stranded RNA Binding Domain,,3.01,0.30,text 3d pdb
211,2,30,30,140,13,5d6yE01,SH3 type barrels.,,3.34,0.30,text 3d pdb
212,2,10,69,10,4,2qn5B01,Cysteine Protease (Bromelain) Inhibitor subunit H,Cysteine Protease (Bromelain) Inhibitor subunit H,3.68,0.30,text 3d pdb
213,2,20,28,200,1,3pkjA02,Rubrerythrin domain 2,,2.72,0.30,text 3d pdb
214,3,30,1360,40,6,3oreA01,Gyrase A; domain 2,,3.08,0.30,text 3d pdb
215,3,30,70,1550,1,4x4vC04,Alpha-Beta Plaits,Archaeal tRNA CCA-adding enzyme catalytic domain,2.22,0.30,text 3d pdb
216,2,10,110,10,23,2o10A00,Cysteine Rich Protein,Cysteine Rich Protein,2.48,0.30,text 3d pdb
217,3,30,70,1550,1,4x4nA04,Alpha-Beta Plaits,Archaeal tRNA CCA-adding enzyme catalytic domain,3.06,0.30,text 3d pdb
218,2,20,28,200,1,3pkjB02,Rubrerythrin domain 2,,2.87,0.30,text 3d pdb
219,3,30,60,10,2,1ulmA02,Wheat Germ Agglutinin (Isolectin 2); domain 1,Endochitinase-like,3.25,0.30,text 3d pdb
220,3,30,70,1550,1,3ovbB04,Alpha-Beta Plaits,Archaeal tRNA CCA-adding enzyme catalytic domain,2.98,0.30,text 3d pdb
221,2,20,28,200,1,3pkjF02,Rubrerythrin domain 2,,2.55,0.30,text 3d pdb
222,2,20,28,200,1,3k35B02,Rubrerythrin domain 2,,2.61,0.30,text 3d pdb
223,3,30,70,1550,1,3ov7B04,Alpha-Beta Plaits,Archaeal tRNA CCA-adding enzyme catalytic domain,2.24,0.30,text 3d pdb
224,2,20,28,10,5,4pogK03,Rubrerythrin domain 2,,2.52,0.30,text 3d pdb
225,2,10,10,20,1,1oggA03,Seminal Fluid Protein PDC-109 (Domain B),Carbohydrate-binding module superfamily 5/12,3.47,0.30,text 3d pdb
226,2,20,28,10,5,4pogE03,Rubrerythrin domain 2,,2.21,0.30,text 3d pdb
227,3,30,2050,10,1,5gtho02,photosynthetic oxygen evolving center fold,photosynthetic oxygen evolving center domain,3.54,0.30,text 3d pdb
228,3,30,2050,10,1,5kaio02,photosynthetic oxygen evolving center fold,photosynthetic oxygen evolving center domain,3.57,0.30,text 3d pdb
229,2,20,28,10,5,4pogC03,Rubrerythrin domain 2,,2.21,0.30,text 3d pdb
230,3,30,2050,10,1,5h2fo02,photosynthetic oxygen evolving center fold,photosynthetic oxygen evolving center domain,3.30,0.30,text 3d pdb
231,3,30,1350,20,1,1fouJ03,Crambin,Bacteriophage PHI-29 conector. Domain 3,2.92,0.30,text 3d pdb
232,2,20,70,10,4,4u86A01,Ubiquitin Ligase Nedd4; Chain: W;,,2.35,0.30,text 3d pdb
233,3,30,60,10,2,1uhaA02,Wheat Germ Agglutinin (Isolectin 2); domain 1,Endochitinase-like,3.25,0.30,text 3d pdb
234,3,40,5,90,3,4f2cA00,Ribosomal Protein L9; domain 1,,2.83,0.30,text 3d pdb
235,3,30,40,200,3,5k3qC00,Herpes Virus-1,,2.41,0.30,text 3d pdb
236,3,30,46,10,1,1d2hB01,Glycine N-methyltransferase; chain A domain 1,Glycine N-methyltransferase chain A, domain 1,3.18,0.30,text 3d pdb
237,3,30,2050,10,1,3wu2o02,photosynthetic oxygen evolving center fold,photosynthetic oxygen evolving center domain,3.31,0.30,text 3d pdb
238,2,20,25,10,11,3vb9C01,N-terminal domain of TfIIb,,2.25,0.30,text 3d pdb
239,3,30,70,1550,1,4x4sA04,Alpha-Beta Plaits,Archaeal tRNA CCA-adding enzyme catalytic domain,2.21,0.30,text 3d pdb
240,2,20,25,10,27,1pftA00,N-terminal domain of TfIIb,,3.40,0.30,text 3d pdb
241,2,20,28,10,5,4pogG03,Rubrerythrin domain 2,,2.72,0.30,text 3d pdb
242,2,20,28,10,9,2k2dA00,Rubrerythrin domain 2,,3.04,0.30,text 3d pdb
243,3,30,46,10,1,1d2hC01,Glycine N-methyltransferase; chain A domain 1,Glycine N-methyltransferase chain A, domain 1,3.31,0.30,text 3d pdb
244,2,20,70,80,1,2owoA05,Ubiquitin Ligase Nedd4; Chain: W;,,4.01,0.30,text 3d pdb
245,3,30,2050,10,1,5b5eo02,photosynthetic oxygen evolving center fold,photosynthetic oxygen evolving center domain,3.29,0.30,text 3d pdb
246,3,30,160,20,10,2qanE01,Double Stranded RNA Binding Domain,,3.40,0.30,text 3d pdb
247,2,20,28,10,5,4pogF03,Rubrerythrin domain 2,,2.22,0.30,text 3d pdb
248,3,30,2050,10,1,5kafO02,photosynthetic oxygen evolving center fold,photosynthetic oxygen evolving center domain,3.39,0.30,text 3d pdb
249,2,20,28,30,3,5flmL00,Rubrerythrin domain 2,RNA polymerase ii chain L,4.02,0.30,text 3d pdb
250,3,30,30,10,5,4uj0A00,Defensin A-like,Knottin scorpion toxin-like,2.98,0.30,text 3d pdb
251,3,30,70,1550,1,4x4sC04,Alpha-Beta Plaits,Archaeal tRNA CCA-adding enzyme catalytic domain,2.25,0.30,text 3d pdb
252,2,20,220,10,1,2gdvA03,Glycosyl hydrolase fold,alpha-Amylases,3.14,0.30,text 3d pdb
253,2,30,30,840,4,3mlqH00,SH3 type barrels.,,3.23,0.30,text 3d pdb
254,3,30,70,1550,1,2dr5A04,Alpha-Beta Plaits,Archaeal tRNA CCA-adding enzyme catalytic domain,2.28,0.30,text 3d pdb
255,3,30,2050,10,1,3kziO02,photosynthetic oxygen evolving center fold,photosynthetic oxygen evolving center domain,3.42,0.30,text 3d pdb
256,3,30,2050,10,1,3bz1O02,photosynthetic oxygen evolving center fold,photosynthetic oxygen evolving center domain,3.42,0.30,text 3d pdb
257,3,30,2050,10,1,3prqO02,photosynthetic oxygen evolving center fold,photosynthetic oxygen evolving center domain,3.42,0.30,text 3d pdb
258,3,30,2050,10,1,3bz2O02,photosynthetic oxygen evolving center fold,photosynthetic oxygen evolving center domain,3.42,0.30,text 3d pdb
259,3,30,2050,10,1,3prrO02,photosynthetic oxygen evolving center fold,photosynthetic oxygen evolving center domain,3.42,0.30,text 3d pdb
260,2,30,30,360,4,2mysA01,SH3 type barrels.,Myosin S1 fragment N-terminal,2.29,0.30,text 3d pdb
261,2,20,70,10,3,2ysfA01,Ubiquitin Ligase Nedd4; Chain: W;,,2.72,0.30,text 3d pdb
262,2,20,28,200,1,3pkiC02,Rubrerythrin domain 2,,2.21,0.30,text 3d pdb
263,3,30,2050,10,1,4pj0O02,photosynthetic oxygen evolving center fold,photosynthetic oxygen evolving center domain,3.54,0.30,text 3d pdb
264,3,30,160,20,10,2xqdE01,Double Stranded RNA Binding Domain,,3.24,0.30,text 3d pdb
265,3,30,160,20,10,2qalE01,Double Stranded RNA Binding Domain,,3.17,0.30,text 3d pdb
266,3,30,2050,10,1,4il6O02,photosynthetic oxygen evolving center fold,photosynthetic oxygen evolving center domain,3.37,0.30,text 3d pdb
267,2,30,30,30,7,1ybyB01,SH3 type barrels.,,3.44,0.30,text 3d pdb
268,3,30,70,1550,1,4x4pA04,Alpha-Beta Plaits,Archaeal tRNA CCA-adding enzyme catalytic domain,2.24,0.30,text 3d pdb
269,2,20,25,10,17,1l1oC02,N-terminal domain of TfIIb,,2.43,0.30,text 3d pdb
270,3,30,2050,10,1,5b66o02,photosynthetic oxygen evolving center fold,photosynthetic oxygen evolving center domain,3.37,0.30,text 3d pdb
271,3,30,160,20,10,3i1sE01,Double Stranded RNA Binding Domain,,3.10,0.30,text 3d pdb
272,3,30,160,20,10,4tp8E01,Double Stranded RNA Binding Domain,,3.53,0.30,text 3d pdb
273,3,30,1350,20,1,1h5wA03,Crambin,Bacteriophage PHI-29 conector. Domain 3,2.94,0.30,text 3d pdb
274,3,30,2050,10,1,4il6o02,photosynthetic oxygen evolving center fold,photosynthetic oxygen evolving center domain,3.38,0.30,text 3d pdb
275,2,10,110,30,1,3nisA01,Cysteine Rich Protein,,2.10,0.30,text 3d pdb
276,2,40,50,140,158,1z47A03,OB fold (Dihydrolipoamide Acetyltransferase E2P),Nucleic acid-binding proteins,3.01,0.29,text 3d pdb
277,3,30,1350,20,1,1fouB03,Crambin,Bacteriophage PHI-29 conector. Domain 3,2.92,0.29,text 3d pdb
278,3,30,70,1550,1,3ov7A04,Alpha-Beta Plaits,Archaeal tRNA CCA-adding enzyme catalytic domain,2.22,0.29,text 3d pdb
279,3,30,70,1550,1,3ouyB04,Alpha-Beta Plaits,Archaeal tRNA CCA-adding enzyme catalytic domain,2.29,0.29,text 3d pdb
280,2,20,28,230,1,2z3qB01,Rubrerythrin domain 2,,3.90,0.29,text 3d pdb
281,3,30,1360,40,6,3oepA01,Gyrase A; domain 2,,3.08,0.29,text 3d pdb
282,3,30,2050,10,1,4ub6o02,photosynthetic oxygen evolving center fold,photosynthetic oxygen evolving center domain,3.38,0.29,text 3d pdb
283,3,30,160,20,10,3ofaE01,Double Stranded RNA Binding Domain,,3.29,0.29,text 3d pdb
284,2,20,25,10,8,3gtkI01,N-terminal domain of TfIIb,,1.95,0.29,text 3d pdb
285,3,30,160,20,10,3oaqE01,Double Stranded RNA Binding Domain,,3.43,0.29,text 3d pdb
286,3,30,2050,10,1,5h2fO02,photosynthetic oxygen evolving center fold,photosynthetic oxygen evolving center domain,3.41,0.29,text 3d pdb
287,2,30,30,140,18,5ke3A01,SH3 type barrels.,,3.23,0.29,text 3d pdb
288,3,30,160,20,10,4gkkE01,Double Stranded RNA Binding Domain,,3.17,0.29,text 3d pdb
289,3,30,160,20,10,2aw7E01,Double Stranded RNA Binding Domain,,3.50,0.29,text 3d pdb
290,2,20,28,10,5,4pogL03,Rubrerythrin domain 2,,2.26,0.29,text 3d pdb
291,3,30,70,1550,1,4x4uC04,Alpha-Beta Plaits,Archaeal tRNA CCA-adding enzyme catalytic domain,2.32,0.29,text 3d pdb
292,3,30,1040,20,1,1m3jB02,Carboxypeptidase Inhibitor; Chain A,,3.21,0.29,text 3d pdb
293,2,20,70,10,2,3kagA01,Ubiquitin Ligase Nedd4; Chain: W;,,2.99,0.29,text 3d pdb
294,3,40,5,90,3,4f2cB00,Ribosomal Protein L9; domain 1,,3.01,0.29,text 3d pdb
295,2,40,50,140,216,1ne3A00,OB fold (Dihydrolipoamide Acetyltransferase E2P),Nucleic acid-binding proteins,3.56,0.29,text 3d pdb
296,3,30,2050,10,1,4ub8O02,photosynthetic oxygen evolving center fold,photosynthetic oxygen evolving center domain,3.42,0.29,text 3d pdb
297,2,20,25,200,1,2k3rA02,N-terminal domain of TfIIb,,2.56,0.29,text 3d pdb
298,3,30,70,1550,1,4x4pC04,Alpha-Beta Plaits,Archaeal tRNA CCA-adding enzyme catalytic domain,2.25,0.29,text 3d pdb
299,3,30,2050,10,1,5kaiO02,photosynthetic oxygen evolving center fold,photosynthetic oxygen evolving center domain,3.42,0.29,text 3d pdb
300,1,10,110,40,1,2uv8H11,Hydrophobic Seed Protein,,3.75,0.29,text 3d pdb
301,1,10,110,40,1,2vkzH11,Hydrophobic Seed Protein,,3.75,0.29,text 3d pdb
302,1,10,110,40,1,3hmjH11,Hydrophobic Seed Protein,,3.75,0.29,text 3d pdb
303,1,10,110,40,1,2uv8I11,Hydrophobic Seed Protein,,3.75,0.29,text 3d pdb
304,1,10,110,40,1,2vkzI11,Hydrophobic Seed Protein,,3.75,0.29,text 3d pdb
305,1,10,110,40,1,3hmjI11,Hydrophobic Seed Protein,,3.75,0.29,text 3d pdb
306,3,30,70,1550,1,4x4rC04,Alpha-Beta Plaits,Archaeal tRNA CCA-adding enzyme catalytic domain,2.82,0.29,text 3d pdb
307,2,30,30,140,46,3ob9A01,SH3 type barrels.,,3.41,0.29,text 3d pdb
308,2,10,25,90,1,4a94D00,Laminin,,3.31,0.29,text 3d pdb
309,2,30,30,570,2,2zuoD09,SH3 type barrels.,,3.78,0.29,text 3d pdb
310,3,30,160,20,10,4tp2E01,Double Stranded RNA Binding Domain,,3.24,0.29,text 3d pdb
311,2,10,110,30,1,3nilA01,Cysteine Rich Protein,,2.14,0.29,text 3d pdb
312,2,30,30,570,2,2zuoJ09,SH3 type barrels.,,3.82,0.29,text 3d pdb
313,3,30,2050,10,1,3arco02,photosynthetic oxygen evolving center fold,photosynthetic oxygen evolving center domain,3.41,0.29,text 3d pdb
314,2,20,25,10,8,3gtjI01,N-terminal domain of TfIIb,,1.97,0.29,text 3d pdb
315,2,30,30,40,6,4jjdA00,SH3 type barrels.,SH3 Domains,2.61,0.29,text 3d pdb
316,2,30,30,140,18,3dlmA01,SH3 type barrels.,,3.24,0.29,text 3d pdb
317,3,30,60,20,4,2ja1A02,Wheat Germ Agglutinin (Isolectin 2); domain 1,,2.87,0.29,text 3d pdb
318,2,30,30,570,2,2zuoM09,SH3 type barrels.,,3.82,0.29,text 3d pdb
319,1,10,110,40,1,2vkzG11,Hydrophobic Seed Protein,,3.75,0.29,text 3d pdb
320,1,10,110,40,1,3hmjG11,Hydrophobic Seed Protein,,3.75,0.29,text 3d pdb
321,1,10,110,40,1,2uv8G11,Hydrophobic Seed Protein,,3.75,0.29,text 3d pdb
322,3,30,70,1550,1,1r8aA04,Alpha-Beta Plaits,Archaeal tRNA CCA-adding enzyme catalytic domain,2.32,0.29,text 3d pdb
323,2,10,110,30,1,3nisB01,Cysteine Rich Protein,,2.11,0.29,text 3d pdb
324,3,30,2050,10,1,3arcO02,photosynthetic oxygen evolving center fold,photosynthetic oxygen evolving center domain,3.41,0.29,text 3d pdb
325,3,30,160,20,10,3i21E01,Double Stranded RNA Binding Domain,,3.22,0.29,text 3d pdb
326,2,20,28,10,5,4pogD03,Rubrerythrin domain 2,,2.27,0.29,text 3d pdb
327,3,30,160,20,10,4tpaE01,Double Stranded RNA Binding Domain,,3.26,0.29,text 3d pdb
328,2,30,30,140,18,5kh6A01,SH3 type barrels.,,3.26,0.29,text 3d pdb
329,3,30,160,20,10,4gaqE01,Double Stranded RNA Binding Domain,,3.23,0.29,text 3d pdb
330,4,10,80,10,1,1hxs400,Rhinovirus 14 subunit 4,Picornavirus coat protein VP4,3.48,0.29,text 3d pdb
331,3,40,5,90,3,4ezfB00,Ribosomal Protein L9; domain 1,,3.32,0.29,text 3d pdb
332,3,30,160,20,10,4peaE01,Double Stranded RNA Binding Domain,,3.11,0.29,text 3d pdb
333,3,30,2050,10,1,5b66O02,photosynthetic oxygen evolving center fold,photosynthetic oxygen evolving center domain,3.40,0.29,text 3d pdb
334,2,10,70,10,22,5hzpB02,Complement Module; domain 1,Complement Module domain 1,3.41,0.29,text 3d pdb
335,3,30,2050,10,1,3wu2O02,photosynthetic oxygen evolving center fold,photosynthetic oxygen evolving center domain,3.41,0.29,text 3d pdb
336,3,30,1350,20,1,1ijgI03,Crambin,Bacteriophage PHI-29 conector. Domain 3,2.94,0.29,text 3d pdb
337,3,30,1420,10,3,1yx3A01,Dissimilatory Siroheme-sulfite Reductase; Chain: A; domain 1,,3.04,0.29,text 3d pdb
338,2,20,28,230,1,2z3rD01,Rubrerythrin domain 2,,3.40,0.29,text 3d pdb
339,3,30,160,20,10,4waqE01,Double Stranded RNA Binding Domain,,3.11,0.29,text 3d pdb
340,2,30,30,100,16,2ejfB02,SH3 type barrels.,,3.39,0.29,text 3d pdb
341,3,30,70,1550,1,1r89A04,Alpha-Beta Plaits,Archaeal tRNA CCA-adding enzyme catalytic domain,2.34,0.29,text 3d pdb
342,3,30,40,200,3,5k3qB00,Herpes Virus-1,,2.44,0.29,text 3d pdb
343,3,30,60,20,1,2orwA02,Wheat Germ Agglutinin (Isolectin 2); domain 1,,3.56,0.29,text 3d pdb
344,3,30,160,20,10,2qbhE01,Double Stranded RNA Binding Domain,,3.45,0.29,text 3d pdb
345,3,30,60,20,1,2qqeB02,Wheat Germ Agglutinin (Isolectin 2); domain 1,,3.99,0.29,text 3d pdb
346,3,30,160,20,10,4towE01,Double Stranded RNA Binding Domain,,3.24,0.29,text 3d pdb
347,3,30,1350,20,1,1ijgA03,Crambin,Bacteriophage PHI-29 conector. Domain 3,2.95,0.29,text 3d pdb
348,3,30,1350,20,1,1ijgJ03,Crambin,Bacteriophage PHI-29 conector. Domain 3,2.95,0.29,text 3d pdb
349,2,10,110,30,1,3nikA01,Cysteine Rich Protein,,2.20,0.29,text 3d pdb
350,3,30,1350,20,1,1ijgD03,Crambin,Bacteriophage PHI-29 conector. Domain 3,2.95,0.29,text 3d pdb
351,3,30,1350,20,1,1ijgB03,Crambin,Bacteriophage PHI-29 conector. Domain 3,2.95,0.29,text 3d pdb
352,3,30,1350,20,1,1ijgK03,Crambin,Bacteriophage PHI-29 conector. Domain 3,2.95,0.29,text 3d pdb
353,2,30,30,570,2,2zuoH09,SH3 type barrels.,,3.83,0.29,text 3d pdb
354,3,30,1350,20,1,1ijgG03,Crambin,Bacteriophage PHI-29 conector. Domain 3,2.94,0.29,text 3d pdb
355,3,30,1350,20,1,1ijgF03,Crambin,Bacteriophage PHI-29 conector. Domain 3,2.95,0.29,text 3d pdb
356,2,20,28,170,1,2o5iN11,Rubrerythrin domain 2,,2.85,0.29,text 3d pdb
357,3,30,160,20,10,3ofxE01,Double Stranded RNA Binding Domain,,3.48,0.29,text 3d pdb
358,3,30,2050,10,1,5gthO02,photosynthetic oxygen evolving center fold,photosynthetic oxygen evolving center domain,3.19,0.29,text 3d pdb
359,2,30,30,140,13,5d6xB01,SH3 type barrels.,,3.50,0.29,text 3d pdb
360,2,30,30,570,2,2zuoL09,SH3 type barrels.,,3.82,0.29,text 3d pdb
361,4,10,87,10,2,3s24G02,mRNA Capping Enzyme; Chain,mRNA Capping Enzyme; domain 3,3.71,0.29,text 3d pdb
362,2,20,25,10,28,1tfiA00,N-terminal domain of TfIIb,,3.53,0.29,text 3d pdb
363,2,10,110,30,1,3nimA01,Cysteine Rich Protein,,2.16,0.29,text 3d pdb
364,3,30,160,20,10,2vhpE01,Double Stranded RNA Binding Domain,,3.05,0.29,text 3d pdb
365,3,30,1350,20,1,1ijgL03,Crambin,Bacteriophage PHI-29 conector. Domain 3,2.96,0.29,text 3d pdb
366,3,30,1350,20,1,1ijgH03,Crambin,Bacteriophage PHI-29 conector. Domain 3,2.94,0.29,text 3d pdb
367,3,30,60,10,2,1wkxA00,Wheat Germ Agglutinin (Isolectin 2); domain 1,Endochitinase-like,3.16,0.29,text 3d pdb
368,2,20,28,170,1,2be5N09,Rubrerythrin domain 2,,3.42,0.29,text 3d pdb
369,2,20,28,200,1,5mfpB02,Rubrerythrin domain 2,,2.66,0.29,text 3d pdb
370,3,30,1350,20,1,1ijgC03,Crambin,Bacteriophage PHI-29 conector. Domain 3,2.95,0.29,text 3d pdb
371,3,30,1350,20,1,1ijgE03,Crambin,Bacteriophage PHI-29 conector. Domain 3,2.95,0.29,text 3d pdb
372,3,30,70,1550,1,4x4tA04,Alpha-Beta Plaits,Archaeal tRNA CCA-adding enzyme catalytic domain,2.32,0.29,text 3d pdb
373,2,10,250,10,1,3rg0A02,Calnexin lumenal domain non-globular proline-rich hairpin domain,Calreticulin/calnexin P domain,4.03,0.29,text 3d pdb
374,3,30,60,10,2,4wp4A00,Wheat Germ Agglutinin (Isolectin 2); domain 1,Endochitinase-like,3.16,0.29,text 3d pdb
375,4,10,450,10,2,3nneC02,Glucose Oxidase; domain 2,Glucose Oxidase domain 2,3.44,0.29,text 3d pdb
376,2,30,30,140,18,5kchA01,SH3 type barrels.,,3.29,0.29,text 3d pdb
377,2,20,25,10,8,4bbrI01,N-terminal domain of TfIIb,,3.17,0.29,text 3d pdb
378,3,30,70,1550,1,1tfwA04,Alpha-Beta Plaits,Archaeal tRNA CCA-adding enzyme catalytic domain,2.40,0.29,text 3d pdb
379,2,10,25,10,5,3ltfB00,Laminin,Laminin,2.94,0.29,text 3d pdb
380,3,30,160,20,10,4tpeE01,Double Stranded RNA Binding Domain,,3.08,0.29,text 3d pdb
381,2,10,25,10,5,3ltfD00,Laminin,Laminin,2.89,0.29,text 3d pdb
382,4,10,900,10,4,1i7xB00,TCF3-CBD (Catenin binding domain),TCF3-CBD (Catenin binding domain),2.98,0.29,text 3d pdb
383,3,30,2050,10,1,5gtiO02,photosynthetic oxygen evolving center fold,photosynthetic oxygen evolving center domain,3.17,0.29,text 3d pdb
384,2,30,30,140,18,5kcoA01,SH3 type barrels.,,3.28,0.29,text 3d pdb
385,3,30,160,20,10,4tp6E01,Double Stranded RNA Binding Domain,,3.09,0.29,text 3d pdb
386,3,30,160,20,10,3ofoE01,Double Stranded RNA Binding Domain,,3.62,0.29,text 3d pdb
387,2,20,28,230,1,2z3qD01,Rubrerythrin domain 2,,3.49,0.29,text 3d pdb
388,3,30,1350,20,1,1jnbI03,Crambin,Bacteriophage PHI-29 conector. Domain 3,3.03,0.29,text 3d pdb
389,3,30,505,50,1,3k2tA01,SHC Adaptor Protein,,2.61,0.29,text 3d pdb
390,3,30,1350,20,1,1jnbH03,Crambin,Bacteriophage PHI-29 conector. Domain 3,3.03,0.29,text 3d pdb
391,3,30,70,1550,1,1tfyA04,Alpha-Beta Plaits,Archaeal tRNA CCA-adding enzyme catalytic domain,2.84,0.29,text 3d pdb
392,2,30,30,570,2,2zuoA09,SH3 type barrels.,,3.85,0.29,text 3d pdb
393,3,30,1350,20,1,1jnbF03,Crambin,Bacteriophage PHI-29 conector. Domain 3,3.04,0.29,text 3d pdb
394,2,40,50,40,33,2dy8A00,OB fold (Dihydrolipoamide Acetyltransferase E2P),,3.37,0.29,text 3d pdb
395,3,30,1350,20,1,1jnbC03,Crambin,Bacteriophage PHI-29 conector. Domain 3,3.02,0.29,text 3d pdb
396,3,30,160,20,10,2ow8f01,Double Stranded RNA Binding Domain,,3.21,0.29,text 3d pdb
397,2,10,110,30,1,3nimB01,Cysteine Rich Protein,,2.21,0.29,text 3d pdb
398,3,30,70,1550,1,4x4tE04,Alpha-Beta Plaits,Archaeal tRNA CCA-adding enzyme catalytic domain,2.39,0.29,text 3d pdb
399,3,30,60,50,2,1wtjB03,Wheat Germ Agglutinin (Isolectin 2); domain 1,Hypothetical oxidoreductase yiak; domain 3,3.39,0.29,text 3d pdb
400,2,10,110,30,1,3nikB01,Cysteine Rich Protein,,2.24,0.29,text 3d pdb
401,3,30,1120,70,1,3kdrC03,Arylsulfatase C-terminal domain,,2.81,0.29,text 3d pdb
402,3,30,60,50,2,2cwfB03,Wheat Germ Agglutinin (Isolectin 2); domain 1,Hypothetical oxidoreductase yiak; domain 3,3.38,0.29,text 3d pdb
403,2,20,28,200,1,5mgnB02,Rubrerythrin domain 2,,2.72,0.29,text 3d pdb
404,3,30,1350,20,1,1fouH03,Crambin,Bacteriophage PHI-29 conector. Domain 3,2.89,0.29,text 3d pdb
405,2,20,28,200,1,3pkjC02,Rubrerythrin domain 2,,2.68,0.29,text 3d pdb
406,3,30,30,10,11,1ayjA00,Defensin A-like,Knottin scorpion toxin-like,3.38,0.29,text 3d pdb
407,3,30,60,50,2,2cwhB03,Wheat Germ Agglutinin (Isolectin 2); domain 1,Hypothetical oxidoreductase yiak; domain 3,3.42,0.29,text 3d pdb
408,2,30,30,140,41,4qqdB01,SH3 type barrels.,,3.44,0.29,text 3d pdb
409,3,30,70,1550,1,1tfwC04,Alpha-Beta Plaits,Archaeal tRNA CCA-adding enzyme catalytic domain,2.40,0.29,text 3d pdb
410,2,20,28,10,1,1qcvA00,Rubrerythrin domain 2,,2.79,0.29,text 3d pdb
411,2,30,30,570,2,2zuoI09,SH3 type barrels.,,3.85,0.29,text 3d pdb
412,2,30,30,40,39,1negA00,SH3 type barrels.,SH3 Domains,2.66,0.28,text 3d pdb
413,2,10,70,10,35,2wiiC02,Complement Module; domain 1,Complement Module domain 1,2.63,0.28,text 3d pdb
414,3,30,60,50,2,2cwfA03,Wheat Germ Agglutinin (Isolectin 2); domain 1,Hypothetical oxidoreductase yiak; domain 3,3.36,0.28,text 3d pdb
415,3,30,60,50,2,1wtjA03,Wheat Germ Agglutinin (Isolectin 2); domain 1,Hypothetical oxidoreductase yiak; domain 3,3.37,0.28,text 3d pdb
416,3,30,60,10,2,2x3tA04,Wheat Germ Agglutinin (Isolectin 2); domain 1,Endochitinase-like,3.03,0.28,text 3d pdb
417,3,30,1040,20,1,1m3iB02,Carboxypeptidase Inhibitor; Chain A,,3.31,0.28,text 3d pdb
418,2,20,28,170,1,2o5jN10,Rubrerythrin domain 2,,3.51,0.28,text 3d pdb
419,2,30,30,140,46,3oa6B01,SH3 type barrels.,,3.35,0.28,text 3d pdb
420,2,30,30,140,46,3m9pB01,SH3 type barrels.,,3.35,0.28,text 3d pdb
421,2,20,100,10,4,3t5oA01,TSP-1 type 1 repeat,Thrombospondin type-1 (TSP1) repeat,3.52,0.28,text 3d pdb
422,2,10,110,30,1,3nimF01,Cysteine Rich Protein,,2.21,0.28,text 3d pdb
423,2,30,30,140,46,3oa6A01,SH3 type barrels.,,3.35,0.28,text 3d pdb
424,2,10,10,30,1,1yu4C01,Seminal Fluid Protein PDC-109 (Domain B),,2.70,0.28,text 3d pdb
425,2,30,30,140,46,3m9pA01,SH3 type barrels.,,3.35,0.28,text 3d pdb
426,2,60,40,10,41,1jrhH02,Immunoglobulin-like,Immunoglobulins,3.22,0.28,text 3d pdb
427,2,20,28,10,1,1m2yA00,Rubrerythrin domain 2,,3.70,0.28,text 3d pdb
428,3,30,60,50,2,2cwhA03,Wheat Germ Agglutinin (Isolectin 2); domain 1,Hypothetical oxidoreductase yiak; domain 3,3.38,0.28,text 3d pdb
429,2,10,25,10,1,3sobB02,Laminin,Laminin,3.30,0.28,text 3d pdb
430,4,10,400,10,2,2lgpA02,Low-density Lipoprotein Receptor,Low-density Lipoprotein Receptor,2.46,0.28,text 3d pdb
431,2,20,28,170,1,2be5D09,Rubrerythrin domain 2,,3.11,0.28,text 3d pdb
432,2,30,30,100,31,4m78H00,SH3 type barrels.,,3.69,0.28,text 3d pdb
433,2,20,28,40,1,2aqcA00,Rubrerythrin domain 2,H/ACA ribonucleoprotein complex subunit Nop10,2.71,0.28,text 3d pdb
434,2,30,30,140,53,4gy5C01,SH3 type barrels.,,3.28,0.28,text 3d pdb
435,2,10,70,10,35,2rlpA02,Complement Module; domain 1,Complement Module domain 1,2.76,0.28,text 3d pdb
436,3,30,1350,20,1,1fouF03,Crambin,Bacteriophage PHI-29 conector. Domain 3,2.96,0.28,text 3d pdb
437,2,10,70,10,18,1hccA00,Complement Module; domain 1,Complement Module domain 1,4.06,0.28,text 3d pdb
438,2,10,10,30,1,1yu4B01,Seminal Fluid Protein PDC-109 (Domain B),,2.73,0.28,text 3d pdb
439,3,30,160,20,10,2qbjE01,Double Stranded RNA Binding Domain,,3.09,0.28,text 3d pdb
440,3,30,70,1550,1,4x4tF04,Alpha-Beta Plaits,Archaeal tRNA CCA-adding enzyme catalytic domain,2.51,0.28,text 3d pdb
441,2,20,28,170,1,2a6hD09,Rubrerythrin domain 2,,3.11,0.28,text 3d pdb
442,3,30,60,10,2,1q9bA00,Wheat Germ Agglutinin (Isolectin 2); domain 1,Endochitinase-like,2.91,0.28,text 3d pdb
443,2,10,25,10,1,3soqA02,Laminin,Laminin,3.11,0.28,text 3d pdb
444,3,30,1350,20,1,1jnbA03,Crambin,Bacteriophage PHI-29 conector. Domain 3,2.92,0.28,text 3d pdb
445,2,40,50,100,24,4kksA03,OB fold (Dihydrolipoamide Acetyltransferase E2P),,3.38,0.28,text 3d pdb
446,3,30,1350,20,1,1jnbJ03,Crambin,Bacteriophage PHI-29 conector. Domain 3,2.92,0.28,text 3d pdb
447,3,30,60,10,2,1uhaA01,Wheat Germ Agglutinin (Isolectin 2); domain 1,Endochitinase-like,3.21,0.28,text 3d pdb
448,2,10,10,30,1,1yu4A01,Seminal Fluid Protein PDC-109 (Domain B),,2.72,0.28,text 3d pdb
449,2,10,70,10,30,3ejhB02,Complement Module; domain 1,Complement Module domain 1,3.20,0.28,text 3d pdb
450,2,40,50,40,32,2jp1B00,OB fold (Dihydrolipoamide Acetyltransferase E2P),,2.86,0.28,text 3d pdb
451,2,10,70,10,13,3zrzA01,Complement Module; domain 1,Complement Module domain 1,3.86,0.28,text 3d pdb
452,2,60,40,2940,1,2wb1W06,Immunoglobulin-like,,3.48,0.28,text 3d pdb
453,3,30,60,20,1,2qqeA02,Wheat Germ Agglutinin (Isolectin 2); domain 1,,3.57,0.28,text 3d pdb
454,2,30,30,550,2,2zuoF03,SH3 type barrels.,,3.35,0.28,text 3d pdb
455,2,40,50,60,1,1afpA00,OB fold (Dihydrolipoamide Acetyltransferase E2P),,3.22,0.28,text 3d pdb
456,3,30,160,60,41,2emaA01,Double Stranded RNA Binding Domain,Classic Zinc Finger,3.61,0.28,text 3d pdb
457,2,30,30,140,41,5iayA01,SH3 type barrels.,,3.59,0.28,text 3d pdb
458,3,40,970,40,2,3doaA03,Ribonuclease HI; Chain A,fibrinogen binding protein from staphylococcus aureus domain like,3.15,0.28,text 3d pdb
459,2,40,50,40,19,4haeA00,OB fold (Dihydrolipoamide Acetyltransferase E2P),,3.44,0.28,text 3d pdb
460,2,30,30,550,1,2zuoK04,SH3 type barrels.,,2.74,0.28,text 3d pdb
461,3,30,70,1550,1,4x4nE04,Alpha-Beta Plaits,Archaeal tRNA CCA-adding enzyme catalytic domain,2.65,0.28,text 3d pdb
462,3,40,970,10,1,1qhkA00,Ribonuclease HI; Chain A,Ribonuclease H1 N-terminal domain,2.87,0.28,text 3d pdb
463,2,10,70,10,13,2cg6A01,Complement Module; domain 1,Complement Module domain 1,3.48,0.28,text 3d pdb
464,3,30,160,60,5,1meyC01,Double Stranded RNA Binding Domain,Classic Zinc Finger,1.91,0.28,text 3d pdb
465,2,30,30,550,2,2zv4R03,SH3 type barrels.,,3.42,0.28,text 3d pdb
466,2,30,30,140,17,4iuuB02,SH3 type barrels.,,3.03,0.28,text 3d pdb
467,2,30,30,550,1,2zuoJ04,SH3 type barrels.,,2.73,0.28,text 3d pdb
468,3,30,1350,10,2,1nblA00,Crambin,Thionin-like,2.87,0.28,text 3d pdb
469,4,10,450,10,2,3nneH02,Glucose Oxidase; domain 2,Glucose Oxidase domain 2,3.19,0.28,text 3d pdb
470,2,20,70,10,1,1nmvA01,Ubiquitin Ligase Nedd4; Chain: W;,,3.74,0.28,text 3d pdb
471,3,30,30,10,5,1mr4A00,Defensin A-like,Knottin scorpion toxin-like,3.59,0.28,text 3d pdb
472,2,60,40,10,659,1xmwA02,Immunoglobulin-like,Immunoglobulins,3.40,0.28,text 3d pdb
473,2,20,25,10,11,3vb9D01,N-terminal domain of TfIIb,,2.31,0.28,text 3d pdb
474,2,30,30,140,17,4iuvA02,SH3 type barrels.,,3.04,0.28,text 3d pdb
475,2,10,10,30,1,1yu2A01,Seminal Fluid Protein PDC-109 (Domain B),,2.78,0.28,text 3d pdb
476,3,30,70,1550,1,4x4qC04,Alpha-Beta Plaits,Archaeal tRNA CCA-adding enzyme catalytic domain,2.71,0.28,text 3d pdb
477,2,10,110,30,1,3nikD01,Cysteine Rich Protein,,2.17,0.28,text 3d pdb
478,1,10,10,10,93,1xgoA02,Arc Repressor Mutant subunit A,Winged helix-like DNA-binding domain superfamily/Winged helix DNA-binding domain,3.34,0.28,text 3d pdb
479,3,30,1680,10,5,2uzyD02,ligand-binding face of the semaphorins domain 2,ligand-binding face of the semaphorins domain 2,2.84,0.28,text 3d pdb
480,2,40,50,140,168,4tquS03,OB fold (Dihydrolipoamide Acetyltransferase E2P),Nucleic acid-binding proteins,2.77,0.28,text 3d pdb
481,4,10,450,10,2,4mjwB02,Glucose Oxidase; domain 2,Glucose Oxidase domain 2,3.80,0.28,text 3d pdb
482,3,30,1490,20,26,2zdgA03,Dna Ligase; domain 1,ATP-grasp fold A domain,3.13,0.28,text 3d pdb
483,2,10,70,10,60,1o9aA01,Complement Module; domain 1,Complement Module domain 1,3.39,0.28,text 3d pdb
484,3,30,70,2000,1,3dryA03,Alpha-Beta Plaits,,3.30,0.28,text 3d pdb
485,2,10,10,30,1,1yu1A01,Seminal Fluid Protein PDC-109 (Domain B),,2.75,0.28,text 3d pdb
486,4,10,400,10,3,1d2lA00,Low-density Lipoprotein Receptor,Low-density Lipoprotein Receptor,3.37,0.28,text 3d pdb
487,3,30,200,20,5,4wa9A01,Phosphorylase Kinase; domain 1,Phosphorylase Kinase; domain 1,3.12,0.28,text 3d pdb
488,3,30,60,10,2,1ulmA01,Wheat Germ Agglutinin (Isolectin 2); domain 1,Endochitinase-like,3.08,0.28,text 3d pdb
489,3,30,2050,10,1,5b5eO02,photosynthetic oxygen evolving center fold,photosynthetic oxygen evolving center domain,3.67,0.28,text 3d pdb
490,2,30,30,550,1,2zuoM04,SH3 type barrels.,,2.72,0.28,text 3d pdb
491,2,10,70,10,13,1qgbA02,Complement Module; domain 1,Complement Module domain 1,2.66,0.28,text 3d pdb
492,2,40,50,140,191,4ukfd00,OB fold (Dihydrolipoamide Acetyltransferase E2P),Nucleic acid-binding proteins,3.80,0.28,text 3d pdb
493,2,30,30,550,1,2zuoI04,SH3 type barrels.,,3.11,0.28,text 3d pdb
494,4,10,80,40,4,1kf6M04,Rhinovirus 14 subunit 4,succinate dehydrogenase protein domain,3.18,0.28,text 3d pdb
495,2,30,30,550,1,2zuoF04,SH3 type barrels.,,2.99,0.28,text 3d pdb
496,2,10,70,10,11,3zd2B01,Complement Module; domain 1,Complement Module domain 1,2.98,0.28,text 3d pdb
497,3,30,1350,20,1,1fouE03,Crambin,Bacteriophage PHI-29 conector. Domain 3,3.04,0.28,text 3d pdb
498,2,20,28,200,1,3pkiD02,Rubrerythrin domain 2,,3.09,0.28,text 3d pdb
499,1,20,5,320,4,1pgjB03,Single alpha-helices involved in coiled-coils or other helix-helix interfaces,6-Phosphogluconate Dehydrogenase domain 3,3.39,0.28,text 3d pdb
500,2,10,70,10,13,2rkzB01,Complement Module; domain 1,Complement Module domain 1,3.74,0.28,text 3d pdb
501,2,60,40,10,28,5iroI02,Immunoglobulin-like,Immunoglobulins,3.31,0.28,text 3d pdb
502,2,70,10,10,1,4mlfD00,Thrombin Inhibitor (Hirudin); Chain I,Thrombin Inhibitor (Hirudin) subunit I,3.64,0.28,text 3d pdb
503,2,30,30,60,1,3sfmA00,SH3 type barrels.,,3.70,0.28,text 3d pdb
504,2,10,70,10,30,3gxeB02,Complement Module; domain 1,Complement Module domain 1,3.25,0.28,text 3d pdb
505,2,30,30,140,17,4iuuA02,SH3 type barrels.,,2.97,0.28,text 3d pdb
506,2,10,70,10,30,3gxeA02,Complement Module; domain 1,Complement Module domain 1,3.28,0.28,text 3d pdb
507,3,30,40,200,1,3ddtB00,Herpes Virus-1,,3.35,0.28,text 3d pdb
508,3,30,160,60,41,2ytoA01,Double Stranded RNA Binding Domain,Classic Zinc Finger,3.40,0.28,text 3d pdb
509,4,10,450,10,2,3ljpA02,Glucose Oxidase; domain 2,Glucose Oxidase domain 2,3.82,0.28,text 3d pdb
510,2,30,30,140,17,4iuqA02,SH3 type barrels.,,3.00,0.28,text 3d pdb
511,2,10,70,10,45,4f4oC01,Complement Module; domain 1,Complement Module domain 1,3.60,0.28,text 3d pdb
512,2,30,30,140,17,4iurA02,SH3 type barrels.,,2.99,0.28,text 3d pdb
513,4,10,450,10,2,3nneE02,Glucose Oxidase; domain 2,Glucose Oxidase domain 2,3.23,0.28,text 3d pdb
514,2,30,30,140,17,4iutB02,SH3 type barrels.,,2.99,0.28,text 3d pdb
515,2,20,28,230,2,3nfpK02,Rubrerythrin domain 2,,3.45,0.28,text 3d pdb
516,4,10,450,10,2,3nneA02,Glucose Oxidase; domain 2,Glucose Oxidase domain 2,3.25,0.28,text 3d pdb
517,3,30,60,10,2,1ulkA02,Wheat Germ Agglutinin (Isolectin 2); domain 1,Endochitinase-like,3.09,0.28,text 3d pdb
518,2,30,30,140,17,4iuqB02,SH3 type barrels.,,2.99,0.28,text 3d pdb
519,4,10,1060,10,1,2ebqA00,ZNF265 like,Zinc finger RanBP2-type,3.21,0.28,text 3d pdb
520,2,10,70,10,35,2rlqA01,Complement Module; domain 1,Complement Module domain 1,2.93,0.28,text 3d pdb
521,2,40,50,140,191,5flxc00,OB fold (Dihydrolipoamide Acetyltransferase E2P),Nucleic acid-binding proteins,3.75,0.27,text 3d pdb
522,2,40,50,140,191,4ujfd00,OB fold (Dihydrolipoamide Acetyltransferase E2P),Nucleic acid-binding proteins,3.78,0.27,text 3d pdb
523,2,10,25,10,17,3laqB01,Laminin,Laminin,2.87,0.27,text 3d pdb
524,2,20,70,10,22,2dk1A00,Ubiquitin Ligase Nedd4; Chain: W;,,2.64,0.27,text 3d pdb
525,2,10,25,10,5,3c9aD00,Laminin,Laminin,2.87,0.27,text 3d pdb
526,2,20,28,230,1,2z3rP01,Rubrerythrin domain 2,,3.52,0.27,text 3d pdb
527,2,40,50,140,191,4ulpd00,OB fold (Dihydrolipoamide Acetyltransferase E2P),Nucleic acid-binding proteins,3.87,0.27,text 3d pdb
528,2,10,60,10,16,1b41B00,CD59,CD59,3.02,0.27,text 3d pdb
529,2,10,70,10,11,4ayiE01,Complement Module; domain 1,Complement Module domain 1,2.97,0.27,text 3d pdb
530,2,10,70,10,13,2rkzF01,Complement Module; domain 1,Complement Module domain 1,3.66,0.27,text 3d pdb
531,2,30,30,380,2,2yrcA00,SH3 type barrels.,Zn-finger domain of Sec23/24,3.63,0.27,text 3d pdb
532,2,40,50,140,168,4xtcS03,OB fold (Dihydrolipoamide Acetyltransferase E2P),Nucleic acid-binding proteins,2.86,0.27,text 3d pdb
533,2,20,28,10,1,1zrpA00,Rubrerythrin domain 2,,3.11,0.27,text 3d pdb
534,2,30,30,140,53,4gy5D01,SH3 type barrels.,,3.49,0.27,text 3d pdb
535,2,40,50,100,26,1oxvA03,OB fold (Dihydrolipoamide Acetyltransferase E2P),,2.82,0.27,text 3d pdb
536,2,60,40,10,28,5e9dA02,Immunoglobulin-like,Immunoglobulins,3.50,0.27,text 3d pdb
537,2,10,70,10,11,4aymF01,Complement Module; domain 1,Complement Module domain 1,2.99,0.27,text 3d pdb
538,3,40,5,90,3,3lpqB00,Ribosomal Protein L9; domain 1,,2.79,0.27,text 3d pdb
539,2,30,30,140,17,4iurB02,SH3 type barrels.,,2.95,0.27,text 3d pdb
540,4,10,450,10,2,2jbvB02,Glucose Oxidase; domain 2,Glucose Oxidase domain 2,3.14,0.27,text 3d pdb
541,2,40,50,140,191,4ujpd00,OB fold (Dihydrolipoamide Acetyltransferase E2P),Nucleic acid-binding proteins,3.77,0.27,text 3d pdb
542,3,30,1490,310,1,4lsxA02,Dna Ligase; domain 1,,3.38,0.27,text 3d pdb
543,2,40,50,140,191,4ulcC00,OB fold (Dihydrolipoamide Acetyltransferase E2P),Nucleic acid-binding proteins,3.74,0.27,text 3d pdb
544,2,30,30,140,17,4iutA02,SH3 type barrels.,,3.01,0.27,text 3d pdb
545,3,30,70,1680,2,1t3oA01,Alpha-Beta Plaits,,3.76,0.27,text 3d pdb
546,2,20,28,30,1,5m3mL00,Rubrerythrin domain 2,RNA polymerase ii chain L,3.70,0.27,text 3d pdb
547,2,40,50,140,191,4ukpd00,OB fold (Dihydrolipoamide Acetyltransferase E2P),Nucleic acid-binding proteins,3.60,0.27,text 3d pdb
548,3,30,1350,20,1,1jnbK03,Crambin,Bacteriophage PHI-29 conector. Domain 3,3.47,0.27,text 3d pdb
549,3,40,5,90,3,3lpqA00,Ribosomal Protein L9; domain 1,,3.48,0.27,text 3d pdb
550,3,30,200,20,192,2p4iA01,Phosphorylase Kinase; domain 1,Phosphorylase Kinase; domain 1,3.08,0.27,text 3d pdb
551,2,10,70,10,11,4aymE01,Complement Module; domain 1,Complement Module domain 1,3.02,0.27,text 3d pdb
552,2,40,50,140,191,4bpe100,OB fold (Dihydrolipoamide Acetyltransferase E2P),Nucleic acid-binding proteins,3.27,0.27,text 3d pdb
553,2,40,50,140,191,4uljd00,OB fold (Dihydrolipoamide Acetyltransferase E2P),Nucleic acid-binding proteins,3.73,0.27,text 3d pdb
554,2,40,50,140,191,4bpn100,OB fold (Dihydrolipoamide Acetyltransferase E2P),Nucleic acid-binding proteins,3.27,0.27,text 3d pdb
555,2,10,70,10,15,4c16B03,Complement Module; domain 1,Complement Module domain 1,2.92,0.27,text 3d pdb
556,2,40,50,140,191,4bpp100,OB fold (Dihydrolipoamide Acetyltransferase E2P),Nucleic acid-binding proteins,3.27,0.27,text 3d pdb
557,2,10,10,30,1,2iouF01,Seminal Fluid Protein PDC-109 (Domain B),,2.93,0.27,text 3d pdb
558,2,40,50,140,191,4ul2C00,OB fold (Dihydrolipoamide Acetyltransferase E2P),Nucleic acid-binding proteins,3.33,0.27,text 3d pdb
559,3,30,60,20,5,5fuyD02,Wheat Germ Agglutinin (Isolectin 2); domain 1,,3.99,0.27,text 3d pdb
560,2,60,40,10,44,1pskH02,Immunoglobulin-like,Immunoglobulins,3.83,0.27,text 3d pdb
561,2,40,50,140,191,4ujxC00,OB fold (Dihydrolipoamide Acetyltransferase E2P),Nucleic acid-binding proteins,3.77,0.27,text 3d pdb
562,2,20,28,230,2,1z92B02,Rubrerythrin domain 2,,3.08,0.27,text 3d pdb
563,2,40,50,140,191,4ul4d00,OB fold (Dihydrolipoamide Acetyltransferase E2P),Nucleic acid-binding proteins,3.64,0.27,text 3d pdb
564,2,10,70,10,11,4aymA01,Complement Module; domain 1,Complement Module domain 1,3.04,0.27,text 3d pdb
565,2,70,10,10,1,2jooA00,Thrombin Inhibitor (Hirudin); Chain I,Thrombin Inhibitor (Hirudin) subunit I,3.13,0.27,text 3d pdb
566,2,20,20,10,1,4gv5C00,Anthopleurin-A,Anthopleurin-A,3.12,0.27,text 3d pdb
567,2,10,70,10,30,2rl0D02,Complement Module; domain 1,Complement Module domain 1,3.50,0.27,text 3d pdb
568,3,30,1350,20,1,1jnbB03,Crambin,Bacteriophage PHI-29 conector. Domain 3,3.48,0.27,text 3d pdb
569,2,10,70,60,1,3fgrA01,Complement Module; domain 1,,3.46,0.27,text 3d pdb
570,2,60,40,10,28,5iroQ02,Immunoglobulin-like,Immunoglobulins,3.49,0.27,text 3d pdb
571,2,40,50,140,191,4ujzd00,OB fold (Dihydrolipoamide Acetyltransferase E2P),Nucleic acid-binding proteins,3.94,0.27,text 3d pdb
572,3,30,1350,20,1,1jnbG03,Crambin,Bacteriophage PHI-29 conector. Domain 3,3.48,0.27,text 3d pdb
573,2,20,28,230,1,2z3rH01,Rubrerythrin domain 2,,3.85,0.27,text 3d pdb
574,3,30,70,2560,1,2yvsB02,Alpha-Beta Plaits,,4.10,0.27,text 3d pdb
575,3,30,1350,20,1,1jnbL03,Crambin,Bacteriophage PHI-29 conector. Domain 3,3.48,0.27,text 3d pdb
576,3,30,54,20,2,1tkyA03,Replication Terminator Protein; Chain A domain 2,,2.97,0.27,text 3d pdb
577,2,60,40,10,48,5mp6P02,Immunoglobulin-like,Immunoglobulins,3.36,0.27,text 3d pdb
578,2,20,20,10,1,4gv5B00,Anthopleurin-A,Anthopleurin-A,3.56,0.27,text 3d pdb
579,2,30,30,30,7,3huwV01,SH3 type barrels.,,3.19,0.27,text 3d pdb
580,2,10,70,10,11,4aymB01,Complement Module; domain 1,Complement Module domain 1,3.05,0.27,text 3d pdb
581,3,30,60,10,3,1k7tB04,Wheat Germ Agglutinin (Isolectin 2); domain 1,Endochitinase-like,3.42,0.27,text 3d pdb
582,3,30,60,10,2,1ulkB01,Wheat Germ Agglutinin (Isolectin 2); domain 1,Endochitinase-like,3.22,0.27,text 3d pdb
583,2,20,28,170,1,1iw7D11,Rubrerythrin domain 2,,3.50,0.27,text 3d pdb
584,2,20,28,230,1,2z3rJ01,Rubrerythrin domain 2,,3.72,0.27,text 3d pdb
585,2,40,50,140,191,4ukxC00,OB fold (Dihydrolipoamide Acetyltransferase E2P),Nucleic acid-binding proteins,3.70,0.27,text 3d pdb
586,2,40,50,140,191,4ulsC00,OB fold (Dihydrolipoamide Acetyltransferase E2P),Nucleic acid-binding proteins,3.66,0.27,text 3d pdb
587,2,20,28,230,1,2z3rN01,Rubrerythrin domain 2,,3.73,0.27,text 3d pdb
588,2,40,50,140,191,4uk2C00,OB fold (Dihydrolipoamide Acetyltransferase E2P),Nucleic acid-binding proteins,3.63,0.27,text 3d pdb
589,2,40,50,140,191,4uknC00,OB fold (Dihydrolipoamide Acetyltransferase E2P),Nucleic acid-binding proteins,3.63,0.27,text 3d pdb
590,3,30,60,10,2,1ulmB01,Wheat Germ Agglutinin (Isolectin 2); domain 1,Endochitinase-like,3.26,0.27,text 3d pdb
591,3,30,40,10,51,2qicA00,Herpes Virus-1,Zinc/RING finger domain C3HC4 (zinc finger),2.66,0.27,text 3d pdb
592,2,20,28,120,1,3df4100,Rubrerythrin domain 2,,3.20,0.27,text 3d pdb
593,2,20,28,30,1,5m5wL00,Rubrerythrin domain 2,RNA polymerase ii chain L,3.74,0.27,text 3d pdb
594,2,40,50,140,191,4ukiC00,OB fold (Dihydrolipoamide Acetyltransferase E2P),Nucleic acid-binding proteins,3.55,0.27,text 3d pdb
595,2,20,28,120,1,3df2100,Rubrerythrin domain 2,,3.20,0.27,text 3d pdb
596,2,30,30,140,14,3mp8A05,SH3 type barrels.,,3.07,0.27,text 3d pdb
597,3,30,210,10,2,8ickA04,Beta Polymerase; domain 3,DNA polymerase thumb domain,3.35,0.27,text 3d pdb
598,2,10,25,10,31,1dx5K01,Laminin,Laminin,3.87,0.27,text 3d pdb
599,2,10,70,10,15,4csyB03,Complement Module; domain 1,Complement Module domain 1,3.05,0.27,text 3d pdb
600,4,10,830,10,1,3knlN00,30s Ribosomal Protein S14; Chain N,30s Ribosomal Protein S14; Chain N,2.94,0.27,text 3d pdb
601,4,10,110,10,3,1hi7A00,Spasmolytic Protein; domain 1,Spasmolytic Protein domain 1,3.32,0.27,text 3d pdb
602,2,40,50,140,191,4uk4d00,OB fold (Dihydrolipoamide Acetyltransferase E2P),Nucleic acid-binding proteins,3.81,0.27,text 3d pdb
603,2,40,50,140,191,3u5gc00,OB fold (Dihydrolipoamide Acetyltransferase E2P),Nucleic acid-binding proteins,3.65,0.27,text 3d pdb
604,2,20,25,160,1,4mxuB02,N-terminal domain of TfIIb,,3.92,0.27,text 3d pdb
605,2,30,30,40,31,4iioA00,SH3 type barrels.,SH3 Domains,2.64,0.27,text 3d pdb
606,4,10,830,10,1,3uz7Q00,30s Ribosomal Protein S14; Chain N,30s Ribosomal Protein S14; Chain N,3.05,0.27,text 3d pdb
607,2,40,50,140,191,4ujnC00,OB fold (Dihydrolipoamide Acetyltransferase E2P),Nucleic acid-binding proteins,3.63,0.27,text 3d pdb
608,2,40,50,140,191,4uk9d00,OB fold (Dihydrolipoamide Acetyltransferase E2P),Nucleic acid-binding proteins,3.90,0.27,text 3d pdb
609,2,10,60,10,16,1f8uB00,CD59,CD59,3.19,0.27,text 3d pdb
610,2,60,260,40,2,2jrrA01,HSP40/DNAj peptide-binding domain,q5lls5 like domains,3.37,0.27,text 3d pdb
611,2,30,30,140,46,3ob9D01,SH3 type barrels.,,4.17,0.27,text 3d pdb
612,3,30,60,10,2,1ulkB03,Wheat Germ Agglutinin (Isolectin 2); domain 1,Endochitinase-like,3.36,0.27,text 3d pdb
613,2,20,210,10,1,2f1zB03,ubp-family deubiquitinating enzyme fold,ubp-family deubiquitinating enzyme superfamily,3.44,0.27,text 3d pdb
614,2,10,60,10,16,2x8bB00,CD59,CD59,3.23,0.27,text 3d pdb
615,2,10,70,10,11,4ayiA01,Complement Module; domain 1,Complement Module domain 1,3.04,0.27,text 3d pdb
616,2,10,25,10,31,1dx5J01,Laminin,Laminin,4.13,0.27,text 3d pdb
617,2,40,50,140,191,4ujkd00,OB fold (Dihydrolipoamide Acetyltransferase E2P),Nucleic acid-binding proteins,3.71,0.27,text 3d pdb
618,3,10,330,10,1,1e32A03,Vcp-like ATPase; Chain A domain 2,,4.03,0.27,text 3d pdb
619,3,30,210,10,2,8iclA04,Beta Polymerase; domain 3,DNA polymerase thumb domain,4.20,0.27,text 3d pdb
620,2,40,50,140,191,4ujiC00,OB fold (Dihydrolipoamide Acetyltransferase E2P),Nucleic acid-binding proteins,3.69,0.27,text 3d pdb
621,2,10,70,10,45,4f4oI01,Complement Module; domain 1,Complement Module domain 1,3.46,0.27,text 3d pdb
622,2,20,20,10,1,4gv5A00,Anthopleurin-A,Anthopleurin-A,3.38,0.27,text 3d pdb
623,2,30,30,550,1,2zuoL04,SH3 type barrels.,,2.85,0.27,text 3d pdb
624,2,40,50,140,191,4ul7C00,OB fold (Dihydrolipoamide Acetyltransferase E2P),Nucleic acid-binding proteins,3.63,0.27,text 3d pdb
625,2,20,20,100,1,1zhhB02,Anthopleurin-A,,3.35,0.27,text 3d pdb
626,3,30,1490,20,10,1b6sD03,Dna Ligase; domain 1,ATP-grasp fold A domain,2.94,0.27,text 3d pdb
627,2,20,28,120,1,4kj3100,Rubrerythrin domain 2,,3.36,0.27,text 3d pdb
628,2,40,50,140,191,4ujud00,OB fold (Dihydrolipoamide Acetyltransferase E2P),Nucleic acid-binding proteins,3.76,0.27,text 3d pdb
629,2,40,50,140,191,4ukud00,OB fold (Dihydrolipoamide Acetyltransferase E2P),Nucleic acid-binding proteins,3.79,0.27,text 3d pdb
630,2,10,70,10,45,4f4oL01,Complement Module; domain 1,Complement Module domain 1,3.72,0.27,text 3d pdb
631,2,20,28,120,1,4wap100,Rubrerythrin domain 2,,3.37,0.27,text 3d pdb
632,2,10,70,10,43,4a5wB03,Complement Module; domain 1,Complement Module domain 1,3.70,0.27,text 3d pdb
633,2,40,50,140,191,4ul9d00,OB fold (Dihydrolipoamide Acetyltransferase E2P),Nucleic acid-binding proteins,3.79,0.27,text 3d pdb
634,2,20,28,120,1,2qam100,Rubrerythrin domain 2,,3.29,0.27,text 3d pdb
635,3,30,160,60,41,2emiA01,Double Stranded RNA Binding Domain,Classic Zinc Finger,2.13,0.27,text 3d pdb
636,3,30,60,10,2,1ulnA01,Wheat Germ Agglutinin (Isolectin 2); domain 1,Endochitinase-like,3.25,0.27,text 3d pdb
637,2,30,30,100,22,2rd1C00,SH3 type barrels.,,3.59,0.27,text 3d pdb
638,3,30,210,10,2,1zqiA04,Beta Polymerase; domain 3,DNA polymerase thumb domain,3.39,0.27,text 3d pdb
639,2,40,50,140,191,3j81c00,OB fold (Dihydrolipoamide Acetyltransferase E2P),Nucleic acid-binding proteins,3.55,0.27,text 3d pdb
640,2,10,25,10,31,1dx5L01,Laminin,Laminin,3.92,0.27,text 3d pdb
641,2,20,70,90,1,2qrvD02,Ubiquitin Ligase Nedd4; Chain: W;,,2.67,0.27,text 3d pdb
642,2,10,70,10,15,4csyA03,Complement Module; domain 1,Complement Module domain 1,3.05,0.27,text 3d pdb
643,3,30,387,10,1,4fg0A03,Viral Envelope Glycoprotein; domain 3,Viral Envelope Glycoprotein domain 3,3.62,0.27,text 3d pdb
644,2,40,50,140,191,4uled00,OB fold (Dihydrolipoamide Acetyltransferase E2P),Nucleic acid-binding proteins,3.80,0.27,text 3d pdb
645,2,10,60,10,10,1cxnA00,CD59,CD59,3.54,0.27,text 3d pdb
646,3,30,60,10,2,1ulkA01,Wheat Germ Agglutinin (Isolectin 2); domain 1,Endochitinase-like,3.27,0.27,text 3d pdb
647,3,30,160,60,41,2epcA01,Double Stranded RNA Binding Domain,Classic Zinc Finger,2.19,0.27,text 3d pdb
648,3,30,40,10,47,2pnxC00,Herpes Virus-1,Zinc/RING finger domain C3HC4 (zinc finger),2.79,0.27,text 3d pdb
649,3,30,60,10,3,1k7vB04,Wheat Germ Agglutinin (Isolectin 2); domain 1,Endochitinase-like,3.38,0.27,text 3d pdb
650,3,30,60,10,2,2x3tB04,Wheat Germ Agglutinin (Isolectin 2); domain 1,Endochitinase-like,3.37,0.27,text 3d pdb
651,2,10,70,10,13,2cg7A01,Complement Module; domain 1,Complement Module domain 1,3.63,0.27,text 3d pdb
652,2,10,70,10,4,1ok9B04,Complement Module; domain 1,Complement Module domain 1,3.40,0.27,text 3d pdb
653,3,10,330,10,1,1s3sE03,Vcp-like ATPase; Chain A domain 2,,3.99,0.27,text 3d pdb
654,3,30,70,1550,1,4x4uF04,Alpha-Beta Plaits,Archaeal tRNA CCA-adding enzyme catalytic domain,2.44,0.27,text 3d pdb
655,2,60,40,10,39,4zffA02,Immunoglobulin-like,Immunoglobulins,3.76,0.27,text 3d pdb
656,3,30,60,10,3,1k7uB04,Wheat Germ Agglutinin (Isolectin 2); domain 1,Endochitinase-like,3.39,0.27,text 3d pdb
657,2,30,140,10,7,1uirA01,Spermidine Synthase; Chain: A domain 2,Spermidine synthase tetramerisation domain,3.73,0.27,text 3d pdb
658,3,30,210,10,2,1zqnA04,Beta Polymerase; domain 3,DNA polymerase thumb domain,4.22,0.27,text 3d pdb
659,3,30,60,10,2,1ulkA03,Wheat Germ Agglutinin (Isolectin 2); domain 1,Endochitinase-like,3.10,0.27,text 3d pdb
660,2,20,28,10,1,1rdvA00,Rubrerythrin domain 2,,2.92,0.27,text 3d pdb
661,2,10,70,10,45,4f4oF01,Complement Module; domain 1,Complement Module domain 1,3.54,0.27,text 3d pdb
662,2,60,40,3110,1,3rfzB03,Immunoglobulin-like,,3.60,0.27,text 3d pdb
663,2,30,30,60,1,2gqvA00,SH3 type barrels.,,3.28,0.27,text 3d pdb
664,2,10,70,10,30,2rl0K02,Complement Module; domain 1,Complement Module domain 1,3.45,0.27,text 3d pdb
665,3,30,70,20,20,2pa8D03,Alpha-Beta Plaits,,2.72,0.27,text 3d pdb
666,3,30,40,10,51,2g6qA00,Herpes Virus-1,Zinc/RING finger domain C3HC4 (zinc finger),2.56,0.27,text 3d pdb
667,3,10,20,520,1,3egrB00,Ubiquitin-like (UB roll),,3.24,0.27,text 3d pdb
668,2,20,25,10,4,2f4mA02,N-terminal domain of TfIIb,,2.51,0.27,text 3d pdb
669,2,20,150,30,1,2jl6101,putative 5-dehydro-2- deoxygluconokinase like fold,,2.88,0.27,text 3d pdb
670,2,20,28,120,4,2y15600,Rubrerythrin domain 2,,2.88,0.27,text 3d pdb
671,2,20,70,10,10,3m85B03,Ubiquitin Ligase Nedd4; Chain: W;,,2.79,0.27,text 3d pdb
672,3,30,210,10,2,7iciA04,Beta Polymerase; domain 3,DNA polymerase thumb domain,3.86,0.27,text 3d pdb
673,2,30,30,140,47,4ovaC01,SH3 type barrels.,,3.22,0.27,text 3d pdb
674,4,10,87,10,2,3s24F02,mRNA Capping Enzyme; Chain,mRNA Capping Enzyme; domain 3,3.62,0.27,text 3d pdb
675,3,30,60,10,3,1k7vA04,Wheat Germ Agglutinin (Isolectin 2); domain 1,Endochitinase-like,3.28,0.27,text 3d pdb
676,2,60,40,10,66,1zglE02,Immunoglobulin-like,Immunoglobulins,3.28,0.27,text 3d pdb
677,2,10,70,10,16,2rkzC02,Complement Module; domain 1,Complement Module domain 1,3.53,0.27,text 3d pdb
678,2,30,30,140,17,4iupA02,SH3 type barrels.,,3.02,0.27,text 3d pdb
679,2,10,290,10,1,2jrpA01,Rubredoxin-like,YfgJ-like,3.45,0.27,text 3d pdb
680,2,20,25,160,1,2o53B02,N-terminal domain of TfIIb,,3.84,0.27,text 3d pdb
681,2,10,70,10,11,2w81A01,Complement Module; domain 1,Complement Module domain 1,3.02,0.26,text 3d pdb
682,2,30,30,140,13,2xdpA01,SH3 type barrels.,,3.12,0.26,text 3d pdb
683,2,40,50,140,191,1vx2c00,OB fold (Dihydrolipoamide Acetyltransferase E2P),Nucleic acid-binding proteins,3.67,0.26,text 3d pdb
684,2,30,30,60,1,1vieA00,SH3 type barrels.,,3.35,0.26,text 3d pdb
685,3,30,60,10,2,1wgcA04,Wheat Germ Agglutinin (Isolectin 2); domain 1,Endochitinase-like,3.11,0.26,text 3d pdb
686,3,30,210,10,2,1zqdA04,Beta Polymerase; domain 3,DNA polymerase thumb domain,4.25,0.26,text 3d pdb
687,2,20,28,120,1,4tpd100,Rubrerythrin domain 2,,3.43,0.26,text 3d pdb
688,2,10,70,10,16,3zrzB02,Complement Module; domain 1,Complement Module domain 1,3.21,0.26,text 3d pdb
689,3,10,450,210,1,3dgmA00,Nuclear Transport Factor 2; Chain: A,,3.38,0.26,text 3d pdb
690,2,60,40,1220,9,3bz5A02,Immunoglobulin-like,,3.53,0.26,text 3d pdb
691,2,30,30,140,47,3h8zA01,SH3 type barrels.,,3.61,0.26,text 3d pdb
692,2,10,70,10,15,4c16A03,Complement Module; domain 1,Complement Module domain 1,3.27,0.26,text 3d pdb
693,2,60,40,10,44,4f2mA02,Immunoglobulin-like,Immunoglobulins,3.58,0.26,text 3d pdb
694,2,40,50,140,191,1vx5c00,OB fold (Dihydrolipoamide Acetyltransferase E2P),Nucleic acid-binding proteins,3.67,0.26,text 3d pdb
695,2,30,30,60,1,1vifA00,SH3 type barrels.,,3.26,0.26,text 3d pdb
696,2,30,30,10,3,1c6vX00,SH3 type barrels.,Integrase C-terminal domain superfamily, retroviral,3.62,0.26,text 3d pdb
697,1,20,5,320,4,1pgjA03,Single alpha-helices involved in coiled-coils or other helix-helix interfaces,6-Phosphogluconate Dehydrogenase domain 3,3.21,0.26,text 3d pdb
698,3,30,160,60,10,1a1hA03,Double Stranded RNA Binding Domain,Classic Zinc Finger,2.00,0.26,text 3d pdb
699,4,10,830,10,1,3i8hQ00,30s Ribosomal Protein S14; Chain N,30s Ribosomal Protein S14; Chain N,3.02,0.26,text 3d pdb
700,3,30,54,20,1,1v7oA02,Replication Terminator Protein; Chain A domain 2,,3.53,0.26,text 3d pdb
701,2,20,25,20,5,2m6nA00,N-terminal domain of TfIIb,,3.36,0.26,text 3d pdb
702,2,20,70,90,1,2qrvH02,Ubiquitin Ligase Nedd4; Chain: W;,,2.49,0.26,text 3d pdb
703,3,30,60,10,2,1ulkB02,Wheat Germ Agglutinin (Isolectin 2); domain 1,Endochitinase-like,3.02,0.26,text 3d pdb
704,2,30,30,550,1,2zuoA04,SH3 type barrels.,,2.86,0.26,text 3d pdb
705,1,10,287,540,7,3dsqA01,Helix Hairpins,Helix hairpin bin,3.31,0.26,text 3d pdb
706,2,20,25,10,20,1y1vS01,N-terminal domain of TfIIb,,3.00,0.26,text 3d pdb
707,2,20,25,400,1,3mzlB01,N-terminal domain of TfIIb,,2.87,0.26,text 3d pdb
708,2,10,60,10,10,1chvS00,CD59,CD59,3.74,0.26,text 3d pdb
709,3,30,160,20,9,4x8wC00,Double Stranded RNA Binding Domain,,3.11,0.26,text 3d pdb
710,2,20,25,10,3,2jnyA01,N-terminal domain of TfIIb,,3.10,0.26,text 3d pdb
711,2,30,30,30,19,3pieC06,SH3 type barrels.,,3.46,0.26,text 3d pdb
712,2,10,25,10,31,1dx5I01,Laminin,Laminin,3.87,0.26,text 3d pdb
713,3,30,70,1550,1,1tfwD04,Alpha-Beta Plaits,Archaeal tRNA CCA-adding enzyme catalytic domain,3.10,0.26,text 3d pdb
714,3,30,210,10,2,8icxA04,Beta Polymerase; domain 3,DNA polymerase thumb domain,4.00,0.26,text 3d pdb
715,3,30,210,10,2,1zqoA04,Beta Polymerase; domain 3,DNA polymerase thumb domain,3.73,0.26,text 3d pdb
716,2,20,28,230,2,2erjE02,Rubrerythrin domain 2,,3.68,0.26,text 3d pdb
717,2,30,30,100,22,2rd1A00,SH3 type barrels.,,3.38,0.26,text 3d pdb
718,4,10,80,40,3,1nenA04,Rhinovirus 14 subunit 4,succinate dehydrogenase protein domain,3.88,0.26,text 3d pdb
719,2,30,30,40,120,2enmA00,SH3 type barrels.,SH3 Domains,3.01,0.26,text 3d pdb
720,2,60,40,10,21,4utbH02,Immunoglobulin-like,Immunoglobulins,3.71,0.26,text 3d pdb
721,4,10,400,10,7,2i1pA00,Low-density Lipoprotein Receptor,Low-density Lipoprotein Receptor,2.68,0.26,text 3d pdb
722,3,30,30,180,1,2yilC02,Defensin A-like,,3.25,0.26,text 3d pdb
723,2,40,50,140,191,3u5cc00,OB fold (Dihydrolipoamide Acetyltransferase E2P),Nucleic acid-binding proteins,3.61,0.26,text 3d pdb
724,3,30,160,60,10,1a1lA03,Double Stranded RNA Binding Domain,Classic Zinc Finger,2.01,0.26,text 3d pdb
725,2,10,70,10,11,2w80A01,Complement Module; domain 1,Complement Module domain 1,2.94,0.26,text 3d pdb
726,3,30,160,60,10,1a1iA03,Double Stranded RNA Binding Domain,Classic Zinc Finger,1.97,0.26,text 3d pdb
727,2,10,70,10,11,2w80B01,Complement Module; domain 1,Complement Module domain 1,2.95,0.26,text 3d pdb
728,3,30,60,10,2,1ulmB02,Wheat Germ Agglutinin (Isolectin 2); domain 1,Endochitinase-like,3.14,0.26,text 3d pdb
729,3,30,70,1550,1,4x4vA04,Alpha-Beta Plaits,Archaeal tRNA CCA-adding enzyme catalytic domain,3.52,0.26,text 3d pdb
730,4,10,830,10,1,4k0pN00,30s Ribosomal Protein S14; Chain N,30s Ribosomal Protein S14; Chain N,3.02,0.26,text 3d pdb
731,2,60,40,10,48,5cjoH02,Immunoglobulin-like,Immunoglobulins,3.79,0.26,text 3d pdb
732,3,30,210,10,2,4m9jA04,Beta Polymerase; domain 3,DNA polymerase thumb domain,4.22,0.26,text 3d pdb
733,2,20,25,200,1,2ki7B02,N-terminal domain of TfIIb,,2.95,0.26,text 3d pdb
734,3,10,330,20,4,1o54A01,Vcp-like ATPase; Chain A domain 2,,3.15,0.26,text 3d pdb
735,3,30,60,10,2,2x3tD04,Wheat Germ Agglutinin (Isolectin 2); domain 1,Endochitinase-like,3.35,0.26,text 3d pdb
736,2,10,70,10,11,4aydE01,Complement Module; domain 1,Complement Module domain 1,3.07,0.26,text 3d pdb
737,3,90,1280,20,2,3nqrA01,CBS domain Like,,3.11,0.26,text 3d pdb
738,2,10,50,10,7,2heyT02,Tumor Necrosis Factor Receptor subunit A; domain 2,Tumor Necrosis Factor Receptor subunit A, domain 2,2.95,0.26,text 3d pdb
739,2,20,28,230,2,2erjA02,Rubrerythrin domain 2,,3.57,0.26,text 3d pdb
740,3,30,160,60,7,2lt7A03,Double Stranded RNA Binding Domain,Classic Zinc Finger,3.43,0.26,text 3d pdb
741,2,10,70,10,11,2w80E01,Complement Module; domain 1,Complement Module domain 1,2.94,0.26,text 3d pdb
742,3,30,160,60,7,4f6nA03,Double Stranded RNA Binding Domain,Classic Zinc Finger,3.58,0.26,text 3d pdb
743,2,20,28,120,1,5gahc00,Rubrerythrin domain 2,,3.32,0.26,text 3d pdb
744,2,20,28,120,1,5gadc00,Rubrerythrin domain 2,,3.32,0.26,text 3d pdb
745,2,10,70,10,18,1vvcA01,Complement Module; domain 1,Complement Module domain 1,3.47,0.26,text 3d pdb
746,2,20,28,140,4,2c6bA00,Rubrerythrin domain 2,,3.44,0.26,text 3d pdb
747,3,30,1360,130,1,1hi9D02,Gyrase A; domain 2,Dipeptide transport protein,3.61,0.26,text 3d pdb
748,3,30,160,290,1,2v83B01,Double Stranded RNA Binding Domain,,2.72,0.26,text 3d pdb
749,2,10,25,10,11,1tozA01,Laminin,Laminin,2.67,0.26,text 3d pdb
750,3,90,930,12,5,2xg2H01,Outer Surface Protein A; domain 3,Ribosomal protein L6 alpha-beta domain,2.94,0.26,text 3d pdb
751,3,90,930,12,5,2xg0H01,Outer Surface Protein A; domain 3,Ribosomal protein L6 alpha-beta domain,2.94,0.26,text 3d pdb
752,2,20,28,230,2,3nfpI02,Rubrerythrin domain 2,,3.08,0.26,text 3d pdb
753,3,30,1490,10,1,4kdaH02,Dna Ligase; domain 1,,3.32,0.26,text 3d pdb
754,2,60,40,10,21,1zluM02,Immunoglobulin-like,Immunoglobulins,3.65,0.26,text 3d pdb
755,3,30,1360,130,1,1hi9B02,Gyrase A; domain 2,Dipeptide transport protein,3.62,0.26,text 3d pdb
756,2,10,50,10,1,4rsuL01,Tumor Necrosis Factor Receptor subunit A; domain 2,Tumor Necrosis Factor Receptor subunit A, domain 2,2.79,0.26,text 3d pdb
757,2,30,140,10,1,2i7cB01,Spermidine Synthase; Chain: A domain 2,Spermidine synthase tetramerisation domain,3.08,0.26,text 3d pdb
758,3,30,1360,130,1,1hi9A02,Gyrase A; domain 2,Dipeptide transport protein,3.62,0.26,text 3d pdb
759,2,10,70,10,3,1q3xB01,Complement Module; domain 1,Complement Module domain 1,2.77,0.26,text 3d pdb
760,2,10,50,10,21,2h9gR02,Tumor Necrosis Factor Receptor subunit A; domain 2,Tumor Necrosis Factor Receptor subunit A, domain 2,2.89,0.26,text 3d pdb
761,2,10,110,10,23,1ibiA00,Cysteine Rich Protein,Cysteine Rich Protein,2.65,0.26,text 3d pdb
762,3,30,160,60,41,2encA01,Double Stranded RNA Binding Domain,Classic Zinc Finger,2.46,0.26,text 3d pdb
763,2,30,140,10,1,2pssB01,Spermidine Synthase; Chain: A domain 2,Spermidine synthase tetramerisation domain,3.08,0.26,text 3d pdb
764,2,10,110,10,6,4jcjC02,Cysteine Rich Protein,Cysteine Rich Protein,2.95,0.26,text 3d pdb
765,3,30,40,200,2,2yvrA00,Herpes Virus-1,,2.53,0.26,text 3d pdb
766,3,30,1360,130,1,1hi9E02,Gyrase A; domain 2,Dipeptide transport protein,3.47,0.26,text 3d pdb
767,2,30,30,30,19,3pifB06,SH3 type barrels.,,3.53,0.26,text 3d pdb
768,2,30,30,40,102,1wxtA00,SH3 type barrels.,SH3 Domains,3.28,0.26,text 3d pdb
769,2,30,30,40,38,1jxoA01,SH3 type barrels.,SH3 Domains,3.49,0.26,text 3d pdb
770,3,30,70,1550,1,1uetA04,Alpha-Beta Plaits,Archaeal tRNA CCA-adding enzyme catalytic domain,2.95,0.26,text 3d pdb
771,2,10,50,10,6,4fhqA02,Tumor Necrosis Factor Receptor subunit A; domain 2,Tumor Necrosis Factor Receptor subunit A, domain 2,3.03,0.26,text 3d pdb
772,4,10,830,10,1,1vvrN00,30s Ribosomal Protein S14; Chain N,30s Ribosomal Protein S14; Chain N,3.05,0.26,text 3d pdb
773,4,10,830,10,1,1vxsN00,30s Ribosomal Protein S14; Chain N,30s Ribosomal Protein S14; Chain N,3.05,0.26,text 3d pdb
774,4,10,830,10,1,1vvnN00,30s Ribosomal Protein S14; Chain N,30s Ribosomal Protein S14; Chain N,3.05,0.26,text 3d pdb
775,4,10,830,10,1,1vxmN00,30s Ribosomal Protein S14; Chain N,30s Ribosomal Protein S14; Chain N,3.05,0.26,text 3d pdb
776,4,10,830,10,1,1vvzN00,30s Ribosomal Protein S14; Chain N,30s Ribosomal Protein S14; Chain N,3.05,0.26,text 3d pdb
777,4,10,830,10,1,1vvvN00,30s Ribosomal Protein S14; Chain N,30s Ribosomal Protein S14; Chain N,3.05,0.26,text 3d pdb
778,3,30,1360,130,1,1hi9C02,Gyrase A; domain 2,Dipeptide transport protein,3.47,0.26,text 3d pdb
779,4,10,830,10,1,4yhhN00,30s Ribosomal Protein S14; Chain N,30s Ribosomal Protein S14; Chain N,3.11,0.26,text 3d pdb
780,2,170,120,20,1,4rb6Z02,RNA Polymerase Alpha Subunit; Chain A domain 2,Ribosomal protein L25 beta domain,3.43,0.26,text 3d pdb
781,2,10,70,10,30,3ejhA02,Complement Module; domain 1,Complement Module domain 1,3.46,0.26,text 3d pdb
782,2,20,28,120,1,3orb100,Rubrerythrin domain 2,,3.40,0.26,text 3d pdb
783,2,60,40,3080,3,3sd2A01,Immunoglobulin-like,,3.05,0.26,text 3d pdb
784,2,20,70,10,6,1eg3A01,Ubiquitin Ligase Nedd4; Chain: W;,,2.94,0.26,text 3d pdb
785,2,30,30,550,1,2zuoC04,SH3 type barrels.,,2.90,0.26,text 3d pdb
786,2,30,140,10,1,2i7cC01,Spermidine Synthase; Chain: A domain 2,Spermidine synthase tetramerisation domain,3.08,0.26,text 3d pdb
787,4,10,40,20,2,1cixA00,Omega-AgatoxinV,,3.39,0.26,text 3d pdb
788,3,10,450,520,1,3tdgA01,Nuclear Transport Factor 2; Chain: A,,3.24,0.26,text 3d pdb
789,3,30,210,10,2,9icaA04,Beta Polymerase; domain 3,DNA polymerase thumb domain,3.97,0.26,text 3d pdb
790,2,30,30,550,3,3gf5A07,SH3 type barrels.,,2.26,0.26,text 3d pdb
791,3,10,350,10,5,2l9yA02,Membrane-bound Lytic Murein Transglycosylase D; Chain A,LysM domain,4.01,0.26,text 3d pdb
792,2,30,30,840,2,4l5gB01,SH3 type barrels.,,3.13,0.26,text 3d pdb
793,2,60,40,10,41,4yr6A02,Immunoglobulin-like,Immunoglobulins,3.70,0.26,text 3d pdb
794,4,10,830,10,1,3uxsN00,30s Ribosomal Protein S14; Chain N,30s Ribosomal Protein S14; Chain N,3.17,0.26,text 3d pdb
795,2,60,40,10,123,1de4D02,Immunoglobulin-like,Immunoglobulins,3.37,0.26,text 3d pdb
796,2,10,60,10,16,4ey8B00,CD59,CD59,3.28,0.26,text 3d pdb
797,3,30,1120,70,1,3kdrA03,Arylsulfatase C-terminal domain,,3.65,0.26,text 3d pdb
798,2,60,40,10,39,5dwuH02,Immunoglobulin-like,Immunoglobulins,3.43,0.26,text 3d pdb
799,2,30,30,50,5,1qp2A00,SH3 type barrels.,,2.69,0.26,text 3d pdb
800,2,10,25,10,41,3egfA00,Laminin,Laminin,3.20,0.26,text 3d pdb
801,3,30,70,1550,1,1tfwB04,Alpha-Beta Plaits,Archaeal tRNA CCA-adding enzyme catalytic domain,2.55,0.26,text 3d pdb
802,3,30,160,60,56,2lo3A01,Double Stranded RNA Binding Domain,Classic Zinc Finger,2.59,0.26,text 3d pdb
803,2,40,50,40,11,4uaiB00,OB fold (Dihydrolipoamide Acetyltransferase E2P),,3.33,0.26,text 3d pdb
804,3,30,60,210,2,2luyA02,Wheat Germ Agglutinin (Isolectin 2); domain 1,,2.51,0.26,text 3d pdb
805,2,40,50,40,32,2jp1A00,OB fold (Dihydrolipoamide Acetyltransferase E2P),,3.56,0.26,text 3d pdb
806,3,90,1280,20,2,3nqrD01,CBS domain Like,,3.53,0.26,text 3d pdb
807,2,60,40,3110,1,4j3oD03,Immunoglobulin-like,,3.58,0.26,text 3d pdb
808,3,30,160,60,5,1f2iH02,Double Stranded RNA Binding Domain,Classic Zinc Finger,1.97,0.26,text 3d pdb
809,2,60,40,10,39,5kzcB02,Immunoglobulin-like,Immunoglobulins,3.63,0.26,text 3d pdb
810,2,60,40,10,28,4zezD02,Immunoglobulin-like,Immunoglobulins,3.69,0.26,text 3d pdb
811,3,30,160,290,1,2v89A01,Double Stranded RNA Binding Domain,,3.19,0.26,text 3d pdb
812,4,10,830,10,1,3tvgQ00,30s Ribosomal Protein S14; Chain N,30s Ribosomal Protein S14; Chain N,3.05,0.26,text 3d pdb
813,2,10,69,10,2,2ilnI00,Cysteine Protease (Bromelain) Inhibitor subunit H,Cysteine Protease (Bromelain) Inhibitor subunit H,3.97,0.26,text 3d pdb
814,2,30,30,100,22,2rd1B00,SH3 type barrels.,,3.71,0.26,text 3d pdb
815,3,30,160,290,1,2v87B01,Double Stranded RNA Binding Domain,,2.72,0.26,text 3d pdb
816,3,30,160,60,46,2lceA01,Double Stranded RNA Binding Domain,Classic Zinc Finger,2.51,0.26,text 3d pdb
817,3,30,70,1550,1,1ueuA04,Alpha-Beta Plaits,Archaeal tRNA CCA-adding enzyme catalytic domain,2.95,0.26,text 3d pdb
818,4,10,830,10,1,3uxtN00,30s Ribosomal Protein S14; Chain N,30s Ribosomal Protein S14; Chain N,3.33,0.26,text 3d pdb
819,3,30,160,60,10,1a1fA03,Double Stranded RNA Binding Domain,Classic Zinc Finger,2.84,0.26,text 3d pdb
820,3,30,160,290,1,2v88B01,Double Stranded RNA Binding Domain,,2.73,0.26,text 3d pdb
821,2,30,30,660,1,2xg8E01,SH3 type barrels.,,3.60,0.26,text 3d pdb
822,2,60,40,1180,90,2amgA02,Immunoglobulin-like,Golgi alpha-mannosidase II,3.36,0.26,text 3d pdb
823,2,60,40,1180,90,1jdaA02,Immunoglobulin-like,Golgi alpha-mannosidase II,3.22,0.26,text 3d pdb
824,3,30,60,10,2,1wgcA02,Wheat Germ Agglutinin (Isolectin 2); domain 1,Endochitinase-like,3.26,0.26,text 3d pdb
825,3,40,5,50,1,2ehoC01,Ribosomal Protein L9; domain 1,,3.51,0.26,text 3d pdb
826,3,30,40,200,2,2yvrB00,Herpes Virus-1,,2.55,0.26,text 3d pdb
827,2,40,50,40,11,1a15A00,OB fold (Dihydrolipoamide Acetyltransferase E2P),,3.27,0.26,text 3d pdb
828,3,30,54,20,1,1v7oB02,Replication Terminator Protein; Chain A domain 2,,3.17,0.26,text 3d pdb
829,2,40,50,40,14,1plfC00,OB fold (Dihydrolipoamide Acetyltransferase E2P),,3.60,0.26,text 3d pdb
830,2,30,120,10,1,3k3wB02,Penicillin G acylase beta-roll domain,,2.81,0.26,text 3d pdb
831,3,40,1630,20,1,1vm8B02,S-adenosyl-L-methionine-dependent methyltransferases,,3.41,0.26,text 3d pdb
832,2,60,40,1180,90,1jdcA02,Immunoglobulin-like,Golgi alpha-mannosidase II,3.25,0.26,text 3d pdb
833,3,30,67,10,1,3uajA02,Viral Envelope Glycoprotein; domain 2,Viral Envelope Glycoprotein domain 2,2.48,0.26,text 3d pdb
834,3,30,160,60,10,1g2dF03,Double Stranded RNA Binding Domain,Classic Zinc Finger,1.97,0.26,text 3d pdb
835,2,10,25,10,11,4xlwC01,Laminin,Laminin,2.91,0.26,text 3d pdb
836,3,30,70,1550,1,3ovsB04,Alpha-Beta Plaits,Archaeal tRNA CCA-adding enzyme catalytic domain,3.49,0.26,text 3d pdb
837,2,60,40,1180,90,1jddA02,Immunoglobulin-like,Golgi alpha-mannosidase II,3.21,0.26,text 3d pdb
838,3,30,70,1550,1,4x4pE04,Alpha-Beta Plaits,Archaeal tRNA CCA-adding enzyme catalytic domain,3.48,0.26,text 3d pdb
839,2,20,28,120,1,3oat100,Rubrerythrin domain 2,,3.42,0.26,text 3d pdb
840,2,30,30,50,5,4l6v500,SH3 type barrels.,,3.96,0.26,text 3d pdb
841,3,30,160,60,41,2yspA01,Double Stranded RNA Binding Domain,Classic Zinc Finger,1.75,0.26,text 3d pdb
842,2,60,260,40,2,2jvmA01,HSP40/DNAj peptide-binding domain,q5lls5 like domains,3.63,0.26,text 3d pdb
843,2,40,50,530,1,3i8f800,OB fold (Dihydrolipoamide Acetyltransferase E2P),,3.35,0.26,text 3d pdb
844,2,10,70,10,38,1cklE02,Complement Module; domain 1,Complement Module domain 1,3.88,0.26,text 3d pdb
845,2,10,25,10,11,4xlwE01,Laminin,Laminin,2.92,0.26,text 3d pdb
846,3,30,70,1550,1,4x4uA04,Alpha-Beta Plaits,Archaeal tRNA CCA-adding enzyme catalytic domain,3.50,0.26,text 3d pdb
847,2,30,30,50,5,4l6ve00,SH3 type barrels.,,4.26,0.26,text 3d pdb
848,3,30,54,20,2,1tjeA03,Replication Terminator Protein; Chain A domain 2,,3.61,0.26,text 3d pdb
849,3,30,1360,40,4,4kb4A02,Gyrase A; domain 2,,3.13,0.26,text 3d pdb
850,2,40,50,100,20,3dxjM05,OB fold (Dihydrolipoamide Acetyltransferase E2P),,3.95,0.26,text 3d pdb
851,2,20,28,120,1,3i20100,Rubrerythrin domain 2,,3.00,0.26,text 3d pdb
852,3,30,70,1550,1,4x4rA04,Alpha-Beta Plaits,Archaeal tRNA CCA-adding enzyme catalytic domain,3.48,0.26,text 3d pdb
853,2,10,25,10,11,4xlwA01,Laminin,Laminin,2.91,0.26,text 3d pdb
854,3,30,30,10,18,1ozzA00,Defensin A-like,Knottin scorpion toxin-like,3.11,0.26,text 3d pdb
855,2,20,28,120,1,3i1n100,Rubrerythrin domain 2,,3.43,0.26,text 3d pdb
856,3,30,160,290,1,2v89B01,Double Stranded RNA Binding Domain,,3.00,0.26,text 3d pdb
857,3,30,160,60,2,4gznC01,Double Stranded RNA Binding Domain,Classic Zinc Finger,2.07,0.26,text 3d pdb
858,2,20,28,100,1,2ji2D01,Rubrerythrin domain 2,,3.15,0.26,text 3d pdb
859,3,30,160,290,1,2v85B01,Double Stranded RNA Binding Domain,,2.72,0.26,text 3d pdb
860,2,10,25,20,3,3s6xC03,Laminin,reovirus attachment protein sigma1; domain 1,3.34,0.26,text 3d pdb
861,2,10,60,10,10,4om4E00,CD59,CD59,3.63,0.26,text 3d pdb
862,3,30,750,130,1,4aejA01,Transcription Regulator spoIIAA,,2.73,0.26,text 3d pdb
863,3,30,70,1550,1,1r8cA04,Alpha-Beta Plaits,Archaeal tRNA CCA-adding enzyme catalytic domain,3.55,0.26,text 3d pdb
864,2,20,70,10,16,2dwvB01,Ubiquitin Ligase Nedd4; Chain: W;,,2.64,0.26,text 3d pdb
865,3,30,70,1550,1,4x4tC04,Alpha-Beta Plaits,Archaeal tRNA CCA-adding enzyme catalytic domain,3.51,0.26,text 3d pdb
866,3,30,160,290,1,2v85A01,Double Stranded RNA Binding Domain,,3.02,0.26,text 3d pdb
867,4,10,830,10,1,2x9rN00,30s Ribosomal Protein S14; Chain N,30s Ribosomal Protein S14; Chain N,3.33,0.26,text 3d pdb
868,2,40,50,140,153,2wg5L02,OB fold (Dihydrolipoamide Acetyltransferase E2P),Nucleic acid-binding proteins,2.89,0.26,text 3d pdb
869,2,30,32,30,1,1e8rA00,Xylanase; Chain A,CBM10,4.00,0.26,text 3d pdb
870,3,30,160,60,5,1f2iI02,Double Stranded RNA Binding Domain,Classic Zinc Finger,2.01,0.26,text 3d pdb
871,3,30,1490,10,1,4g5mK02,Dna Ligase; domain 1,,3.40,0.26,text 3d pdb
872,4,10,40,10,2,1oawA00,Omega-AgatoxinV,,3.33,0.26,text 3d pdb
873,2,60,40,10,28,5iroA02,Immunoglobulin-like,Immunoglobulins,3.42,0.26,text 3d pdb
874,2,20,28,200,1,3pkiE02,Rubrerythrin domain 2,,3.49,0.26,text 3d pdb
875,2,10,25,10,41,3njpC00,Laminin,Laminin,3.74,0.26,text 3d pdb
876,2,40,50,530,1,5dm7300,OB fold (Dihydrolipoamide Acetyltransferase E2P),,3.51,0.26,text 3d pdb
877,3,30,160,290,1,2v83A01,Double Stranded RNA Binding Domain,,3.07,0.26,text 3d pdb
878,3,30,40,200,1,3ddtC00,Herpes Virus-1,,2.89,0.26,text 3d pdb
879,2,10,10,30,1,1yu0A01,Seminal Fluid Protein PDC-109 (Domain B),,2.85,0.26,text 3d pdb
880,2,40,50,100,3,1fr3J00,OB fold (Dihydrolipoamide Acetyltransferase E2P),,3.85,0.26,text 3d pdb
881,3,10,20,380,2,2d5gE00,Ubiquitin-like (UB roll),,3.47,0.25,text 3d pdb
882,2,10,10,30,1,1yu3A01,Seminal Fluid Protein PDC-109 (Domain B),,2.85,0.25,text 3d pdb
883,2,20,20,50,1,2k2xA01,Anthopleurin-A,,3.18,0.25,text 3d pdb
884,2,30,30,50,5,4l6vE00,SH3 type barrels.,,4.03,0.25,text 3d pdb
885,2,10,50,10,1,4rsuK01,Tumor Necrosis Factor Receptor subunit A; domain 2,Tumor Necrosis Factor Receptor subunit A, domain 2,2.90,0.25,text 3d pdb
886,2,20,28,230,2,3iu3K02,Rubrerythrin domain 2,,2.99,0.25,text 3d pdb
887,3,10,360,30,3,3qd6U02,Antimicrobial Peptide Beta-defensin 2; Chain A,,3.06,0.25,text 3d pdb
888,3,30,70,330,10,2l41A00,Alpha-Beta Plaits,,3.23,0.25,text 3d pdb
889,3,30,1490,20,17,4yajD02,Dna Ligase; domain 1,ATP-grasp fold A domain,2.99,0.25,text 3d pdb
890,2,10,25,10,4,3f6uL02,Laminin,Laminin,2.77,0.25,text 3d pdb
891,3,30,160,290,1,2v86B01,Double Stranded RNA Binding Domain,,2.17,0.25,text 3d pdb
892,3,30,40,200,1,3q1dA00,Herpes Virus-1,,2.85,0.25,text 3d pdb
893,3,30,1550,10,1,4kdkK01,Ribosomal protein L11 N-terminal domain,Ribosomal protein L11/L12 N-terminal domain,3.96,0.25,text 3d pdb
894,4,10,40,20,1,1h59B00,Omega-AgatoxinV,,3.80,0.25,text 3d pdb
895,2,10,70,10,9,3sw0X02,Complement Module; domain 1,Complement Module domain 1,4.21,0.25,text 3d pdb
896,2,10,110,10,21,1nypA00,Cysteine Rich Protein,Cysteine Rich Protein,3.54,0.25,text 3d pdb
897,3,30,750,130,1,4aejC01,Transcription Regulator spoIIAA,,2.89,0.25,text 3d pdb
898,4,10,40,20,2,2dcwA00,Omega-AgatoxinV,,3.46,0.25,text 3d pdb
899,3,30,210,10,2,1zqlA04,Beta Polymerase; domain 3,DNA polymerase thumb domain,3.81,0.25,text 3d pdb
900,2,30,30,550,2,2zuoA03,SH3 type barrels.,,2.63,0.25,text 3d pdb
901,3,30,210,10,2,1zqjA04,Beta Polymerase; domain 3,DNA polymerase thumb domain,3.83,0.25,text 3d pdb
902,2,10,70,10,39,2wiiC01,Complement Module; domain 1,Complement Module domain 1,3.34,0.25,text 3d pdb
903,2,10,70,10,16,2cg6A02,Complement Module; domain 1,Complement Module domain 1,3.60,0.25,text 3d pdb
904,3,30,210,10,2,1zqgA04,Beta Polymerase; domain 3,DNA polymerase thumb domain,4.20,0.25,text 3d pdb
905,2,10,25,10,13,2mgpA01,Laminin,Laminin,3.06,0.25,text 3d pdb
906,3,40,1630,20,1,1jv1A02,S-adenosyl-L-methionine-dependent methyltransferases,,3.35,0.25,text 3d pdb
907,3,40,1630,20,1,1jv3B02,S-adenosyl-L-methionine-dependent methyltransferases,,3.74,0.25,text 3d pdb
908,3,30,160,60,67,2dmiA01,Double Stranded RNA Binding Domain,Classic Zinc Finger,3.91,0.25,text 3d pdb
909,2,10,69,10,1,1tx6I01,Cysteine Protease (Bromelain) Inhibitor subunit H,Cysteine Protease (Bromelain) Inhibitor subunit H,4.04,0.25,text 3d pdb
910,2,20,28,200,1,3pkiF02,Rubrerythrin domain 2,,3.73,0.25,text 3d pdb
911,3,40,1630,20,1,1jv3A02,S-adenosyl-L-methionine-dependent methyltransferases,,3.36,0.25,text 3d pdb
912,3,30,1490,10,1,4kdjH02,Dna Ligase; domain 1,,3.62,0.25,text 3d pdb
913,2,30,30,20,1,8at1B02,SH3 type barrels.,Aspartate carbamoyltransferase regulatory subunit C-terminal domain,3.77,0.25,text 3d pdb
914,3,30,1490,10,1,4gkkH02,Dna Ligase; domain 1,,3.85,0.25,text 3d pdb
915,2,20,28,30,1,4c2m100,Rubrerythrin domain 2,RNA polymerase ii chain L,3.47,0.25,text 3d pdb
916,2,20,28,30,1,4c2mL00,Rubrerythrin domain 2,RNA polymerase ii chain L,3.47,0.25,text 3d pdb
917,4,10,87,10,2,3s24A02,mRNA Capping Enzyme; Chain,mRNA Capping Enzyme; domain 3,2.93,0.25,text 3d pdb
918,2,10,110,20,1,3zpoB03,Cysteine Rich Protein,,4.00,0.25,text 3d pdb
919,2,20,28,120,1,4tov100,Rubrerythrin domain 2,,3.27,0.25,text 3d pdb
920,3,30,60,50,1,1s20C03,Wheat Germ Agglutinin (Isolectin 2); domain 1,Hypothetical oxidoreductase yiak; domain 3,3.30,0.25,text 3d pdb
921,2,30,140,10,1,4cxmB01,Spermidine Synthase; Chain: A domain 2,Spermidine synthase tetramerisation domain,3.76,0.25,text 3d pdb
922,3,30,60,50,1,1s20B03,Wheat Germ Agglutinin (Isolectin 2); domain 1,Hypothetical oxidoreductase yiak; domain 3,3.34,0.25,text 3d pdb
923,3,30,1490,10,1,3r8oH02,Dna Ligase; domain 1,,3.51,0.25,text 3d pdb
924,3,30,1490,10,1,4gd2H02,Dna Ligase; domain 1,,3.51,0.25,text 3d pdb
925,3,30,1490,10,1,2uuaH02,Dna Ligase; domain 1,,3.79,0.25,text 3d pdb
926,2,10,110,20,1,5fxvB03,Cysteine Rich Protein,,3.88,0.25,text 3d pdb
927,2,10,25,10,40,5e8dA00,Laminin,Laminin,3.01,0.25,text 3d pdb
928,3,30,1490,10,1,2qoyH02,Dna Ligase; domain 1,,3.95,0.25,text 3d pdb
929,2,20,20,10,8,2h9xA00,Anthopleurin-A,Anthopleurin-A,3.20,0.25,text 3d pdb
930,3,90,105,10,2,1wu2B02,Molybdopterin biosynthesis moea protein domain 2,Molybdopterin biosynthesis moea protein domain 2,3.55,0.25,text 3d pdb
931,2,30,140,10,1,2hteB01,Spermidine Synthase; Chain: A domain 2,Spermidine synthase tetramerisation domain,3.81,0.25,text 3d pdb
932,2,30,30,550,1,2zuoM05,SH3 type barrels.,,3.38,0.25,text 3d pdb
933,3,30,1490,10,1,2qp0H02,Dna Ligase; domain 1,,3.96,0.25,text 3d pdb
934,2,10,50,10,6,4rsuJ02,Tumor Necrosis Factor Receptor subunit A; domain 2,Tumor Necrosis Factor Receptor subunit A, domain 2,3.83,0.25,text 3d pdb
935,2,30,30,550,1,2zuoF05,SH3 type barrels.,,3.05,0.25,text 3d pdb
936,3,30,1490,140,1,1owtA00,Dna Ligase; domain 1,Amyloidogenic glycoprotein copper-binding domain,4.02,0.25,text 3d pdb
937,2,30,140,10,1,4uoeB01,Spermidine Synthase; Chain: A domain 2,Spermidine synthase tetramerisation domain,3.75,0.25,text 3d pdb
938,2,30,140,10,1,4bnoB01,Spermidine Synthase; Chain: A domain 2,Spermidine synthase tetramerisation domain,3.75,0.25,text 3d pdb
939,2,30,140,10,1,2hteC01,Spermidine Synthase; Chain: A domain 2,Spermidine synthase tetramerisation domain,3.80,0.25,text 3d pdb
940,3,30,60,50,1,1s20E03,Wheat Germ Agglutinin (Isolectin 2); domain 1,Hypothetical oxidoreductase yiak; domain 3,3.30,0.25,text 3d pdb
941,2,30,30,550,1,3gnfB05,SH3 type barrels.,,2.69,0.25,text 3d pdb
942,3,30,210,10,2,1zqmA04,Beta Polymerase; domain 3,DNA polymerase thumb domain,4.24,0.25,text 3d pdb
943,2,30,140,10,1,3rieB01,Spermidine Synthase; Chain: A domain 2,Spermidine synthase tetramerisation domain,3.75,0.25,text 3d pdb
944,2,20,28,120,1,3pio100,Rubrerythrin domain 2,,3.48,0.25,text 3d pdb
945,3,30,60,20,5,5fuyB02,Wheat Germ Agglutinin (Isolectin 2); domain 1,,3.82,0.25,text 3d pdb
946,2,30,30,50,5,1psfA00,SH3 type barrels.,,3.77,0.25,text 3d pdb
947,2,30,30,550,1,2zuoG05,SH3 type barrels.,,3.43,0.25,text 3d pdb
948,2,10,25,10,33,4tgfA00,Laminin,Laminin,2.92,0.24,text 3d pdb
949,2,30,30,150,1,1iguB00,SH3 type barrels.,KorB C-terminal domain,4.37,0.24,text 3d pdb
950,3,30,1490,20,20,3r5xD03,Dna Ligase; domain 1,ATP-grasp fold A domain,3.60,0.24,text 3d pdb
951,3,30,1490,10,1,1s03G02,Dna Ligase; domain 1,,3.54,0.24,text 3d pdb
952,2,40,50,450,1,3fvqB02,OB fold (Dihydrolipoamide Acetyltransferase E2P),,2.47,0.24,text 3d pdb
953,2,30,140,10,1,4bp3B01,Spermidine Synthase; Chain: A domain 2,Spermidine synthase tetramerisation domain,4.06,0.24,text 3d pdb
954,2,10,25,10,33,5kn5C00,Laminin,Laminin,3.31,0.24,text 3d pdb
955,3,30,1490,10,1,1s03H02,Dna Ligase; domain 1,,3.97,0.24,text 3d pdb
956,3,30,1490,10,1,4lf4H02,Dna Ligase; domain 1,,3.63,0.24,text 3d pdb
957,3,30,1490,10,1,4ji2H02,Dna Ligase; domain 1,,3.52,0.24,text 3d pdb
958,2,40,50,40,14,1tvxA00,OB fold (Dihydrolipoamide Acetyltransferase E2P),,3.31,0.24,text 3d pdb
959,3,10,360,30,1,2uwiA02,Antimicrobial Peptide Beta-defensin 2; Chain A,,4.09,0.24,text 3d pdb
960,3,30,1490,10,1,4dv6H02,Dna Ligase; domain 1,,4.09,0.24,text 3d pdb
961,2,10,110,20,1,3zpoA03,Cysteine Rich Protein,,3.65,0.24,text 3d pdb
962,4,10,1290,10,1,1xutA01,Tumor necrosis factor receptor fold,Tumor necrosis factor receptor superfamily,3.26,0.24,text 3d pdb
963,3,30,1490,10,1,4b3mH02,Dna Ligase; domain 1,,3.32,0.24,text 3d pdb
964,3,30,210,10,2,9icfA04,Beta Polymerase; domain 3,DNA polymerase thumb domain,3.94,0.24,text 3d pdb
965,2,60,40,10,319,1q72H02,Immunoglobulin-like,Immunoglobulins,3.57,0.24,text 3d pdb
966,2,30,30,550,2,2zuoE03,SH3 type barrels.,,3.34,0.24,text 3d pdb
967,3,40,5,20,1,2hjqA01,Ribosomal Protein L9; domain 1,YqbF domain,3.28,0.24,text 3d pdb
968,2,10,69,10,2,2bbiA00,Cysteine Protease (Bromelain) Inhibitor subunit H,Cysteine Protease (Bromelain) Inhibitor subunit H,3.97,0.24,text 3d pdb
969,4,10,87,10,2,3s24E02,mRNA Capping Enzyme; Chain,mRNA Capping Enzyme; domain 3,3.08,0.24,text 3d pdb
970,3,30,1490,10,1,4ji6H02,Dna Ligase; domain 1,,3.98,0.24,text 3d pdb
971,3,10,450,70,1,1v57A01,Nuclear Transport Factor 2; Chain: A,Disulphide bond isomerase DsbC/G, N-terminal,3.15,0.24,text 3d pdb
972,2,30,26,10,1,3w7gB02,Dihydroorotate Dehydrogenase A; chain A domain 2,Dihydroorotate Dehydrogenase A chain A, domain 2,3.14,0.24,text 3d pdb
973,2,30,26,10,1,3w23B02,Dihydroorotate Dehydrogenase A; chain A domain 2,Dihydroorotate Dehydrogenase A chain A, domain 2,3.13,0.24,text 3d pdb
974,3,30,1490,10,1,4dv3H02,Dna Ligase; domain 1,,3.55,0.24,text 3d pdb
975,2,10,50,10,21,1du3G01,Tumor Necrosis Factor Receptor subunit A; domain 2,Tumor Necrosis Factor Receptor subunit A, domain 2,2.80,0.23,text 3d pdb
976,3,30,30,10,18,1i2vA00,Defensin A-like,Knottin scorpion toxin-like,2.91,0.23,text 3d pdb
977,3,30,70,20,24,1dfdA00,Alpha-Beta Plaits,,3.39,0.23,text 3d pdb
978,3,30,210,10,2,1zqkA04,Beta Polymerase; domain 3,DNA polymerase thumb domain,4.44,0.23,text 3d pdb
979,3,40,5,80,1,2outA01,Ribosomal Protein L9; domain 1,,3.21,0.23,text 3d pdb
980,3,30,210,10,2,1zqtA04,Beta Polymerase; domain 3,DNA polymerase thumb domain,4.09,0.23,text 3d pdb
981,2,20,70,10,19,1i5hW00,Ubiquitin Ligase Nedd4; Chain: W;,,4.15,0.23,text 3d pdb
982,3,30,210,10,2,1zqcA04,Beta Polymerase; domain 3,DNA polymerase thumb domain,4.47,0.23,text 3d pdb
983,2,30,26,10,1,1dorA02,Dihydroorotate Dehydrogenase A; chain A domain 2,Dihydroorotate Dehydrogenase A chain A, domain 2,2.74,0.23,text 3d pdb
984,3,30,1490,10,1,4kd8H02,Dna Ligase; domain 1,,3.66,0.23,text 3d pdb
985,2,10,70,10,39,2rlpA01,Complement Module; domain 1,Complement Module domain 1,3.67,0.23,text 3d pdb
986,2,20,28,200,1,5mf6B02,Rubrerythrin domain 2,,3.56,0.23,text 3d pdb
987,2,10,70,10,18,1vvdA01,Complement Module; domain 1,Complement Module domain 1,3.44,0.22,text 3d pdb
988,3,30,1490,20,26,2zdhB03,Dna Ligase; domain 1,ATP-grasp fold A domain,3.32,0.22,text 3d pdb
989,2,40,50,140,110,5j3bB03,OB fold (Dihydrolipoamide Acetyltransferase E2P),Nucleic acid-binding proteins,3.43,0.22,text 3d pdb
990,2,10,60,10,10,4om5A00,CD59,CD59,3.76,0.22,text 3d pdb
991,2,10,50,10,1,1jmaB01,Tumor Necrosis Factor Receptor subunit A; domain 2,Tumor Necrosis Factor Receptor subunit A, domain 2,3.50,0.22,text 3d pdb
992,3,30,210,10,2,1zqeA04,Beta Polymerase; domain 3,DNA polymerase thumb domain,4.19,0.22,text 3d pdb
993,2,30,30,40,38,3tvtA01,SH3 type barrels.,SH3 Domains,4.85,0.22,text 3d pdb
994,3,10,360,10,1,1fd4H00,Antimicrobial Peptide Beta-defensin 2; Chain A,Antimicrobial Peptide Beta-defensin 2; Chain A,3.60,0.21,text 3d pdb
995,4,10,830,10,1,2j02N00,30s Ribosomal Protein S14; Chain N,30s Ribosomal Protein S14; Chain N,3.25,0.21,text 3d pdb
996,4,10,830,10,1,2j00N00,30s Ribosomal Protein S14; Chain N,30s Ribosomal Protein S14; Chain N,3.25,0.21,text 3d pdb
997,4,10,830,10,1,4b3sN00,30s Ribosomal Protein S14; Chain N,30s Ribosomal Protein S14; Chain N,3.62,0.21,text 3d pdb
998,4,10,830,10,1,3tvfQ00,30s Ribosomal Protein S14; Chain N,30s Ribosomal Protein S14; Chain N,4.18,0.21,text 3d pdb
999,2,60,40,10,28,5f1iA02,Immunoglobulin-like,Immunoglobulins,3.57,0.21,text 3d pdb
1000,2,30,26,10,1,2bx7B02,Dihydroorotate Dehydrogenase A; chain A domain 2,Dihydroorotate Dehydrogenase A chain A, domain 2,4.29,0.18,text 3d pdb