mers,4169,1,1,2,e6nb3A2,Beta-coronavirus spike protein receptor-binding domain,Spike_rec_bind,0.23,0.99,text 3d pdb,
mers,4169,1,1,2,e6nb4A2,Beta-coronavirus spike protein receptor-binding domain,Spike_rec_bind,0.38,0.97,text 3d pdb,
mers,4169,1,1,2,e6nb3C1,Beta-coronavirus spike protein receptor-binding domain,Spike_rec_bind,0.49,0.95,text 3d pdb,
mers,4169,1,1,2,e5w9kJ2,Beta-coronavirus spike protein receptor-binding domain,Spike_rec_bind,0.56,0.93,text 3d pdb,
mers,4169,1,1,2,e5w9hp2,Beta-coronavirus spike protein receptor-binding domain,Spike_rec_bind,0.56,0.93,text 3d pdb,
mers,4169,1,1,2,e5w9lB2,Beta-coronavirus spike protein receptor-binding domain,Spike_rec_bind,0.56,0.93,text 3d pdb,
mers,4169,1,1,2,e5w9oJ2,Beta-coronavirus spike protein receptor-binding domain,Spike_rec_bind,0.56,0.93,text 3d pdb,
mers,4169,1,1,2,e5w9nH2,Beta-coronavirus spike protein receptor-binding domain,Spike_rec_bind,0.57,0.93,text 3d pdb,
mers,4169,1,1,2,e5w9mE2,Beta-coronavirus spike protein receptor-binding domain,Spike_rec_bind,0.57,0.93,text 3d pdb,
mers,4169,1,1,2,e5w9kL2,Beta-coronavirus spike protein receptor-binding domain,Spike_rec_bind,0.57,0.93,text 3d pdb,
mers,4169,1,1,2,e5do2A1,Beta-coronavirus spike protein receptor-binding domain,Spike_rec_bind,0.61,0.92,text 3d pdb,
mers,4169,1,1,2,e5w9oL2,Beta-coronavirus spike protein receptor-binding domain,Spike_rec_bind,0.61,0.92,text 3d pdb,
mers,4169,1,1,2,e5w9nJ2,Beta-coronavirus spike protein receptor-binding domain,Spike_rec_bind,0.62,0.92,text 3d pdb,
mers,4169,1,1,2,e5w9hr2,Beta-coronavirus spike protein receptor-binding domain,Spike_rec_bind,0.62,0.92,text 3d pdb,
mers,4169,1,1,2,e5w9lJ2,Beta-coronavirus spike protein receptor-binding domain,Spike_rec_bind,0.62,0.92,text 3d pdb,
mers,4169,1,1,2,e5gmqA1,Beta-coronavirus spike protein receptor-binding domain,Spike_rec_bind,0.63,0.92,text 3d pdb,
mers,4169,1,1,2,e5w9mJ2,Beta-coronavirus spike protein receptor-binding domain,Spike_rec_bind,0.63,0.92,text 3d pdb,
mers,4169,1,1,2,e5do2B1,Beta-coronavirus spike protein receptor-binding domain,Spike_rec_bind,0.66,0.92,text 3d pdb,
mers,4169,1,1,2,e4l3nB1,Beta-coronavirus spike protein receptor-binding domain,Spike_rec_bind,0.68,0.92,text 3d pdb,
mers,4169,1,1,2,e6c6yS1,Beta-coronavirus spike protein receptor-binding domain,Spike_rec_bind,0.67,0.91,text 3d pdb,
mers,4169,1,1,2,e5w9kK2,Beta-coronavirus spike protein receptor-binding domain,Spike_rec_bind,0.67,0.91,text 3d pdb,
mers,4169,1,1,2,e5w9mF2,Beta-coronavirus spike protein receptor-binding domain,Spike_rec_bind,0.67,0.91,text 3d pdb,
mers,4169,1,1,2,e4xakB1,Beta-coronavirus spike protein receptor-binding domain,Spike_rec_bind,0.66,0.91,text 3d pdb,
mers,4169,1,1,2,e5w9hq2,Beta-coronavirus spike protein receptor-binding domain,Spike_rec_bind,0.67,0.91,text 3d pdb,
mers,4169,1,1,2,e5w9oK2,Beta-coronavirus spike protein receptor-binding domain,Spike_rec_bind,0.67,0.91,text 3d pdb,
mers,4169,1,1,2,e5w9lC2,Beta-coronavirus spike protein receptor-binding domain,Spike_rec_bind,0.67,0.91,text 3d pdb,
mers,4169,1,1,2,e5w9nI2,Beta-coronavirus spike protein receptor-binding domain,Spike_rec_bind,0.68,0.91,text 3d pdb,
mers,4169,1,1,2,e5w9jL2,Beta-coronavirus spike protein receptor-binding domain,Spike_rec_bind,0.69,0.91,text 3d pdb,
mers,4169,1,1,2,e5w9jJ2,Beta-coronavirus spike protein receptor-binding domain,Spike_rec_bind,0.69,0.91,text 3d pdb,
mers,4169,1,1,2,e5w9jK2,Beta-coronavirus spike protein receptor-binding domain,Spike_rec_bind,0.69,0.91,text 3d pdb,
mers,4169,1,1,2,e4xakA1,Beta-coronavirus spike protein receptor-binding domain,Spike_rec_bind,0.72,0.91,text 3d pdb,
mers,4169,1,1,2,e4zptR1,Beta-coronavirus spike protein receptor-binding domain,Spike_rec_bind,0.7,0.91,text 3d pdb,
mers,4169,1,1,2,e4zpwS1,Beta-coronavirus spike protein receptor-binding domain,Spike_rec_bind,0.73,0.9,text 3d pdb,
mers,4169,1,1,2,e6c6yR1,Beta-coronavirus spike protein receptor-binding domain,Spike_rec_bind,0.77,0.9,text 3d pdb,
mers,4169,1,1,2,e5x59C1,Beta-coronavirus spike protein receptor-binding domain,Spike_rec_bind,0.73,0.9,text 3d pdb,
mers,4169,1,1,2,e5x59A1,Beta-coronavirus spike protein receptor-binding domain,Spike_rec_bind,0.73,0.9,text 3d pdb,
mers,4169,1,1,2,e5x59B1,Beta-coronavirus spike protein receptor-binding domain,Spike_rec_bind,0.73,0.9,text 3d pdb,
mers,4169,1,1,2,e5x5fC1,Beta-coronavirus spike protein receptor-binding domain,Spike_rec_bind,0.73,0.9,text 3d pdb,
mers,4169,1,1,2,e4kr0B1,Beta-coronavirus spike protein receptor-binding domain,Spike_rec_bind,0.73,0.9,text 3d pdb,
mers,4169,1,1,2,e5x5cA1,Beta-coronavirus spike protein receptor-binding domain,Spike_rec_bind,0.73,0.9,text 3d pdb,
mers,4169,1,1,2,e5x5cC1,Beta-coronavirus spike protein receptor-binding domain,Spike_rec_bind,0.73,0.9,text 3d pdb,
mers,4169,1,1,2,e5x5fA1,Beta-coronavirus spike protein receptor-binding domain,Spike_rec_bind,0.73,0.9,text 3d pdb,
mers,4169,1,1,2,e5x5fB1,Beta-coronavirus spike protein receptor-binding domain,Spike_rec_bind,0.74,0.9,text 3d pdb,
mers,4169,1,1,2,e5zxvB1,Beta-coronavirus spike protein receptor-binding domain,Spike_rec_bind,0.76,0.9,text 3d pdb,
mers,4169,1,1,2,e4zpvR1,Beta-coronavirus spike protein receptor-binding domain,Spike_rec_bind,0.77,0.89,text 3d pdb,
mers,4169,1,1,2,e5zxvA1,Beta-coronavirus spike protein receptor-binding domain,Spike_rec_bind,0.77,0.89,text 3d pdb,
mers,4169,1,1,2,e4l72B1,Beta-coronavirus spike protein receptor-binding domain,Spike_rec_bind,0.82,0.89,text 3d pdb,
mers,4169,1,1,2,e4kqzA1,Beta-coronavirus spike protein receptor-binding domain,Spike_rec_bind,0.82,0.89,text 3d pdb,
mers,4169,1,1,2,e4l3nA1,Beta-coronavirus spike protein receptor-binding domain,Spike_rec_bind,0.82,0.88,text 3d pdb,
mers,4169,1,1,2,e4zpwR1,Beta-coronavirus spike protein receptor-binding domain,Spike_rec_bind,0.85,0.88,text 3d pdb,
mers,4169,1,1,2,e4kqzB1,Beta-coronavirus spike protein receptor-binding domain,Spike_rec_bind,0.85,0.87,text 3d pdb,
mers,4169,1,1,2,e4zptS1,Beta-coronavirus spike protein receptor-binding domain,Spike_rec_bind,0.89,0.87,text 3d pdb,
mers,4169,1,1,2,e5yy5A1,Beta-coronavirus spike protein receptor-binding domain,Spike_rec_bind,0.88,0.87,text 3d pdb,
mers,4169,1,1,2,e5yy5B1,Beta-coronavirus spike protein receptor-binding domain,Spike_rec_bind,0.88,0.87,text 3d pdb,
mers,4169,1,1,2,e4zpvS1,Beta-coronavirus spike protein receptor-binding domain,Spike_rec_bind,0.94,0.86,text 3d pdb,
mers,4169,1,1,2,e6c6zA1,Beta-coronavirus spike protein receptor-binding domain,Spike_rec_bind,0.98,0.85,text 3d pdb,
mers,4169,1,1,2,e4zs6B1,Beta-coronavirus spike protein receptor-binding domain,Spike_rec_bind,0.98,0.85,text 3d pdb,
mers,4169,1,1,2,e4zs6A1,Beta-coronavirus spike protein receptor-binding domain,Spike_rec_bind,1.06,0.83,text 3d pdb,
mers,4169,1,1,2,e6c6zB1,Beta-coronavirus spike protein receptor-binding domain,Spike_rec_bind,1.06,0.83,text 3d pdb,
mers,4169,1,1,2,e5x5cB1,Beta-coronavirus spike protein receptor-binding domain,Spike_rec_bind,1.85,0.81,text 3d pdb,
mers,4169,1,1,2,e4qzvB1,Beta-coronavirus spike protein receptor-binding domain,Spike_rec_bind,1.32,0.76,text 3d pdb,
mers,4169,1,1,2,e4qzvD1,Beta-coronavirus spike protein receptor-binding domain,Spike_rec_bind,1.33,0.76,text 3d pdb,
mers,223,1,1,47,e6fu4C1,sensor domains,dCache_1_like_1,2.3,0.59,text 3d pdb,
mers,223,1,1,47,e6fu4A1,sensor domains,dCache_1_like_1,2.32,0.59,text 3d pdb,
mers,223,1,1,47,e6f9gC1,sensor domains,dCache_1_like_1,2.35,0.57,text 3d pdb,
mers,323,1,1,36,e5falA2,CoA-dependent acyltransferases,Transferase_C,2.13,0.56,text 3d pdb,
mers,323,1,1,36,e5fanA2,CoA-dependent acyltransferases,Transferase_C,1.83,0.56,text 3d pdb,
mers,323,1,1,36,e4kecA1,CoA-dependent acyltransferases,Transferase_C,2.15,0.56,text 3d pdb,
mers,882,1,1,5,e1vw4E1,Ribosomal protein L5,Ribosomal_L5_C,2.23,0.56,text 3d pdb,
mers,882,1,1,5,e3j6bE1,Ribosomal protein L5,Ribosomal_L5_C,2.23,0.56,text 3d pdb,
mers,223,1,1,47,e6f9gD1,sensor domains,dCache_1_like_1,2.31,0.56,text 3d pdb,
mers,223,1,1,47,e6f9gE1,sensor domains,dCache_1_like_1,1.62,0.55,text 3d pdb,
mers,323,1,1,36,e6dd2B2,CoA-dependent acyltransferases,Transferase_C,2.31,0.55,text 3d pdb,
mers,323,1,1,36,e5kjuA1,CoA-dependent acyltransferases,Transferase_C,2.22,0.55,text 3d pdb,
mers,323,1,1,36,e4g2mA1,CoA-dependent acyltransferases,Transferase_C,2.16,0.55,text 3d pdb,
mers,284,1,1,2,e4dipA1,FKBP-like,FKBP_C,2.28,0.54,text 3d pdb,
mers,284,1,1,2,e3jymA2,FKBP-like,FKBP_C,2.15,0.54,text 3d pdb,
mers,284,1,1,2,e4dipB1,FKBP-like,FKBP_C,2.32,0.53,text 3d pdb,
mers,284,1,1,2,e1p5qB2,FKBP-like,FKBP_C,2.04,0.53,text 3d pdb,
mers,284,1,1,2,e4dipD1,FKBP-like,FKBP_C,2.33,0.53,text 3d pdb,
mers,284,1,1,2,e4dipC1,FKBP-like,FKBP_C,2.14,0.53,text 3d pdb,
mers,284,1,1,2,e2pbcC1,FKBP-like,FKBP_C,2.44,0.53,text 3d pdb,
mers,284,1,1,2,e3jxvA1,FKBP-like,FKBP_C,2.11,0.53,text 3d pdb,
mers,284,1,1,2,e2d9fA1,FKBP-like,FKBP_C,2.48,0.53,text 3d pdb,
mers,284,1,1,2,e4dipE1,FKBP-like,FKBP_C,2.35,0.53,text 3d pdb,
mers,284,1,1,2,e3jymB2,FKBP-like,FKBP_C,2.35,0.53,text 3d pdb,
mers,284,1,1,2,e3jymA3,FKBP-like,FKBP_C,2.11,0.53,text 3d pdb,
mers,323,1,1,36,e5kjsA1,CoA-dependent acyltransferases,Transferase_C,2.08,0.53,text 3d pdb,
mers,223,2,1,34,e3r7wD1,profilin-like,Gtr1_RagA_C,2.28,0.53,text 3d pdb,
mers,3767,1,1,1,e2fflC3,Giardia Dicer N-terminal domain,EUF08458,2.3,0.52,text 3d pdb,
mers,284,1,1,2,e2vcdA1,FKBP-like,FKBP_C,2.44,0.52,text 3d pdb,
mers,284,1,1,2,e4fn2A1,FKBP-like,FKBP_C,2.27,0.52,text 3d pdb,
mers,5,1,7,1,e5mriA2,10-bladed,Sortilin-Vps10,3.03,0.52,text 3d pdb,
mers,223,1,1,242,e5ereA4,sensor domains,EUF08502,2.15,0.52,text 3d pdb,
mers,284,1,1,2,e4dipF1,FKBP-like,FKBP_C,2.37,0.52,text 3d pdb,
mers,331,3,1,15,e5e4dA1,Bet v1-like,Polyketide_cyc2,2.17,0.52,text 3d pdb,
mers,284,1,1,2,e5t9sH1,FKBP-like,FKBP_C,2.44,0.52,text 3d pdb,
mers,284,1,1,2,e5t9sA1,FKBP-like,FKBP_C,2.44,0.52,text 3d pdb,
mers,284,1,1,2,e4dipJ1,FKBP-like,FKBP_C,2.33,0.52,text 3d pdb,
mers,284,1,1,2,e3jxvA2,FKBP-like,FKBP_C,2.35,0.52,text 3d pdb,
mers,284,1,1,2,e4nnrA1,FKBP-like,FKBP_C,2.39,0.52,text 3d pdb,
mers,284,1,1,2,e2jwxA1,FKBP-like,FKBP_C,2.53,0.52,text 3d pdb,
mers,284,1,1,2,e5t9sJ1,FKBP-like,FKBP_C,2.42,0.52,text 3d pdb,
mers,284,1,1,2,e5t9sF1,FKBP-like,FKBP_C,2.42,0.52,text 3d pdb,
mers,284,1,1,2,e2pbcB1,FKBP-like,FKBP_C,2.47,0.52,text 3d pdb,
mers,331,3,1,15,e5e4mA1,Bet v1-like,Polyketide_cyc2,2.19,0.52,text 3d pdb,
mers,284,1,1,2,e5tanF1,FKBP-like,FKBP_C,2.51,0.52,text 3d pdb,
mers,284,1,1,2,e5tanA1,FKBP-like,FKBP_C,2.51,0.52,text 3d pdb,
mers,284,1,1,2,e5tanH1,FKBP-like,FKBP_C,2.51,0.52,text 3d pdb,
mers,284,1,1,2,e5tanJ1,FKBP-like,FKBP_C,2.51,0.52,text 3d pdb,
mers,284,1,1,2,e4iq2B1,FKBP-like,FKBP_C,2.2,0.52,text 3d pdb,
mers,284,1,1,2,e1fd9A2,FKBP-like,FKBP_C,2.25,0.52,text 3d pdb,
mers,331,3,1,15,e5e4bA1,Bet v1-like,Polyketide_cyc2,2.18,0.52,text 3d pdb,
mers,3488,1,1,,e3fn2A1,Putative sensor histidine kinase domain,F_UNCLASSIFIED,2.15,0.52,text 3d pdb,
mers,284,1,1,2,e4dipG1,FKBP-like,FKBP_C,2.36,0.52,text 3d pdb,
mers,331,3,1,15,e5e46A1,Bet v1-like,Polyketide_cyc2,1.6,0.52,text 3d pdb,
mers,284,1,1,2,e5tapF1,FKBP-like,FKBP_C,2.54,0.52,text 3d pdb,
mers,284,1,1,2,e5tapH1,FKBP-like,FKBP_C,2.54,0.52,text 3d pdb,
mers,284,1,1,2,e5tapJ1,FKBP-like,FKBP_C,2.54,0.52,text 3d pdb,
mers,284,1,1,2,e5tapA1,FKBP-like,FKBP_C,2.54,0.52,text 3d pdb,
mers,284,1,1,2,e4g50A1,FKBP-like,FKBP_C,2.47,0.52,text 3d pdb,
mers,331,3,1,15,e5e4dB1,Bet v1-like,Polyketide_cyc2,2.22,0.52,text 3d pdb,
mers,284,1,1,2,e2ko7A1,FKBP-like,FKBP_C,2.74,0.52,text 3d pdb,
mers,284,1,1,2,e4iq2A1,FKBP-like,FKBP_C,2.22,0.52,text 3d pdb,
mers,284,1,1,2,e4dipI1,FKBP-like,FKBP_C,2.4,0.51,text 3d pdb,
mers,284,1,1,2,e5tb0H1,FKBP-like,FKBP_C,2.35,0.51,text 3d pdb,
mers,284,1,1,2,e5tb0J1,FKBP-like,FKBP_C,2.35,0.51,text 3d pdb,
mers,284,1,1,2,e5tb0F1,FKBP-like,FKBP_C,2.35,0.51,text 3d pdb,
mers,284,1,1,2,e5tb0A1,FKBP-like,FKBP_C,2.35,0.51,text 3d pdb,
mers,284,1,1,2,e5tb3F1,FKBP-like,FKBP_C,2.51,0.51,text 3d pdb,
mers,284,1,1,2,e5tb3J1,FKBP-like,FKBP_C,2.51,0.51,text 3d pdb,
mers,284,1,1,2,e5tb3A1,FKBP-like,FKBP_C,2.51,0.51,text 3d pdb,
mers,284,1,1,2,e5tb3H1,FKBP-like,FKBP_C,2.51,0.51,text 3d pdb,
mers,284,1,1,2,e5hw7A1,FKBP-like,FKBP_C,2.31,0.51,text 3d pdb,
mers,284,1,1,2,e3ni6B1,FKBP-like,FKBP_C,2.43,0.51,text 3d pdb,
mers,331,3,1,15,e5e46B1,Bet v1-like,Polyketide_cyc2,1.62,0.51,text 3d pdb,
mers,284,1,1,2,e5tasA1,FKBP-like,FKBP_C,2.35,0.51,text 3d pdb,
mers,284,1,1,2,e5tasJ1,FKBP-like,FKBP_C,2.35,0.51,text 3d pdb,
mers,284,1,1,2,e5tasH1,FKBP-like,FKBP_C,2.35,0.51,text 3d pdb,
mers,284,1,1,2,e5tasF1,FKBP-like,FKBP_C,2.35,0.51,text 3d pdb,
mers,284,1,1,2,e5tb1J1,FKBP-like,FKBP_C,2.53,0.51,text 3d pdb,
mers,284,1,1,2,e5tb1A1,FKBP-like,FKBP_C,2.53,0.51,text 3d pdb,
mers,284,1,1,2,e5tb1H1,FKBP-like,FKBP_C,2.53,0.51,text 3d pdb,
mers,284,1,1,2,e5tb1F1,FKBP-like,FKBP_C,2.53,0.51,text 3d pdb,
mers,3016,1,1,93,e3vaxA3,C-terminal domain in some PLP-dependent transferases,Aminotran_5_C,2.31,0.51,text 3d pdb,
mers,284,1,1,2,e1yatA1,FKBP-like,FKBP_C,2.51,0.51,text 3d pdb,
mers,3488,1,1,,e3fn2B1,Putative sensor histidine kinase domain,F_UNCLASSIFIED,2.24,0.51,text 3d pdb,
mers,284,1,1,2,e1q6hB2,FKBP-like,FKBP_C,2.4,0.51,text 3d pdb,
mers,223,1,1,244,e5sy5C2,sensor domains,PAS_11_1,2.74,0.51,text 3d pdb,
mers,284,1,1,2,e4dipH1,FKBP-like,FKBP_C,2.42,0.51,text 3d pdb,
mers,284,1,1,2,e1q6iB1,FKBP-like,FKBP_C,2.37,0.51,text 3d pdb,
mers,284,1,1,2,e5htgB1,FKBP-like,FKBP_C,2.32,0.51,text 3d pdb,
mers,284,1,1,2,e5huaA1,FKBP-like,FKBP_C,2.42,0.51,text 3d pdb,
mers,284,1,1,2,e6h3iB1,FKBP-like,FKBP_C,2.33,0.51,text 3d pdb,
mers,284,1,1,2,e5tb4A1,FKBP-like,FKBP_C,2.45,0.51,text 3d pdb,
mers,284,1,1,2,e5tb4H1,FKBP-like,FKBP_C,2.45,0.51,text 3d pdb,
mers,284,1,1,2,e5tb4J1,FKBP-like,FKBP_C,2.45,0.51,text 3d pdb,
mers,284,1,1,2,e5tb4F1,FKBP-like,FKBP_C,2.45,0.51,text 3d pdb,
mers,284,1,1,2,e5j6eA1,FKBP-like,FKBP_C,2.5,0.51,text 3d pdb,
mers,284,1,1,2,e4mgvA1,FKBP-like,FKBP_C,2.49,0.51,text 3d pdb,
mers,284,1,1,2,e2mphA2,FKBP-like,FKBP_C,2.49,0.51,text 3d pdb,
mers,230,2,1,3,e5w4k2c2,Ribosomal protein S3-C,Ribosomal_S3_C,2.79,0.51,text 3d pdb,
mers,284,1,1,2,e1pbkA1,FKBP-like,FKBP_C,2.52,0.51,text 3d pdb,
mers,284,1,1,2,e3ihzA1,FKBP-like,FKBP_C,2.55,0.51,text 3d pdb,
mers,331,3,1,15,e5e4mB1,Bet v1-like,Polyketide_cyc2,2.21,0.51,text 3d pdb,
mers,284,1,1,2,e5gl1B1,FKBP-like,FKBP_C,2.63,0.51,text 3d pdb,
mers,284,1,1,2,e5hw7B1,FKBP-like,FKBP_C,2.59,0.51,text 3d pdb,
mers,284,1,1,2,e5gl1D1,FKBP-like,FKBP_C,2.63,0.51,text 3d pdb,
mers,284,1,1,2,e5gl1F1,FKBP-like,FKBP_C,2.63,0.51,text 3d pdb,
mers,284,1,1,2,e5tb2H1,FKBP-like,FKBP_C,2.58,0.51,text 3d pdb,
mers,284,1,1,2,e5tb2J1,FKBP-like,FKBP_C,2.58,0.51,text 3d pdb,
mers,284,1,1,2,e5tb2A1,FKBP-like,FKBP_C,2.58,0.51,text 3d pdb,
mers,284,1,1,2,e5tb2F1,FKBP-like,FKBP_C,2.58,0.51,text 3d pdb,
mers,284,1,1,2,e5i98A1,FKBP-like,FKBP_C,2.37,0.51,text 3d pdb,
mers,284,1,1,2,e1q6iA1,FKBP-like,FKBP_C,2.38,0.51,text 3d pdb,
mers,284,1,1,2,e4j4nC1,FKBP-like,FKBP_C,2.59,0.5,text 3d pdb,
mers,284,1,1,2,e5gkyF1,FKBP-like,FKBP_C,2.67,0.5,text 3d pdb,
mers,284,1,1,2,e5gkyD1,FKBP-like,FKBP_C,2.67,0.5,text 3d pdb,
mers,230,2,1,3,e5vp22c2,Ribosomal protein S3-C,Ribosomal_S3_C,2.59,0.5,text 3d pdb,
mers,284,1,1,2,e5gkyB1,FKBP-like,FKBP_C,2.67,0.5,text 3d pdb,
mers,284,1,1,2,e2vn1B1,FKBP-like,FKBP_C,2.57,0.5,text 3d pdb,
mers,284,1,1,2,e2vn1A1,FKBP-like,FKBP_C,2.57,0.5,text 3d pdb,
mers,3016,1,1,93,e3vaxB2,C-terminal domain in some PLP-dependent transferases,Aminotran_5_C,2.33,0.5,text 3d pdb,
mers,331,3,1,15,e5e4bB1,Bet v1-like,Polyketide_cyc2,2.22,0.5,text 3d pdb,
mers,284,1,1,2,e2if4A1,FKBP-like,FKBP_C,2.86,0.5,text 3d pdb,
mers,284,1,1,2,e5ht1A1,FKBP-like,FKBP_C,2.59,0.5,text 3d pdb,
mers,2111,79,1,15,e3lmaD1,Thiolase-like,SpoVAD,2.88,0.5,text 3d pdb,
mers,284,1,1,2,e1q6hA2,FKBP-like,FKBP_C,2.41,0.5,text 3d pdb,
mers,284,1,1,2,e3ihzB1,FKBP-like,FKBP_C,2.51,0.5,text 3d pdb,
mers,230,2,1,3,e5d8bZB2,Ribosomal protein S3-C,Ribosomal_S3_C,2.8,0.5,text 3d pdb,
mers,230,2,1,3,e5d8bDA2,Ribosomal protein S3-C,Ribosomal_S3_C,2.8,0.5,text 3d pdb,
mers,230,2,1,3,e5j4c2c1,Ribosomal protein S3-C,Ribosomal_S3_C,2.8,0.5,text 3d pdb,
mers,284,1,1,2,e1q6uA1,FKBP-like,FKBP_C,2.37,0.5,text 3d pdb,
mers,284,1,1,2,e5tauA1,FKBP-like,FKBP_C,2.53,0.5,text 3d pdb,
mers,284,1,1,2,e5tauF1,FKBP-like,FKBP_C,2.53,0.5,text 3d pdb,
mers,284,1,1,2,e5tauH1,FKBP-like,FKBP_C,2.53,0.5,text 3d pdb,
mers,284,1,1,2,e5tauJ1,FKBP-like,FKBP_C,2.53,0.5,text 3d pdb,
mers,230,2,1,3,e5doy2c2,Ribosomal protein S3-C,Ribosomal_S3_C,2.73,0.5,text 3d pdb,
mers,284,1,1,2,e5i98B1,FKBP-like,FKBP_C,2.62,0.5,text 3d pdb,
mers,230,2,1,3,e5j4b2c1,Ribosomal protein S3-C,Ribosomal_S3_C,2.55,0.5,text 3d pdb,
mers,284,1,1,2,e4itzA1,FKBP-like,FKBP_C,2.54,0.5,text 3d pdb,
mers,284,1,1,2,e5tavH1,FKBP-like,FKBP_C,2.55,0.5,text 3d pdb,
mers,284,1,1,2,e5tavA1,FKBP-like,FKBP_C,2.55,0.5,text 3d pdb,
mers,284,1,1,2,e5tavF1,FKBP-like,FKBP_C,2.55,0.5,text 3d pdb,
mers,284,1,1,2,e5tavJ1,FKBP-like,FKBP_C,2.55,0.5,text 3d pdb,
mers,230,2,1,3,e6o972c1,Ribosomal protein S3-C,Ribosomal_S3_C,2.75,0.5,text 3d pdb,
mers,284,1,1,2,e4nnrB1,FKBP-like,FKBP_C,2.58,0.5,text 3d pdb,
mers,331,3,1,17,e6if0A1,Bet v1-like,START,2.21,0.5,text 3d pdb,
mers,284,1,1,2,e5hw8G1,FKBP-like,FKBP_C,2.37,0.5,text 3d pdb,
mers,284,1,1,2,e5t9rJ1,FKBP-like,FKBP_C,2.5,0.5,text 3d pdb,
mers,284,1,1,2,e5t9rA1,FKBP-like,FKBP_C,2.5,0.5,text 3d pdb,
mers,284,1,1,2,e5t9rF1,FKBP-like,FKBP_C,2.5,0.5,text 3d pdb,
mers,284,1,1,2,e5t9rH1,FKBP-like,FKBP_C,2.5,0.5,text 3d pdb,
mers,5,1,4,332,e4gm3G1,7-bladed,ANAPC4_WD40_18,2.55,0.49,text 3d pdb,
mers,5,1,4,332,e4gm3D1,7-bladed,ANAPC4_WD40_18,2.55,0.49,text 3d pdb,
mers,5,1,4,332,e4gm3A1,7-bladed,ANAPC4_WD40_18,2.55,0.49,text 3d pdb,
mers,230,2,1,3,e3uxsC1,Ribosomal protein S3-C,Ribosomal_S3_C,2.8,0.49,text 3d pdb,
mers,230,2,1,3,e4v8aCC1,Ribosomal protein S3-C,Ribosomal_S3_C,2.8,0.49,text 3d pdb,
mers,5,1,4,332,e4gm3E1,7-bladed,ANAPC4_WD40_18,2.55,0.49,text 3d pdb,
mers,230,2,1,3,e5tcuSB2,Ribosomal protein S3-C,Ribosomal_S3_C,2.69,0.49,text 3d pdb,
mers,5,1,4,332,e4gm3C1,7-bladed,ANAPC4_WD40_18,2.55,0.49,text 3d pdb,
mers,5,1,4,332,e4gm3B1,7-bladed,ANAPC4_WD40_18,2.55,0.49,text 3d pdb,
mers,5,1,4,332,e4gm3H1,7-bladed,ANAPC4_WD40_18,2.55,0.49,text 3d pdb,
mers,5,1,4,332,e4gm3F1,7-bladed,ANAPC4_WD40_18,2.55,0.49,text 3d pdb,
mers,230,2,1,3,e4kfhC1,Ribosomal protein S3-C,Ribosomal_S3_C,2.59,0.49,text 3d pdb,
mers,230,2,1,3,e4v9nAC1,Ribosomal protein S3-C,Ribosomal_S3_C,2.59,0.49,text 3d pdb,
mers,230,2,1,3,e4kfkC1,Ribosomal protein S3-C,Ribosomal_S3_C,2.59,0.49,text 3d pdb,
mers,230,2,1,3,e4v9nCC1,Ribosomal protein S3-C,Ribosomal_S3_C,2.59,0.49,text 3d pdb,
mers,5,1,4,332,e2h6nA1,7-bladed,ANAPC4_WD40_18,2.57,0.49,text 3d pdb,
mers,331,3,1,17,e6j81A1,Bet v1-like,START,1.75,0.49,text 3d pdb,
mers,230,2,1,3,e1yl4F1,Ribosomal protein S3-C,Ribosomal_S3_C,2.67,0.49,text 3d pdb,
mers,230,2,1,3,e4v4pBF1,Ribosomal protein S3-C,Ribosomal_S3_C,2.67,0.49,text 3d pdb,
mers,220,1,1,34,e1ddwA1,PH domain-like,WH1,2.64,0.49,text 3d pdb,
mers,5,1,5,26,e5nafB1,8-bladed,ANAPC4_WD40_7,3.03,0.49,text 3d pdb,
mers,5,1,4,332,e5eamA1,7-bladed,ANAPC4_WD40_18,2.57,0.49,text 3d pdb,
mers,1,1,1,46,e1epoE2,acid protease,Asp_N,2.7,0.49,text 3d pdb,
mers,284,1,1,2,e5gkyH1,FKBP-like,FKBP_C,2.74,0.49,text 3d pdb,
mers,290,1,1,1,e3g66B1,Sortase,Sortase,2.09,0.49,text 3d pdb,
mers,304,4,1,23,e4c9tA2,Dimeric alpha+beta barrel,MmlI_1,2.26,0.49,text 3d pdb,
mers,304,4,1,23,e4c9tC2,Dimeric alpha+beta barrel,MmlI_1,2.27,0.49,text 3d pdb,
mers,290,1,1,1,e2xwgA1,Sortase,Sortase,2.31,0.49,text 3d pdb,
mers,290,1,1,1,e3g66A1,Sortase,Sortase,2.08,0.49,text 3d pdb,
mers,230,2,1,3,e5imrG1,Ribosomal protein S3-C,Ribosomal_S3_C,2.37,0.49,text 3d pdb,
mers,304,4,1,23,e4c9tB2,Dimeric alpha+beta barrel,MmlI_1,2.63,0.49,text 3d pdb,
mers,10,12,1,10,e5i8sA1,Double-stranded beta-helix,ARD,2.75,0.49,text 3d pdb,
mers,5,1,4,332,e2h6nB1,7-bladed,ANAPC4_WD40_18,2.59,0.49,text 3d pdb,
mers,11,1,1,992,e1clyL2,Immunoglobulin/Fibronectin type III/E set domains/PapD-like,C1-set_4,2.72,0.49,text 3d pdb,
mers,312,1,1,13,e2fhiA1,HIT-related,HIT,2.81,0.49,text 3d pdb,
mers,220,1,1,34,e1ddvA1,PH domain-like,WH1,2.51,0.49,text 3d pdb,
mers,5,1,4,332,e2co0A1,7-bladed,ANAPC4_WD40_18,2.58,0.49,text 3d pdb,
mers,304,4,1,23,e4c9tE2,Dimeric alpha+beta barrel,MmlI_1,2.28,0.49,text 3d pdb,
mers,290,1,1,1,e3g69B1,Sortase,Sortase,2.57,0.49,text 3d pdb,
mers,284,1,1,2,e2pbcD1,FKBP-like,FKBP_C,2.88,0.49,text 3d pdb,
mers,10,12,1,10,e5i93A1,Double-stranded beta-helix,ARD,2.77,0.49,text 3d pdb,
mers,10,12,1,10,e5i8tA1,Double-stranded beta-helix,ARD,2.77,0.49,text 3d pdb,
mers,290,1,1,1,e2xwgE1,Sortase,Sortase,1.97,0.49,text 3d pdb,
mers,10,12,1,10,e5i91A1,Double-stranded beta-helix,ARD,2.77,0.49,text 3d pdb,
mers,284,1,1,2,e5hw6B1,FKBP-like,FKBP_C,2.72,0.49,text 3d pdb,
mers,284,1,1,2,e1qpfA1,FKBP-like,FKBP_C,2.57,0.49,text 3d pdb,
mers,5,1,4,332,e2h6qB1,7-bladed,ANAPC4_WD40_18,2.59,0.49,text 3d pdb,
mers,11,1,1,992,e1dbjL2,Immunoglobulin/Fibronectin type III/E set domains/PapD-like,C1-set_4,2.58,0.49,text 3d pdb,
mers,5,1,4,332,e5vfcA1,7-bladed,ANAPC4_WD40_18,2.57,0.49,text 3d pdb,
mers,290,1,1,1,e2xwgD1,Sortase,Sortase,2,0.49,text 3d pdb,
mers,290,1,1,1,e3g69A1,Sortase,Sortase,2.28,0.49,text 3d pdb,
mers,312,1,1,13,e1emsB1,HIT-related,HIT,2.91,0.49,text 3d pdb,
mers,3012,1,1,,e3gygC2,Cof C2 cap domain,F_UNCLASSIFIED,2.27,0.49,text 3d pdb,
mers,244,1,1,23,e2gmhB2,FAD-linked reductases-C,KOG2415,2.52,0.49,text 3d pdb,
mers,223,1,1,53,e5t65B2,sensor domains,Cache_3-Cache_2,2.34,0.49,text 3d pdb,
mers,10,12,1,10,e5i8yA1,Double-stranded beta-helix,ARD,2.77,0.49,text 3d pdb,
mers,11,1,1,992,e1a6tC2,Immunoglobulin/Fibronectin type III/E set domains/PapD-like,C1-set_4,2.62,0.48,text 3d pdb,
mers,1,1,1,46,e6aprE1,acid protease,Asp_N,2.79,0.48,text 3d pdb,
mers,290,1,1,1,e3re9A1,Sortase,Sortase,2.58,0.48,text 3d pdb,
mers,5,1,3,19,e2htvB1,6-bladed,Neur,2.95,0.48,text 3d pdb,
mers,11,1,1,992,e2ht3D2,Immunoglobulin/Fibronectin type III/E set domains/PapD-like,C1-set_4,2.61,0.48,text 3d pdb,
mers,304,121,1,2,e2hiyA2,SP0830-like,COG3797,2.04,0.48,text 3d pdb,
mers,11,1,1,992,e3cxdL2,Immunoglobulin/Fibronectin type III/E set domains/PapD-like,C1-set_4,2.7,0.48,text 3d pdb,
mers,11,1,1,992,e6eljB2,Immunoglobulin/Fibronectin type III/E set domains/PapD-like,C1-set_4,2.56,0.48,text 3d pdb,
mers,290,1,1,1,e4d7wA1,Sortase,Sortase,2.57,0.48,text 3d pdb,
mers,230,2,1,3,e2wwlC1,Ribosomal protein S3-C,Ribosomal_S3_C,2.87,0.48,text 3d pdb,
mers,230,2,1,3,e4v5hAC1,Ribosomal protein S3-C,Ribosomal_S3_C,2.87,0.48,text 3d pdb,
mers,11,1,1,992,e1cl7L2,Immunoglobulin/Fibronectin type III/E set domains/PapD-like,C1-set_4,2.46,0.48,text 3d pdb,
mers,331,3,1,17,e6j0oA1,Bet v1-like,START,2.21,0.48,text 3d pdb,
mers,284,1,1,2,e1fkrA1,FKBP-like,FKBP_C,2.63,0.48,text 3d pdb,
mers,304,121,1,2,e2hiyD2,SP0830-like,COG3797,2.04,0.48,text 3d pdb,
mers,290,1,1,1,e2xwgB1,Sortase,Sortase,1.98,0.48,text 3d pdb,
mers,290,1,1,1,e4tqxA1,Sortase,Sortase,2.5,0.48,text 3d pdb,
mers,244,1,1,23,e2gmjB2,FAD-linked reductases-C,KOG2415,2.12,0.48,text 3d pdb,
mers,1,1,1,46,e5aprE1,acid protease,Asp_N,2.39,0.48,text 3d pdb,
mers,1,1,1,46,e2aprA2,acid protease,Asp_N,2.4,0.48,text 3d pdb,
mers,312,1,1,13,e1emsA1,HIT-related,HIT,2.92,0.48,text 3d pdb,
mers,11,1,1,992,e4hg4M2,Immunoglobulin/Fibronectin type III/E set domains/PapD-like,C1-set_4,2.74,0.48,text 3d pdb,
mers,290,1,1,1,e2xwgC1,Sortase,Sortase,2.01,0.48,text 3d pdb,
mers,223,3,1,17,e3ih8B1,a+b domain in beta-lactamase/transpeptidase-like proteins,Glutaminase_1st,2.63,0.48,text 3d pdb,
mers,11,1,1,992,e4ag4L2,Immunoglobulin/Fibronectin type III/E set domains/PapD-like,C1-set_4,2.65,0.48,text 3d pdb,
mers,290,1,1,1,e3o0pA1,Sortase,Sortase,2.61,0.48,text 3d pdb,
mers,223,3,1,17,e3if5A5,a+b domain in beta-lactamase/transpeptidase-like proteins,Glutaminase_1st,2.69,0.48,text 3d pdb,
mers,11,1,1,992,e3uajL2,Immunoglobulin/Fibronectin type III/E set domains/PapD-like,C1-set_4,2.7,0.48,text 3d pdb,
mers,11,1,1,992,e1hh9A2,Immunoglobulin/Fibronectin type III/E set domains/PapD-like,C1-set_4,2.64,0.48,text 3d pdb,
mers,12,3,1,23,e5mg3C2,supersandwich,YidC_periplas,2.68,0.48,text 3d pdb,
mers,11,1,1,992,e6bdzL1,Immunoglobulin/Fibronectin type III/E set domains/PapD-like,C1-set_4,2.55,0.48,text 3d pdb,
mers,11,1,1,992,e1xguA2,Immunoglobulin/Fibronectin type III/E set domains/PapD-like,C1-set_4,2.59,0.48,text 3d pdb,
mers,3292,1,1,1,e3t81B4,Adenine deaminase 2 C-terminal domain,Adenine_deam_C,2.86,0.48,text 3d pdb,
mers,11,1,1,992,e5mv3J1,Immunoglobulin/Fibronectin type III/E set domains/PapD-like,C1-set_4,2.52,0.48,text 3d pdb,
mers,1,1,1,46,e3aprE1,acid protease,Asp_N,2.4,0.48,text 3d pdb,
mers,11,1,1,992,e1cloL2,Immunoglobulin/Fibronectin type III/E set domains/PapD-like,C1-set_4,2.74,0.48,text 3d pdb,
mers,1,1,1,46,e1uh7A1,acid protease,Asp_N,2.4,0.48,text 3d pdb,
mers,11,1,1,992,e3dsfL2,Immunoglobulin/Fibronectin type III/E set domains/PapD-like,C1-set_4,2.72,0.48,text 3d pdb,
mers,11,1,1,992,e3skjL2,Immunoglobulin/Fibronectin type III/E set domains/PapD-like,C1-set_4,2.66,0.48,text 3d pdb,
mers,11,1,1,992,e6oe4F2,Immunoglobulin/Fibronectin type III/E set domains/PapD-like,C1-set_4,2.65,0.48,text 3d pdb,
mers,11,1,1,992,e1xgpA2,Immunoglobulin/Fibronectin type III/E set domains/PapD-like,C1-set_4,2.6,0.48,text 3d pdb,
mers,290,1,1,1,e3fn5B1,Sortase,Sortase,2.36,0.48,text 3d pdb,
mers,290,1,1,1,e3fn5A1,Sortase,Sortase,2.4,0.48,text 3d pdb,
mers,11,1,1,992,e4whtN2,Immunoglobulin/Fibronectin type III/E set domains/PapD-like,C1-set_4,2.5,0.48,text 3d pdb,
mers,5,1,4,332,e6dyaA1,7-bladed,ANAPC4_WD40_18,2.64,0.48,text 3d pdb,
mers,290,1,1,1,e5k9aA1,Sortase,Sortase,2.66,0.48,text 3d pdb,
mers,11,1,1,992,e1frgL2,Immunoglobulin/Fibronectin type III/E set domains/PapD-like,C1-set_4,2.6,0.48,text 3d pdb,
mers,290,1,1,1,e3rbiA1,Sortase,Sortase,2.34,0.48,text 3d pdb,
mers,11,1,1,114,e5swkD1,Immunoglobulin/Fibronectin type III/E set domains/PapD-like,Inhibitor_I42,2.59,0.48,text 3d pdb,
mers,11,1,1,992,e1ggbL2,Immunoglobulin/Fibronectin type III/E set domains/PapD-like,C1-set_4,2.61,0.48,text 3d pdb,
mers,11,1,1,992,e1nccL2,Immunoglobulin/Fibronectin type III/E set domains/PapD-like,C1-set_4,2.72,0.48,text 3d pdb,
mers,2111,5,1,1,e2lf1A1,Dihydrofolate reductases,DHFR_1,3.19,0.48,text 3d pdb,
mers,11,1,3,1,e5j0cA1,CuZn superoxide dismutase-like,Sod_Cu,2.89,0.48,text 3d pdb,
mers,11,1,1,992,e6bt3C2,Immunoglobulin/Fibronectin type III/E set domains/PapD-like,C1-set_4,2.85,0.48,text 3d pdb,
mers,11,1,1,992,e6bt3G1,Immunoglobulin/Fibronectin type III/E set domains/PapD-like,C1-set_4,2.85,0.48,text 3d pdb,
mers,11,1,1,992,e4aeiL2,Immunoglobulin/Fibronectin type III/E set domains/PapD-like,C1-set_4,2.67,0.48,text 3d pdb,
mers,312,1,1,13,e3p0tA1,HIT-related,HIT,2.48,0.48,text 3d pdb,
mers,11,1,1,992,e2brrL2,Immunoglobulin/Fibronectin type III/E set domains/PapD-like,C1-set_4,2.58,0.48,text 3d pdb,
mers,3292,1,1,1,e3t81A4,Adenine deaminase 2 C-terminal domain,Adenine_deam_C,2.79,0.48,text 3d pdb,
mers,11,1,1,992,e6oe4C2,Immunoglobulin/Fibronectin type III/E set domains/PapD-like,C1-set_4,2.53,0.48,text 3d pdb,
mers,290,1,1,1,e3rbkB1,Sortase,Sortase,2.33,0.48,text 3d pdb,
mers,11,1,1,992,e2brrX2,Immunoglobulin/Fibronectin type III/E set domains/PapD-like,C1-set_4,2.61,0.48,text 3d pdb,
mers,290,1,1,1,e3tbeE1,Sortase,Sortase,1.98,0.48,text 3d pdb,
mers,11,1,1,992,e1op3L2,Immunoglobulin/Fibronectin type III/E set domains/PapD-like,C1-set_4,2.53,0.48,text 3d pdb,
mers,11,1,1,992,e4nhhQ2,Immunoglobulin/Fibronectin type III/E set domains/PapD-like,C1-set_4,2.53,0.48,text 3d pdb,
mers,11,1,1,992,e4nhhL2,Immunoglobulin/Fibronectin type III/E set domains/PapD-like,C1-set_4,2.53,0.48,text 3d pdb,
mers,11,1,1,992,e4nhhG2,Immunoglobulin/Fibronectin type III/E set domains/PapD-like,C1-set_4,2.53,0.48,text 3d pdb,
mers,11,1,1,992,e1yekL2,Immunoglobulin/Fibronectin type III/E set domains/PapD-like,C1-set_4,2.65,0.48,text 3d pdb,
mers,11,1,1,992,e5iblD2,Immunoglobulin/Fibronectin type III/E set domains/PapD-like,C1-set_4,2.69,0.48,text 3d pdb,
mers,312,1,1,13,e3p0tB1,HIT-related,HIT,2.48,0.48,text 3d pdb,
mers,11,1,1,992,e4tprL2,Immunoglobulin/Fibronectin type III/E set domains/PapD-like,C1-set_4,2.61,0.48,text 3d pdb,
mers,11,1,1,992,e5mv3D2,Immunoglobulin/Fibronectin type III/E set domains/PapD-like,C1-set_4,2.7,0.48,text 3d pdb,
mers,290,1,1,1,e3tbeC1,Sortase,Sortase,1.97,0.48,text 3d pdb,
mers,290,1,1,1,e3rbkA1,Sortase,Sortase,2.32,0.48,text 3d pdb,
mers,11,1,1,992,e5iblL1,Immunoglobulin/Fibronectin type III/E set domains/PapD-like,C1-set_4,2.69,0.48,text 3d pdb,
mers,244,1,1,23,e2gmjA2,FAD-linked reductases-C,KOG2415,2.57,0.48,text 3d pdb,
mers,11,1,1,992,e1i9iL2,Immunoglobulin/Fibronectin type III/E set domains/PapD-like,C1-set_4,2.69,0.48,text 3d pdb,
mers,11,1,1,992,e4kvnL1,Immunoglobulin/Fibronectin type III/E set domains/PapD-like,C1-set_4,2.52,0.48,text 3d pdb,
mers,244,1,1,17,e5y66A2,FAD-linked reductases-C,KOG2614,2.09,0.48,text 3d pdb,
mers,11,1,1,992,e1hi6A2,Immunoglobulin/Fibronectin type III/E set domains/PapD-like,C1-set_4,2.67,0.48,text 3d pdb,
mers,11,1,1,992,e4zpvB1,Immunoglobulin/Fibronectin type III/E set domains/PapD-like,C1-set_4,2.63,0.48,text 3d pdb,
mers,11,1,1,992,e2bmkA2,Immunoglobulin/Fibronectin type III/E set domains/PapD-like,C1-set_4,2.64,0.48,text 3d pdb,
mers,11,1,1,992,e1tqcC2,Immunoglobulin/Fibronectin type III/E set domains/PapD-like,C1-set_4,2.64,0.48,text 3d pdb,
mers,11,1,1,992,e1hh6A2,Immunoglobulin/Fibronectin type III/E set domains/PapD-like,C1-set_4,2.66,0.48,text 3d pdb,
mers,11,1,1,992,e1yeiL2,Immunoglobulin/Fibronectin type III/E set domains/PapD-like,C1-set_4,2.66,0.48,text 3d pdb,
mers,11,1,1,992,e3v6zB2,Immunoglobulin/Fibronectin type III/E set domains/PapD-like,C1-set_4,2.55,0.48,text 3d pdb,
mers,290,1,1,1,e4g1jB2,Sortase,Sortase,2.34,0.48,text 3d pdb,
mers,11,1,1,992,e3v6zD2,Immunoglobulin/Fibronectin type III/E set domains/PapD-like,C1-set_4,2.55,0.48,text 3d pdb,
mers,290,1,1,1,e3rbiB1,Sortase,Sortase,2.01,0.48,text 3d pdb,
mers,3292,1,1,1,e3t8lB4,Adenine deaminase 2 C-terminal domain,Adenine_deam_C,2.77,0.48,text 3d pdb,
mers,11,1,1,992,e6eyoM2,Immunoglobulin/Fibronectin type III/E set domains/PapD-like,C1-set_4,2.6,0.48,text 3d pdb,
mers,11,1,1,992,e6bt3E2,Immunoglobulin/Fibronectin type III/E set domains/PapD-like,C1-set_4,2.86,0.48,text 3d pdb,
mers,312,1,1,13,e3lb5D1,HIT-related,HIT,2.87,0.48,text 3d pdb,
mers,11,1,1,992,e3ra7M2,Immunoglobulin/Fibronectin type III/E set domains/PapD-like,C1-set_4,2.67,0.48,text 3d pdb,
mers,11,1,1,992,e1yefL2,Immunoglobulin/Fibronectin type III/E set domains/PapD-like,C1-set_4,2.64,0.48,text 3d pdb,
mers,11,1,1,992,e2iqaL2,Immunoglobulin/Fibronectin type III/E set domains/PapD-like,C1-set_4,2.7,0.48,text 3d pdb,
mers,11,1,1,992,e5lqbL2,Immunoglobulin/Fibronectin type III/E set domains/PapD-like,C1-set_4,2.71,0.48,text 3d pdb,
mers,290,1,1,1,e3rbjA1,Sortase,Sortase,2.38,0.48,text 3d pdb,
mers,11,1,1,992,e5b6fE1,Immunoglobulin/Fibronectin type III/E set domains/PapD-like,C1-set_4,2.66,0.48,text 3d pdb,
mers,11,1,1,992,e4lvoB1,Immunoglobulin/Fibronectin type III/E set domains/PapD-like,C1-set_4,2.62,0.48,text 3d pdb,
mers,11,1,1,992,e5bk0A2,Immunoglobulin/Fibronectin type III/E set domains/PapD-like,C1-set_4,2.52,0.48,text 3d pdb,
mers,11,1,1,992,e6njmK1,Immunoglobulin/Fibronectin type III/E set domains/PapD-like,C1-set_4,2.68,0.48,text 3d pdb,
mers,290,1,1,1,e3tbeD1,Sortase,Sortase,2.65,0.48,text 3d pdb,
mers,11,1,1,992,e4fg6F2,Immunoglobulin/Fibronectin type III/E set domains/PapD-like,C1-set_4,2.53,0.48,text 3d pdb,
mers,290,1,1,1,e3rccO1,Sortase,Sortase,2.27,0.48,text 3d pdb,
mers,11,1,1,992,e6bt3A1,Immunoglobulin/Fibronectin type III/E set domains/PapD-like,C1-set_4,2.85,0.48,text 3d pdb,
mers,11,1,1,992,e1yejL2,Immunoglobulin/Fibronectin type III/E set domains/PapD-like,C1-set_4,2.67,0.48,text 3d pdb,
mers,290,1,1,1,e3tbeA1,Sortase,Sortase,1.99,0.48,text 3d pdb,
mers,290,1,1,1,e3tbeF1,Sortase,Sortase,1.98,0.48,text 3d pdb,
mers,2003,1,5,86,e3eeyD1,S-adenosyl-L-methionine-dependent methyltransferases,Methyltransf_11_2,2.9,0.48,text 3d pdb,
mers,12,3,1,23,e6al2A1,supersandwich,YidC_periplas,2.67,0.47,text 3d pdb,
mers,11,1,1,992,e6njmO2,Immunoglobulin/Fibronectin type III/E set domains/PapD-like,C1-set_4,2.67,0.47,text 3d pdb,
mers,220,1,1,34,e5zz9C1,PH domain-like,WH1,2.78,0.47,text 3d pdb,
mers,11,1,1,992,e4m7zC2,Immunoglobulin/Fibronectin type III/E set domains/PapD-like,C1-set_4,2.59,0.47,text 3d pdb,
mers,11,1,1,992,e4xbpF2,Immunoglobulin/Fibronectin type III/E set domains/PapD-like,C1-set_4,2.54,0.47,text 3d pdb,
mers,11,1,1,992,e5mv4J1,Immunoglobulin/Fibronectin type III/E set domains/PapD-like,C1-set_4,2.68,0.47,text 3d pdb,
mers,304,110,1,1,e3trgA1,Acylphosphatase-like,Acylphosphatase,1.88,0.47,text 3d pdb,
mers,290,1,1,1,e4g1jA1,Sortase,Sortase,1.98,0.47,text 3d pdb,
mers,11,1,1,992,e5mv3B1,Immunoglobulin/Fibronectin type III/E set domains/PapD-like,C1-set_4,2.7,0.47,text 3d pdb,
mers,2111,27,1,24,e5lw0B1,Macro domain-like,Macro,2.74,0.47,text 3d pdb,
mers,223,3,1,17,e3ageB2,a+b domain in beta-lactamase/transpeptidase-like proteins,Glutaminase_1st,2.56,0.47,text 3d pdb,
mers,11,1,1,992,e2hmiC2,Immunoglobulin/Fibronectin type III/E set domains/PapD-like,C1-set_4,2.66,0.47,text 3d pdb,
mers,11,1,1,992,e5mp5B2,Immunoglobulin/Fibronectin type III/E set domains/PapD-like,C1-set_4,2.67,0.47,text 3d pdb,
mers,223,3,1,17,e3ihbA3,a+b domain in beta-lactamase/transpeptidase-like proteins,Glutaminase_1st,2.67,0.47,text 3d pdb,
mers,11,1,1,992,e6flaL2,Immunoglobulin/Fibronectin type III/E set domains/PapD-like,C1-set_4,2.7,0.47,text 3d pdb,
mers,290,1,1,1,e4g1hA1,Sortase,Sortase,1.98,0.47,text 3d pdb,
mers,11,1,1,992,e6eleB2,Immunoglobulin/Fibronectin type III/E set domains/PapD-like,C1-set_4,2.75,0.47,text 3d pdb,
mers,11,1,1,992,e6by3B2,Immunoglobulin/Fibronectin type III/E set domains/PapD-like,C1-set_4,2.62,0.47,text 3d pdb,
mers,11,1,1,992,e1yecL2,Immunoglobulin/Fibronectin type III/E set domains/PapD-like,C1-set_4,2.68,0.47,text 3d pdb,
mers,11,1,1,992,e5vzrL2,Immunoglobulin/Fibronectin type III/E set domains/PapD-like,C1-set_4,2.67,0.47,text 3d pdb,
mers,11,1,1,992,e5mu2N2,Immunoglobulin/Fibronectin type III/E set domains/PapD-like,C1-set_4,2.6,0.47,text 3d pdb,
mers,11,1,1,992,e1orqA2,Immunoglobulin/Fibronectin type III/E set domains/PapD-like,C1-set_4,2.78,0.47,text 3d pdb,
mers,882,1,1,2,e3d7aA1,Ribosomal protein L5,RNA_binding,2.34,0.47,text 3d pdb,
mers,11,1,1,992,e5x8lL1,Immunoglobulin/Fibronectin type III/E set domains/PapD-like,C1-set_4,2.52,0.47,text 3d pdb,
mers,11,1,1,992,e5mv4G1,Immunoglobulin/Fibronectin type III/E set domains/PapD-like,C1-set_4,2.7,0.47,text 3d pdb,
mers,11,1,1,992,e1opgL2,Immunoglobulin/Fibronectin type III/E set domains/PapD-like,C1-set_4,2.67,0.47,text 3d pdb,
mers,11,1,1,992,e5mu2D1,Immunoglobulin/Fibronectin type III/E set domains/PapD-like,C1-set_4,2.6,0.47,text 3d pdb,
mers,11,1,1,992,e5mu2F1,Immunoglobulin/Fibronectin type III/E set domains/PapD-like,C1-set_4,2.6,0.47,text 3d pdb,
mers,11,1,1,992,e2gsiE2,Immunoglobulin/Fibronectin type III/E set domains/PapD-like,C1-set_4,2.65,0.47,text 3d pdb,
mers,223,3,1,17,e3ageA3,a+b domain in beta-lactamase/transpeptidase-like proteins,Glutaminase_1st,2.56,0.47,text 3d pdb,
mers,11,1,1,992,e1yehL2,Immunoglobulin/Fibronectin type III/E set domains/PapD-like,C1-set_4,2.66,0.47,text 3d pdb,
mers,11,1,1,992,e1fl3L2,Immunoglobulin/Fibronectin type III/E set domains/PapD-like,C1-set_4,2.34,0.47,text 3d pdb,
mers,11,1,1,992,e1iaiM2,Immunoglobulin/Fibronectin type III/E set domains/PapD-like,C1-set_4,2.68,0.47,text 3d pdb,
mers,11,1,1,992,e4gagL1,Immunoglobulin/Fibronectin type III/E set domains/PapD-like,C1-set_4,2.71,0.47,text 3d pdb,
mers,11,1,1,992,e5jorC2,Immunoglobulin/Fibronectin type III/E set domains/PapD-like,C1-set_4,2.73,0.47,text 3d pdb,
mers,11,1,1,992,e2z92B2,Immunoglobulin/Fibronectin type III/E set domains/PapD-like,C1-set_4,2.64,0.47,text 3d pdb,
mers,11,1,1,992,e5ywfC2,Immunoglobulin/Fibronectin type III/E set domains/PapD-like,C1-set_4,2.69,0.47,text 3d pdb,
mers,11,1,1,992,e2htlF2,Immunoglobulin/Fibronectin type III/E set domains/PapD-like,C1-set_4,2.64,0.47,text 3d pdb,
mers,11,1,1,992,e5mv4S1,Immunoglobulin/Fibronectin type III/E set domains/PapD-like,C1-set_4,2.69,0.47,text 3d pdb,
mers,11,1,1,992,e2r0zL2,Immunoglobulin/Fibronectin type III/E set domains/PapD-like,C1-set_4,2.6,0.47,text 3d pdb,
mers,11,1,1,992,e1k6qL2,Immunoglobulin/Fibronectin type III/E set domains/PapD-like,C1-set_4,2.8,0.47,text 3d pdb,
mers,11,1,1,992,e4m93L2,Immunoglobulin/Fibronectin type III/E set domains/PapD-like,C1-set_4,2.62,0.47,text 3d pdb,
mers,11,1,1,992,e5nbwL2,Immunoglobulin/Fibronectin type III/E set domains/PapD-like,C1-set_4,2.69,0.47,text 3d pdb,
mers,223,3,1,17,e3agdB2,a+b domain in beta-lactamase/transpeptidase-like proteins,Glutaminase_1st,2.58,0.47,text 3d pdb,
mers,11,1,1,992,e5mv4V2,Immunoglobulin/Fibronectin type III/E set domains/PapD-like,C1-set_4,2.69,0.47,text 3d pdb,
mers,11,1,1,992,e5eziL2,Immunoglobulin/Fibronectin type III/E set domains/PapD-like,C1-set_4,2.66,0.47,text 3d pdb,
mers,11,1,1,992,e4qwwE1,Immunoglobulin/Fibronectin type III/E set domains/PapD-like,C1-set_4,2.65,0.47,text 3d pdb,
mers,11,1,1,992,e6dc7L1,Immunoglobulin/Fibronectin type III/E set domains/PapD-like,C1-set_4,2.75,0.47,text 3d pdb,
mers,11,1,1,992,e2ny5L2,Immunoglobulin/Fibronectin type III/E set domains/PapD-like,C1-set_4,2.56,0.47,text 3d pdb,
mers,11,1,1,992,e4ffwL2,Immunoglobulin/Fibronectin type III/E set domains/PapD-like,C1-set_4,1.97,0.47,text 3d pdb,
mers,11,1,1,992,e1f58L2,Immunoglobulin/Fibronectin type III/E set domains/PapD-like,C1-set_4,2.64,0.47,text 3d pdb,
mers,11,1,1,992,e5cp7G1,Immunoglobulin/Fibronectin type III/E set domains/PapD-like,C1-set_4,2.37,0.47,text 3d pdb,
mers,11,1,1,992,e5mu2B2,Immunoglobulin/Fibronectin type III/E set domains/PapD-like,C1-set_4,2.61,0.47,text 3d pdb,
mers,223,3,1,17,e3agdA2,a+b domain in beta-lactamase/transpeptidase-like proteins,Glutaminase_1st,2.55,0.47,text 3d pdb,
mers,11,1,1,992,e6emjB2,Immunoglobulin/Fibronectin type III/E set domains/PapD-like,C1-set_4,2.75,0.47,text 3d pdb,
mers,11,1,1,992,e4qwwC1,Immunoglobulin/Fibronectin type III/E set domains/PapD-like,C1-set_4,2.65,0.47,text 3d pdb,
mers,290,1,1,1,e3tbeB1,Sortase,Sortase,1.99,0.47,text 3d pdb,
mers,11,1,1,992,e1p7kA2,Immunoglobulin/Fibronectin type III/E set domains/PapD-like,C1-set_4,2.68,0.47,text 3d pdb,
mers,11,1,1,992,e4m7zL2,Immunoglobulin/Fibronectin type III/E set domains/PapD-like,C1-set_4,2.6,0.47,text 3d pdb,
mers,223,3,1,17,e3ihaA2,a+b domain in beta-lactamase/transpeptidase-like proteins,Glutaminase_1st,2.7,0.47,text 3d pdb,
mers,11,1,1,992,e5mu2L2,Immunoglobulin/Fibronectin type III/E set domains/PapD-like,C1-set_4,2.59,0.47,text 3d pdb,
mers,11,1,1,992,e5vigL1,Immunoglobulin/Fibronectin type III/E set domains/PapD-like,C1-set_4,2.57,0.47,text 3d pdb,
mers,11,1,1,992,e5mv4B2,Immunoglobulin/Fibronectin type III/E set domains/PapD-like,C1-set_4,2.69,0.47,text 3d pdb,
mers,11,1,1,992,e5vigB2,Immunoglobulin/Fibronectin type III/E set domains/PapD-like,C1-set_4,2.57,0.47,text 3d pdb,
mers,11,1,1,992,e4bz1L1,Immunoglobulin/Fibronectin type III/E set domains/PapD-like,C1-set_4,2.7,0.47,text 3d pdb,
mers,11,1,1,992,e5mv3M2,Immunoglobulin/Fibronectin type III/E set domains/PapD-like,C1-set_4,2.75,0.47,text 3d pdb,
mers,11,1,1,992,e5mu2J2,Immunoglobulin/Fibronectin type III/E set domains/PapD-like,C1-set_4,2.59,0.47,text 3d pdb,
mers,11,1,1,992,e4ki5D1,Immunoglobulin/Fibronectin type III/E set domains/PapD-like,C1-set_4,2.69,0.47,text 3d pdb,
mers,11,1,1,992,e1blnA2,Immunoglobulin/Fibronectin type III/E set domains/PapD-like,C1-set_4,2.49,0.47,text 3d pdb,
mers,11,1,1,992,e1ghfL2,Immunoglobulin/Fibronectin type III/E set domains/PapD-like,C1-set_4,2.66,0.47,text 3d pdb,
mers,12,3,1,23,e3wvfA1,supersandwich,YidC_periplas,2.65,0.47,text 3d pdb,
mers,11,1,1,992,e1ifhL2,Immunoglobulin/Fibronectin type III/E set domains/PapD-like,C1-set_4,2.65,0.47,text 3d pdb,
mers,11,1,1,992,e1blnC2,Immunoglobulin/Fibronectin type III/E set domains/PapD-like,C1-set_4,2.5,0.47,text 3d pdb,
mers,223,3,1,17,e3ih9A3,a+b domain in beta-lactamase/transpeptidase-like proteins,Glutaminase_1st,2.7,0.47,text 3d pdb,
mers,11,1,1,992,e6mtqL1,Immunoglobulin/Fibronectin type III/E set domains/PapD-like,C1-set_4,2.69,0.47,text 3d pdb,
mers,11,1,1,992,e5mu2P1,Immunoglobulin/Fibronectin type III/E set domains/PapD-like,C1-set_4,2.59,0.47,text 3d pdb,
mers,11,1,1,992,e5mv4P2,Immunoglobulin/Fibronectin type III/E set domains/PapD-like,C1-set_4,2.69,0.47,text 3d pdb,
mers,11,1,1,992,e4tqeL2,Immunoglobulin/Fibronectin type III/E set domains/PapD-like,C1-set_4,2.64,0.47,text 3d pdb,
mers,11,1,1,992,e5mv4D1,Immunoglobulin/Fibronectin type III/E set domains/PapD-like,C1-set_4,2.69,0.47,text 3d pdb,
mers,11,1,1,992,e5mubV1,Immunoglobulin/Fibronectin type III/E set domains/PapD-like,C1-set_4,2.68,0.47,text 3d pdb,
mers,11,1,1,992,e4oiiL2,Immunoglobulin/Fibronectin type III/E set domains/PapD-like,C1-set_4,2.73,0.47,text 3d pdb,
mers,11,1,1,992,e3fo9L2,Immunoglobulin/Fibronectin type III/E set domains/PapD-like,C1-set_4,2.71,0.47,text 3d pdb,
mers,11,1,1,992,e4oiiM2,Immunoglobulin/Fibronectin type III/E set domains/PapD-like,C1-set_4,2.73,0.47,text 3d pdb,
mers,2003,1,5,86,e3eeyI1,S-adenosyl-L-methionine-dependent methyltransferases,Methyltransf_11_2,2.69,0.47,text 3d pdb,
mers,11,1,1,992,e6ewbI2,Immunoglobulin/Fibronectin type III/E set domains/PapD-like,C1-set_4,2.71,0.47,text 3d pdb,
mers,11,1,1,992,e1xf3A2,Immunoglobulin/Fibronectin type III/E set domains/PapD-like,C1-set_4,2.49,0.47,text 3d pdb,
mers,223,3,1,17,e3ih9B3,a+b domain in beta-lactamase/transpeptidase-like proteins,Glutaminase_1st,2.68,0.47,text 3d pdb,
mers,11,1,1,992,e5mu2H1,Immunoglobulin/Fibronectin type III/E set domains/PapD-like,C1-set_4,2.6,0.47,text 3d pdb,
mers,11,1,1,992,e5vqmC2,Immunoglobulin/Fibronectin type III/E set domains/PapD-like,C1-set_4,2.55,0.47,text 3d pdb,
mers,11,1,1,992,e5mubM2,Immunoglobulin/Fibronectin type III/E set domains/PapD-like,C1-set_4,2.68,0.47,text 3d pdb,
mers,11,1,1,992,e6aq7L2,Immunoglobulin/Fibronectin type III/E set domains/PapD-like,C1-set_4,2.67,0.47,text 3d pdb,
mers,304,58,1,2,e4wl1D1,FepE-like,PRK10381,2.54,0.47,text 3d pdb,
mers,11,1,1,992,e5hd8D2,Immunoglobulin/Fibronectin type III/E set domains/PapD-like,C1-set_4,2.69,0.47,text 3d pdb,
mers,11,1,1,992,e5h35I2,Immunoglobulin/Fibronectin type III/E set domains/PapD-like,C1-set_4,2.74,0.47,text 3d pdb,
mers,11,1,1,992,e1mhpL2,Immunoglobulin/Fibronectin type III/E set domains/PapD-like,C1-set_4,2.59,0.47,text 3d pdb,
mers,290,1,1,1,e2w1jB1,Sortase,Sortase,2.03,0.47,text 3d pdb,
mers,11,1,1,992,e1i8mL2,Immunoglobulin/Fibronectin type III/E set domains/PapD-like,C1-set_4,2.71,0.47,text 3d pdb,
mers,11,1,1,992,e6c5iL1,Immunoglobulin/Fibronectin type III/E set domains/PapD-like,C1-set_4,2.68,0.47,text 3d pdb,
mers,11,1,1,992,e3eysL2,Immunoglobulin/Fibronectin type III/E set domains/PapD-like,C1-set_4,2.68,0.47,text 3d pdb,
mers,11,1,1,992,e2ok0L2,Immunoglobulin/Fibronectin type III/E set domains/PapD-like,C1-set_4,2.65,0.47,text 3d pdb,
mers,290,1,1,1,e2wtsA1,Sortase,Sortase,2.05,0.47,text 3d pdb,
mers,11,1,1,992,e2aabL2,Immunoglobulin/Fibronectin type III/E set domains/PapD-like,C1-set_4,2.68,0.47,text 3d pdb,
mers,11,1,1,992,e3cfbA2,Immunoglobulin/Fibronectin type III/E set domains/PapD-like,C1-set_4,2.67,0.47,text 3d pdb,
mers,11,1,1,992,e4gayB2,Immunoglobulin/Fibronectin type III/E set domains/PapD-like,C1-set_4,2.7,0.47,text 3d pdb,
mers,11,1,1,992,e1igiL2,Immunoglobulin/Fibronectin type III/E set domains/PapD-like,C1-set_4,2.61,0.47,text 3d pdb,
mers,11,1,1,992,e2dwdB2,Immunoglobulin/Fibronectin type III/E set domains/PapD-like,C1-set_4,2.62,0.47,text 3d pdb,
mers,11,1,1,992,e25c8L2,Immunoglobulin/Fibronectin type III/E set domains/PapD-like,C1-set_4,2.68,0.47,text 3d pdb,
mers,11,1,1,992,e5mubB2,Immunoglobulin/Fibronectin type III/E set domains/PapD-like,C1-set_4,2.68,0.47,text 3d pdb,
mers,11,1,1,992,e1cicC2,Immunoglobulin/Fibronectin type III/E set domains/PapD-like,C1-set_4,2.68,0.47,text 3d pdb,
mers,864,1,1,2,e1xdxB1,DLC,Tctex-1,2.49,0.47,text 3d pdb,
mers,864,1,1,2,e1xdxA1,DLC,Tctex-1,2.49,0.47,text 3d pdb,
mers,11,1,1,992,e5wtgC2,Immunoglobulin/Fibronectin type III/E set domains/PapD-like,C1-set_4,2.72,0.47,text 3d pdb,
mers,11,1,1,992,e5mubJ1,Immunoglobulin/Fibronectin type III/E set domains/PapD-like,C1-set_4,2.68,0.47,text 3d pdb,
mers,11,1,1,992,e5mubG1,Immunoglobulin/Fibronectin type III/E set domains/PapD-like,C1-set_4,2.68,0.47,text 3d pdb,
mers,5,1,4,327,e6az1g1,7-bladed,ANAPC4_WD40_10,3.22,0.47,text 3d pdb,
mers,11,1,1,992,e5b6fG2,Immunoglobulin/Fibronectin type III/E set domains/PapD-like,C1-set_4,2.74,0.47,text 3d pdb,
mers,10,1,2,231,e6mvfD4,Galactose-binding domain-like,Glyco_hydro_2_N,2.73,0.47,text 3d pdb,
mers,11,1,1,992,e3ze0L2,Immunoglobulin/Fibronectin type III/E set domains/PapD-like,C1-set_4,2.67,0.47,text 3d pdb,
mers,11,2,1,33,e1cjyA1,C2 domain,C2_1,2.73,0.47,text 3d pdb,
mers,11,1,1,992,e3v0wL2,Immunoglobulin/Fibronectin type III/E set domains/PapD-like,C1-set_4,2.72,0.47,text 3d pdb,
mers,11,1,1,992,e5w5xL2,Immunoglobulin/Fibronectin type III/E set domains/PapD-like,C1-set_4,2.7,0.47,text 3d pdb,
mers,11,1,1,992,e1qbmL2,Immunoglobulin/Fibronectin type III/E set domains/PapD-like,C1-set_4,2.67,0.47,text 3d pdb,
mers,71,1,1,4,e2w7qA1,Lipoprotein localization factors LolAB,LolA,2.82,0.47,text 3d pdb,
mers,11,1,1,992,e3clfL2,Immunoglobulin/Fibronectin type III/E set domains/PapD-like,C1-set_4,2.67,0.47,text 3d pdb,
mers,11,1,1,992,e5h35G1,Immunoglobulin/Fibronectin type III/E set domains/PapD-like,C1-set_4,2.68,0.47,text 3d pdb,
mers,11,1,1,992,e3sdyL2,Immunoglobulin/Fibronectin type III/E set domains/PapD-like,C1-set_4,2.73,0.47,text 3d pdb,
mers,11,1,1,992,e1s5iL2,Immunoglobulin/Fibronectin type III/E set domains/PapD-like,C1-set_4,2.69,0.47,text 3d pdb,
mers,11,1,1,992,e3gi9L2,Immunoglobulin/Fibronectin type III/E set domains/PapD-like,C1-set_4,2.72,0.47,text 3d pdb,
mers,11,1,1,992,e4nryB2,Immunoglobulin/Fibronectin type III/E set domains/PapD-like,C1-set_4,2.45,0.47,text 3d pdb,
mers,11,1,1,992,e1c5dA2,Immunoglobulin/Fibronectin type III/E set domains/PapD-like,C1-set_4,2.65,0.47,text 3d pdb,
mers,290,1,1,1,e6bweB1,Sortase,Sortase,2.65,0.47,text 3d pdb,
mers,11,1,1,992,e2r1wA2,Immunoglobulin/Fibronectin type III/E set domains/PapD-like,C1-set_4,2.22,0.47,text 3d pdb,
mers,11,1,1,992,e3g5xC2,Immunoglobulin/Fibronectin type III/E set domains/PapD-like,C1-set_4,2.68,0.47,text 3d pdb,
mers,11,1,1,992,e2ak1L2,Immunoglobulin/Fibronectin type III/E set domains/PapD-like,C1-set_4,2.71,0.47,text 3d pdb,
mers,11,1,1,992,e3g5yA2,Immunoglobulin/Fibronectin type III/E set domains/PapD-like,C1-set_4,2.66,0.47,text 3d pdb,
mers,11,1,1,992,e5mvjD1,Immunoglobulin/Fibronectin type III/E set domains/PapD-like,C1-set_4,2.67,0.47,text 3d pdb,
mers,11,1,1,992,e4kvcL1,Immunoglobulin/Fibronectin type III/E set domains/PapD-like,C1-set_4,2.71,0.47,text 3d pdb,
mers,11,1,1,992,e1otsF2,Immunoglobulin/Fibronectin type III/E set domains/PapD-like,C1-set_4,2.66,0.47,text 3d pdb,
mers,11,1,1,992,e6d01F1,Immunoglobulin/Fibronectin type III/E set domains/PapD-like,C1-set_4,2.72,0.47,text 3d pdb,
mers,11,1,1,992,e6bitK2,Immunoglobulin/Fibronectin type III/E set domains/PapD-like,C1-set_4,2.76,0.47,text 3d pdb,
mers,12,3,1,23,e6al2B2,supersandwich,YidC_periplas,2.68,0.47,text 3d pdb,
mers,11,1,1,992,e2r9hF2,Immunoglobulin/Fibronectin type III/E set domains/PapD-like,C1-set_4,2.7,0.47,text 3d pdb,
mers,11,1,1,992,e4z7nF1,Immunoglobulin/Fibronectin type III/E set domains/PapD-like,C1-set_4,2.68,0.47,text 3d pdb,
mers,11,1,1,992,e3opzN2,Immunoglobulin/Fibronectin type III/E set domains/PapD-like,C1-set_4,2.68,0.47,text 3d pdb,
mers,11,1,1,992,e5mp1L2,Immunoglobulin/Fibronectin type III/E set domains/PapD-like,C1-set_4,2.66,0.47,text 3d pdb,
mers,11,1,1,992,e4odwB1,Immunoglobulin/Fibronectin type III/E set domains/PapD-like,C1-set_4,2.76,0.47,text 3d pdb,
mers,11,1,1,992,e5mv4M1,Immunoglobulin/Fibronectin type III/E set domains/PapD-like,C1-set_4,2.7,0.47,text 3d pdb,
mers,304,4,1,2,e2efqA2,Dimeric alpha+beta barrel,AsnC_trans_reg,2.39,0.47,text 3d pdb,
mers,11,1,1,992,e5usiL2,Immunoglobulin/Fibronectin type III/E set domains/PapD-like,C1-set_4,2.71,0.47,text 3d pdb,
mers,11,1,1,992,e4kjpF1,Immunoglobulin/Fibronectin type III/E set domains/PapD-like,C1-set_4,2.7,0.47,text 3d pdb,
mers,11,1,1,992,e5mvjB2,Immunoglobulin/Fibronectin type III/E set domains/PapD-like,C1-set_4,2.69,0.47,text 3d pdb,
mers,11,1,1,992,e1v7nN2,Immunoglobulin/Fibronectin type III/E set domains/PapD-like,C1-set_4,2.68,0.47,text 3d pdb,
mers,11,1,1,992,e1ynlL2,Immunoglobulin/Fibronectin type III/E set domains/PapD-like,C1-set_4,2.73,0.47,text 3d pdb,
mers,11,1,1,992,e5usiB2,Immunoglobulin/Fibronectin type III/E set domains/PapD-like,C1-set_4,2.71,0.47,text 3d pdb,
mers,11,1,1,992,e1himH2,Immunoglobulin/Fibronectin type III/E set domains/PapD-like,C1-set_4,2.66,0.47,text 3d pdb,
mers,11,1,1,992,e6flaB1,Immunoglobulin/Fibronectin type III/E set domains/PapD-like,C1-set_4,2.75,0.47,text 3d pdb,
mers,11,1,1,992,e4xcyK2,Immunoglobulin/Fibronectin type III/E set domains/PapD-like,C1-set_4,2.97,0.47,text 3d pdb,
mers,11,1,1,992,e4zsoA2,Immunoglobulin/Fibronectin type III/E set domains/PapD-like,C1-set_4,2.76,0.47,text 3d pdb,
mers,11,1,1,992,e2ai0M2,Immunoglobulin/Fibronectin type III/E set domains/PapD-like,C1-set_4,2.83,0.47,text 3d pdb,
mers,11,1,1,992,e5dmiL2,Immunoglobulin/Fibronectin type III/E set domains/PapD-like,C1-set_4,2.76,0.47,text 3d pdb,
mers,11,1,1,992,e5mv3P1,Immunoglobulin/Fibronectin type III/E set domains/PapD-like,C1-set_4,2.74,0.47,text 3d pdb,
mers,11,1,1,992,e5mubS1,Immunoglobulin/Fibronectin type III/E set domains/PapD-like,C1-set_4,2.69,0.47,text 3d pdb,
mers,11,1,1,992,e1q9wC2,Immunoglobulin/Fibronectin type III/E set domains/PapD-like,C1-set_4,2.76,0.47,text 3d pdb,
mers,11,1,1,992,e4idjL1,Immunoglobulin/Fibronectin type III/E set domains/PapD-like,C1-set_4,2.73,0.47,text 3d pdb,
mers,11,1,1,992,e3o45B2,Immunoglobulin/Fibronectin type III/E set domains/PapD-like,C1-set_4,2.72,0.47,text 3d pdb,
mers,290,1,1,1,e2wtsB1,Sortase,Sortase,2.03,0.47,text 3d pdb,
mers,11,1,1,992,e5a3iH1,Immunoglobulin/Fibronectin type III/E set domains/PapD-like,C1-set_4,2.74,0.47,text 3d pdb,
mers,11,1,1,992,e2gfbK2,Immunoglobulin/Fibronectin type III/E set domains/PapD-like,C1-set_4,2.68,0.47,text 3d pdb,
mers,11,1,1,992,e6bzuF2,Immunoglobulin/Fibronectin type III/E set domains/PapD-like,C1-set_4,2.59,0.47,text 3d pdb,
mers,11,1,1,992,e3bgfL2,Immunoglobulin/Fibronectin type III/E set domains/PapD-like,C1-set_4,2.71,0.47,text 3d pdb,
mers,10,1,2,231,e6mvfC1,Galactose-binding domain-like,Glyco_hydro_2_N,2.72,0.47,text 3d pdb,
mers,11,1,1,992,e6idhL2,Immunoglobulin/Fibronectin type III/E set domains/PapD-like,C1-set_4,2.69,0.47,text 3d pdb,
mers,11,1,1,992,e1himJ2,Immunoglobulin/Fibronectin type III/E set domains/PapD-like,C1-set_4,2.68,0.47,text 3d pdb,
mers,11,1,1,992,e3r06A2,Immunoglobulin/Fibronectin type III/E set domains/PapD-like,C1-set_4,2.62,0.47,text 3d pdb,
mers,11,1,1,992,e5mvjL1,Immunoglobulin/Fibronectin type III/E set domains/PapD-like,C1-set_4,2.45,0.47,text 3d pdb,
mers,304,4,1,36,e3mcsB3,Dimeric alpha+beta barrel,ABM,2.19,0.47,text 3d pdb,
mers,11,1,1,992,e2htkD2,Immunoglobulin/Fibronectin type III/E set domains/PapD-like,C1-set_4,2.73,0.47,text 3d pdb,
mers,11,1,1,992,e3opzM2,Immunoglobulin/Fibronectin type III/E set domains/PapD-like,C1-set_4,2.67,0.47,text 3d pdb,
mers,11,1,1,992,e3vi3E2,Immunoglobulin/Fibronectin type III/E set domains/PapD-like,C1-set_4,2.7,0.47,text 3d pdb,
mers,11,1,1,992,e3t3mF2,Immunoglobulin/Fibronectin type III/E set domains/PapD-like,C1-set_4,2.69,0.47,text 3d pdb,
mers,11,1,1,992,e3zdzL2,Immunoglobulin/Fibronectin type III/E set domains/PapD-like,C1-set_4,2.67,0.47,text 3d pdb,
mers,11,1,1,992,e3i02C4,Immunoglobulin/Fibronectin type III/E set domains/PapD-like,C1-set_4,2.45,0.47,text 3d pdb,
mers,331,2,1,5,e2dkcA1,Phosphoglucomutase C-terminal domain,PGM_PMM_IV,1.9,0.47,text 3d pdb,
mers,11,1,1,992,e2gfbO2,Immunoglobulin/Fibronectin type III/E set domains/PapD-like,C1-set_4,2.68,0.47,text 3d pdb,
mers,11,1,1,992,e5fuoL2,Immunoglobulin/Fibronectin type III/E set domains/PapD-like,C1-set_4,2.7,0.47,text 3d pdb,
mers,11,1,1,992,e4u1gF1,Immunoglobulin/Fibronectin type III/E set domains/PapD-like,C1-set_4,2.72,0.47,text 3d pdb,
mers,11,1,1,992,e6c6xB2,Immunoglobulin/Fibronectin type III/E set domains/PapD-like,C1-set_4,2.79,0.47,text 3d pdb,
mers,304,8,1,97,e5gv2C5,ACT-like,EUF08352,2.27,0.47,text 3d pdb,
mers,11,1,1,992,e1mamL2,Immunoglobulin/Fibronectin type III/E set domains/PapD-like,C1-set_4,2.69,0.47,text 3d pdb,
mers,11,1,1,992,e3oz9L2,Immunoglobulin/Fibronectin type III/E set domains/PapD-like,C1-set_4,2.72,0.47,text 3d pdb,
mers,11,1,1,992,e5x4gB1,Immunoglobulin/Fibronectin type III/E set domains/PapD-like,C1-set_4,2.75,0.47,text 3d pdb,
mers,11,1,1,992,e4kk9D1,Immunoglobulin/Fibronectin type III/E set domains/PapD-like,C1-set_4,2.7,0.47,text 3d pdb,
mers,11,1,1,992,e1bafL2,Immunoglobulin/Fibronectin type III/E set domains/PapD-like,C1-set_4,2.66,0.47,text 3d pdb,
mers,11,1,1,992,e2htkF2,Immunoglobulin/Fibronectin type III/E set domains/PapD-like,C1-set_4,2.73,0.47,text 3d pdb,
mers,11,1,1,992,e1gpoM2,Immunoglobulin/Fibronectin type III/E set domains/PapD-like,C1-set_4,2.41,0.47,text 3d pdb,
mers,11,1,1,992,e4kkcF1,Immunoglobulin/Fibronectin type III/E set domains/PapD-like,C1-set_4,2.7,0.47,text 3d pdb,
mers,11,1,1,992,e5xhfC2,Immunoglobulin/Fibronectin type III/E set domains/PapD-like,C1-set_4,2.77,0.47,text 3d pdb,
mers,11,1,1,992,e3uluE2,Immunoglobulin/Fibronectin type III/E set domains/PapD-like,C1-set_4,2.65,0.47,text 3d pdb,
mers,11,1,1,992,e3bpcA2,Immunoglobulin/Fibronectin type III/E set domains/PapD-like,C1-set_4,2.23,0.47,text 3d pdb,
mers,304,109,1,1,e2wdnX1,Ribosomal proteins S24e L23 and L15e,Ribosomal_L23_2,2.58,0.47,text 3d pdb,
mers,304,109,1,1,e4v5dDX1,Ribosomal proteins S24e L23 and L15e,Ribosomal_L23_2,2.58,0.47,text 3d pdb,
mers,11,1,1,992,e5mi0C2,Immunoglobulin/Fibronectin type III/E set domains/PapD-like,C1-set_4,2.71,0.47,text 3d pdb,
mers,11,1,1,992,e4dgiL2,Immunoglobulin/Fibronectin type III/E set domains/PapD-like,C1-set_4,2.73,0.47,text 3d pdb,
mers,304,109,1,1,e2wdlX1,Ribosomal proteins S24e L23 and L15e,Ribosomal_L23_2,2.58,0.47,text 3d pdb,
mers,304,109,1,1,e4v5dBX1,Ribosomal proteins S24e L23 and L15e,Ribosomal_L23_2,2.58,0.47,text 3d pdb,
mers,11,1,1,992,e1xgqA2,Immunoglobulin/Fibronectin type III/E set domains/PapD-like,C1-set_4,2.66,0.47,text 3d pdb,
mers,290,1,1,1,e3fn7A1,Sortase,Sortase,2.31,0.47,text 3d pdb,
mers,11,1,1,992,e2gfbI2,Immunoglobulin/Fibronectin type III/E set domains/PapD-like,C1-set_4,2.69,0.47,text 3d pdb,
mers,304,4,1,2,e2efoA2,Dimeric alpha+beta barrel,AsnC_trans_reg,2.4,0.47,text 3d pdb,
mers,11,1,1,992,e3stzB2,Immunoglobulin/Fibronectin type III/E set domains/PapD-like,C1-set_4,2.61,0.47,text 3d pdb,
mers,11,1,1,992,e2ddqL2,Immunoglobulin/Fibronectin type III/E set domains/PapD-like,C1-set_4,2.69,0.47,text 3d pdb,
mers,11,1,1,992,e3zdxL2,Immunoglobulin/Fibronectin type III/E set domains/PapD-like,C1-set_4,2.67,0.47,text 3d pdb,
mers,11,1,1,992,e5h35B1,Immunoglobulin/Fibronectin type III/E set domains/PapD-like,C1-set_4,2.71,0.47,text 3d pdb,
mers,11,1,1,992,e5kvfL2,Immunoglobulin/Fibronectin type III/E set domains/PapD-like,C1-set_4,2.74,0.47,text 3d pdb,
mers,312,1,1,13,e5uvmB1,HIT-related,HIT,3.08,0.47,text 3d pdb,
mers,11,1,1,992,e4oz4L1,Immunoglobulin/Fibronectin type III/E set domains/PapD-like,C1-set_4,2.71,0.47,text 3d pdb,
mers,11,1,1,992,e5mx3L1,Immunoglobulin/Fibronectin type III/E set domains/PapD-like,C1-set_4,2.71,0.47,text 3d pdb,
mers,11,1,1,992,e1vgeL2,Immunoglobulin/Fibronectin type III/E set domains/PapD-like,C1-set_4,2.42,0.47,text 3d pdb,
mers,11,1,1,992,e3q3gF2,Immunoglobulin/Fibronectin type III/E set domains/PapD-like,C1-set_4,2.67,0.47,text 3d pdb,
mers,11,1,1,992,e3r06E2,Immunoglobulin/Fibronectin type III/E set domains/PapD-like,C1-set_4,2.61,0.47,text 3d pdb,
mers,11,1,1,992,e3r06L2,Immunoglobulin/Fibronectin type III/E set domains/PapD-like,C1-set_4,2.62,0.47,text 3d pdb,
mers,11,1,1,992,e4k7pL1,Immunoglobulin/Fibronectin type III/E set domains/PapD-like,C1-set_4,2.43,0.47,text 3d pdb,
mers,11,1,1,992,e4mhjE1,Immunoglobulin/Fibronectin type III/E set domains/PapD-like,C1-set_4,2.7,0.47,text 3d pdb,
mers,11,1,1,992,e4mhhL1,Immunoglobulin/Fibronectin type III/E set domains/PapD-like,C1-set_4,2.7,0.47,text 3d pdb,
mers,11,1,1,992,e4mhjX1,Immunoglobulin/Fibronectin type III/E set domains/PapD-like,C1-set_4,2.7,0.47,text 3d pdb,
mers,11,1,1,992,e4mhjL1,Immunoglobulin/Fibronectin type III/E set domains/PapD-like,C1-set_4,2.7,0.47,text 3d pdb,
mers,11,1,1,992,e4mhjV1,Immunoglobulin/Fibronectin type III/E set domains/PapD-like,C1-set_4,2.7,0.47,text 3d pdb,
mers,11,1,1,992,e4mhjQ1,Immunoglobulin/Fibronectin type III/E set domains/PapD-like,C1-set_4,2.7,0.47,text 3d pdb,
mers,11,1,1,992,e3j3zL1,Immunoglobulin/Fibronectin type III/E set domains/PapD-like,C1-set_4,2.61,0.47,text 3d pdb,
mers,11,1,1,992,e3gk8L2,Immunoglobulin/Fibronectin type III/E set domains/PapD-like,C1-set_4,2.61,0.47,text 3d pdb,
mers,11,1,1,992,e3j93L2,Immunoglobulin/Fibronectin type III/E set domains/PapD-like,C1-set_4,2.61,0.47,text 3d pdb,
mers,11,1,1,992,e2wucL2,Immunoglobulin/Fibronectin type III/E set domains/PapD-like,C1-set_4,2.75,0.47,text 3d pdb,
mers,11,1,1,992,e4ffzL2,Immunoglobulin/Fibronectin type III/E set domains/PapD-like,C1-set_4,2.79,0.47,text 3d pdb,
mers,11,1,1,992,e3r1gL2,Immunoglobulin/Fibronectin type III/E set domains/PapD-like,C1-set_4,2.72,0.47,text 3d pdb,
mers,11,1,1,992,e1mlcA2,Immunoglobulin/Fibronectin type III/E set domains/PapD-like,C1-set_4,2.69,0.47,text 3d pdb,
mers,11,1,1,992,e3o6mL2,Immunoglobulin/Fibronectin type III/E set domains/PapD-like,C1-set_4,2.75,0.47,text 3d pdb,
mers,11,1,1,992,e5mp1K1,Immunoglobulin/Fibronectin type III/E set domains/PapD-like,C1-set_4,2.67,0.47,text 3d pdb,
mers,11,1,1,992,e5mp1G1,Immunoglobulin/Fibronectin type III/E set domains/PapD-like,C1-set_4,2.72,0.47,text 3d pdb,
mers,11,1,1,992,e3detD2,Immunoglobulin/Fibronectin type III/E set domains/PapD-like,C1-set_4,2.69,0.47,text 3d pdb,
mers,11,1,1,992,e4ffzY2,Immunoglobulin/Fibronectin type III/E set domains/PapD-like,C1-set_4,2.79,0.47,text 3d pdb,
mers,11,1,1,992,e5ywyL1,Immunoglobulin/Fibronectin type III/E set domains/PapD-like,C1-set_4,2.76,0.47,text 3d pdb,
mers,11,1,1,992,e5vjoD1,Immunoglobulin/Fibronectin type III/E set domains/PapD-like,C1-set_4,2.75,0.47,text 3d pdb,
mers,11,1,1,992,e2i60Q2,Immunoglobulin/Fibronectin type III/E set domains/PapD-like,C1-set_4,2.74,0.47,text 3d pdb,
mers,11,1,1,992,e2i9lE2,Immunoglobulin/Fibronectin type III/E set domains/PapD-like,C1-set_4,2.71,0.47,text 3d pdb,
mers,11,1,1,992,e3q3gJ2,Immunoglobulin/Fibronectin type III/E set domains/PapD-like,C1-set_4,2.66,0.47,text 3d pdb,
mers,11,1,1,992,e2hlfF2,Immunoglobulin/Fibronectin type III/E set domains/PapD-like,C1-set_4,2.71,0.47,text 3d pdb,
mers,2111,77,1,72,e4piwA2,PLP-dependent transferases,Aminotran_5_N,2.82,0.47,text 3d pdb,
mers,11,1,1,992,e2i5yQ2,Immunoglobulin/Fibronectin type III/E set domains/PapD-like,C1-set_4,2.73,0.47,text 3d pdb,
mers,11,1,1,992,e5yhlL1,Immunoglobulin/Fibronectin type III/E set domains/PapD-like,C1-set_4,2.76,0.47,text 3d pdb,
mers,11,1,1,992,e4xzuB1,Immunoglobulin/Fibronectin type III/E set domains/PapD-like,C1-set_4,2.75,0.47,text 3d pdb,
mers,11,1,1,992,e2i9lA2,Immunoglobulin/Fibronectin type III/E set domains/PapD-like,C1-set_4,2.72,0.47,text 3d pdb,
mers,11,1,1,992,e2gfbE2,Immunoglobulin/Fibronectin type III/E set domains/PapD-like,C1-set_4,2.69,0.47,text 3d pdb,
mers,11,1,1,992,e1igtC2,Immunoglobulin/Fibronectin type III/E set domains/PapD-like,C1-set_4,2.84,0.47,text 3d pdb,
mers,11,1,1,992,e1igfL2,Immunoglobulin/Fibronectin type III/E set domains/PapD-like,C1-set_4,2.81,0.47,text 3d pdb,
mers,11,1,1,992,e3opzL2,Immunoglobulin/Fibronectin type III/E set domains/PapD-like,C1-set_4,2.7,0.47,text 3d pdb,
mers,304,109,1,1,e3v29X1,Ribosomal proteins S24e L23 and L15e,Ribosomal_L23_2,2.58,0.47,text 3d pdb,
mers,304,109,1,1,e4v8hDX1,Ribosomal proteins S24e L23 and L15e,Ribosomal_L23_2,2.58,0.47,text 3d pdb,
mers,10,1,2,231,e6mvfE1,Galactose-binding domain-like,Glyco_hydro_2_N,2.75,0.47,text 3d pdb,
mers,2111,77,1,72,e4piwG2,PLP-dependent transferases,Aminotran_5_N,2.85,0.47,text 3d pdb,
mers,11,1,1,992,e1a5fL2,Immunoglobulin/Fibronectin type III/E set domains/PapD-like,C1-set_4,2.65,0.47,text 3d pdb,
mers,11,1,1,992,e3q3gC2,Immunoglobulin/Fibronectin type III/E set domains/PapD-like,C1-set_4,2.67,0.47,text 3d pdb,
mers,325,1,6,4,e4g7oD17,Duplicated hybrid motif,PRK00566_like,2.57,0.47,text 3d pdb,
mers,11,1,1,992,e1mrfL2,Immunoglobulin/Fibronectin type III/E set domains/PapD-like,C1-set_4,2.74,0.47,text 3d pdb,
mers,320,3,1,1,e2gukB1,PG1857-like,DUF2023,2.04,0.47,text 3d pdb,
mers,11,1,1,992,e1c5dL2,Immunoglobulin/Fibronectin type III/E set domains/PapD-like,C1-set_4,2.66,0.47,text 3d pdb,
mers,11,1,1,992,e3csyF2,Immunoglobulin/Fibronectin type III/E set domains/PapD-like,C1-set_4,2.79,0.47,text 3d pdb,
mers,11,1,1,992,e3ubxL2,Immunoglobulin/Fibronectin type III/E set domains/PapD-like,C1-set_4,2.7,0.47,text 3d pdb,
mers,11,1,1,992,e3r06C2,Immunoglobulin/Fibronectin type III/E set domains/PapD-like,C1-set_4,2.63,0.47,text 3d pdb,
mers,11,1,1,992,e4xp9L1,Immunoglobulin/Fibronectin type III/E set domains/PapD-like,C1-set_4,2.81,0.47,text 3d pdb,
mers,11,1,1,992,e5d1qA1,Immunoglobulin/Fibronectin type III/E set domains/PapD-like,C1-set_4,2.7,0.46,text 3d pdb,
mers,11,1,1,992,e4aehL2,Immunoglobulin/Fibronectin type III/E set domains/PapD-like,C1-set_4,2.7,0.46,text 3d pdb,
mers,11,1,1,992,e1nbzA2,Immunoglobulin/Fibronectin type III/E set domains/PapD-like,C1-set_4,2.67,0.46,text 3d pdb,
mers,11,1,1,992,e1bj1J2,Immunoglobulin/Fibronectin type III/E set domains/PapD-like,C1-set_4,2.76,0.46,text 3d pdb,
mers,11,1,1,992,e4xptL2,Immunoglobulin/Fibronectin type III/E set domains/PapD-like,C1-set_4,2.77,0.46,text 3d pdb,
mers,11,1,1,992,e5ikcA2,Immunoglobulin/Fibronectin type III/E set domains/PapD-like,C1-set_4,2.69,0.46,text 3d pdb,
mers,290,1,1,1,e2w1jA1,Sortase,Sortase,2.26,0.46,text 3d pdb,
mers,11,1,1,992,e1yylL2,Immunoglobulin/Fibronectin type III/E set domains/PapD-like,C1-set_4,2.75,0.46,text 3d pdb,
mers,11,1,1,992,e3qehF2,Immunoglobulin/Fibronectin type III/E set domains/PapD-like,C1-set_4,2.75,0.46,text 3d pdb,
mers,11,1,1,992,e1xgtA2,Immunoglobulin/Fibronectin type III/E set domains/PapD-like,C1-set_4,2.67,0.46,text 3d pdb,
mers,11,1,1,992,e4hgwA2,Immunoglobulin/Fibronectin type III/E set domains/PapD-like,C1-set_4,2.42,0.46,text 3d pdb,
mers,11,1,1,992,e3ubxI2,Immunoglobulin/Fibronectin type III/E set domains/PapD-like,C1-set_4,2.71,0.46,text 3d pdb,
mers,233,1,1,2,e5nmeA1,MHC antigen-recognition domain,MHC_I,2.47,0.46,text 3d pdb,
mers,304,110,1,1,e2lxfA1,Acylphosphatase-like,Acylphosphatase,2.21,0.46,text 3d pdb,
mers,11,1,1,992,e1xgrA2,Immunoglobulin/Fibronectin type III/E set domains/PapD-like,C1-set_4,2.66,0.46,text 3d pdb,
mers,11,1,1,992,e5fehC2,Immunoglobulin/Fibronectin type III/E set domains/PapD-like,C1-set_4,2.52,0.46,text 3d pdb,
mers,11,1,1,992,e3ve0B2,Immunoglobulin/Fibronectin type III/E set domains/PapD-like,C1-set_4,2.7,0.46,text 3d pdb,
mers,11,1,1,992,e5te6L1,Immunoglobulin/Fibronectin type III/E set domains/PapD-like,C1-set_4,2.74,0.46,text 3d pdb,
mers,11,1,1,992,e1rziK2,Immunoglobulin/Fibronectin type III/E set domains/PapD-like,C1-set_4,2.77,0.46,text 3d pdb,
mers,882,1,1,2,e2wnyB1,Ribosomal protein L5,RNA_binding,3.03,0.46,text 3d pdb,
mers,11,1,1,992,e1ncaL2,Immunoglobulin/Fibronectin type III/E set domains/PapD-like,C1-set_4,2.7,0.46,text 3d pdb,
mers,12,3,1,23,e3wvfB2,supersandwich,YidC_periplas,2.69,0.46,text 3d pdb,
mers,11,1,1,992,e1sbsL2,Immunoglobulin/Fibronectin type III/E set domains/PapD-like,C1-set_4,2.49,0.46,text 3d pdb,
mers,304,109,1,1,e2wdiX1,Ribosomal proteins S24e L23 and L15e,Ribosomal_L23_2,2.58,0.46,text 3d pdb,
mers,304,109,1,1,e4v5cBX1,Ribosomal proteins S24e L23 and L15e,Ribosomal_L23_2,2.58,0.46,text 3d pdb,
mers,304,109,1,1,e4v8jDX1,Ribosomal proteins S24e L23 and L15e,Ribosomal_L23_2,2.58,0.46,text 3d pdb,
mers,11,1,1,992,e4wfhD2,Immunoglobulin/Fibronectin type III/E set domains/PapD-like,C1-set_4,2.71,0.46,text 3d pdb,
mers,304,109,1,1,e3v6wX1,Ribosomal proteins S24e L23 and L15e,Ribosomal_L23_2,2.58,0.46,text 3d pdb,
mers,304,109,1,1,e4v8jBX1,Ribosomal proteins S24e L23 and L15e,Ribosomal_L23_2,2.58,0.46,text 3d pdb,
mers,11,1,1,992,e5kzpI2,Immunoglobulin/Fibronectin type III/E set domains/PapD-like,C1-set_4,2.72,0.46,text 3d pdb,
mers,11,1,1,992,e5nstA1,Immunoglobulin/Fibronectin type III/E set domains/PapD-like,C1-set_4,2.64,0.46,text 3d pdb,
mers,11,1,1,992,e5vlpL2,Immunoglobulin/Fibronectin type III/E set domains/PapD-like,C1-set_4,2.73,0.46,text 3d pdb,
mers,11,1,1,992,e3nidL2,Immunoglobulin/Fibronectin type III/E set domains/PapD-like,C1-set_4,2.69,0.46,text 3d pdb,
mers,11,1,1,992,e4wffD2,Immunoglobulin/Fibronectin type III/E set domains/PapD-like,C1-set_4,2.72,0.46,text 3d pdb,
mers,11,1,1,992,e5vobL1,Immunoglobulin/Fibronectin type III/E set domains/PapD-like,C1-set_4,2.74,0.46,text 3d pdb,
mers,11,1,1,992,e4i3rL2,Immunoglobulin/Fibronectin type III/E set domains/PapD-like,C1-set_4,2.74,0.46,text 3d pdb,
mers,11,1,1,992,e4rgnL1,Immunoglobulin/Fibronectin type III/E set domains/PapD-like,C1-set_4,2.69,0.46,text 3d pdb,
mers,11,1,1,992,e4p9hL2,Immunoglobulin/Fibronectin type III/E set domains/PapD-like,C1-set_4,2.68,0.46,text 3d pdb,
mers,11,1,1,992,e2b2xM2,Immunoglobulin/Fibronectin type III/E set domains/PapD-like,C1-set_4,2.73,0.46,text 3d pdb,
mers,11,1,1,992,e4mqxD2,Immunoglobulin/Fibronectin type III/E set domains/PapD-like,C1-set_4,2.71,0.46,text 3d pdb,
mers,233,1,1,2,e5e8oA2,MHC antigen-recognition domain,MHC_I,2.81,0.46,text 3d pdb,
mers,11,1,1,992,e4g3yL2,Immunoglobulin/Fibronectin type III/E set domains/PapD-like,C1-set_4,2.74,0.46,text 3d pdb,
mers,304,109,1,1,e2wdjX1,Ribosomal proteins S24e L23 and L15e,Ribosomal_L23_2,2.58,0.46,text 3d pdb,
mers,304,109,1,1,e4v5cDX1,Ribosomal proteins S24e L23 and L15e,Ribosomal_L23_2,2.58,0.46,text 3d pdb,
mers,11,1,1,992,e5xjmL2,Immunoglobulin/Fibronectin type III/E set domains/PapD-like,C1-set_4,2.73,0.46,text 3d pdb,
mers,11,1,1,992,e3jwdO2,Immunoglobulin/Fibronectin type III/E set domains/PapD-like,C1-set_4,2.74,0.46,text 3d pdb,
mers,304,60,1,11,e3j0wJ1,Ribosomal protein L10-like,Ribosomal_L10,2.6,0.46,text 3d pdb,
mers,304,60,1,11,e4v6oBJ1,Ribosomal protein L10-like,Ribosomal_L10,2.6,0.46,text 3d pdb,
mers,11,1,1,992,e6hkgD1,Immunoglobulin/Fibronectin type III/E set domains/PapD-like,C1-set_4,1.97,0.46,text 3d pdb,
mers,11,1,1,992,e4wfgD2,Immunoglobulin/Fibronectin type III/E set domains/PapD-like,C1-set_4,2.71,0.46,text 3d pdb,
mers,11,1,1,992,e3o45L2,Immunoglobulin/Fibronectin type III/E set domains/PapD-like,C1-set_4,2.72,0.46,text 3d pdb,
mers,2003,1,5,92,e4ponA1,S-adenosyl-L-methionine-dependent methyltransferases,Methyltransf_5_1st,2.37,0.46,text 3d pdb,
mers,304,24,1,6,e1p9qC2,EF-G C-terminal domain-like,SBDS_C_C,2.36,0.46,text 3d pdb,
mers,11,1,1,992,e3v0vL2,Immunoglobulin/Fibronectin type III/E set domains/PapD-like,C1-set_4,2.72,0.46,text 3d pdb,
mers,331,3,1,1,e2n4aA1,Bet v1-like,AHSA1,3.09,0.46,text 3d pdb,
mers,246,3,1,13,e6o1lR1,DNase I-like,Exo_endo_phos,2.81,0.46,text 3d pdb,
mers,11,1,1,992,e5mp1D2,Immunoglobulin/Fibronectin type III/E set domains/PapD-like,C1-set_4,2.66,0.46,text 3d pdb,
mers,11,1,1,992,e4xpaL2,Immunoglobulin/Fibronectin type III/E set domains/PapD-like,C1-set_4,2.8,0.46,text 3d pdb,
mers,305,1,1,2,e5fjaK1,RBP11-like subunits of RNA polymerase,RNA_pol_L_2,2.01,0.46,text 3d pdb,
mers,11,1,1,992,e3csyH2,Immunoglobulin/Fibronectin type III/E set domains/PapD-like,C1-set_4,2.79,0.46,text 3d pdb,
mers,11,1,1,992,e1mjjL2,Immunoglobulin/Fibronectin type III/E set domains/PapD-like,C1-set_4,2.75,0.46,text 3d pdb,
mers,11,1,1,992,e6ewbK2,Immunoglobulin/Fibronectin type III/E set domains/PapD-like,C1-set_4,2.69,0.46,text 3d pdb,
mers,11,1,1,992,e4gmsM3,Immunoglobulin/Fibronectin type III/E set domains/PapD-like,C1-set_4,2.4,0.46,text 3d pdb,
mers,11,1,1,992,e4f2mD2,Immunoglobulin/Fibronectin type III/E set domains/PapD-like,C1-set_4,2.78,0.46,text 3d pdb,
mers,11,1,1,992,e4kjqF1,Immunoglobulin/Fibronectin type III/E set domains/PapD-like,C1-set_4,2.41,0.46,text 3d pdb,
mers,11,1,1,992,e4whtP2,Immunoglobulin/Fibronectin type III/E set domains/PapD-like,C1-set_4,2.68,0.46,text 3d pdb,
mers,11,1,1,992,e4wfeD2,Immunoglobulin/Fibronectin type III/E set domains/PapD-like,C1-set_4,2.72,0.46,text 3d pdb,
mers,11,1,1,992,e2fjfQ2,Immunoglobulin/Fibronectin type III/E set domains/PapD-like,C1-set_4,2.82,0.46,text 3d pdb,
mers,11,1,1,992,e1xctA2,Immunoglobulin/Fibronectin type III/E set domains/PapD-like,C1-set_4,2.68,0.46,text 3d pdb,
mers,3943,1,1,1,e5zizB2,Flagellar hook-associated protein 1 beta-sandwich domains,flgK_1st_1,3.12,0.46,text 3d pdb,
mers,11,1,1,992,e5cjoL1,Immunoglobulin/Fibronectin type III/E set domains/PapD-like,C1-set_4,2.75,0.46,text 3d pdb,
mers,11,1,1,992,e3detF2,Immunoglobulin/Fibronectin type III/E set domains/PapD-like,C1-set_4,2.45,0.46,text 3d pdb,
mers,331,3,1,13,e5mmqA1,Bet v1-like,Polyketide_cyc,2.85,0.46,text 3d pdb,
mers,11,1,1,992,e3lohB2,Immunoglobulin/Fibronectin type III/E set domains/PapD-like,C1-set_4,2.77,0.46,text 3d pdb,
mers,11,1,1,992,e4gw4B3,Immunoglobulin/Fibronectin type III/E set domains/PapD-like,C1-set_4,2.8,0.46,text 3d pdb,
mers,304,109,1,1,e6n1dAL231,Ribosomal proteins S24e L23 and L15e,Ribosomal_L23_2,2.69,0.46,text 3d pdb,
mers,12,3,1,23,e3bs6A1,supersandwich,YidC_periplas,2.71,0.46,text 3d pdb,
mers,331,10,1,1,e5tvmF1,S-adenosylmethionine decarboxylase,SAM_decarbox,2.62,0.46,text 3d pdb,
mers,11,1,1,992,e2h2sF2,Immunoglobulin/Fibronectin type III/E set domains/PapD-like,C1-set_4,2.67,0.46,text 3d pdb,
mers,11,1,1,992,e3v4vL2,Immunoglobulin/Fibronectin type III/E set domains/PapD-like,C1-set_4,2.77,0.46,text 3d pdb,
mers,206,1,1,24,e3kcfA1,Protein kinase,Pkinase_Tyr,2.87,0.46,text 3d pdb,
mers,331,10,1,1,e6bm7F1,S-adenosylmethionine decarboxylase,SAM_decarbox,2.37,0.46,text 3d pdb,
mers,11,1,1,992,e4hzlL2,Immunoglobulin/Fibronectin type III/E set domains/PapD-like,C1-set_4,2.67,0.46,text 3d pdb,
mers,11,1,1,992,e1plgL2,Immunoglobulin/Fibronectin type III/E set domains/PapD-like,C1-set_4,2.65,0.46,text 3d pdb,
mers,11,1,1,992,e5x8lM1,Immunoglobulin/Fibronectin type III/E set domains/PapD-like,C1-set_4,2.77,0.46,text 3d pdb,
mers,11,1,1,992,e1mieL2,Immunoglobulin/Fibronectin type III/E set domains/PapD-like,C1-set_4,2.75,0.46,text 3d pdb,
mers,246,3,1,13,e3g00B1,DNase I-like,Exo_endo_phos,2.73,0.46,text 3d pdb,
mers,11,1,1,237,e5t89X3,Immunoglobulin/Fibronectin type III/E set domains/PapD-like,C1-set_3,2.18,0.46,text 3d pdb,
mers,304,109,1,1,e3knmX1,Ribosomal proteins S24e L23 and L15e,Ribosomal_L23_2,2.64,0.46,text 3d pdb,
mers,304,109,1,1,e4v7mBX1,Ribosomal proteins S24e L23 and L15e,Ribosomal_L23_2,2.64,0.46,text 3d pdb,
mers,11,1,1,992,e5ebmB1,Immunoglobulin/Fibronectin type III/E set domains/PapD-like,C1-set_4,2.7,0.46,text 3d pdb,
mers,11,1,1,992,e1dqmL2,Immunoglobulin/Fibronectin type III/E set domains/PapD-like,C1-set_4,2.75,0.46,text 3d pdb,
mers,304,109,1,1,e3uxqX1,Ribosomal proteins S24e L23 and L15e,Ribosomal_L23_2,2.65,0.46,text 3d pdb,
mers,304,109,1,1,e4v8aAX1,Ribosomal proteins S24e L23 and L15e,Ribosomal_L23_2,2.65,0.46,text 3d pdb,
mers,11,1,1,992,e3inuN2,Immunoglobulin/Fibronectin type III/E set domains/PapD-like,C1-set_4,2.78,0.46,text 3d pdb,
mers,11,1,1,992,e3ulvL2,Immunoglobulin/Fibronectin type III/E set domains/PapD-like,C1-set_4,2.86,0.46,text 3d pdb,
mers,11,1,1,992,e4hzlB2,Immunoglobulin/Fibronectin type III/E set domains/PapD-like,C1-set_4,2.67,0.46,text 3d pdb,
mers,11,1,1,992,e5szfL2,Immunoglobulin/Fibronectin type III/E set domains/PapD-like,C1-set_4,2.73,0.46,text 3d pdb,
mers,11,1,1,992,e3ejzF2,Immunoglobulin/Fibronectin type III/E set domains/PapD-like,C1-set_4,2.46,0.46,text 3d pdb,
mers,11,1,1,992,e5o1rL2,Immunoglobulin/Fibronectin type III/E set domains/PapD-like,C1-set_4,2.75,0.46,text 3d pdb,
mers,305,1,1,2,e5fj9K1,RBP11-like subunits of RNA polymerase,RNA_pol_L_2,2.03,0.46,text 3d pdb,
mers,305,1,1,2,e5fj8K1,RBP11-like subunits of RNA polymerase,RNA_pol_L_2,2.03,0.46,text 3d pdb,
mers,11,1,1,992,e3csyB2,Immunoglobulin/Fibronectin type III/E set domains/PapD-like,C1-set_4,2.79,0.46,text 3d pdb,
mers,11,1,1,992,e3rpiL2,Immunoglobulin/Fibronectin type III/E set domains/PapD-like,C1-set_4,2.83,0.46,text 3d pdb,
mers,11,1,1,992,e4zffB2,Immunoglobulin/Fibronectin type III/E set domains/PapD-like,C1-set_4,2.79,0.46,text 3d pdb,
mers,11,1,1,992,e3rpiB2,Immunoglobulin/Fibronectin type III/E set domains/PapD-like,C1-set_4,2.83,0.46,text 3d pdb,
mers,11,1,1,992,e1za3L2,Immunoglobulin/Fibronectin type III/E set domains/PapD-like,C1-set_4,2.76,0.46,text 3d pdb,
mers,10,12,1,68,e4diqB1,Double-stranded beta-helix,Cupin_4,2.13,0.46,text 3d pdb,
mers,218,2,1,1,e2zjpP1,Ribosomal protein L22,Ribosomal_L22,3.09,0.46,text 3d pdb,
mers,11,1,1,992,e1zwiB2,Immunoglobulin/Fibronectin type III/E set domains/PapD-like,C1-set_4,2.7,0.46,text 3d pdb,
mers,11,1,1,992,e4odwL1,Immunoglobulin/Fibronectin type III/E set domains/PapD-like,C1-set_4,2.7,0.46,text 3d pdb,
mers,2003,1,5,86,e2ozvB2,S-adenosyl-L-methionine-dependent methyltransferases,Methyltransf_11_2,3.13,0.46,text 3d pdb,
mers,11,1,1,992,e2fx9M2,Immunoglobulin/Fibronectin type III/E set domains/PapD-like,C1-set_4,2.67,0.46,text 3d pdb,
mers,223,3,1,78,e4jbfB3,a+b domain in beta-lactamase/transpeptidase-like proteins,Transpeptidase_2nd,3.1,0.46,text 3d pdb,
mers,11,1,1,992,e2w0fB2,Immunoglobulin/Fibronectin type III/E set domains/PapD-like,C1-set_4,2.71,0.46,text 3d pdb,
mers,284,1,1,2,e1fktA1,FKBP-like,FKBP_C,2.87,0.46,text 3d pdb,
mers,11,1,1,992,e3csyD2,Immunoglobulin/Fibronectin type III/E set domains/PapD-like,C1-set_4,2.78,0.46,text 3d pdb,
mers,246,3,1,13,e3g8vA1,DNase I-like,Exo_endo_phos,2.85,0.46,text 3d pdb,
mers,11,1,1,992,e5t5fL1,Immunoglobulin/Fibronectin type III/E set domains/PapD-like,C1-set_4,2.78,0.46,text 3d pdb,
mers,11,1,1,992,e2r56M2,Immunoglobulin/Fibronectin type III/E set domains/PapD-like,C1-set_4,2.74,0.46,text 3d pdb,
mers,304,115,1,1,e1vr6C1,Ferredoxin-like domain in DAHP synthase,PRK08673,2.6,0.46,text 3d pdb,
mers,11,1,1,992,e4ffvL2,Immunoglobulin/Fibronectin type III/E set domains/PapD-like,C1-set_4,2.06,0.46,text 3d pdb,
mers,11,1,1,992,e3l7fA2,Immunoglobulin/Fibronectin type III/E set domains/PapD-like,C1-set_4,2.77,0.46,text 3d pdb,
mers,11,1,1,992,e3cfeL6,Immunoglobulin/Fibronectin type III/E set domains/PapD-like,C1-set_4,2.77,0.46,text 3d pdb,
mers,10,12,1,68,e4diqA1,Double-stranded beta-helix,Cupin_4,2.14,0.46,text 3d pdb,
mers,11,1,1,992,e2hvjB2,Immunoglobulin/Fibronectin type III/E set domains/PapD-like,C1-set_4,2.7,0.46,text 3d pdb,
mers,2498,2,1,2,e2wb5A3,beta-N-acetylhexosaminidase-like domain,Glyco_hydro_20b,2.7,0.46,text 3d pdb,
mers,304,54,1,3,e4ht5B3,CcmK-like,BMC_1,2.8,0.46,text 3d pdb,
mers,11,1,1,992,e6bgtA1,Immunoglobulin/Fibronectin type III/E set domains/PapD-like,C1-set_4,2.74,0.46,text 3d pdb,
mers,304,55,1,12,e4u87A1,Origin of replication-binding domains,Rep_2,2.31,0.46,text 3d pdb,
mers,11,1,1,992,e4pb9L1,Immunoglobulin/Fibronectin type III/E set domains/PapD-like,C1-set_4,2.42,0.46,text 3d pdb,
mers,10,12,1,68,e4cckC2,Double-stranded beta-helix,Cupin_4,2.15,0.46,text 3d pdb,
mers,1,1,1,46,e2g20B2,acid protease,Asp_N,2.7,0.46,text 3d pdb,
mers,304,109,1,1,e6h58T1,Ribosomal proteins S24e L23 and L15e,Ribosomal_L23_2,2.52,0.46,text 3d pdb,
mers,10,12,1,68,e4cckB1,Double-stranded beta-helix,Cupin_4,2.16,0.46,text 3d pdb,
mers,11,1,1,992,e4fz8L1,Immunoglobulin/Fibronectin type III/E set domains/PapD-like,C1-set_4,2.83,0.46,text 3d pdb,
mers,304,109,1,1,e6h4nT1,Ribosomal proteins S24e L23 and L15e,Ribosomal_L23_2,2.52,0.46,text 3d pdb,
mers,304,109,1,1,e6h58TT1,Ribosomal proteins S24e L23 and L15e,Ribosomal_L23_2,2.52,0.46,text 3d pdb,
mers,11,1,1,992,e2p7tB2,Immunoglobulin/Fibronectin type III/E set domains/PapD-like,C1-set_4,2.7,0.46,text 3d pdb,
mers,11,1,1,992,e5x8lN2,Immunoglobulin/Fibronectin type III/E set domains/PapD-like,C1-set_4,2.24,0.46,text 3d pdb,
mers,246,3,1,13,e3ga6B1,DNase I-like,Exo_endo_phos,2.96,0.46,text 3d pdb,
mers,304,54,1,3,e4ht5A1,CcmK-like,BMC_1,2.47,0.46,text 3d pdb,
mers,11,2,1,1,e2qz5B1,C2 domain,Aida_C2,2.19,0.46,text 3d pdb,
mers,305,1,1,2,e2wb1M1,RBP11-like subunits of RNA polymerase,RNA_pol_L_2,1.94,0.46,text 3d pdb,
mers,304,115,1,1,e1vr6D1,Ferredoxin-like domain in DAHP synthase,PRK08673,2.04,0.46,text 3d pdb,
mers,304,109,1,1,e6qnqF81,Ribosomal proteins S24e L23 and L15e,Ribosomal_L23_2,2.62,0.46,text 3d pdb,
mers,11,1,1,992,e2fx8N2,Immunoglobulin/Fibronectin type III/E set domains/PapD-like,C1-set_4,2.65,0.46,text 3d pdb,
mers,304,54,1,3,e5l39E1,CcmK-like,BMC_1,2.68,0.46,text 3d pdb,
mers,304,24,1,6,e2wbmA2,EF-G C-terminal domain-like,SBDS_C_C,2.85,0.46,text 3d pdb,
mers,11,1,1,1517,e2gy5A3,Immunoglobulin/Fibronectin type III/E set domains/PapD-like,I-set_2,2.52,0.46,text 3d pdb,
mers,2003,1,5,92,e4pooA1,S-adenosyl-L-methionine-dependent methyltransferases,Methyltransf_5_1st,2.48,0.46,text 3d pdb,
mers,2498,2,1,2,e2j62A3,beta-N-acetylhexosaminidase-like domain,Glyco_hydro_20b,2.44,0.46,text 3d pdb,
mers,11,1,1,992,e2qqlL2,Immunoglobulin/Fibronectin type III/E set domains/PapD-like,C1-set_4,2.67,0.46,text 3d pdb,
mers,11,1,1,992,e2jk5B2,Immunoglobulin/Fibronectin type III/E set domains/PapD-like,C1-set_4,2.7,0.46,text 3d pdb,
mers,304,54,1,3,e4ht5C3,CcmK-like,BMC_1,2.46,0.46,text 3d pdb,
mers,10,12,1,68,e4ccoB2,Double-stranded beta-helix,Cupin_4,2.15,0.46,text 3d pdb,
mers,11,1,1,992,e3fb6B2,Immunoglobulin/Fibronectin type III/E set domains/PapD-like,C1-set_4,2.68,0.46,text 3d pdb,
mers,11,1,1,992,e3f7yB2,Immunoglobulin/Fibronectin type III/E set domains/PapD-like,C1-set_4,2.68,0.46,text 3d pdb,
mers,11,1,1,992,e3f5wB2,Immunoglobulin/Fibronectin type III/E set domains/PapD-like,C1-set_4,2.68,0.46,text 3d pdb,
mers,11,1,1,992,e3fb8B2,Immunoglobulin/Fibronectin type III/E set domains/PapD-like,C1-set_4,2.68,0.45,text 3d pdb,
mers,10,12,1,38,e5jwkA1,Double-stranded beta-helix,JmjC_1,2.81,0.45,text 3d pdb,
mers,11,1,1,992,e1k4cB2,Immunoglobulin/Fibronectin type III/E set domains/PapD-like,C1-set_4,2.68,0.45,text 3d pdb,
mers,11,1,1,992,e6by2B1,Immunoglobulin/Fibronectin type III/E set domains/PapD-like,C1-set_4,2.74,0.45,text 3d pdb,
mers,304,54,1,3,e5lt5B1,CcmK-like,BMC_1,2.73,0.45,text 3d pdb,
mers,10,12,1,68,e4ccjB1,Double-stranded beta-helix,Cupin_4,2.16,0.45,text 3d pdb,
mers,11,1,1,992,e4lbeB1,Immunoglobulin/Fibronectin type III/E set domains/PapD-like,C1-set_4,2.73,0.45,text 3d pdb,
mers,305,1,1,2,e2wb1L1,RBP11-like subunits of RNA polymerase,RNA_pol_L_2,1.95,0.45,text 3d pdb,
mers,11,1,1,992,e5hj3N2,Immunoglobulin/Fibronectin type III/E set domains/PapD-like,C1-set_4,2.25,0.45,text 3d pdb,
mers,12,3,1,23,e3bs6B1,supersandwich,YidC_periplas,2.74,0.45,text 3d pdb,
mers,11,1,1,992,e3fctC2,Immunoglobulin/Fibronectin type III/E set domains/PapD-like,C1-set_4,2.86,0.45,text 3d pdb,
mers,11,1,1,992,e2itdB2,Immunoglobulin/Fibronectin type III/E set domains/PapD-like,C1-set_4,2.7,0.45,text 3d pdb,
mers,5084,5,4,4,e4d5bB1,Outer membrane protein transport protein,CymA,3.2,0.45,text 3d pdb,
mers,325,1,6,4,e4g7zD17,Duplicated hybrid motif,PRK00566_like,2.62,0.45,text 3d pdb,
mers,11,1,1,992,e2ih1B2,Immunoglobulin/Fibronectin type III/E set domains/PapD-like,C1-set_4,2.7,0.45,text 3d pdb,
mers,2498,2,1,2,e2ydsA7,beta-N-acetylhexosaminidase-like domain,Glyco_hydro_20b,2.48,0.45,text 3d pdb,
mers,2003,1,5,86,e2ozvA2,S-adenosyl-L-methionine-dependent methyltransferases,Methyltransf_11_2,2.46,0.45,text 3d pdb,
mers,304,4,1,31,e2op5A1,Dimeric alpha+beta barrel,EUF08341,2.3,0.45,text 3d pdb,
mers,2498,2,1,2,e2cbiB3,beta-N-acetylhexosaminidase-like domain,Glyco_hydro_20b,2.46,0.45,text 3d pdb,
mers,217,2,1,1,e2p3hA1,CorC/HlyC domain-like,CorC_HlyC,3.09,0.45,text 3d pdb,
mers,304,4,1,31,e2op5F1,Dimeric alpha+beta barrel,EUF08341,2.41,0.45,text 3d pdb,
mers,2498,2,1,2,e2vurB3,beta-N-acetylhexosaminidase-like domain,Glyco_hydro_20b,2.71,0.45,text 3d pdb,
mers,11,1,1,992,e5o1rM1,Immunoglobulin/Fibronectin type III/E set domains/PapD-like,C1-set_4,2.78,0.45,text 3d pdb,
mers,11,1,1,992,e2hg5B2,Immunoglobulin/Fibronectin type III/E set domains/PapD-like,C1-set_4,2.7,0.45,text 3d pdb,
mers,11,1,1,992,e2itcB2,Immunoglobulin/Fibronectin type III/E set domains/PapD-like,C1-set_4,2.7,0.45,text 3d pdb,
mers,2498,2,1,2,e2v5dA2,beta-N-acetylhexosaminidase-like domain,Glyco_hydro_20b,2.42,0.45,text 3d pdb,
mers,2498,2,1,2,e2xpkB3,beta-N-acetylhexosaminidase-like domain,Glyco_hydro_20b,2.46,0.45,text 3d pdb,
mers,304,24,1,6,e6fswA2,EF-G C-terminal domain-like,SBDS_C_C,2.32,0.45,text 3d pdb,
mers,2498,2,1,2,e2cbjA3,beta-N-acetylhexosaminidase-like domain,Glyco_hydro_20b,2.44,0.45,text 3d pdb,
mers,5084,5,4,4,e4d5dA1,Outer membrane protein transport protein,CymA,3.12,0.45,text 3d pdb,
mers,2003,1,5,92,e4ponB1,S-adenosyl-L-methionine-dependent methyltransferases,Methyltransf_5_1st,3.11,0.45,text 3d pdb,
mers,5084,5,1,7,e5o78A1,Porin,Porin_1,2.32,0.45,text 3d pdb,
mers,11,2,1,1,e2qz5A1,C2 domain,Aida_C2,2.2,0.45,text 3d pdb,
mers,11,1,1,992,e5fehA2,Immunoglobulin/Fibronectin type III/E set domains/PapD-like,C1-set_4,2.53,0.45,text 3d pdb,
mers,882,1,1,2,e2wnyA1,Ribosomal protein L5,RNA_binding,3.05,0.45,text 3d pdb,
mers,304,54,1,3,e5v75C2,CcmK-like,BMC_1,2.71,0.45,text 3d pdb,
mers,2003,1,5,86,e3tmaA4,S-adenosyl-L-methionine-dependent methyltransferases,Methyltransf_11_2,2.66,0.45,text 3d pdb,
mers,305,1,1,2,e6inqK1,RBP11-like subunits of RNA polymerase,RNA_pol_L_2,2.68,0.45,text 3d pdb,
mers,305,1,1,2,e6a5uK1,RBP11-like subunits of RNA polymerase,RNA_pol_L_2,2.68,0.45,text 3d pdb,
mers,305,1,1,2,e6a5tK1,RBP11-like subunits of RNA polymerase,RNA_pol_L_2,2.68,0.45,text 3d pdb,
mers,305,1,1,2,e6a5rK1,RBP11-like subunits of RNA polymerase,RNA_pol_L_2,2.68,0.45,text 3d pdb,
mers,305,1,1,2,e6a5vK1,RBP11-like subunits of RNA polymerase,RNA_pol_L_2,2.68,0.45,text 3d pdb,
mers,305,1,1,2,e6a5lK1,RBP11-like subunits of RNA polymerase,RNA_pol_L_2,2.68,0.45,text 3d pdb,
mers,304,24,1,6,e1t95A2,EF-G C-terminal domain-like,SBDS_C_C,2.4,0.45,text 3d pdb,
mers,304,24,1,2,e5j8bz7,EF-G C-terminal domain-like,EFG_C,2.61,0.45,text 3d pdb,
mers,304,54,1,3,e5lsrB1,CcmK-like,BMC_1,2.48,0.45,text 3d pdb,
mers,11,1,1,992,e5gjsL2,Immunoglobulin/Fibronectin type III/E set domains/PapD-like,C1-set_4,2.57,0.45,text 3d pdb,
mers,5,1,4,322,e6mtcgg1,7-bladed,DUF1899,2.94,0.45,text 3d pdb,
mers,1,1,1,46,e4gj7B2,acid protease,Asp_N,2.78,0.45,text 3d pdb,
mers,305,1,1,2,e2waqL1,RBP11-like subunits of RNA polymerase,RNA_pol_L_2,1.98,0.45,text 3d pdb,
mers,1,1,1,46,e1bbsA2,acid protease,Asp_N,2.66,0.45,text 3d pdb,
mers,1,1,1,46,e1bbsB2,acid protease,Asp_N,2.66,0.45,text 3d pdb,
mers,218,2,1,1,e3ja1LU1,Ribosomal protein L22,Ribosomal_L22,2.93,0.45,text 3d pdb,
mers,223,1,1,113,e3p7nA1,sensor domains,PAS,3.28,0.45,text 3d pdb,
mers,304,54,1,3,e6n0gX1,CcmK-like,BMC_1,2.8,0.45,text 3d pdb,
mers,5084,5,4,4,e4d5bA1,Outer membrane protein transport protein,CymA,3.14,0.45,text 3d pdb,
mers,2003,1,5,92,e4pooB1,S-adenosyl-L-methionine-dependent methyltransferases,Methyltransf_5_1st,2.59,0.45,text 3d pdb,
mers,4081,1,1,5,e3mdjC1,Baculovirus p35 protein-related,Peptidase_M1_2,2.76,0.45,text 3d pdb,
mers,304,54,1,3,e5lsrC1,CcmK-like,BMC_1,2.77,0.45,text 3d pdb,
mers,11,1,1,1516,e4r6uC2,Immunoglobulin/Fibronectin type III/E set domains/PapD-like,I-set_16,2.88,0.45,text 3d pdb,
mers,2498,2,1,2,e2x0yA3,beta-N-acetylhexosaminidase-like domain,Glyco_hydro_20b,2.46,0.45,text 3d pdb,
mers,304,54,1,3,e5lsrA2,CcmK-like,BMC_1,2.77,0.45,text 3d pdb,
mers,2498,2,1,2,e2xpkA3,beta-N-acetylhexosaminidase-like domain,Glyco_hydro_20b,2.75,0.45,text 3d pdb,
mers,304,5,1,12,e3dfeF2,GlnB-like,P-II_1,2.78,0.45,text 3d pdb,
mers,304,5,1,12,e3dfeE1,GlnB-like,P-II_1,2.79,0.45,text 3d pdb,
mers,11,1,1,992,e5hj3F2,Immunoglobulin/Fibronectin type III/E set domains/PapD-like,C1-set_4,2.28,0.45,text 3d pdb,
mers,304,54,1,3,e6n09L1,CcmK-like,BMC_1,2.73,0.45,text 3d pdb,
mers,67,1,1,4,e2q2gB1,HSP40/DnaJ peptide-binding domain,DnaJ_C_N_1,3.22,0.45,text 3d pdb,
mers,2003,1,5,86,e3q87B1,S-adenosyl-L-methionine-dependent methyltransferases,Methyltransf_11_2,2.64,0.45,text 3d pdb,
mers,304,38,1,1,e3mpuF1,Aspartate carbamoyltransferase Regulatory-chain,N-terminal domain,PyrI,2.76,0.45,text 3d pdb
mers,304,109,1,1,e5kpvS1,Ribosomal proteins S24e L23 and L15e,Ribosomal_L23_2,2.47,0.45,text 3d pdb,
mers,73,1,1,1,e6c4uE1,SMAD/FHA domain,FHA,2.95,0.44,text 3d pdb,
mers,305,1,1,2,e6a5oK1,RBP11-like subunits of RNA polymerase,RNA_pol_L_2,2.45,0.44,text 3d pdb,
mers,304,54,1,1,e3nwgA2,CcmK-like,BMC,2.53,0.44,text 3d pdb,
mers,305,1,1,2,e6a5pK1,RBP11-like subunits of RNA polymerase,RNA_pol_L_2,2.45,0.44,text 3d pdb,
mers,882,1,1,2,e2nwuB1,Ribosomal protein L5,RNA_binding,2.31,0.44,text 3d pdb,
mers,11,1,1,2548,e5lhrB1,Immunoglobulin/Fibronectin type III/E set domains/PapD-like,V-set_12,2.12,0.44,text 3d pdb,
mers,312,1,1,13,e4zglE1,HIT-related,HIT,2.25,0.44,text 3d pdb,
mers,320,6,1,1,e4r29C1,Cysteine methyltransferase effector NleE,EUF08394,2.57,0.44,text 3d pdb,
mers,11,1,1,300,e4jo4M1,Immunoglobulin/Fibronectin type III/E set domains/PapD-like,C1-set,2.7,0.44,text 3d pdb,
mers,218,3,1,3,e3huzR1,Prokaryotic ribosomal protein L17,Ribosomal_L17_1,3.3,0.44,text 3d pdb,
mers,218,3,1,3,e4v6aDR1,Prokaryotic ribosomal protein L17,Ribosomal_L17_1,3.3,0.44,text 3d pdb,
mers,10,42,1,,e4llfH1,ssRNA positive-strand viruses coat protein P (projecting) domain,F_UNCLASSIFIED,2.51,0.44,text 3d pdb,
mers,11,1,1,1516,e4r6uA1,Immunoglobulin/Fibronectin type III/E set domains/PapD-like,I-set_16,2.9,0.44,text 3d pdb,
mers,11,1,1,765,e5ldnH2,Immunoglobulin/Fibronectin type III/E set domains/PapD-like,V-set_8,2.39,0.44,text 3d pdb,
mers,213,1,1,106,e3d3sA1,Acyl-CoA N-acyltransferases (Nat),Acetyltransf_10_5,2.59,0.44,text 3d pdb,
mers,304,8,1,74,e6n1kD2,ACT-like,ACT_1,2.33,0.44,text 3d pdb,
mers,304,54,1,3,e6n0gV1,CcmK-like,BMC_1,2.75,0.44,text 3d pdb,
mers,862,1,1,1,e4limA1,Prim-pol domain,DNA_primase_S,2.08,0.44,text 3d pdb,
mers,1,1,1,46,e2g24B2,acid protease,Asp_N,2.59,0.44,text 3d pdb,
mers,10,42,1,,e4llfK1,ssRNA positive-strand viruses coat protein P (projecting) domain,F_UNCLASSIFIED,2.51,0.44,text 3d pdb,
mers,320,6,1,1,e4r29B1,Cysteine methyltransferase effector NleE,EUF08394,2.54,0.44,text 3d pdb,
mers,304,58,1,2,e5nbzI1,FepE-like,PRK10381,2.14,0.44,text 3d pdb,
mers,304,34,1,1,e3vgvN2,Nucleoside diphosphate kinases,NDK,2.59,0.44,text 3d pdb,
mers,304,55,1,12,e3dkyE1,Origin of replication-binding domains,Rep_2,2.22,0.44,text 3d pdb,
mers,511,1,1,2,e4jnfA1,Heat shock protein 70kD (HSP70) peptide-binding domain,HSP70_2nd,1.89,0.44,text 3d pdb,
mers,2484,1,1,24,e4xpuB1,Ribonuclease H-like,Endonuclease_5,3.19,0.44,text 3d pdb,
mers,2003,1,5,86,e3p2iB1,S-adenosyl-L-methionine-dependent methyltransferases,Methyltransf_11_2,2.45,0.44,text 3d pdb,
mers,2003,1,5,86,e3p2iA1,S-adenosyl-L-methionine-dependent methyltransferases,Methyltransf_11_2,2.45,0.44,text 3d pdb,
mers,304,54,1,3,e6n09J1,CcmK-like,BMC_1,2.79,0.44,text 3d pdb,
mers,2003,1,5,32,e6m81B1,S-adenosyl-L-methionine-dependent methyltransferases,Methyltransf_11_5,2.14,0.44,text 3d pdb,
mers,304,54,1,3,e6n0gM2,CcmK-like,BMC_1,2.48,0.44,text 3d pdb,
mers,328,5,1,1,e3hz7A1,SirA-like,TusA,2,0.44,text 3d pdb,
mers,304,54,1,3,e5v74R92,CcmK-like,BMC_1,2.75,0.44,text 3d pdb,
mers,304,54,1,3,e6n0gJ2,CcmK-like,BMC_1,2.78,0.44,text 3d pdb,
mers,3156,1,1,13,e4pibI1,Cupredoxin-related,PixA,3.64,0.44,text 3d pdb,
mers,304,9,1,10,e4n0tA4,RNA-binding domain RBD,RRM_1_1,2.09,0.44,text 3d pdb,
mers,304,54,1,3,e4tlhB1,CcmK-like,BMC_1,2.37,0.44,text 3d pdb,
mers,2003,1,5,8,e6nogK1,S-adenosyl-L-methionine-dependent methyltransferases,DOT1,2.38,0.44,text 3d pdb,
mers,304,54,1,3,e3gfhA6,CcmK-like,BMC_1,2.42,0.44,text 3d pdb,
mers,206,1,1,24,e5di1A1,Protein kinase,Pkinase_Tyr,2.67,0.44,text 3d pdb,
mers,225,1,1,33,e3na3A3,ATPase domain of HSP90 chaperone/DNA topoisomerase II/histidine kinase,HATPase_c_3,2.64,0.44,text 3d pdb,
mers,304,60,1,11,e3j37J1,Ribosomal protein L10-like,Ribosomal_L10,2.95,0.44,text 3d pdb,
mers,304,60,1,11,e4v6vBJ1,Ribosomal protein L10-like,Ribosomal_L10,2.95,0.44,text 3d pdb,
mers,2003,1,5,32,e4oqdA1,S-adenosyl-L-methionine-dependent methyltransferases,Methyltransf_11_5,2.14,0.44,text 3d pdb,
mers,5,1,4,39,e6nd4g1,7-bladed,ANAPC4_WD40_7,2.81,0.44,text 3d pdb,
mers,10,1,2,100,e4lo8C2,Galactose-binding domain-like,Clenterotox_C,2.61,0.44,text 3d pdb,
mers,10,1,2,231,e6ddtA5,Galactose-binding domain-like,Glyco_hydro_2_N,3.37,0.44,text 3d pdb,
mers,304,109,1,1,e5o2rT1,Ribosomal proteins S24e L23 and L15e,Ribosomal_L23_2,2.6,0.44,text 3d pdb,
mers,2003,1,5,32,e4oqeB1,S-adenosyl-L-methionine-dependent methyltransferases,Methyltransf_11_5,2.14,0.44,text 3d pdb,
mers,304,54,1,3,e4ediA2,CcmK-like,BMC_1,2.37,0.44,text 3d pdb,
mers,3156,1,1,13,e4pibC1,Cupredoxin-related,PixA,3.59,0.44,text 3d pdb,
mers,304,54,1,3,e5v74I92,CcmK-like,BMC_1,2.49,0.44,text 3d pdb,
mers,304,54,1,3,e4ediC2,CcmK-like,BMC_1,2.39,0.44,text 3d pdb,
mers,269,1,1,2,e2d39C1,Fibrinogen C-terminal domain-like,Fibrinogen_C,3.1,0.44,text 3d pdb,
mers,242,1,1,4,e3uvfB1,Homing endonucleases,LAGLIDADG_1,2.99,0.43,text 3d pdb,
mers,310,3,1,2,e3jc9Oc1,General secretion pathway protein M (EpsM) periplasmic domain-related,PilO,2.37,0.43,text 3d pdb,
mers,310,3,1,2,e3jc9Oj1,General secretion pathway protein M (EpsM) periplasmic domain-related,PilO,2.37,0.43,text 3d pdb,
mers,310,3,1,2,e3jc9Og1,General secretion pathway protein M (EpsM) periplasmic domain-related,PilO,2.37,0.43,text 3d pdb,
mers,310,3,1,2,e3jc9Oa1,General secretion pathway protein M (EpsM) periplasmic domain-related,PilO,2.37,0.43,text 3d pdb,
mers,310,3,1,2,e3jc9Ok1,General secretion pathway protein M (EpsM) periplasmic domain-related,PilO,2.37,0.43,text 3d pdb,
mers,310,3,1,2,e3jc9Oi1,General secretion pathway protein M (EpsM) periplasmic domain-related,PilO,2.37,0.43,text 3d pdb,
mers,310,3,1,2,e3jc9Oe1,General secretion pathway protein M (EpsM) periplasmic domain-related,PilO,2.37,0.43,text 3d pdb,
mers,310,3,1,2,e3jc9Of1,General secretion pathway protein M (EpsM) periplasmic domain-related,PilO,2.37,0.43,text 3d pdb,
mers,310,3,1,2,e3jc9Od1,General secretion pathway protein M (EpsM) periplasmic domain-related,PilO,2.37,0.43,text 3d pdb,
mers,310,3,1,2,e3jc9Oh1,General secretion pathway protein M (EpsM) periplasmic domain-related,PilO,2.37,0.43,text 3d pdb,
mers,310,3,1,2,e3jc9Ol1,General secretion pathway protein M (EpsM) periplasmic domain-related,PilO,2.37,0.43,text 3d pdb,
mers,310,3,1,2,e3jc9Ob1,General secretion pathway protein M (EpsM) periplasmic domain-related,PilO,2.37,0.43,text 3d pdb,
mers,310,3,1,2,e3jc8Ol1,General secretion pathway protein M (EpsM) periplasmic domain-related,PilO,2.37,0.43,text 3d pdb,
mers,310,3,1,2,e3jc8Og1,General secretion pathway protein M (EpsM) periplasmic domain-related,PilO,2.37,0.43,text 3d pdb,
mers,310,3,1,2,e3jc8Oc1,General secretion pathway protein M (EpsM) periplasmic domain-related,PilO,2.37,0.43,text 3d pdb,
mers,310,3,1,2,e3jc8Ok1,General secretion pathway protein M (EpsM) periplasmic domain-related,PilO,2.37,0.43,text 3d pdb,
mers,310,3,1,2,e3jc8Oa1,General secretion pathway protein M (EpsM) periplasmic domain-related,PilO,2.37,0.43,text 3d pdb,
mers,310,3,1,2,e3jc8Oh1,General secretion pathway protein M (EpsM) periplasmic domain-related,PilO,2.37,0.43,text 3d pdb,
mers,310,3,1,2,e3jc8Oj1,General secretion pathway protein M (EpsM) periplasmic domain-related,PilO,2.37,0.43,text 3d pdb,
mers,310,3,1,2,e3jc8Od1,General secretion pathway protein M (EpsM) periplasmic domain-related,PilO,2.37,0.43,text 3d pdb,
mers,310,3,1,2,e3jc8Oe1,General secretion pathway protein M (EpsM) periplasmic domain-related,PilO,2.37,0.43,text 3d pdb,
mers,310,3,1,2,e3jc8Ob1,General secretion pathway protein M (EpsM) periplasmic domain-related,PilO,2.37,0.43,text 3d pdb,
mers,320,2,1,5,e6faiW2,Ribosomal protein S8 N-terminal domain,Ribosomal_S8_N_1,2.98,0.43,text 3d pdb,
mers,310,3,1,2,e3jc8Of1,General secretion pathway protein M (EpsM) periplasmic domain-related,PilO,2.37,0.43,text 3d pdb,
mers,310,3,1,2,e3jc8Oi1,General secretion pathway protein M (EpsM) periplasmic domain-related,PilO,2.37,0.43,text 3d pdb,
mers,304,54,1,3,e6arcB2,CcmK-like,BMC_1,2.41,0.43,text 3d pdb,
mers,320,2,1,5,e4kzyW1,Ribosomal protein S8 N-terminal domain,Ribosomal_S8_N_1,2.89,0.43,text 3d pdb,
mers,320,2,1,5,e4kzzW1,Ribosomal protein S8 N-terminal domain,Ribosomal_S8_N_1,2.89,0.43,text 3d pdb,
mers,320,2,1,5,e4kzxW1,Ribosomal protein S8 N-terminal domain,Ribosomal_S8_N_1,2.89,0.43,text 3d pdb,
mers,320,2,1,5,e3j3aW1,Ribosomal protein S8 N-terminal domain,Ribosomal_S8_N_1,2.89,0.43,text 3d pdb,
mers,320,2,1,5,e4v6xAW2,Ribosomal protein S8 N-terminal domain,Ribosomal_S8_N_1,2.89,0.43,text 3d pdb,
mers,274,1,1,25,e4bhrB1,Pili subunits,EUF08315,1.94,0.43,text 3d pdb,
mers,304,54,1,3,e4tmeA2,CcmK-like,BMC_1,2.4,0.43,text 3d pdb,
mers,304,54,1,3,e5v74K92,CcmK-like,BMC_1,2.79,0.43,text 3d pdb,
mers,304,54,1,3,e4ediB6,CcmK-like,BMC_1,2.42,0.43,text 3d pdb,
mers,320,2,1,5,e5meiX2,Ribosomal protein S8 N-terminal domain,Ribosomal_S8_N_1,2.93,0.43,text 3d pdb,
mers,2003,1,5,32,e4oqdD1,S-adenosyl-L-methionine-dependent methyltransferases,Methyltransf_11_5,2.14,0.43,text 3d pdb,
mers,2003,1,5,86,e3pb3B1,S-adenosyl-L-methionine-dependent methyltransferases,Methyltransf_11_2,2.5,0.43,text 3d pdb,
mers,11,1,1,2548,e6eleA2,Immunoglobulin/Fibronectin type III/E set domains/PapD-like,V-set_12,2.56,0.43,text 3d pdb,
mers,873,1,1,3,e4u9gB1,H-NOX domain,HNOB,2.38,0.43,text 3d pdb,
mers,2004,1,1,144,e1ksgA1,P-loop containing nucleoside triphosphate hydrolases,Ras,3.15,0.43,text 3d pdb,
mers,10,1,2,231,e6dduA3,Galactose-binding domain-like,Glyco_hydro_2_N,3.42,0.43,text 3d pdb,
mers,320,2,1,5,e3u5cW1,Ribosomal protein S8 N-terminal domain,Ribosomal_S8_N_1,2.9,0.43,text 3d pdb,
mers,320,2,1,5,e4v88AW2,Ribosomal protein S8 N-terminal domain,Ribosomal_S8_N_1,2.9,0.43,text 3d pdb,
mers,1,1,1,46,e2g1sB2,acid protease,Asp_N,3.25,0.43,text 3d pdb,
mers,290,1,1,1,e3rccQ1,Sortase,Sortase,2.62,0.42,text 3d pdb,
mers,304,54,1,3,e4tlhA2,CcmK-like,BMC_1,2.84,0.41,text 3d pdb,
mers,304,54,1,3,e6arcC1,CcmK-like,BMC_1,3,0.4,text 3d pdb,
mers,304,54,1,1,e6fdbA2,CcmK-like,BMC,2.48,0.4,text 3d pdb,
mers,304,54,1,3,e4fdzA6,CcmK-like,BMC_1,2.98,0.4,text 3d pdb,
mers,206,1,3,22,e5dghA2,ATP-grasp,RimK,1.94,0.38,text 3d pdb,
mers,10,12,1,38,e4nr1A1,Double-stranded beta-helix,JmjC_1,3.16,0.38,text 3d pdb,
mers,331,3,1,15,e6alkA1,Bet v1-like,Polyketide_cyc2,2.99,0.37,text 3d pdb,
mers,331,3,1,15,e4lgaA1,Bet v1-like,Polyketide_cyc2,2.38,0.37,text 3d pdb,
mers,304,24,1,2,e2npfA3,EF-G C-terminal domain-like,EFG_C,3.12,0.37,text 3d pdb,
mers,12,2,1,8,e2wmgA1,Hyaluronate lyase-like C-terminal domain,Glyco_hydro_98C_C,2.44,0.37,text 3d pdb,
mers,10,12,1,297,e5hi0A2,Double-stranded beta-helix,Cupin_1,2.42,0.36,text 3d pdb,
mers,290,1,1,1,e6bweA1,Sortase,Sortase,3.05,0.36,text 3d pdb,
mers,1137,1,1,1,e1wyzD1,Tetrapyrrole methylase C-terminal domain,TP_methylase_C,2.57,0.36,text 3d pdb,
mers,5084,5,1,7,e5o78C1,Porin,Porin_1,3.03,0.34,text 3d pdb,
mers,5,1,3,11,e1c9uB1,6-bladed,GSDH,3.88,0.33,text 3d pdb,
mers,5,1,4,41,e5tzsg1,7-bladed,ANAPC4_WD40_2,4,0.33,text 3d pdb,
mers,10,12,1,38,e3p3nA1,Double-stranded beta-helix,JmjC_1,3.75,0.32,text 3d pdb,
mers,11,1,1,992,e2z93D3,Immunoglobulin/Fibronectin type III/E set domains/PapD-like,C1-set_4,3.11,0.32,text 3d pdb,
mers,223,1,1,47,e6f9gB1,sensor domains,dCache_1_like_1,3.32,0.32,text 3d pdb,
mers,10,12,1,297,e3ehkE2,Double-stranded beta-helix,Cupin_1,2.94,0.3,text 3d pdb,
mers,1,11,1,1,e3zpnC1,Photosystem II accessory factor Psb28,Psb28,3.96,0.27,text 3d pdb,
