mers,e,52,1,1,d1u0ta_,NAD kinase/diacylglycerol kinase-like,NAD kinase/diacylglycerol kinase-like,2.24,0.6,text 3d pdb
mers,e,52,1,1,d1u0ra_,NAD kinase/diacylglycerol kinase-like,NAD kinase/diacylglycerol kinase-like,2.2,0.6,text 3d pdb
mers,d,110,6,4,d5t65b_,Profilin-like,Sensory domain-like,2.48,0.59,text 3d pdb
mers,d,110,6,4,d5t7ma_,Profilin-like,Sensory domain-like,2.49,0.58,text 3d pdb
mers,d,110,6,4,d5ltxa_,Profilin-like,Sensory domain-like,2.46,0.58,text 3d pdb
mers,i,1,1,2,d1vw4e_,Ribosome and ribosomal fragments,Ribosome and ribosomal fragments,2.23,0.56,text 3d pdb
mers,i,1,1,1,d3u5ej_,Ribosome and ribosomal fragments,Ribosome and ribosomal fragments,2.2,0.55,text 3d pdb
mers,d,110,1,1,d1fila_,Profilin-like,Profilin (actin-binding protein),2.15,0.53,text 3d pdb
mers,d,26,1,1,d1p5qb2,FKBP-like,FKBP-like,2.04,0.53,text 3d pdb
mers,d,26,1,0,d2pbcc1,FKBP-like,FKBP-like,2.44,0.53,text 3d pdb
mers,d,26,1,0,d2vcda_,FKBP-like,FKBP-like,2.44,0.52,text 3d pdb
mers,d,26,1,0,d2d9fa1,FKBP-like,FKBP-like,2.35,0.52,text 3d pdb
mers,d,26,1,0,d4nnra_,FKBP-like,FKBP-like,2.39,0.52,text 3d pdb
mers,c,66,1,0,d2yxdb_,S-adenosyl-L-methionine-dependent methyltransferases,S-adenosyl-L-methionine-dependent methyltransferases,2.32,0.52,text 3d pdb
mers,d,26,1,0,d2pbcb1,FKBP-like,FKBP-like,2.47,0.52,text 3d pdb
mers,d,26,1,0,d2ko7a1,FKBP-like,FKBP-like,2.33,0.52,text 3d pdb
mers,d,26,1,1,d4iq2b_,FKBP-like,FKBP-like,2.2,0.52,text 3d pdb
mers,d,26,1,1,d1fd9a_,FKBP-like,FKBP-like,2.25,0.52,text 3d pdb
mers,d,26,1,1,d4iq2a_,FKBP-like,FKBP-like,2.22,0.52,text 3d pdb
mers,d,26,1,1,d5ht1a1,FKBP-like,FKBP-like,2.36,0.51,text 3d pdb
mers,d,26,1,0,d5hw7a_,FKBP-like,FKBP-like,2.31,0.51,text 3d pdb
mers,d,26,1,0,d3ni6b_,FKBP-like,FKBP-like,2.43,0.51,text 3d pdb
mers,d,26,1,1,d1yata_,FKBP-like,FKBP-like,2.51,0.51,text 3d pdb
mers,d,26,1,1,d1q6hb_,FKBP-like,FKBP-like,2.4,0.51,text 3d pdb
mers,d,26,1,0,d4itzb_,FKBP-like,FKBP-like,2.47,0.51,text 3d pdb
mers,d,26,1,0,d5htgb_,FKBP-like,FKBP-like,2.32,0.51,text 3d pdb
mers,d,26,1,1,d5huaa_,FKBP-like,FKBP-like,2.42,0.51,text 3d pdb
mers,d,26,1,0,d4mgva_,FKBP-like,FKBP-like,2.49,0.51,text 3d pdb
mers,d,26,1,1,d1pbka_,FKBP-like,FKBP-like,2.52,0.51,text 3d pdb
mers,d,26,1,0,d3ihza_,FKBP-like,FKBP-like,2.55,0.51,text 3d pdb
mers,d,26,1,0,d5hw7b_,FKBP-like,FKBP-like,2.59,0.51,text 3d pdb
mers,d,26,1,0,d5i98a_,FKBP-like,FKBP-like,2.37,0.51,text 3d pdb
mers,d,26,1,0,d4j4nc_,FKBP-like,FKBP-like,2.59,0.5,text 3d pdb
mers,d,58,4,0,d5loqe_,Ferredoxin-like,Dimeric alpha+beta barrel,1.96,0.5,text 3d pdb
mers,d,58,4,0,d5loqc_,Ferredoxin-like,Dimeric alpha+beta barrel,1.99,0.5,text 3d pdb
mers,d,26,1,0,d2if4a1,FKBP-like,FKBP-like,2.86,0.5,text 3d pdb
mers,d,58,4,0,d5loqd_,Ferredoxin-like,Dimeric alpha+beta barrel,1.96,0.5,text 3d pdb
mers,d,26,1,1,d1q6ha_,FKBP-like,FKBP-like,2.36,0.5,text 3d pdb
mers,d,26,1,0,d3ihzb_,FKBP-like,FKBP-like,2.51,0.5,text 3d pdb
mers,d,26,1,0,d5i98b_,FKBP-like,FKBP-like,2.62,0.5,text 3d pdb
mers,d,26,1,0,d4itza_,FKBP-like,FKBP-like,2.54,0.5,text 3d pdb
mers,d,53,1,1,d2i2pc2,Ribosomal protein S3 C-terminal domain,Ribosomal protein S3 C-terminal domain,2.59,0.5,text 3d pdb
mers,d,26,1,0,d4nnrb_,FKBP-like,FKBP-like,2.58,0.5,text 3d pdb
mers,d,26,1,0,d5hw8g_,FKBP-like,FKBP-like,2.37,0.5,text 3d pdb
mers,b,69,4,0,d4gm8c_,7-bladed beta-propeller,WD40 repeat-like,2.55,0.5,text 3d pdb
mers,d,26,1,1,d1q6ib_,FKBP-like,FKBP-like,2.52,0.5,text 3d pdb
mers,b,69,4,0,d4gm8b_,7-bladed beta-propeller,WD40 repeat-like,2.55,0.5,text 3d pdb
mers,b,69,4,0,d4gm8a_,7-bladed beta-propeller,WD40 repeat-like,2.55,0.5,text 3d pdb
mers,b,69,4,0,d4gm8d_,7-bladed beta-propeller,WD40 repeat-like,2.55,0.5,text 3d pdb
mers,b,69,4,0,d4qqea_,7-bladed beta-propeller,WD40 repeat-like,2.56,0.5,text 3d pdb
mers,b,69,4,0,d2g9aa1,7-bladed beta-propeller,WD40 repeat-like,2.55,0.49,text 3d pdb
mers,b,69,4,0,d2g99a_,7-bladed beta-propeller,WD40 repeat-like,2.58,0.49,text 3d pdb
mers,d,26,1,0,d4qt3a1,FKBP-like,FKBP-like,2.79,0.49,text 3d pdb
mers,b,69,4,0,d2h6na_,7-bladed beta-propeller,WD40 repeat-like,2.57,0.49,text 3d pdb
mers,c,67,1,1,d1h1cb_,PLP-dependent transferase-like,PLP-dependent transferases,3.12,0.49,text 3d pdb
mers,d,53,1,1,d1yl4f2,Ribosomal protein S3 C-terminal domain,Ribosomal protein S3 C-terminal domain,2.67,0.49,text 3d pdb
mers,b,55,1,4,d1ddwa_,PH domain-like barrel,PH domain-like,2.64,0.49,text 3d pdb
mers,b,69,4,0,d2g99b_,7-bladed beta-propeller,WD40 repeat-like,2.59,0.49,text 3d pdb
mers,b,69,4,0,d5eala_,7-bladed beta-propeller,WD40 repeat-like,2.57,0.49,text 3d pdb
mers,b,69,4,0,d5eara_,7-bladed beta-propeller,WD40 repeat-like,2.58,0.49,text 3d pdb
mers,b,69,4,0,d3smrc_,7-bladed beta-propeller,WD40 repeat-like,2.57,0.49,text 3d pdb
mers,b,69,4,0,d5m23a_,7-bladed beta-propeller,WD40 repeat-like,2.56,0.49,text 3d pdb
mers,b,69,4,0,d2h9la1,7-bladed beta-propeller,WD40 repeat-like,2.56,0.49,text 3d pdb
mers,b,69,4,0,d4ia9a_,7-bladed beta-propeller,WD40 repeat-like,2.57,0.49,text 3d pdb
mers,b,69,4,0,d2h68b_,7-bladed beta-propeller,WD40 repeat-like,2.58,0.49,text 3d pdb
mers,b,69,4,0,d5eama_,7-bladed beta-propeller,WD40 repeat-like,2.57,0.49,text 3d pdb
mers,b,69,4,0,d3eg6a_,7-bladed beta-propeller,WD40 repeat-like,2.57,0.49,text 3d pdb
mers,b,69,4,0,d2h13a_,7-bladed beta-propeller,WD40 repeat-like,2.58,0.49,text 3d pdb
mers,b,69,4,0,d3emha_,7-bladed beta-propeller,WD40 repeat-like,2.57,0.49,text 3d pdb
mers,b,69,4,0,d3ur4a_,7-bladed beta-propeller,WD40 repeat-like,2.58,0.49,text 3d pdb
mers,b,69,4,0,d2cnxa_,7-bladed beta-propeller,WD40 repeat-like,2.58,0.49,text 3d pdb
mers,b,69,4,0,d4ql1b_,7-bladed beta-propeller,WD40 repeat-like,2.57,0.49,text 3d pdb
mers,b,69,4,0,d2h68a_,7-bladed beta-propeller,WD40 repeat-like,2.58,0.49,text 3d pdb
mers,b,69,4,0,d5earb_,7-bladed beta-propeller,WD40 repeat-like,2.57,0.49,text 3d pdb
mers,b,69,4,0,d2h6kb_,7-bladed beta-propeller,WD40 repeat-like,2.58,0.49,text 3d pdb
mers,d,26,1,1,d1q6ia_,FKBP-like,FKBP-like,2.72,0.49,text 3d pdb
mers,b,69,4,0,d3smrd_,7-bladed beta-propeller,WD40 repeat-like,2.57,0.49,text 3d pdb
mers,b,69,4,0,d3smrb_,7-bladed beta-propeller,WD40 repeat-like,2.57,0.49,text 3d pdb
mers,b,82,1,6,d5i8sa_,Double-stranded beta-helix,RmlC-like cupins,2.75,0.49,text 3d pdb
mers,b,69,4,0,d2h6nb_,7-bladed beta-propeller,WD40 repeat-like,2.59,0.49,text 3d pdb
mers,b,69,4,0,d3uvoa_,7-bladed beta-propeller,WD40 repeat-like,2.58,0.49,text 3d pdb
mers,b,69,4,0,d2gnqa_,7-bladed beta-propeller,WD40 repeat-like,2.56,0.49,text 3d pdb
mers,b,1,1,2,d1clyl2,Immunoglobulin-like beta-sandwich,Immunoglobulin,2.72,0.49,text 3d pdb
mers,b,69,4,0,d3smra_,7-bladed beta-propeller,WD40 repeat-like,2.58,0.49,text 3d pdb
mers,d,13,1,1,d2fhia_,HIT-like,HIT-like,2.81,0.49,text 3d pdb
mers,b,55,1,4,d1ddva_,PH domain-like barrel,PH domain-like,2.51,0.49,text 3d pdb
mers,b,69,4,0,d2h6ka_,7-bladed beta-propeller,WD40 repeat-like,2.58,0.49,text 3d pdb
mers,b,69,4,0,d2co0a_,7-bladed beta-propeller,WD40 repeat-like,2.58,0.49,text 3d pdb
mers,d,26,1,0,d2pbcd1,FKBP-like,FKBP-like,2.88,0.49,text 3d pdb
mers,b,82,1,6,d5i93a_,Double-stranded beta-helix,RmlC-like cupins,2.77,0.49,text 3d pdb
mers,b,69,4,0,d5eapa1,7-bladed beta-propeller,WD40 repeat-like,2.58,0.49,text 3d pdb
mers,b,69,4,0,d4ql1a_,7-bladed beta-propeller,WD40 repeat-like,2.6,0.49,text 3d pdb
mers,b,69,4,0,d2h9na_,7-bladed beta-propeller,WD40 repeat-like,2.57,0.49,text 3d pdb
mers,b,69,4,0,d2h6qa_,7-bladed beta-propeller,WD40 repeat-like,2.57,0.49,text 3d pdb
mers,b,82,1,6,d5i91a_,Double-stranded beta-helix,RmlC-like cupins,2.77,0.49,text 3d pdb
mers,b,69,4,0,d2co0c_,7-bladed beta-propeller,WD40 repeat-like,2.59,0.49,text 3d pdb
mers,b,69,4,0,d3mxxa1,7-bladed beta-propeller,WD40 repeat-like,2.58,0.49,text 3d pdb
mers,d,26,1,0,d5hw6b_,FKBP-like,FKBP-like,2.72,0.49,text 3d pdb
mers,b,69,4,0,d5eamb_,7-bladed beta-propeller,WD40 repeat-like,2.58,0.49,text 3d pdb
mers,b,69,4,0,d3n0ea1,7-bladed beta-propeller,WD40 repeat-like,2.59,0.49,text 3d pdb
mers,b,69,4,0,d5m25a_,7-bladed beta-propeller,WD40 repeat-like,2.58,0.49,text 3d pdb
mers,b,69,4,0,d3ur4b_,7-bladed beta-propeller,WD40 repeat-like,2.59,0.49,text 3d pdb
mers,b,69,4,0,d3uvma_,7-bladed beta-propeller,WD40 repeat-like,2.58,0.49,text 3d pdb
mers,d,26,1,1,d1qpfa_,FKBP-like,FKBP-like,2.57,0.49,text 3d pdb
mers,b,50,1,2,d1dpja_,Acid proteases,Acid proteases,2.61,0.49,text 3d pdb
mers,b,69,4,0,d2h6qb_,7-bladed beta-propeller,WD40 repeat-like,2.59,0.49,text 3d pdb
mers,b,1,1,2,d1dbjl2,Immunoglobulin-like beta-sandwich,Immunoglobulin,2.58,0.49,text 3d pdb
mers,b,50,1,2,d1dp5a_,Acid proteases,Acid proteases,2.62,0.49,text 3d pdb
mers,b,69,4,0,d5vfca_,7-bladed beta-propeller,WD40 repeat-like,2.57,0.49,text 3d pdb
mers,b,69,4,0,d3p4fa_,7-bladed beta-propeller,WD40 repeat-like,2.62,0.49,text 3d pdb
mers,b,69,4,0,d5ealb_,7-bladed beta-propeller,WD40 repeat-like,2.57,0.49,text 3d pdb
mers,b,69,4,0,d3psla_,7-bladed beta-propeller,WD40 repeat-like,2.59,0.49,text 3d pdb
mers,b,69,4,0,d4a7ja_,7-bladed beta-propeller,WD40 repeat-like,2.6,0.49,text 3d pdb
mers,d,92,2,2,d1k9fa2,Zincin-like,beta-N-acetylhexosaminidase-like domain,2.3,0.49,text 3d pdb
mers,b,69,4,0,d2h9ma_,7-bladed beta-propeller,WD40 repeat-like,2.59,0.49,text 3d pdb
mers,d,13,1,1,d1emsb1,HIT-like,HIT-like,2.91,0.49,text 3d pdb
mers,b,69,4,0,d4gm9b_,7-bladed beta-propeller,WD40 repeat-like,2.6,0.49,text 3d pdb
mers,d,16,1,8,d2gmhb2,FAD-linked reductases C-terminal domain,FAD-linked reductases C-terminal domain,2.52,0.49,text 3d pdb
mers,b,69,4,0,d2h9nc_,7-bladed beta-propeller,WD40 repeat-like,2.6,0.49,text 3d pdb
mers,d,13,1,2,d1zwja1,HIT-like,HIT-like,2.26,0.49,text 3d pdb
mers,b,82,1,6,d5i8ya_,Double-stranded beta-helix,RmlC-like cupins,2.77,0.49,text 3d pdb
mers,b,69,4,0,d4gm9a_,7-bladed beta-propeller,WD40 repeat-like,2.61,0.48,text 3d pdb
mers,b,1,1,2,d1dqja2,Immunoglobulin-like beta-sandwich,Immunoglobulin,2.58,0.48,text 3d pdb
mers,d,13,1,2,d1zwjb1,HIT-like,HIT-like,2.27,0.48,text 3d pdb
mers,b,1,1,2,d1a6tc2,Immunoglobulin-like beta-sandwich,Immunoglobulin,2.62,0.48,text 3d pdb
mers,d,92,2,2,d1mqqa2,Zincin-like,beta-N-acetylhexosaminidase-like domain,2.3,0.48,text 3d pdb
mers,b,69,4,0,d3n0da1,7-bladed beta-propeller,WD40 repeat-like,2.6,0.48,text 3d pdb
mers,b,50,1,2,d6apre_,Acid proteases,Acid proteases,2.79,0.48,text 3d pdb
mers,d,92,2,2,d1k9ea2,Zincin-like,beta-N-acetylhexosaminidase-like domain,2.32,0.48,text 3d pdb
mers,b,68,1,0,d3ti6a_,6-bladed beta-propeller,Sialidases,2.61,0.48,text 3d pdb
mers,b,68,1,0,d3ti3b_,6-bladed beta-propeller,Sialidases,2.59,0.48,text 3d pdb
mers,b,69,4,0,d2h14a_,7-bladed beta-propeller,WD40 repeat-like,2.62,0.48,text 3d pdb
mers,b,68,1,0,d3ti5b_,6-bladed beta-propeller,Sialidases,2.59,0.48,text 3d pdb
mers,b,68,1,0,d3ti3a_,6-bladed beta-propeller,Sialidases,2.59,0.48,text 3d pdb
mers,b,68,1,0,d4b7ra_,6-bladed beta-propeller,Sialidases,2.62,0.48,text 3d pdb
mers,b,68,1,0,d2htvb_,6-bladed beta-propeller,Sialidases,2.95,0.48,text 3d pdb
mers,b,1,1,2,d2ht3d2,Immunoglobulin-like beta-sandwich,Immunoglobulin,2.61,0.48,text 3d pdb
mers,b,68,1,0,d3ti6b_,6-bladed beta-propeller,Sialidases,2.61,0.48,text 3d pdb
mers,b,1,1,2,d4bz2l2,Immunoglobulin-like beta-sandwich,Immunoglobulin,2.57,0.48,text 3d pdb
mers,b,1,1,2,d6eljb2,Immunoglobulin-like beta-sandwich,Immunoglobulin,2.56,0.48,text 3d pdb
mers,b,1,1,2,d1cl7l2,Immunoglobulin-like beta-sandwich,Immunoglobulin,2.46,0.48,text 3d pdb
mers,b,69,4,0,d3pslb_,7-bladed beta-propeller,WD40 repeat-like,2.6,0.48,text 3d pdb
mers,b,68,1,0,d4b7rc_,6-bladed beta-propeller,Sialidases,2.6,0.48,text 3d pdb
mers,d,230,5,1,d1ybbc_,Dodecin subunit-like,YbjQ-like,2.66,0.48,text 3d pdb
mers,d,16,1,8,d2gmjb2,FAD-linked reductases C-terminal domain,FAD-linked reductases C-terminal domain,2.12,0.48,text 3d pdb
mers,b,50,1,2,d5apre_,Acid proteases,Acid proteases,2.39,0.48,text 3d pdb
mers,b,1,1,2,d2adfl2,Immunoglobulin-like beta-sandwich,Immunoglobulin,2.61,0.48,text 3d pdb
mers,d,13,1,1,d1emsa1,HIT-like,HIT-like,2.92,0.48,text 3d pdb
mers,d,26,1,0,d2f2da1,FKBP-like,FKBP-like,2.66,0.48,text 3d pdb
mers,d,26,1,1,d1q6ua_,FKBP-like,FKBP-like,2.59,0.48,text 3d pdb
mers,b,1,1,2,d4ag4l2,Immunoglobulin-like beta-sandwich,Immunoglobulin,2.65,0.48,text 3d pdb
mers,b,68,1,0,d3nssb_,6-bladed beta-propeller,Sialidases,2.59,0.48,text 3d pdb
mers,b,1,1,2,d1cfqa2,Immunoglobulin-like beta-sandwich,Immunoglobulin,2.67,0.48,text 3d pdb
mers,b,1,1,2,d2cgrl2,Immunoglobulin-like beta-sandwich,Immunoglobulin,2.62,0.48,text 3d pdb
mers,b,68,1,0,d4b7rd_,6-bladed beta-propeller,Sialidases,2.62,0.48,text 3d pdb
mers,b,1,1,2,d6ellb2,Immunoglobulin-like beta-sandwich,Immunoglobulin,2.57,0.48,text 3d pdb
mers,b,1,1,2,d1hh9a2,Immunoglobulin-like beta-sandwich,Immunoglobulin,2.64,0.48,text 3d pdb
mers,b,1,1,2,d4lrib2,Immunoglobulin-like beta-sandwich,Immunoglobulin,2.55,0.48,text 3d pdb
mers,b,1,1,0,d4hiia2,Immunoglobulin-like beta-sandwich,Immunoglobulin,2.52,0.48,text 3d pdb
mers,b,68,1,0,d2hu0a_,6-bladed beta-propeller,Sialidases,2.98,0.48,text 3d pdb
mers,d,13,1,2,d2q4la1,HIT-like,HIT-like,2.61,0.48,text 3d pdb
mers,b,69,4,0,d4gmba_,7-bladed beta-propeller,WD40 repeat-like,2.58,0.48,text 3d pdb
mers,b,50,1,2,d3apre_,Acid proteases,Acid proteases,2.4,0.48,text 3d pdb
mers,b,1,1,2,d1clol2,Immunoglobulin-like beta-sandwich,Immunoglobulin,2.74,0.48,text 3d pdb
mers,b,1,1,2,d5ikcl2,Immunoglobulin-like beta-sandwich,Immunoglobulin,2.64,0.48,text 3d pdb
mers,b,1,1,2,d3skjl2,Immunoglobulin-like beta-sandwich,Immunoglobulin,2.66,0.48,text 3d pdb
mers,b,1,1,2,d1xgpa2,Immunoglobulin-like beta-sandwich,Immunoglobulin,2.6,0.48,text 3d pdb
mers,b,1,1,2,d4s1dd2,Immunoglobulin-like beta-sandwich,Immunoglobulin,2.64,0.48,text 3d pdb
mers,b,1,1,2,d4u6vl2,Immunoglobulin-like beta-sandwich,Immunoglobulin,2.56,0.48,text 3d pdb
mers,b,1,1,2,d4whtn2,Immunoglobulin-like beta-sandwich,Immunoglobulin,2.5,0.48,text 3d pdb
mers,b,1,1,2,d1fh5l2,Immunoglobulin-like beta-sandwich,Immunoglobulin,2.63,0.48,text 3d pdb
mers,b,1,1,2,d1ad0c2,Immunoglobulin-like beta-sandwich,Immunoglobulin,2.71,0.48,text 3d pdb
mers,b,1,1,2,d5dyob2,Immunoglobulin-like beta-sandwich,Immunoglobulin,2.67,0.48,text 3d pdb
mers,b,1,1,2,d1ad0a2,Immunoglobulin-like beta-sandwich,Immunoglobulin,2.71,0.48,text 3d pdb
mers,b,1,1,2,d5vh4l2,Immunoglobulin-like beta-sandwich,Immunoglobulin,2.51,0.48,text 3d pdb
mers,b,1,1,2,d1frgl2,Immunoglobulin-like beta-sandwich,Immunoglobulin,2.6,0.48,text 3d pdb
mers,b,1,1,2,d5eiil2,Immunoglobulin-like beta-sandwich,Immunoglobulin,2.53,0.48,text 3d pdb
mers,b,1,1,2,d3s34l2,Immunoglobulin-like beta-sandwich,Immunoglobulin,2.53,0.48,text 3d pdb
mers,b,1,1,2,d1ggbl2,Immunoglobulin-like beta-sandwich,Immunoglobulin,2.61,0.48,text 3d pdb
mers,b,1,1,2,d5k9ql2,Immunoglobulin-like beta-sandwich,Immunoglobulin,2.54,0.48,text 3d pdb
mers,b,1,1,2,d5dyol2,Immunoglobulin-like beta-sandwich,Immunoglobulin,2.69,0.48,text 3d pdb
mers,b,1,1,2,d3u46b2,Immunoglobulin-like beta-sandwich,Immunoglobulin,2.52,0.48,text 3d pdb
mers,b,1,1,2,d1nccl2,Immunoglobulin-like beta-sandwich,Immunoglobulin,2.72,0.48,text 3d pdb
mers,c,71,1,1,d2lf1a_,Dihydrofolate reductase-like,Dihydrofolate reductase-like,3.19,0.48,text 3d pdb
mers,b,1,1,2,d4qthl2,Immunoglobulin-like beta-sandwich,Immunoglobulin,2.65,0.48,text 3d pdb
mers,b,1,1,2,d5k9qk2,Immunoglobulin-like beta-sandwich,Immunoglobulin,2.53,0.48,text 3d pdb
mers,b,1,1,2,d4aeil2,Immunoglobulin-like beta-sandwich,Immunoglobulin,2.67,0.48,text 3d pdb
mers,d,13,1,0,d3p0ta1,HIT-like,HIT-like,2.48,0.48,text 3d pdb
mers,b,68,1,0,d2hu0e_,6-bladed beta-propeller,Sialidases,2.94,0.48,text 3d pdb
mers,b,1,1,0,d4lssl2,Immunoglobulin-like beta-sandwich,Immunoglobulin,2.74,0.48,text 3d pdb
mers,b,1,1,2,d4u6vm2,Immunoglobulin-like beta-sandwich,Immunoglobulin,2.59,0.48,text 3d pdb
mers,b,1,1,2,d2fatl2,Immunoglobulin-like beta-sandwich,Immunoglobulin,2.66,0.48,text 3d pdb
mers,b,1,1,2,d1yegl2,Immunoglobulin-like beta-sandwich,Immunoglobulin,2.65,0.48,text 3d pdb
mers,b,1,1,2,d4whtv2,Immunoglobulin-like beta-sandwich,Immunoglobulin,2.53,0.48,text 3d pdb
mers,b,1,1,2,d2brrl2,Immunoglobulin-like beta-sandwich,Immunoglobulin,2.58,0.48,text 3d pdb
mers,b,1,1,2,d1um5l2,Immunoglobulin-like beta-sandwich,Immunoglobulin,2.52,0.48,text 3d pdb
mers,b,1,1,2,d5d96b2,Immunoglobulin-like beta-sandwich,Immunoglobulin,2.68,0.48,text 3d pdb
mers,b,1,1,2,d2brrx2,Immunoglobulin-like beta-sandwich,Immunoglobulin,2.61,0.48,text 3d pdb
mers,b,1,1,2,d3grwl2,Immunoglobulin-like beta-sandwich,Immunoglobulin,2.57,0.48,text 3d pdb
mers,b,1,1,2,d5k9jl2,Immunoglobulin-like beta-sandwich,Immunoglobulin,2.52,0.48,text 3d pdb
mers,b,1,1,2,d1pg7l2,Immunoglobulin-like beta-sandwich,Immunoglobulin,2.52,0.48,text 3d pdb
mers,b,1,1,2,d4nrzb2,Immunoglobulin-like beta-sandwich,Immunoglobulin,2.54,0.48,text 3d pdb
mers,b,1,1,2,d1pg7m2,Immunoglobulin-like beta-sandwich,Immunoglobulin,2.52,0.48,text 3d pdb
mers,b,1,1,2,d1op3l2,Immunoglobulin-like beta-sandwich,Immunoglobulin,2.53,0.48,text 3d pdb
mers,b,1,1,2,d1yekl2,Immunoglobulin-like beta-sandwich,Immunoglobulin,2.65,0.48,text 3d pdb
mers,b,1,1,2,d3w9eb2,Immunoglobulin-like beta-sandwich,Immunoglobulin,2.77,0.48,text 3d pdb
mers,d,13,1,0,d3p0tb1,HIT-like,HIT-like,2.48,0.48,text 3d pdb
mers,b,1,1,2,d4tprl2,Immunoglobulin-like beta-sandwich,Immunoglobulin,2.61,0.48,text 3d pdb
mers,b,1,1,2,d3u46l2,Immunoglobulin-like beta-sandwich,Immunoglobulin,2.52,0.48,text 3d pdb
mers,b,1,1,2,d1c12a2,Immunoglobulin-like beta-sandwich,Immunoglobulin,2.62,0.48,text 3d pdb
mers,b,1,1,0,d3bkcl2,Immunoglobulin-like beta-sandwich,Immunoglobulin,2.61,0.48,text 3d pdb
mers,b,1,1,2,d1flrl2,Immunoglobulin-like beta-sandwich,Immunoglobulin,2.65,0.48,text 3d pdb
mers,d,16,1,8,d2gmja2,FAD-linked reductases C-terminal domain,FAD-linked reductases C-terminal domain,2.57,0.48,text 3d pdb
mers,b,1,1,0,d3q1sl2,Immunoglobulin-like beta-sandwich,Immunoglobulin,2.49,0.48,text 3d pdb
mers,b,1,1,2,d5eiib2,Immunoglobulin-like beta-sandwich,Immunoglobulin,2.53,0.48,text 3d pdb
mers,b,1,1,2,d1i9il2,Immunoglobulin-like beta-sandwich,Immunoglobulin,2.69,0.48,text 3d pdb
mers,b,1,1,2,d5l9dl2,Immunoglobulin-like beta-sandwich,Immunoglobulin,2.68,0.48,text 3d pdb
mers,b,1,1,2,d4kvnl2,Immunoglobulin-like beta-sandwich,Immunoglobulin,2.52,0.48,text 3d pdb
mers,b,1,1,2,d1sy6l2,Immunoglobulin-like beta-sandwich,Immunoglobulin,2.69,0.48,text 3d pdb
mers,b,1,1,2,d1hi6a2,Immunoglobulin-like beta-sandwich,Immunoglobulin,2.67,0.48,text 3d pdb
mers,b,1,1,0,d2gjza2,Immunoglobulin-like beta-sandwich,Immunoglobulin,2.7,0.48,text 3d pdb
mers,b,1,1,2,d2bmka2,Immunoglobulin-like beta-sandwich,Immunoglobulin,2.64,0.48,text 3d pdb
mers,b,50,1,2,d2apra_,Acid proteases,Acid proteases,2.66,0.48,text 3d pdb
mers,b,1,1,2,d5l88l2,Immunoglobulin-like beta-sandwich,Immunoglobulin,2.68,0.48,text 3d pdb
mers,b,1,1,2,d1tqcc2,Immunoglobulin-like beta-sandwich,Immunoglobulin,2.64,0.48,text 3d pdb
mers,b,1,1,2,d1hh6a2,Immunoglobulin-like beta-sandwich,Immunoglobulin,2.66,0.48,text 3d pdb
mers,b,1,1,2,d4uimd2,Immunoglobulin-like beta-sandwich,Immunoglobulin,2.69,0.48,text 3d pdb
mers,b,1,1,2,d1yeil2,Immunoglobulin-like beta-sandwich,Immunoglobulin,2.66,0.48,text 3d pdb
mers,b,1,1,2,d4uinl2,Immunoglobulin-like beta-sandwich,Immunoglobulin,2.64,0.48,text 3d pdb
mers,b,1,1,2,d1tetl2,Immunoglobulin-like beta-sandwich,Immunoglobulin,2.66,0.48,text 3d pdb
mers,b,1,1,2,d1ct8a2,Immunoglobulin-like beta-sandwich,Immunoglobulin,2.7,0.48,text 3d pdb
mers,b,1,1,0,d5dd6l2,Immunoglobulin-like beta-sandwich,Immunoglobulin,2.53,0.48,text 3d pdb
mers,b,1,1,2,d3na9l2,Immunoglobulin-like beta-sandwich,Immunoglobulin,2.54,0.48,text 3d pdb
mers,b,1,1,2,d3ncjl2,Immunoglobulin-like beta-sandwich,Immunoglobulin,2.54,0.48,text 3d pdb
mers,b,1,1,0,d2gjzl2,Immunoglobulin-like beta-sandwich,Immunoglobulin,2.7,0.48,text 3d pdb
mers,b,1,1,2,d4np4l2,Immunoglobulin-like beta-sandwich,Immunoglobulin,2.74,0.48,text 3d pdb
mers,b,1,1,2,d4nuja2,Immunoglobulin-like beta-sandwich,Immunoglobulin,2.54,0.48,text 3d pdb
mers,b,1,1,2,d3v6oe2,Immunoglobulin-like beta-sandwich,Immunoglobulin,2.7,0.48,text 3d pdb
mers,d,13,1,0,d3lb5d_,HIT-like,HIT-like,2.87,0.48,text 3d pdb
mers,b,1,1,2,d3ra7m2,Immunoglobulin-like beta-sandwich,Immunoglobulin,2.67,0.48,text 3d pdb
mers,b,1,1,2,d1yefl2,Immunoglobulin-like beta-sandwich,Immunoglobulin,2.64,0.48,text 3d pdb
mers,b,1,1,2,d1cu4l2,Immunoglobulin-like beta-sandwich,Immunoglobulin,2.7,0.48,text 3d pdb
mers,b,1,1,2,d5jqdb2,Immunoglobulin-like beta-sandwich,Immunoglobulin,2.51,0.48,text 3d pdb
mers,b,1,1,2,d2rcsl2,Immunoglobulin-like beta-sandwich,Immunoglobulin,2.77,0.48,text 3d pdb
mers,b,1,1,2,d2iqal2,Immunoglobulin-like beta-sandwich,Immunoglobulin,2.7,0.48,text 3d pdb
mers,b,1,1,2,d5lqbl2,Immunoglobulin-like beta-sandwich,Immunoglobulin,2.71,0.48,text 3d pdb
mers,b,68,1,0,d2htyc_,6-bladed beta-propeller,Sialidases,2.73,0.48,text 3d pdb
mers,b,1,1,0,d5b6fe2,Immunoglobulin-like beta-sandwich,Immunoglobulin,2.66,0.48,text 3d pdb
mers,b,1,1,2,d4lvob2,Immunoglobulin-like beta-sandwich,Immunoglobulin,2.62,0.48,text 3d pdb
mers,b,1,1,2,d4m7jl2,Immunoglobulin-like beta-sandwich,Immunoglobulin,2.65,0.48,text 3d pdb
mers,b,1,1,2,d4jfxa2,Immunoglobulin-like beta-sandwich,Immunoglobulin,2.52,0.48,text 3d pdb
mers,b,1,1,2,d1jfql2,Immunoglobulin-like beta-sandwich,Immunoglobulin,2.67,0.48,text 3d pdb
mers,b,1,1,2,d3kyme2,Immunoglobulin-like beta-sandwich,Immunoglobulin,2.49,0.48,text 3d pdb
mers,b,1,1,2,d4fg6f2,Immunoglobulin-like beta-sandwich,Immunoglobulin,2.53,0.48,text 3d pdb
mers,b,1,1,2,d1um4l2,Immunoglobulin-like beta-sandwich,Immunoglobulin,2.54,0.48,text 3d pdb
mers,b,1,1,2,d1kn2l2,Immunoglobulin-like beta-sandwich,Immunoglobulin,2.69,0.48,text 3d pdb
mers,b,1,1,2,d3v6of2,Immunoglobulin-like beta-sandwich,Immunoglobulin,2.68,0.48,text 3d pdb
mers,b,1,1,2,d3okoa2,Immunoglobulin-like beta-sandwich,Immunoglobulin,2.68,0.48,text 3d pdb
mers,b,1,1,2,d1yejl2,Immunoglobulin-like beta-sandwich,Immunoglobulin,2.67,0.48,text 3d pdb
mers,b,1,1,2,d1mjja2,Immunoglobulin-like beta-sandwich,Immunoglobulin,2.63,0.48,text 3d pdb
mers,b,1,1,2,d1rzgb2,Immunoglobulin-like beta-sandwich,Immunoglobulin,2.58,0.48,text 3d pdb
mers,b,1,1,2,d1uj3a2,Immunoglobulin-like beta-sandwich,Immunoglobulin,2.54,0.47,text 3d pdb
mers,b,1,1,2,d1f3dj2,Immunoglobulin-like beta-sandwich,Immunoglobulin,2.67,0.47,text 3d pdb
mers,b,1,1,2,d1rhhc2,Immunoglobulin-like beta-sandwich,Immunoglobulin,2.54,0.47,text 3d pdb
mers,b,1,1,2,d3naal2,Immunoglobulin-like beta-sandwich,Immunoglobulin,2.53,0.47,text 3d pdb
mers,b,1,1,2,d3oayl2,Immunoglobulin-like beta-sandwich,Immunoglobulin,2.52,0.47,text 3d pdb
mers,b,1,1,2,d3s35l2,Immunoglobulin-like beta-sandwich,Immunoglobulin,2.71,0.47,text 3d pdb
mers,b,1,1,2,d1om3l2,Immunoglobulin-like beta-sandwich,Immunoglobulin,2.53,0.47,text 3d pdb
mers,b,1,1,2,d4alal2,Immunoglobulin-like beta-sandwich,Immunoglobulin,2.65,0.47,text 3d pdb
mers,b,1,1,2,d1d5il2,Immunoglobulin-like beta-sandwich,Immunoglobulin,2.56,0.47,text 3d pdb
mers,b,1,1,0,d3b2uu2,Immunoglobulin-like beta-sandwich,Immunoglobulin,2.55,0.47,text 3d pdb
mers,b,1,1,2,d5lghl2,Immunoglobulin-like beta-sandwich,Immunoglobulin,2.7,0.47,text 3d pdb
mers,b,1,1,2,d5l7xl2,Immunoglobulin-like beta-sandwich,Immunoglobulin,2.7,0.47,text 3d pdb
mers,b,1,1,2,d4m7zc2,Immunoglobulin-like beta-sandwich,Immunoglobulin,2.59,0.47,text 3d pdb
mers,b,1,1,2,d1d6vl2,Immunoglobulin-like beta-sandwich,Immunoglobulin,2.55,0.47,text 3d pdb
mers,b,1,1,2,d1mrel2,Immunoglobulin-like beta-sandwich,Immunoglobulin,2.7,0.47,text 3d pdb
mers,b,1,1,2,d4xbpf2,Immunoglobulin-like beta-sandwich,Immunoglobulin,2.54,0.47,text 3d pdb
mers,d,58,10,0,d3trga_,Ferredoxin-like,Acylphosphatase/BLUF domain-like,1.88,0.47,text 3d pdb
mers,b,1,1,2,d3qg7l2,Immunoglobulin-like beta-sandwich,Immunoglobulin,2.75,0.47,text 3d pdb
mers,d,92,2,2,d1mqpa2,Zincin-like,beta-N-acetylhexosaminidase-like domain,2.69,0.47,text 3d pdb
mers,b,1,1,2,d2hkhl2,Immunoglobulin-like beta-sandwich,Immunoglobulin,2.72,0.47,text 3d pdb
mers,b,1,1,2,d5nuzb2,Immunoglobulin-like beta-sandwich,Immunoglobulin,2.68,0.47,text 3d pdb
mers,b,1,1,2,d2hmic2,Immunoglobulin-like beta-sandwich,Immunoglobulin,2.66,0.47,text 3d pdb
mers,b,1,1,2,d4uimf2,Immunoglobulin-like beta-sandwich,Immunoglobulin,2.71,0.47,text 3d pdb
mers,b,1,1,2,d5jore2,Immunoglobulin-like beta-sandwich,Immunoglobulin,2.7,0.47,text 3d pdb
mers,f,10,1,1,d1rera2,Viral glycoprotein central and dimerisation domains,Viral glycoprotein central and dimerisation domains,2.72,0.47,text 3d pdb
mers,b,1,1,2,d5eu7d2,Immunoglobulin-like beta-sandwich,Immunoglobulin,2.52,0.47,text 3d pdb
mers,b,1,1,2,d5nuzl2,Immunoglobulin-like beta-sandwich,Immunoglobulin,2.69,0.47,text 3d pdb
mers,b,1,1,2,d2i5yl2,Immunoglobulin-like beta-sandwich,Immunoglobulin,2.58,0.47,text 3d pdb
mers,b,1,1,2,d6eleb2,Immunoglobulin-like beta-sandwich,Immunoglobulin,2.75,0.47,text 3d pdb
mers,b,1,1,2,d1axsa2,Immunoglobulin-like beta-sandwich,Immunoglobulin,2.68,0.47,text 3d pdb
mers,f,10,1,1,d1rerc2,Viral glycoprotein central and dimerisation domains,Viral glycoprotein central and dimerisation domains,2.72,0.47,text 3d pdb
mers,b,1,1,2,d1qlrc2,Immunoglobulin-like beta-sandwich,Immunoglobulin,2.78,0.47,text 3d pdb
mers,b,1,1,2,d1xf2a2,Immunoglobulin-like beta-sandwich,Immunoglobulin,2.73,0.47,text 3d pdb
mers,b,1,1,2,d1rzgd2,Immunoglobulin-like beta-sandwich,Immunoglobulin,2.59,0.47,text 3d pdb
mers,b,1,1,2,d5x2nl2,Immunoglobulin-like beta-sandwich,Immunoglobulin,2.73,0.47,text 3d pdb
mers,b,1,1,2,d5jorl2,Immunoglobulin-like beta-sandwich,Immunoglobulin,2.71,0.47,text 3d pdb
mers,b,1,1,2,d4al8l2,Immunoglobulin-like beta-sandwich,Immunoglobulin,2.7,0.47,text 3d pdb
mers,b,1,1,2,d1yecl2,Immunoglobulin-like beta-sandwich,Immunoglobulin,2.68,0.47,text 3d pdb
mers,b,1,1,2,d1f3dl2,Immunoglobulin-like beta-sandwich,Immunoglobulin,2.61,0.47,text 3d pdb
mers,b,1,1,2,d2q76a2,Immunoglobulin-like beta-sandwich,Immunoglobulin,2.53,0.47,text 3d pdb
mers,b,1,1,2,d5uell2,Immunoglobulin-like beta-sandwich,Immunoglobulin,2.55,0.47,text 3d pdb
mers,b,1,1,2,d4d9ql2,Immunoglobulin-like beta-sandwich,Immunoglobulin,2.55,0.47,text 3d pdb
mers,b,1,1,2,d5vzrl2,Immunoglobulin-like beta-sandwich,Immunoglobulin,2.67,0.47,text 3d pdb
mers,b,1,1,2,d3oayk2,Immunoglobulin-like beta-sandwich,Immunoglobulin,2.58,0.47,text 3d pdb
mers,b,1,1,2,d3hc3l2,Immunoglobulin-like beta-sandwich,Immunoglobulin,2.72,0.47,text 3d pdb
mers,b,1,1,2,d1orqa2,Immunoglobulin-like beta-sandwich,Immunoglobulin,2.78,0.47,text 3d pdb
mers,b,1,1,2,d1tqbc2,Immunoglobulin-like beta-sandwich,Immunoglobulin,2.65,0.47,text 3d pdb
mers,b,68,1,0,d2hu4g_,6-bladed beta-propeller,Sialidases,2.93,0.47,text 3d pdb
mers,d,77,1,0,d3d7aa_,RL5-like,RL5-like,2.34,0.47,text 3d pdb
mers,f,10,1,1,d1rerb2,Viral glycoprotein central and dimerisation domains,Viral glycoprotein central and dimerisation domains,2.72,0.47,text 3d pdb
mers,b,1,1,2,d1b6da2,Immunoglobulin-like beta-sandwich,Immunoglobulin,2.54,0.47,text 3d pdb
mers,b,1,1,2,d5i9ql2,Immunoglobulin-like beta-sandwich,Immunoglobulin,2.51,0.47,text 3d pdb
mers,b,1,1,2,d5x8ll2,Immunoglobulin-like beta-sandwich,Immunoglobulin,2.52,0.47,text 3d pdb
mers,b,1,1,2,d1opgl2,Immunoglobulin-like beta-sandwich,Immunoglobulin,2.67,0.47,text 3d pdb
mers,b,1,1,0,d5mvzl2,Immunoglobulin-like beta-sandwich,Immunoglobulin,2.54,0.47,text 3d pdb
mers,b,1,1,2,d3fo9a2,Immunoglobulin-like beta-sandwich,Immunoglobulin,2.67,0.47,text 3d pdb
mers,b,1,1,2,d2feco2,Immunoglobulin-like beta-sandwich,Immunoglobulin,2.69,0.47,text 3d pdb
mers,b,1,1,2,d2gsie2,Immunoglobulin-like beta-sandwich,Immunoglobulin,2.65,0.47,text 3d pdb
mers,b,1,1,2,d1yehl2,Immunoglobulin-like beta-sandwich,Immunoglobulin,2.66,0.47,text 3d pdb
mers,b,1,1,2,d6bitl2,Immunoglobulin-like beta-sandwich,Immunoglobulin,2.67,0.47,text 3d pdb
mers,b,1,1,2,d1iaim2,Immunoglobulin-like beta-sandwich,Immunoglobulin,2.68,0.47,text 3d pdb
mers,b,1,1,2,d5jorc2,Immunoglobulin-like beta-sandwich,Immunoglobulin,2.73,0.47,text 3d pdb
mers,b,1,1,2,d2z92b2,Immunoglobulin-like beta-sandwich,Immunoglobulin,2.64,0.47,text 3d pdb
mers,b,1,1,2,d3pp3k2,Immunoglobulin-like beta-sandwich,Immunoglobulin,2.57,0.47,text 3d pdb
mers,b,1,1,2,d3ob0k2,Immunoglobulin-like beta-sandwich,Immunoglobulin,2.52,0.47,text 3d pdb
mers,b,1,1,2,d4jpkl2,Immunoglobulin-like beta-sandwich,Immunoglobulin,2.53,0.47,text 3d pdb
mers,b,1,1,2,d3oazk2,Immunoglobulin-like beta-sandwich,Immunoglobulin,2.54,0.47,text 3d pdb
mers,b,1,1,2,d5f9wc2,Immunoglobulin-like beta-sandwich,Immunoglobulin,2.56,0.47,text 3d pdb
mers,b,1,1,2,d2htlf2,Immunoglobulin-like beta-sandwich,Immunoglobulin,2.64,0.47,text 3d pdb
mers,b,1,1,2,d5x2pk2,Immunoglobulin-like beta-sandwich,Immunoglobulin,2.73,0.47,text 3d pdb
mers,b,1,1,2,d3w9db2,Immunoglobulin-like beta-sandwich,Immunoglobulin,2.5,0.47,text 3d pdb
mers,b,1,1,2,d1kn4l2,Immunoglobulin-like beta-sandwich,Immunoglobulin,2.68,0.47,text 3d pdb
mers,b,1,1,2,d2r0zl2,Immunoglobulin-like beta-sandwich,Immunoglobulin,2.6,0.47,text 3d pdb
mers,b,1,1,2,d4hc1n2,Immunoglobulin-like beta-sandwich,Immunoglobulin,2.6,0.47,text 3d pdb
mers,b,1,1,2,d5juel2,Immunoglobulin-like beta-sandwich,Immunoglobulin,2.7,0.47,text 3d pdb
mers,b,1,1,2,d3oazl2,Immunoglobulin-like beta-sandwich,Immunoglobulin,2.49,0.47,text 3d pdb
mers,b,68,1,0,d4d8sa_,6-bladed beta-propeller,Sialidases,2.65,0.47,text 3d pdb
mers,b,1,1,2,d3cvhl2,Immunoglobulin-like beta-sandwich,Immunoglobulin,2.76,0.47,text 3d pdb
mers,b,1,1,2,d1k6ql2,Immunoglobulin-like beta-sandwich,Immunoglobulin,2.8,0.47,text 3d pdb
mers,b,1,1,2,d4m93l2,Immunoglobulin-like beta-sandwich,Immunoglobulin,2.62,0.47,text 3d pdb
mers,b,1,1,2,d5nbwl2,Immunoglobulin-like beta-sandwich,Immunoglobulin,2.69,0.47,text 3d pdb
mers,b,1,1,2,d3hzva2,Immunoglobulin-like beta-sandwich,Immunoglobulin,2.71,0.47,text 3d pdb
mers,b,1,1,2,d1cf8l2,Immunoglobulin-like beta-sandwich,Immunoglobulin,2.7,0.47,text 3d pdb
mers,b,1,1,0,d2ymxl2,Immunoglobulin-like beta-sandwich,Immunoglobulin,2.69,0.47,text 3d pdb
mers,b,1,1,0,d4ij3b2,Immunoglobulin-like beta-sandwich,Immunoglobulin,2.68,0.47,text 3d pdb
mers,b,1,1,0,d3if1a2,Immunoglobulin-like beta-sandwich,Immunoglobulin,2.76,0.47,text 3d pdb
mers,b,1,1,2,d5tfsl2,Immunoglobulin-like beta-sandwich,Immunoglobulin,2.56,0.47,text 3d pdb
mers,b,1,1,2,d5ezil2,Immunoglobulin-like beta-sandwich,Immunoglobulin,2.66,0.47,text 3d pdb
mers,b,1,1,2,d4qwwe2,Immunoglobulin-like beta-sandwich,Immunoglobulin,2.65,0.47,text 3d pdb
mers,b,1,1,2,d4jg1l2,Immunoglobulin-like beta-sandwich,Immunoglobulin,2.7,0.47,text 3d pdb
mers,b,1,1,2,d2ny5l2,Immunoglobulin-like beta-sandwich,Immunoglobulin,2.56,0.47,text 3d pdb
mers,b,1,1,2,d4ffwl2,Immunoglobulin-like beta-sandwich,Immunoglobulin,1.97,0.47,text 3d pdb
mers,b,1,1,2,d4i2xa2,Immunoglobulin-like beta-sandwich,Immunoglobulin,2.64,0.47,text 3d pdb
mers,b,1,1,2,d1f58l2,Immunoglobulin-like beta-sandwich,Immunoglobulin,2.64,0.47,text 3d pdb
mers,b,1,1,2,d5ibul2,Immunoglobulin-like beta-sandwich,Immunoglobulin,2.57,0.47,text 3d pdb
mers,b,1,1,2,d5cp7g2,Immunoglobulin-like beta-sandwich,Immunoglobulin,2.37,0.47,text 3d pdb
mers,b,1,1,0,d4hiic2,Immunoglobulin-like beta-sandwich,Immunoglobulin,2.71,0.47,text 3d pdb
mers,b,1,1,2,d3ob0l2,Immunoglobulin-like beta-sandwich,Immunoglobulin,2.54,0.47,text 3d pdb
mers,b,1,1,2,d6emjb2,Immunoglobulin-like beta-sandwich,Immunoglobulin,2.75,0.47,text 3d pdb
mers,b,1,1,0,d4cada2,Immunoglobulin-like beta-sandwich,Immunoglobulin,2.6,0.47,text 3d pdb
mers,b,1,1,2,d5i1la2,Immunoglobulin-like beta-sandwich,Immunoglobulin,2.75,0.47,text 3d pdb
mers,b,1,1,2,d1l7tl2,Immunoglobulin-like beta-sandwich,Immunoglobulin,2.74,0.47,text 3d pdb
mers,b,1,1,2,d2gsig2,Immunoglobulin-like beta-sandwich,Immunoglobulin,2.69,0.47,text 3d pdb
mers,b,1,1,0,d4hija2,Immunoglobulin-like beta-sandwich,Immunoglobulin,2.55,0.47,text 3d pdb
mers,b,1,1,2,d1knoe2,Immunoglobulin-like beta-sandwich,Immunoglobulin,2.71,0.47,text 3d pdb
mers,b,1,1,2,d4gw5c2,Immunoglobulin-like beta-sandwich,Immunoglobulin,2.73,0.47,text 3d pdb
mers,b,1,1,2,d1kcul2,Immunoglobulin-like beta-sandwich,Immunoglobulin,2.64,0.47,text 3d pdb
mers,b,1,1,2,d1p7ka2,Immunoglobulin-like beta-sandwich,Immunoglobulin,2.68,0.47,text 3d pdb
mers,b,1,1,2,d3t3pl2,Immunoglobulin-like beta-sandwich,Immunoglobulin,2.67,0.47,text 3d pdb
mers,b,1,1,2,d1rurl2,Immunoglobulin-like beta-sandwich,Immunoglobulin,2.69,0.47,text 3d pdb
mers,b,1,1,0,d4cadg2,Immunoglobulin-like beta-sandwich,Immunoglobulin,2.57,0.47,text 3d pdb
mers,b,1,1,2,d1yymq2,Immunoglobulin-like beta-sandwich,Immunoglobulin,2.56,0.47,text 3d pdb
mers,b,1,1,2,d4m7zl2,Immunoglobulin-like beta-sandwich,Immunoglobulin,2.6,0.47,text 3d pdb
mers,b,1,1,2,d5vshf2,Immunoglobulin-like beta-sandwich,Immunoglobulin,2.56,0.47,text 3d pdb
mers,b,1,1,2,d1f11c2,Immunoglobulin-like beta-sandwich,Immunoglobulin,2.72,0.47,text 3d pdb
mers,b,1,1,2,d4qnpl2,Immunoglobulin-like beta-sandwich,Immunoglobulin,2.66,0.47,text 3d pdb
mers,b,1,1,2,d1hzhm2,Immunoglobulin-like beta-sandwich,Immunoglobulin,2.59,0.47,text 3d pdb
mers,b,1,1,2,d2hrpm2,Immunoglobulin-like beta-sandwich,Immunoglobulin,2.67,0.47,text 3d pdb
mers,b,1,1,2,d5vigl2,Immunoglobulin-like beta-sandwich,Immunoglobulin,2.57,0.47,text 3d pdb
mers,b,1,1,2,d5vigb2,Immunoglobulin-like beta-sandwich,Immunoglobulin,2.57,0.47,text 3d pdb
mers,b,1,1,2,d4bz1l2,Immunoglobulin-like beta-sandwich,Immunoglobulin,2.7,0.47,text 3d pdb
mers,b,1,1,0,d5y11b2,Immunoglobulin-like beta-sandwich,Immunoglobulin,2.51,0.47,text 3d pdb
mers,b,1,1,2,d3qa3a2,Immunoglobulin-like beta-sandwich,Immunoglobulin,2.63,0.47,text 3d pdb
mers,b,1,1,2,d2fbjl2,Immunoglobulin-like beta-sandwich,Immunoglobulin,2.68,0.47,text 3d pdb
mers,b,1,1,2,d5eu7c2,Immunoglobulin-like beta-sandwich,Immunoglobulin,2.52,0.47,text 3d pdb
mers,b,1,1,2,d4edxa2,Immunoglobulin-like beta-sandwich,Immunoglobulin,2.71,0.47,text 3d pdb
mers,b,1,1,2,d5bzdc2,Immunoglobulin-like beta-sandwich,Immunoglobulin,2.72,0.47,text 3d pdb
mers,b,1,1,2,d2f58l2,Immunoglobulin-like beta-sandwich,Immunoglobulin,2.65,0.47,text 3d pdb
mers,b,1,1,2,d2ny4c2,Immunoglobulin-like beta-sandwich,Immunoglobulin,2.56,0.47,text 3d pdb
mers,b,1,1,0,d4ki5d2,Immunoglobulin-like beta-sandwich,Immunoglobulin,2.69,0.47,text 3d pdb
mers,b,1,1,2,d1blna2,Immunoglobulin-like beta-sandwich,Immunoglobulin,2.49,0.47,text 3d pdb
mers,b,1,1,2,d4qnpf2,Immunoglobulin-like beta-sandwich,Immunoglobulin,2.67,0.47,text 3d pdb
mers,b,1,1,2,d1ghfl2,Immunoglobulin-like beta-sandwich,Immunoglobulin,2.66,0.47,text 3d pdb
mers,b,1,1,2,d1boga2,Immunoglobulin-like beta-sandwich,Immunoglobulin,2.66,0.47,text 3d pdb
mers,b,1,1,2,d3sgdi2,Immunoglobulin-like beta-sandwich,Immunoglobulin,2.68,0.47,text 3d pdb
mers,b,1,1,2,d4fg6d2,Immunoglobulin-like beta-sandwich,Immunoglobulin,2.7,0.47,text 3d pdb
mers,b,68,1,1,d4k1ja_,6-bladed beta-propeller,Sialidases,2.98,0.47,text 3d pdb
mers,b,1,1,2,d5d93e2,Immunoglobulin-like beta-sandwich,Immunoglobulin,2.78,0.47,text 3d pdb
mers,b,1,1,2,d2fd6l2,Immunoglobulin-like beta-sandwich,Immunoglobulin,2.69,0.47,text 3d pdb
mers,d,92,2,2,d1k9da2,Zincin-like,beta-N-acetylhexosaminidase-like domain,2.7,0.47,text 3d pdb
mers,b,1,1,2,d5czvl2,Immunoglobulin-like beta-sandwich,Immunoglobulin,2.54,0.47,text 3d pdb
mers,b,1,1,2,d4jg0l2,Immunoglobulin-like beta-sandwich,Immunoglobulin,2.71,0.47,text 3d pdb
mers,b,1,1,2,d5if0b2,Immunoglobulin-like beta-sandwich,Immunoglobulin,2.55,0.47,text 3d pdb
mers,b,1,1,2,d4ki5f2,Immunoglobulin-like beta-sandwich,Immunoglobulin,2.75,0.47,text 3d pdb
mers,b,1,1,2,d1ifhl2,Immunoglobulin-like beta-sandwich,Immunoglobulin,2.65,0.47,text 3d pdb
mers,d,92,2,2,d1mqra2,Zincin-like,beta-N-acetylhexosaminidase-like domain,2.7,0.47,text 3d pdb
mers,b,1,1,2,d1n7mh2,Immunoglobulin-like beta-sandwich,Immunoglobulin,2.54,0.47,text 3d pdb
mers,b,1,1,2,d1xf4l2,Immunoglobulin-like beta-sandwich,Immunoglobulin,2.72,0.47,text 3d pdb
mers,b,1,1,2,d1t4ka2,Immunoglobulin-like beta-sandwich,Immunoglobulin,2.73,0.47,text 3d pdb
mers,b,1,1,2,d4rbpl2,Immunoglobulin-like beta-sandwich,Immunoglobulin,2.54,0.47,text 3d pdb
mers,b,1,1,2,d1f11a2,Immunoglobulin-like beta-sandwich,Immunoglobulin,2.72,0.47,text 3d pdb
mers,b,1,1,2,d1uz6e2,Immunoglobulin-like beta-sandwich,Immunoglobulin,2.73,0.47,text 3d pdb
mers,b,1,1,2,d2ajul2,Immunoglobulin-like beta-sandwich,Immunoglobulin,2.67,0.47,text 3d pdb
mers,b,1,1,2,d1blnc2,Immunoglobulin-like beta-sandwich,Immunoglobulin,2.5,0.47,text 3d pdb
mers,b,68,1,1,d4gzwc_,6-bladed beta-propeller,Sialidases,2.7,0.47,text 3d pdb
mers,b,1,1,2,d3ra7l2,Immunoglobulin-like beta-sandwich,Immunoglobulin,2.61,0.47,text 3d pdb
mers,b,1,1,2,d3eotl2,Immunoglobulin-like beta-sandwich,Immunoglobulin,2.77,0.47,text 3d pdb
mers,b,1,1,2,d2bocb2,Immunoglobulin-like beta-sandwich,Immunoglobulin,2.61,0.47,text 3d pdb
mers,b,1,1,2,d4pp2a2,Immunoglobulin-like beta-sandwich,Immunoglobulin,2.75,0.47,text 3d pdb
mers,b,1,1,2,d5vcoa2,Immunoglobulin-like beta-sandwich,Immunoglobulin,2.75,0.47,text 3d pdb
mers,b,1,1,2,d5jw5l2,Immunoglobulin-like beta-sandwich,Immunoglobulin,2.7,0.47,text 3d pdb
mers,b,1,1,2,d3nz8l2,Immunoglobulin-like beta-sandwich,Immunoglobulin,2.7,0.47,text 3d pdb
mers,b,1,1,2,d5x2pl2,Immunoglobulin-like beta-sandwich,Immunoglobulin,2.71,0.47,text 3d pdb
mers,b,1,1,2,d1om3m2,Immunoglobulin-like beta-sandwich,Immunoglobulin,2.69,0.47,text 3d pdb
mers,b,1,1,2,d5b71a2,Immunoglobulin-like beta-sandwich,Immunoglobulin,2.71,0.47,text 3d pdb
mers,b,1,1,0,d4s1ql2,Immunoglobulin-like beta-sandwich,Immunoglobulin,2.66,0.47,text 3d pdb
mers,b,1,1,2,d4jzjb2,Immunoglobulin-like beta-sandwich,Immunoglobulin,2.56,0.47,text 3d pdb
mers,b,1,1,2,d4oiil2,Immunoglobulin-like beta-sandwich,Immunoglobulin,2.73,0.47,text 3d pdb
mers,b,1,1,2,d3fo9l2,Immunoglobulin-like beta-sandwich,Immunoglobulin,2.71,0.47,text 3d pdb
mers,b,1,1,2,d1q9oa2,Immunoglobulin-like beta-sandwich,Immunoglobulin,2.73,0.47,text 3d pdb
mers,b,1,1,0,d5b6fc2,Immunoglobulin-like beta-sandwich,Immunoglobulin,2.74,0.47,text 3d pdb
mers,b,1,1,2,d4oiim2,Immunoglobulin-like beta-sandwich,Immunoglobulin,2.73,0.47,text 3d pdb
mers,b,1,1,0,d5dd1l2,Immunoglobulin-like beta-sandwich,Immunoglobulin,2.55,0.47,text 3d pdb
mers,b,1,1,2,d1xf3a2,Immunoglobulin-like beta-sandwich,Immunoglobulin,2.49,0.47,text 3d pdb
mers,b,1,1,2,d4jfzl2,Immunoglobulin-like beta-sandwich,Immunoglobulin,2.71,0.47,text 3d pdb
mers,b,1,1,2,d1p7kl2,Immunoglobulin-like beta-sandwich,Immunoglobulin,2.67,0.47,text 3d pdb
mers,b,1,1,2,d5hysl2,Immunoglobulin-like beta-sandwich,Immunoglobulin,2.55,0.47,text 3d pdb
mers,b,1,1,2,d4whty2,Immunoglobulin-like beta-sandwich,Immunoglobulin,2.71,0.47,text 3d pdb
mers,b,1,1,2,d3ls4l2,Immunoglobulin-like beta-sandwich,Immunoglobulin,2.66,0.47,text 3d pdb
mers,b,1,1,2,d1cr9l2,Immunoglobulin-like beta-sandwich,Immunoglobulin,2.72,0.47,text 3d pdb
mers,b,1,1,2,d3e8ul2,Immunoglobulin-like beta-sandwich,Immunoglobulin,2.59,0.47,text 3d pdb
mers,b,1,1,2,d1qlra2,Immunoglobulin-like beta-sandwich,Immunoglobulin,2.79,0.47,text 3d pdb
mers,b,1,1,2,d1xf2l2,Immunoglobulin-like beta-sandwich,Immunoglobulin,2.71,0.47,text 3d pdb
mers,b,1,1,2,d1kfal2,Immunoglobulin-like beta-sandwich,Immunoglobulin,2.62,0.47,text 3d pdb
mers,b,1,1,2,d4i77l2,Immunoglobulin-like beta-sandwich,Immunoglobulin,2.71,0.47,text 3d pdb
mers,b,1,1,2,d5vqmc2,Immunoglobulin-like beta-sandwich,Immunoglobulin,2.55,0.47,text 3d pdb
mers,b,1,1,2,d2fjfg2,Immunoglobulin-like beta-sandwich,Immunoglobulin,2.73,0.47,text 3d pdb
mers,b,1,1,2,d1ngza2,Immunoglobulin-like beta-sandwich,Immunoglobulin,2.73,0.47,text 3d pdb
mers,b,1,1,2,d5hysd2,Immunoglobulin-like beta-sandwich,Immunoglobulin,2.71,0.47,text 3d pdb
mers,b,1,1,2,d2dqtl2,Immunoglobulin-like beta-sandwich,Immunoglobulin,2.64,0.47,text 3d pdb
mers,b,1,1,2,d1fe8m2,Immunoglobulin-like beta-sandwich,Immunoglobulin,2.64,0.47,text 3d pdb
mers,b,1,1,2,d1xf3l2,Immunoglobulin-like beta-sandwich,Immunoglobulin,2.67,0.47,text 3d pdb
mers,b,1,1,2,d5dfvf2,Immunoglobulin-like beta-sandwich,Immunoglobulin,2.76,0.47,text 3d pdb
mers,b,1,1,2,d4d9qd2,Immunoglobulin-like beta-sandwich,Immunoglobulin,2.71,0.47,text 3d pdb
mers,b,1,1,0,d4cadj2,Immunoglobulin-like beta-sandwich,Immunoglobulin,2.58,0.47,text 3d pdb
mers,b,1,1,2,d5wt9l2,Immunoglobulin-like beta-sandwich,Immunoglobulin,2.69,0.47,text 3d pdb
mers,b,1,1,2,d5l0qe2,Immunoglobulin-like beta-sandwich,Immunoglobulin,2.63,0.47,text 3d pdb
mers,b,1,1,2,d5xhgc2,Immunoglobulin-like beta-sandwich,Immunoglobulin,2.77,0.47,text 3d pdb
mers,b,1,1,2,d5hd8d2,Immunoglobulin-like beta-sandwich,Immunoglobulin,2.69,0.47,text 3d pdb
mers,b,1,1,2,d4ogxl2,Immunoglobulin-like beta-sandwich,Immunoglobulin,2.71,0.47,text 3d pdb
mers,b,1,1,2,d1q9ra4,Immunoglobulin-like beta-sandwich,Immunoglobulin,2.72,0.47,text 3d pdb
mers,b,1,1,2,d5h35i2,Immunoglobulin-like beta-sandwich,Immunoglobulin,2.74,0.47,text 3d pdb
mers,b,1,1,2,d1ruql2,Immunoglobulin-like beta-sandwich,Immunoglobulin,2.68,0.47,text 3d pdb
mers,b,1,1,2,d3skjm2,Immunoglobulin-like beta-sandwich,Immunoglobulin,2.56,0.47,text 3d pdb
mers,b,1,1,2,d3mcka2,Immunoglobulin-like beta-sandwich,Immunoglobulin,2.69,0.47,text 3d pdb
mers,b,1,1,2,d2eh7l2,Immunoglobulin-like beta-sandwich,Immunoglobulin,2.54,0.47,text 3d pdb
mers,b,1,1,2,d5i66b2,Immunoglobulin-like beta-sandwich,Immunoglobulin,2.71,0.47,text 3d pdb
mers,b,1,1,2,d3qa3j2,Immunoglobulin-like beta-sandwich,Immunoglobulin,2.64,0.47,text 3d pdb
mers,b,1,1,2,d4jfya2,Immunoglobulin-like beta-sandwich,Immunoglobulin,2.56,0.47,text 3d pdb
mers,b,1,1,2,d3bz4g2,Immunoglobulin-like beta-sandwich,Immunoglobulin,2.7,0.47,text 3d pdb
mers,b,1,1,2,d4qt5l2,Immunoglobulin-like beta-sandwich,Immunoglobulin,2.71,0.47,text 3d pdb
mers,b,1,1,2,d1hilc2,Immunoglobulin-like beta-sandwich,Immunoglobulin,2.69,0.47,text 3d pdb
mers,b,1,1,2,d4zykl2,Immunoglobulin-like beta-sandwich,Immunoglobulin,2.54,0.47,text 3d pdb
mers,b,1,1,2,d4ogyl2,Immunoglobulin-like beta-sandwich,Immunoglobulin,2.71,0.47,text 3d pdb
mers,b,1,1,2,d1mhpl2,Immunoglobulin-like beta-sandwich,Immunoglobulin,2.59,0.47,text 3d pdb
mers,b,1,1,2,d3t65a2,Immunoglobulin-like beta-sandwich,Immunoglobulin,2.72,0.47,text 3d pdb
mers,b,1,1,2,d1i8ml2,Immunoglobulin-like beta-sandwich,Immunoglobulin,2.71,0.47,text 3d pdb
mers,b,1,1,2,d1um6l2,Immunoglobulin-like beta-sandwich,Immunoglobulin,2.79,0.47,text 3d pdb
mers,b,1,1,2,d1kfam2,Immunoglobulin-like beta-sandwich,Immunoglobulin,2.71,0.47,text 3d pdb
mers,b,1,1,2,d4edxl2,Immunoglobulin-like beta-sandwich,Immunoglobulin,2.72,0.47,text 3d pdb
mers,b,1,1,2,d3eo9l2,Immunoglobulin-like beta-sandwich,Immunoglobulin,2.75,0.47,text 3d pdb
mers,b,1,1,2,d2dqul2,Immunoglobulin-like beta-sandwich,Immunoglobulin,2.68,0.47,text 3d pdb
mers,b,1,1,0,d4hihc2,Immunoglobulin-like beta-sandwich,Immunoglobulin,2.55,0.47,text 3d pdb
mers,b,1,1,2,d4dvbl2,Immunoglobulin-like beta-sandwich,Immunoglobulin,2.68,0.47,text 3d pdb
mers,b,1,1,2,d2ok0l2,Immunoglobulin-like beta-sandwich,Immunoglobulin,2.65,0.47,text 3d pdb
mers,b,1,1,2,d3okea2,Immunoglobulin-like beta-sandwich,Immunoglobulin,2.71,0.47,text 3d pdb
mers,b,1,1,2,d2ajsl2,Immunoglobulin-like beta-sandwich,Immunoglobulin,2.7,0.47,text 3d pdb
mers,b,1,1,2,d1jhkl2,Immunoglobulin-like beta-sandwich,Immunoglobulin,2.7,0.47,text 3d pdb
mers,b,1,1,0,d3aazb2,Immunoglobulin-like beta-sandwich,Immunoglobulin,2.57,0.47,text 3d pdb
mers,b,1,1,2,d5bk5a2,Immunoglobulin-like beta-sandwich,Immunoglobulin,2.74,0.47,text 3d pdb
mers,b,1,1,2,d4h88l2,Immunoglobulin-like beta-sandwich,Immunoglobulin,2.73,0.47,text 3d pdb
mers,b,1,1,2,d5vshl2,Immunoglobulin-like beta-sandwich,Immunoglobulin,2.55,0.47,text 3d pdb
mers,b,1,1,2,d4lqfl2,Immunoglobulin-like beta-sandwich,Immunoglobulin,2.71,0.47,text 3d pdb
mers,b,1,1,2,d1iqwl2,Immunoglobulin-like beta-sandwich,Immunoglobulin,2.68,0.47,text 3d pdb
mers,b,1,1,0,d5dd0l2,Immunoglobulin-like beta-sandwich,Immunoglobulin,2.7,0.47,text 3d pdb
mers,b,1,1,0,d5dd3l2,Immunoglobulin-like beta-sandwich,Immunoglobulin,2.56,0.47,text 3d pdb
mers,b,1,1,2,d1ynkl2,Immunoglobulin-like beta-sandwich,Immunoglobulin,2.72,0.47,text 3d pdb
mers,b,1,1,2,d4hfwa2,Immunoglobulin-like beta-sandwich,Immunoglobulin,2.74,0.47,text 3d pdb
mers,b,1,1,2,d3kymc2,Immunoglobulin-like beta-sandwich,Immunoglobulin,2.73,0.47,text 3d pdb
mers,b,1,1,2,d2vxul2,Immunoglobulin-like beta-sandwich,Immunoglobulin,2.7,0.47,text 3d pdb
mers,b,1,1,2,d2aabl2,Immunoglobulin-like beta-sandwich,Immunoglobulin,2.68,0.47,text 3d pdb
mers,b,1,1,2,d5b3jf2,Immunoglobulin-like beta-sandwich,Immunoglobulin,2.69,0.47,text 3d pdb
mers,b,1,1,2,d4uikl2,Immunoglobulin-like beta-sandwich,Immunoglobulin,2.71,0.47,text 3d pdb
mers,b,1,1,2,d3cfba2,Immunoglobulin-like beta-sandwich,Immunoglobulin,2.67,0.47,text 3d pdb
mers,b,1,1,2,d5opyl2,Immunoglobulin-like beta-sandwich,Immunoglobulin,2.67,0.47,text 3d pdb
mers,b,1,1,2,d1q9la2,Immunoglobulin-like beta-sandwich,Immunoglobulin,2.68,0.47,text 3d pdb
mers,b,1,1,2,d5nbwa2,Immunoglobulin-like beta-sandwich,Immunoglobulin,2.71,0.47,text 3d pdb
mers,b,1,1,2,d4gayb2,Immunoglobulin-like beta-sandwich,Immunoglobulin,2.7,0.47,text 3d pdb
mers,b,1,1,2,d1igil2,Immunoglobulin-like beta-sandwich,Immunoglobulin,2.61,0.47,text 3d pdb
mers,b,1,1,2,d4jfyl2,Immunoglobulin-like beta-sandwich,Immunoglobulin,2.55,0.47,text 3d pdb
mers,d,58,4,0,d5loqb_,Ferredoxin-like,Dimeric alpha+beta barrel,2.71,0.47,text 3d pdb
mers,b,1,1,2,d25c8l2,Immunoglobulin-like beta-sandwich,Immunoglobulin,2.68,0.47,text 3d pdb
mers,b,1,1,2,d1kell2,Immunoglobulin-like beta-sandwich,Immunoglobulin,2.65,0.47,text 3d pdb
mers,b,1,1,2,d5w05l2,Immunoglobulin-like beta-sandwich,Immunoglobulin,2.54,0.47,text 3d pdb
mers,b,1,1,2,d5f7el2,Immunoglobulin-like beta-sandwich,Immunoglobulin,2.54,0.47,text 3d pdb
mers,b,1,1,2,d1cicc2,Immunoglobulin-like beta-sandwich,Immunoglobulin,2.68,0.47,text 3d pdb
mers,b,1,1,2,d2ojzm2,Immunoglobulin-like beta-sandwich,Immunoglobulin,2.66,0.47,text 3d pdb
mers,b,1,1,2,d5t5nh2,Immunoglobulin-like beta-sandwich,Immunoglobulin,2.73,0.47,text 3d pdb
mers,b,1,1,0,d3aazl2,Immunoglobulin-like beta-sandwich,Immunoglobulin,2.55,0.47,text 3d pdb
mers,b,1,1,2,d2qqnl2,Immunoglobulin-like beta-sandwich,Immunoglobulin,2.59,0.47,text 3d pdb
mers,b,1,1,2,d2ypvl2,Immunoglobulin-like beta-sandwich,Immunoglobulin,2.75,0.47,text 3d pdb
mers,b,1,1,0,d3qcum2,Immunoglobulin-like beta-sandwich,Immunoglobulin,2.74,0.47,text 3d pdb
mers,b,1,1,2,d3mcll2,Immunoglobulin-like beta-sandwich,Immunoglobulin,2.7,0.47,text 3d pdb
mers,b,1,1,2,d4k23l2,Immunoglobulin-like beta-sandwich,Immunoglobulin,2.72,0.47,text 3d pdb
mers,b,1,1,2,d5vgaa2,Immunoglobulin-like beta-sandwich,Immunoglobulin,2.67,0.47,text 3d pdb
mers,b,1,1,2,d2xkna2,Immunoglobulin-like beta-sandwich,Immunoglobulin,2.62,0.47,text 3d pdb
mers,b,1,1,2,d5jopl2,Immunoglobulin-like beta-sandwich,Immunoglobulin,2.73,0.47,text 3d pdb
mers,b,1,1,2,d4ma7l2,Immunoglobulin-like beta-sandwich,Immunoglobulin,2.73,0.47,text 3d pdb
mers,b,1,1,2,d3d9al2,Immunoglobulin-like beta-sandwich,Immunoglobulin,2.72,0.47,text 3d pdb
mers,b,1,1,2,d5vzrb2,Immunoglobulin-like beta-sandwich,Immunoglobulin,2.74,0.47,text 3d pdb
mers,b,1,1,2,d4ma1l2,Immunoglobulin-like beta-sandwich,Immunoglobulin,2.68,0.47,text 3d pdb
mers,b,1,1,2,d1emtl2,Immunoglobulin-like beta-sandwich,Immunoglobulin,2.69,0.47,text 3d pdb
mers,b,1,1,2,d2ajxl2,Immunoglobulin-like beta-sandwich,Immunoglobulin,2.75,0.47,text 3d pdb
mers,b,1,1,2,d1ty6l4,Immunoglobulin-like beta-sandwich,Immunoglobulin,2.69,0.47,text 3d pdb
mers,b,1,1,0,d2ai0l2,Immunoglobulin-like beta-sandwich,Immunoglobulin,2.77,0.47,text 3d pdb
mers,b,1,1,2,d3gnml2,Immunoglobulin-like beta-sandwich,Immunoglobulin,2.69,0.47,text 3d pdb
mers,b,1,1,2,d1mjul2,Immunoglobulin-like beta-sandwich,Immunoglobulin,2.73,0.47,text 3d pdb
mers,b,1,1,2,d3ls5l2,Immunoglobulin-like beta-sandwich,Immunoglobulin,2.68,0.47,text 3d pdb
mers,b,1,1,0,d5b6fg2,Immunoglobulin-like beta-sandwich,Immunoglobulin,2.74,0.47,text 3d pdb
mers,b,1,1,2,d2ojzl2,Immunoglobulin-like beta-sandwich,Immunoglobulin,2.67,0.47,text 3d pdb
mers,b,1,1,2,d2hrpl2,Immunoglobulin-like beta-sandwich,Immunoglobulin,2.65,0.47,text 3d pdb
mers,b,1,1,2,d3lizl2,Immunoglobulin-like beta-sandwich,Immunoglobulin,2.7,0.47,text 3d pdb
mers,b,1,1,2,d4pb0l2,Immunoglobulin-like beta-sandwich,Immunoglobulin,2.74,0.47,text 3d pdb
mers,b,1,1,0,d4yhol2,Immunoglobulin-like beta-sandwich,Immunoglobulin,2.55,0.47,text 3d pdb
mers,b,7,1,1,d1cjya1,C2 domain-like,C2 domain (Calcium/lipid-binding domain CaLB),2.73,0.47,text 3d pdb
mers,b,1,1,2,d3v0wl2,Immunoglobulin-like beta-sandwich,Immunoglobulin,2.72,0.47,text 3d pdb
mers,b,1,1,2,d5t5nf2,Immunoglobulin-like beta-sandwich,Immunoglobulin,2.73,0.47,text 3d pdb
mers,b,1,1,2,d3rkdl2,Immunoglobulin-like beta-sandwich,Immunoglobulin,2.66,0.47,text 3d pdb
mers,b,1,1,2,d1uweu2,Immunoglobulin-like beta-sandwich,Immunoglobulin,2.6,0.47,text 3d pdb
mers,b,1,1,2,d4qthb2,Immunoglobulin-like beta-sandwich,Immunoglobulin,2.73,0.47,text 3d pdb
mers,b,1,1,2,d4m1gl2,Immunoglobulin-like beta-sandwich,Immunoglobulin,2.72,0.47,text 3d pdb
mers,b,1,1,2,d5jopd2,Immunoglobulin-like beta-sandwich,Immunoglobulin,2.7,0.47,text 3d pdb
mers,b,1,1,2,d1qbml2,Immunoglobulin-like beta-sandwich,Immunoglobulin,2.67,0.47,text 3d pdb
mers,b,1,1,0,d1hyxl4,Immunoglobulin-like beta-sandwich,Immunoglobulin,2.66,0.47,text 3d pdb
mers,b,1,1,2,d2vxum2,Immunoglobulin-like beta-sandwich,Immunoglobulin,2.7,0.47,text 3d pdb
mers,b,125,1,0,d2w7qa_,LolA-like prokaryotic lipoproteins and lipoprotein localization factors,Prokaryotic lipoproteins and lipoprotein localization factors,2.82,0.47,text 3d pdb
mers,d,58,6,1,d1s59a_,Ferredoxin-like,Nucleoside diphosphate kinase NDK,2.15,0.47,text 3d pdb
mers,b,1,1,2,d3clel2,Immunoglobulin-like beta-sandwich,Immunoglobulin,2.66,0.47,text 3d pdb
mers,b,1,1,0,d2d03l2,Immunoglobulin-like beta-sandwich,Immunoglobulin,2.73,0.47,text 3d pdb
mers,b,1,1,2,d1q9qa4,Immunoglobulin-like beta-sandwich,Immunoglobulin,2.73,0.47,text 3d pdb
mers,b,1,1,2,d4kkcd2,Immunoglobulin-like beta-sandwich,Immunoglobulin,2.69,0.47,text 3d pdb
mers,b,1,1,2,d3clfl2,Immunoglobulin-like beta-sandwich,Immunoglobulin,2.67,0.47,text 3d pdb
mers,b,1,1,2,d5t5nj2,Immunoglobulin-like beta-sandwich,Immunoglobulin,2.73,0.47,text 3d pdb
mers,b,1,1,2,d2fjfs2,Immunoglobulin-like beta-sandwich,Immunoglobulin,2.72,0.47,text 3d pdb
mers,b,1,1,2,d4ma8l2,Immunoglobulin-like beta-sandwich,Immunoglobulin,2.73,0.47,text 3d pdb
mers,b,1,1,0,d1hyyl4,Immunoglobulin-like beta-sandwich,Immunoglobulin,2.69,0.47,text 3d pdb
mers,b,1,1,2,d5h35g2,Immunoglobulin-like beta-sandwich,Immunoglobulin,2.68,0.47,text 3d pdb
mers,b,1,1,2,d5xezd2,Immunoglobulin-like beta-sandwich,Immunoglobulin,2.58,0.47,text 3d pdb
mers,b,1,1,2,d3hc0b2,Immunoglobulin-like beta-sandwich,Immunoglobulin,2.69,0.47,text 3d pdb
mers,b,1,1,2,d4ncc12,Immunoglobulin-like beta-sandwich,Immunoglobulin,2.68,0.47,text 3d pdb
mers,b,1,1,2,d1jgvl2,Immunoglobulin-like beta-sandwich,Immunoglobulin,2.69,0.47,text 3d pdb
mers,b,1,1,2,d5if0l2,Immunoglobulin-like beta-sandwich,Immunoglobulin,2.57,0.47,text 3d pdb
mers,b,1,1,2,d3l7el2,Immunoglobulin-like beta-sandwich,Immunoglobulin,2.73,0.47,text 3d pdb
mers,b,1,1,2,d2bmkl2,Immunoglobulin-like beta-sandwich,Immunoglobulin,2.68,0.47,text 3d pdb
mers,b,1,1,2,d3sdyl2,Immunoglobulin-like beta-sandwich,Immunoglobulin,2.73,0.47,text 3d pdb
mers,b,1,1,2,d5dq9l2,Immunoglobulin-like beta-sandwich,Immunoglobulin,2.58,0.47,text 3d pdb
mers,b,1,1,2,d4xcel2,Immunoglobulin-like beta-sandwich,Immunoglobulin,2.55,0.47,text 3d pdb
mers,b,1,1,2,d3sy0a2,Immunoglobulin-like beta-sandwich,Immunoglobulin,2.73,0.47,text 3d pdb
mers,b,1,1,2,d1s5il2,Immunoglobulin-like beta-sandwich,Immunoglobulin,2.69,0.47,text 3d pdb
mers,b,1,1,2,d3gi9l2,Immunoglobulin-like beta-sandwich,Immunoglobulin,2.72,0.47,text 3d pdb
mers,b,1,1,0,d4nryb2,Immunoglobulin-like beta-sandwich,Immunoglobulin,2.45,0.47,text 3d pdb
mers,b,1,1,2,d1c5da2,Immunoglobulin-like beta-sandwich,Immunoglobulin,2.65,0.47,text 3d pdb
mers,b,1,1,2,d4cnib2,Immunoglobulin-like beta-sandwich,Immunoglobulin,2.71,0.47,text 3d pdb
mers,b,1,1,2,d1hq4c2,Immunoglobulin-like beta-sandwich,Immunoglobulin,2.72,0.47,text 3d pdb
mers,b,1,1,2,d4cnil2,Immunoglobulin-like beta-sandwich,Immunoglobulin,2.71,0.47,text 3d pdb
mers,b,1,1,2,d3zdxf2,Immunoglobulin-like beta-sandwich,Immunoglobulin,2.69,0.47,text 3d pdb
mers,b,1,1,2,d3qwol2,Immunoglobulin-like beta-sandwich,Immunoglobulin,2.55,0.47,text 3d pdb
mers,b,1,1,2,d2aj3e2,Immunoglobulin-like beta-sandwich,Immunoglobulin,2.54,0.47,text 3d pdb
mers,b,1,1,2,d4hc1l2,Immunoglobulin-like beta-sandwich,Immunoglobulin,2.79,0.47,text 3d pdb
mers,b,1,1,2,d4nccl2,Immunoglobulin-like beta-sandwich,Immunoglobulin,2.68,0.47,text 3d pdb
mers,b,1,1,2,d5t5nn2,Immunoglobulin-like beta-sandwich,Immunoglobulin,2.73,0.47,text 3d pdb
mers,b,1,1,2,d3kymg2,Immunoglobulin-like beta-sandwich,Immunoglobulin,2.58,0.47,text 3d pdb
mers,b,1,1,0,d2a77l2,Immunoglobulin-like beta-sandwich,Immunoglobulin,2.7,0.47,text 3d pdb
mers,b,1,1,2,d15c8l2,Immunoglobulin-like beta-sandwich,Immunoglobulin,2.67,0.47,text 3d pdb
mers,b,1,1,2,d4jfxl2,Immunoglobulin-like beta-sandwich,Immunoglobulin,2.71,0.47,text 3d pdb
mers,b,1,1,2,d5iesl2,Immunoglobulin-like beta-sandwich,Immunoglobulin,2.55,0.47,text 3d pdb
mers,b,1,1,2,d5fb8a2,Immunoglobulin-like beta-sandwich,Immunoglobulin,2.72,0.47,text 3d pdb
mers,b,1,1,2,d2r1wa2,Immunoglobulin-like beta-sandwich,Immunoglobulin,2.22,0.47,text 3d pdb
mers,b,1,1,2,d3g5xc2,Immunoglobulin-like beta-sandwich,Immunoglobulin,2.68,0.47,text 3d pdb
mers,b,1,1,2,d2ak1l2,Immunoglobulin-like beta-sandwich,Immunoglobulin,2.71,0.47,text 3d pdb
mers,b,1,1,2,d1hq4a2,Immunoglobulin-like beta-sandwich,Immunoglobulin,2.72,0.47,text 3d pdb
mers,b,1,1,2,d5bzda2,Immunoglobulin-like beta-sandwich,Immunoglobulin,2.7,0.47,text 3d pdb
mers,b,68,1,0,d2hu4a_,6-bladed beta-propeller,Sialidases,2.95,0.47,text 3d pdb
mers,b,1,1,2,d4pp2c2,Immunoglobulin-like beta-sandwich,Immunoglobulin,2.43,0.47,text 3d pdb
mers,b,1,1,2,d5vcoc2,Immunoglobulin-like beta-sandwich,Immunoglobulin,2.43,0.47,text 3d pdb
mers,b,1,1,0,d4hijc2,Immunoglobulin-like beta-sandwich,Immunoglobulin,2.72,0.47,text 3d pdb
mers,b,1,1,2,d4kvcl2,Immunoglobulin-like beta-sandwich,Immunoglobulin,2.71,0.47,text 3d pdb
mers,b,1,1,0,d3qcvl2,Immunoglobulin-like beta-sandwich,Immunoglobulin,2.54,0.47,text 3d pdb
mers,b,1,1,2,d1otsf2,Immunoglobulin-like beta-sandwich,Immunoglobulin,2.66,0.47,text 3d pdb
mers,b,1,1,2,d4h20l2,Immunoglobulin-like beta-sandwich,Immunoglobulin,2.66,0.47,text 3d pdb
mers,b,1,1,2,d3iu4l2,Immunoglobulin-like beta-sandwich,Immunoglobulin,2.73,0.47,text 3d pdb
mers,b,1,1,2,d1uz6v2,Immunoglobulin-like beta-sandwich,Immunoglobulin,2.74,0.47,text 3d pdb
mers,b,1,1,2,d6bitk2,Immunoglobulin-like beta-sandwich,Immunoglobulin,2.76,0.47,text 3d pdb
mers,b,1,1,2,d4ebql2,Immunoglobulin-like beta-sandwich,Immunoglobulin,2.59,0.47,text 3d pdb
mers,b,1,1,2,d1seql2,Immunoglobulin-like beta-sandwich,Immunoglobulin,2.79,0.47,text 3d pdb
mers,b,1,1,2,d5cd3h2,Immunoglobulin-like beta-sandwich,Immunoglobulin,2.57,0.47,text 3d pdb
mers,b,1,1,2,d4am0f2,Immunoglobulin-like beta-sandwich,Immunoglobulin,2.7,0.47,text 3d pdb
mers,b,1,1,2,d5xezl2,Immunoglobulin-like beta-sandwich,Immunoglobulin,2.58,0.47,text 3d pdb
mers,b,1,1,2,d3nacl2,Immunoglobulin-like beta-sandwich,Immunoglobulin,2.7,0.47,text 3d pdb
mers,b,1,1,2,d3we6b2,Immunoglobulin-like beta-sandwich,Immunoglobulin,2.7,0.47,text 3d pdb
mers,b,1,1,2,d1i8ma2,Immunoglobulin-like beta-sandwich,Immunoglobulin,2.73,0.47,text 3d pdb
mers,b,68,1,1,d4gztc_,6-bladed beta-propeller,Sialidases,3.36,0.47,text 3d pdb
mers,b,1,1,2,d4jpvl2,Immunoglobulin-like beta-sandwich,Immunoglobulin,2.74,0.47,text 3d pdb
mers,b,1,1,2,d4m43l2,Immunoglobulin-like beta-sandwich,Immunoglobulin,2.67,0.47,text 3d pdb
mers,b,1,1,2,d3bgfc2,Immunoglobulin-like beta-sandwich,Immunoglobulin,2.71,0.47,text 3d pdb
mers,b,1,1,2,d4zptb2,Immunoglobulin-like beta-sandwich,Immunoglobulin,2.66,0.47,text 3d pdb
mers,b,1,1,2,d2r9hf2,Immunoglobulin-like beta-sandwich,Immunoglobulin,2.7,0.47,text 3d pdb
mers,b,1,1,2,d4jpil2,Immunoglobulin-like beta-sandwich,Immunoglobulin,2.53,0.47,text 3d pdb
mers,b,1,1,2,d1zlsl2,Immunoglobulin-like beta-sandwich,Immunoglobulin,2.67,0.47,text 3d pdb
mers,b,1,1,2,d1fnsl2,Immunoglobulin-like beta-sandwich,Immunoglobulin,2.68,0.47,text 3d pdb
mers,b,1,1,2,d5u4rl2,Immunoglobulin-like beta-sandwich,Immunoglobulin,2.75,0.47,text 3d pdb
mers,b,1,1,2,d3wfhb2,Immunoglobulin-like beta-sandwich,Immunoglobulin,2.7,0.47,text 3d pdb
mers,b,1,1,2,d1deea2,Immunoglobulin-like beta-sandwich,Immunoglobulin,2.66,0.47,text 3d pdb
mers,b,1,1,2,d2v7ne2,Immunoglobulin-like beta-sandwich,Immunoglobulin,2.7,0.47,text 3d pdb
mers,b,1,1,2,d4f33g2,Immunoglobulin-like beta-sandwich,Immunoglobulin,2.74,0.47,text 3d pdb
mers,b,1,1,2,d4qt5a2,Immunoglobulin-like beta-sandwich,Immunoglobulin,2.72,0.47,text 3d pdb
mers,b,1,1,2,d5f9ol2,Immunoglobulin-like beta-sandwich,Immunoglobulin,2.53,0.47,text 3d pdb
mers,b,1,1,2,d5itbl2,Immunoglobulin-like beta-sandwich,Immunoglobulin,2.66,0.47,text 3d pdb
mers,b,1,1,2,d2ny0c2,Immunoglobulin-like beta-sandwich,Immunoglobulin,2.6,0.47,text 3d pdb
mers,b,1,1,2,d4odwb2,Immunoglobulin-like beta-sandwich,Immunoglobulin,2.76,0.47,text 3d pdb
mers,b,1,1,2,d4jzjl2,Immunoglobulin-like beta-sandwich,Immunoglobulin,2.72,0.47,text 3d pdb
mers,b,1,1,2,d1hila2,Immunoglobulin-like beta-sandwich,Immunoglobulin,2.7,0.47,text 3d pdb
mers,b,1,1,2,d3c6sa2,Immunoglobulin-like beta-sandwich,Immunoglobulin,2.73,0.47,text 3d pdb
mers,b,1,1,2,d4p9ml2,Immunoglobulin-like beta-sandwich,Immunoglobulin,2.55,0.47,text 3d pdb
mers,b,1,1,2,d3wfdl2,Immunoglobulin-like beta-sandwich,Immunoglobulin,2.69,0.47,text 3d pdb
mers,d,58,4,0,d2efqa2,Ferredoxin-like,Dimeric alpha+beta barrel,2.39,0.47,text 3d pdb
mers,b,1,1,2,d3nidf2,Immunoglobulin-like beta-sandwich,Immunoglobulin,2.69,0.47,text 3d pdb
mers,b,1,1,2,d5sx4l2,Immunoglobulin-like beta-sandwich,Immunoglobulin,2.73,0.47,text 3d pdb
mers,b,1,1,2,d3cfbl2,Immunoglobulin-like beta-sandwich,Immunoglobulin,2.71,0.47,text 3d pdb
mers,b,1,1,2,d5t5nl2,Immunoglobulin-like beta-sandwich,Immunoglobulin,2.74,0.47,text 3d pdb
mers,b,1,1,2,d1op3k2,Immunoglobulin-like beta-sandwich,Immunoglobulin,2.72,0.47,text 3d pdb
mers,b,1,1,2,d5vplc2,Immunoglobulin-like beta-sandwich,Immunoglobulin,2.63,0.47,text 3d pdb
mers,b,1,1,2,d1yqvl2,Immunoglobulin-like beta-sandwich,Immunoglobulin,2.68,0.47,text 3d pdb
mers,b,1,1,2,d3nabl2,Immunoglobulin-like beta-sandwich,Immunoglobulin,2.69,0.47,text 3d pdb
mers,b,1,1,2,d1v7nn2,Immunoglobulin-like beta-sandwich,Immunoglobulin,2.68,0.47,text 3d pdb
mers,b,1,1,2,d1ynll2,Immunoglobulin-like beta-sandwich,Immunoglobulin,2.73,0.47,text 3d pdb
mers,b,1,1,2,d5az2l2,Immunoglobulin-like beta-sandwich,Immunoglobulin,2.73,0.47,text 3d pdb
mers,b,1,1,0,d4l5fl2,Immunoglobulin-like beta-sandwich,Immunoglobulin,2.68,0.47,text 3d pdb
mers,b,1,1,2,d3rvwc2,Immunoglobulin-like beta-sandwich,Immunoglobulin,2.73,0.47,text 3d pdb
mers,b,1,1,2,d5vpgc2,Immunoglobulin-like beta-sandwich,Immunoglobulin,2.73,0.47,text 3d pdb
mers,b,1,1,2,d1mhha2,Immunoglobulin-like beta-sandwich,Immunoglobulin,2.66,0.47,text 3d pdb
mers,b,1,1,2,d2r0wl2,Immunoglobulin-like beta-sandwich,Immunoglobulin,2.72,0.47,text 3d pdb
mers,b,1,1,2,d5bk5g2,Immunoglobulin-like beta-sandwich,Immunoglobulin,2.74,0.47,text 3d pdb
mers,b,1,1,2,d3wifb2,Immunoglobulin-like beta-sandwich,Immunoglobulin,2.7,0.47,text 3d pdb
mers,b,1,1,2,d35c8l2,Immunoglobulin-like beta-sandwich,Immunoglobulin,2.68,0.47,text 3d pdb
mers,b,1,1,2,d1himh2,Immunoglobulin-like beta-sandwich,Immunoglobulin,2.66,0.47,text 3d pdb
mers,b,1,1,2,d3rkdc2,Immunoglobulin-like beta-sandwich,Immunoglobulin,2.68,0.47,text 3d pdb
mers,b,1,1,2,d4ioia2,Immunoglobulin-like beta-sandwich,Immunoglobulin,2.57,0.47,text 3d pdb
mers,b,1,1,2,d5tl5l2,Immunoglobulin-like beta-sandwich,Immunoglobulin,2.56,0.47,text 3d pdb
mers,b,1,1,2,d3nigl2,Immunoglobulin-like beta-sandwich,Immunoglobulin,2.66,0.47,text 3d pdb
mers,b,1,1,2,d5k9qt2,Immunoglobulin-like beta-sandwich,Immunoglobulin,2.72,0.47,text 3d pdb
mers,b,1,1,2,d1uwel2,Immunoglobulin-like beta-sandwich,Immunoglobulin,2.75,0.47,text 3d pdb
mers,b,1,1,2,d1c5bl2,Immunoglobulin-like beta-sandwich,Immunoglobulin,2.57,0.47,text 3d pdb
mers,b,1,1,2,d1m7da2,Immunoglobulin-like beta-sandwich,Immunoglobulin,2.76,0.47,text 3d pdb
mers,b,1,1,2,d2iqaa2,Immunoglobulin-like beta-sandwich,Immunoglobulin,2.65,0.47,text 3d pdb
mers,b,1,1,0,d4zsoa2,Immunoglobulin-like beta-sandwich,Immunoglobulin,2.76,0.47,text 3d pdb
mers,b,60,1,1,d3kfha_,Lipocalins,Lipocalins,3.01,0.47,text 3d pdb
mers,b,1,1,2,d5fhal2,Immunoglobulin-like beta-sandwich,Immunoglobulin,2.73,0.47,text 3d pdb
mers,b,1,1,2,d1c1el2,Immunoglobulin-like beta-sandwich,Immunoglobulin,2.7,0.47,text 3d pdb
mers,b,1,1,0,d2ai0m2,Immunoglobulin-like beta-sandwich,Immunoglobulin,2.83,0.47,text 3d pdb
mers,b,1,1,2,d4trpl2,Immunoglobulin-like beta-sandwich,Immunoglobulin,2.68,0.47,text 3d pdb
mers,b,1,1,2,d3mckl2,Immunoglobulin-like beta-sandwich,Immunoglobulin,2.69,0.47,text 3d pdb
mers,b,1,1,2,d3whxb2,Immunoglobulin-like beta-sandwich,Immunoglobulin,2.71,0.47,text 3d pdb
mers,b,1,1,2,d2w9dl2,Immunoglobulin-like beta-sandwich,Immunoglobulin,2.71,0.47,text 3d pdb
mers,b,1,1,2,d3vgab2,Immunoglobulin-like beta-sandwich,Immunoglobulin,2.67,0.47,text 3d pdb
mers,b,1,1,2,d4u1gc2,Immunoglobulin-like beta-sandwich,Immunoglobulin,2.71,0.47,text 3d pdb
mers,b,1,1,2,d1q9wc2,Immunoglobulin-like beta-sandwich,Immunoglobulin,2.76,0.47,text 3d pdb
mers,b,68,1,1,d4k1ia_,6-bladed beta-propeller,Sialidases,2.97,0.47,text 3d pdb
mers,b,1,1,2,d3o0rl2,Immunoglobulin-like beta-sandwich,Immunoglobulin,2.71,0.47,text 3d pdb
mers,b,1,1,2,d3bt2l2,Immunoglobulin-like beta-sandwich,Immunoglobulin,2.73,0.47,text 3d pdb
mers,b,68,1,1,d4k1kb_,6-bladed beta-propeller,Sialidases,3,0.47,text 3d pdb
mers,b,1,1,2,d1miml2,Immunoglobulin-like beta-sandwich,Immunoglobulin,2.71,0.47,text 3d pdb
mers,b,1,1,2,d5a3ih2,Immunoglobulin-like beta-sandwich,Immunoglobulin,2.74,0.47,text 3d pdb
mers,b,1,1,2,d1q9va4,Immunoglobulin-like beta-sandwich,Immunoglobulin,2.72,0.47,text 3d pdb
mers,b,1,1,2,d5vshd2,Immunoglobulin-like beta-sandwich,Immunoglobulin,2.71,0.47,text 3d pdb
mers,b,1,1,2,d1afvl2,Immunoglobulin-like beta-sandwich,Immunoglobulin,2.6,0.47,text 3d pdb
mers,b,1,1,2,d2gfbk2,Immunoglobulin-like beta-sandwich,Immunoglobulin,2.68,0.47,text 3d pdb
mers,b,68,1,1,d3tiaa_,6-bladed beta-propeller,Sialidases,2.71,0.47,text 3d pdb
mers,b,68,1,1,d4k1ib_,6-bladed beta-propeller,Sialidases,2.96,0.47,text 3d pdb
mers,b,1,1,2,d1q9ka2,Immunoglobulin-like beta-sandwich,Immunoglobulin,2.75,0.47,text 3d pdb
mers,b,1,1,2,d3dvna2,Immunoglobulin-like beta-sandwich,Immunoglobulin,2.58,0.47,text 3d pdb
mers,b,1,1,2,d5i8ol2,Immunoglobulin-like beta-sandwich,Immunoglobulin,2.76,0.47,text 3d pdb
mers,b,1,1,2,d3bgfl2,Immunoglobulin-like beta-sandwich,Immunoglobulin,2.71,0.47,text 3d pdb
mers,b,1,1,2,d5d93b2,Immunoglobulin-like beta-sandwich,Immunoglobulin,2.7,0.47,text 3d pdb
mers,b,1,1,2,d3hc4l2,Immunoglobulin-like beta-sandwich,Immunoglobulin,2.72,0.47,text 3d pdb
mers,b,1,1,2,d1t66c2,Immunoglobulin-like beta-sandwich,Immunoglobulin,2.7,0.47,text 3d pdb
mers,b,1,1,2,d1f90l2,Immunoglobulin-like beta-sandwich,Immunoglobulin,2.79,0.47,text 3d pdb
mers,b,1,1,2,d1keml2,Immunoglobulin-like beta-sandwich,Immunoglobulin,2.66,0.47,text 3d pdb
mers,b,1,1,2,d4tuob2,Immunoglobulin-like beta-sandwich,Immunoglobulin,2.58,0.47,text 3d pdb
mers,b,1,1,2,d4hxal2,Immunoglobulin-like beta-sandwich,Immunoglobulin,2.71,0.47,text 3d pdb
mers,b,1,1,2,d1himj2,Immunoglobulin-like beta-sandwich,Immunoglobulin,2.68,0.47,text 3d pdb
mers,b,1,1,2,d2ajyl2,Immunoglobulin-like beta-sandwich,Immunoglobulin,2.72,0.47,text 3d pdb
mers,b,1,1,0,d3r06a2,Immunoglobulin-like beta-sandwich,Immunoglobulin,2.62,0.47,text 3d pdb
mers,b,1,1,2,d2vdnl2,Immunoglobulin-like beta-sandwich,Immunoglobulin,2.7,0.47,text 3d pdb
mers,b,1,1,2,d2h9ga2,Immunoglobulin-like beta-sandwich,Immunoglobulin,2.7,0.47,text 3d pdb
mers,b,1,1,2,d4rwyl2,Immunoglobulin-like beta-sandwich,Immunoglobulin,2.57,0.47,text 3d pdb
mers,b,1,1,2,d2htkd2,Immunoglobulin-like beta-sandwich,Immunoglobulin,2.73,0.47,text 3d pdb
mers,b,1,1,2,d4jdvl2,Immunoglobulin-like beta-sandwich,Immunoglobulin,2.7,0.47,text 3d pdb
mers,b,1,1,2,d1e4xm2,Immunoglobulin-like beta-sandwich,Immunoglobulin,2.69,0.47,text 3d pdb
mers,b,1,1,2,d1deee2,Immunoglobulin-like beta-sandwich,Immunoglobulin,2.66,0.47,text 3d pdb
mers,b,1,1,2,d4maul2,Immunoglobulin-like beta-sandwich,Immunoglobulin,2.58,0.47,text 3d pdb
mers,b,1,1,2,d5i76a2,Immunoglobulin-like beta-sandwich,Immunoglobulin,2.69,0.47,text 3d pdb
mers,b,1,1,2,d1deec2,Immunoglobulin-like beta-sandwich,Immunoglobulin,2.67,0.47,text 3d pdb
mers,b,1,1,2,d4zptl2,Immunoglobulin-like beta-sandwich,Immunoglobulin,2.67,0.47,text 3d pdb
mers,b,1,1,2,d4kphl2,Immunoglobulin-like beta-sandwich,Immunoglobulin,2.75,0.47,text 3d pdb
mers,b,1,1,2,d3t3ml2,Immunoglobulin-like beta-sandwich,Immunoglobulin,2.67,0.47,text 3d pdb
mers,b,1,1,2,d3vi3e2,Immunoglobulin-like beta-sandwich,Immunoglobulin,2.7,0.47,text 3d pdb
mers,b,1,1,2,d3wfbl2,Immunoglobulin-like beta-sandwich,Immunoglobulin,2.67,0.47,text 3d pdb
mers,b,1,1,2,d5tgbb2,Immunoglobulin-like beta-sandwich,Immunoglobulin,2.54,0.47,text 3d pdb
mers,b,1,1,2,d3t3mf2,Immunoglobulin-like beta-sandwich,Immunoglobulin,2.69,0.47,text 3d pdb
mers,b,1,1,2,d2r2ha2,Immunoglobulin-like beta-sandwich,Immunoglobulin,2.73,0.47,text 3d pdb
mers,b,1,1,2,d1u6al2,Immunoglobulin-like beta-sandwich,Immunoglobulin,2.7,0.47,text 3d pdb
mers,b,1,1,2,d3bz4e2,Immunoglobulin-like beta-sandwich,Immunoglobulin,2.68,0.47,text 3d pdb
mers,b,1,1,2,d4oz4b2,Immunoglobulin-like beta-sandwich,Immunoglobulin,2.68,0.47,text 3d pdb
mers,b,1,1,2,d4ogyn2,Immunoglobulin-like beta-sandwich,Immunoglobulin,2.72,0.47,text 3d pdb
mers,b,1,1,2,d4s1dl2,Immunoglobulin-like beta-sandwich,Immunoglobulin,2.72,0.47,text 3d pdb
mers,b,1,1,2,d1cica2,Immunoglobulin-like beta-sandwich,Immunoglobulin,2.63,0.47,text 3d pdb
mers,b,1,1,2,d5bk5e2,Immunoglobulin-like beta-sandwich,Immunoglobulin,2.76,0.47,text 3d pdb
mers,b,1,1,2,d3i02c2,Immunoglobulin-like beta-sandwich,Immunoglobulin,2.45,0.47,text 3d pdb
mers,b,1,1,2,d3i9gl2,Immunoglobulin-like beta-sandwich,Immunoglobulin,2.72,0.47,text 3d pdb
mers,b,1,1,2,d2q8bl2,Immunoglobulin-like beta-sandwich,Immunoglobulin,2.72,0.47,text 3d pdb
mers,b,1,1,2,d2gfbo2,Immunoglobulin-like beta-sandwich,Immunoglobulin,2.68,0.47,text 3d pdb
mers,b,1,1,2,d2hh0l2,Immunoglobulin-like beta-sandwich,Immunoglobulin,2.76,0.47,text 3d pdb
mers,b,1,1,2,d3bdyl2,Immunoglobulin-like beta-sandwich,Immunoglobulin,2.53,0.47,text 3d pdb
mers,b,1,1,2,d5ibub2,Immunoglobulin-like beta-sandwich,Immunoglobulin,2.71,0.47,text 3d pdb
mers,b,1,1,2,d5wk3p2,Immunoglobulin-like beta-sandwich,Immunoglobulin,2.72,0.47,text 3d pdb
mers,b,1,1,2,d1e4xl2,Immunoglobulin-like beta-sandwich,Immunoglobulin,2.69,0.47,text 3d pdb
mers,b,1,1,2,d5i1ll2,Immunoglobulin-like beta-sandwich,Immunoglobulin,2.56,0.47,text 3d pdb
mers,b,1,1,2,d1jgll2,Immunoglobulin-like beta-sandwich,Immunoglobulin,2.72,0.47,text 3d pdb
mers,b,1,1,2,d5mx3b2,Immunoglobulin-like beta-sandwich,Immunoglobulin,2.68,0.47,text 3d pdb
mers,b,1,1,2,d2g2ra2,Immunoglobulin-like beta-sandwich,Immunoglobulin,2.82,0.47,text 3d pdb
mers,b,1,1,2,d4u1gf2,Immunoglobulin-like beta-sandwich,Immunoglobulin,2.72,0.47,text 3d pdb
mers,b,1,1,2,d2iptl2,Immunoglobulin-like beta-sandwich,Immunoglobulin,2.72,0.47,text 3d pdb
mers,b,1,1,2,d4m61a2,Immunoglobulin-like beta-sandwich,Immunoglobulin,2.69,0.47,text 3d pdb
mers,b,1,1,2,d1maml2,Immunoglobulin-like beta-sandwich,Immunoglobulin,2.69,0.47,text 3d pdb
mers,b,1,1,2,d5jora2,Immunoglobulin-like beta-sandwich,Immunoglobulin,2.74,0.47,text 3d pdb
mers,b,1,1,2,d3rvvc2,Immunoglobulin-like beta-sandwich,Immunoglobulin,2.64,0.47,text 3d pdb
mers,b,1,1,2,d2xqyl2,Immunoglobulin-like beta-sandwich,Immunoglobulin,2.67,0.47,text 3d pdb
mers,b,1,1,2,d3oz9l2,Immunoglobulin-like beta-sandwich,Immunoglobulin,2.72,0.47,text 3d pdb
mers,b,1,1,2,d3qo1a2,Immunoglobulin-like beta-sandwich,Immunoglobulin,2.57,0.47,text 3d pdb
mers,b,68,1,1,d4k1ha_,6-bladed beta-propeller,Sialidases,2.96,0.47,text 3d pdb
mers,b,1,1,0,d4xvtl2,Immunoglobulin-like beta-sandwich,Immunoglobulin,2.75,0.47,text 3d pdb
mers,b,1,1,2,d4m61c2,Immunoglobulin-like beta-sandwich,Immunoglobulin,2.78,0.47,text 3d pdb
mers,b,1,1,2,d2g2rl2,Immunoglobulin-like beta-sandwich,Immunoglobulin,2.82,0.47,text 3d pdb
mers,b,1,1,2,d4kk9d2,Immunoglobulin-like beta-sandwich,Immunoglobulin,2.7,0.47,text 3d pdb
mers,b,1,1,2,d4pozc2,Immunoglobulin-like beta-sandwich,Immunoglobulin,2.73,0.47,text 3d pdb
mers,b,1,1,2,d5dqdl2,Immunoglobulin-like beta-sandwich,Immunoglobulin,2.77,0.47,text 3d pdb
mers,b,1,1,2,d1bafl2,Immunoglobulin-like beta-sandwich,Immunoglobulin,2.66,0.47,text 3d pdb
mers,b,1,1,2,d1xf4a2,Immunoglobulin-like beta-sandwich,Immunoglobulin,2.72,0.47,text 3d pdb
mers,b,1,1,2,d3g5xa2,Immunoglobulin-like beta-sandwich,Immunoglobulin,2.69,0.47,text 3d pdb
mers,b,1,1,2,d5d6cl2,Immunoglobulin-like beta-sandwich,Immunoglobulin,2.72,0.47,text 3d pdb
mers,b,1,1,2,d4gmtm2,Immunoglobulin-like beta-sandwich,Immunoglobulin,2.72,0.47,text 3d pdb
mers,b,1,1,2,d3qrgl2,Immunoglobulin-like beta-sandwich,Immunoglobulin,2.71,0.47,text 3d pdb
mers,b,1,1,2,d3dgga2,Immunoglobulin-like beta-sandwich,Immunoglobulin,2.75,0.47,text 3d pdb
mers,b,1,1,2,d2ht2d2,Immunoglobulin-like beta-sandwich,Immunoglobulin,2.43,0.47,text 3d pdb
mers,b,1,1,2,d3v6fl2,Immunoglobulin-like beta-sandwich,Immunoglobulin,2.75,0.47,text 3d pdb
mers,b,68,1,1,d4gzqa_,6-bladed beta-propeller,Sialidases,2.69,0.47,text 3d pdb
mers,b,1,1,2,d3c6sc2,Immunoglobulin-like beta-sandwich,Immunoglobulin,2.7,0.47,text 3d pdb
mers,b,1,1,0,d4zsoc2,Immunoglobulin-like beta-sandwich,Immunoglobulin,2.7,0.47,text 3d pdb
mers,b,1,1,2,d1y0le2,Immunoglobulin-like beta-sandwich,Immunoglobulin,2.72,0.47,text 3d pdb
mers,b,1,1,2,d2htkf2,Immunoglobulin-like beta-sandwich,Immunoglobulin,2.73,0.47,text 3d pdb
mers,b,1,1,2,d6elll2,Immunoglobulin-like beta-sandwich,Immunoglobulin,2.77,0.47,text 3d pdb
mers,b,1,1,2,d2ny7l2,Immunoglobulin-like beta-sandwich,Immunoglobulin,2.55,0.47,text 3d pdb
mers,b,1,1,2,d4j6rl2,Immunoglobulin-like beta-sandwich,Immunoglobulin,2.75,0.47,text 3d pdb
mers,b,1,1,2,d4wv1a2,Immunoglobulin-like beta-sandwich,Immunoglobulin,2.75,0.47,text 3d pdb
mers,b,1,1,2,d1gpom2,Immunoglobulin-like beta-sandwich,Immunoglobulin,2.41,0.47,text 3d pdb
mers,b,1,1,2,d4kkcf2,Immunoglobulin-like beta-sandwich,Immunoglobulin,2.7,0.47,text 3d pdb
mers,b,1,1,2,d5dq9b2,Immunoglobulin-like beta-sandwich,Immunoglobulin,2.75,0.47,text 3d pdb
mers,b,1,1,2,d3l5wa2,Immunoglobulin-like beta-sandwich,Immunoglobulin,2.77,0.47,text 3d pdb
mers,b,1,1,2,d5tgbl2,Immunoglobulin-like beta-sandwich,Immunoglobulin,2.74,0.47,text 3d pdb
mers,b,1,1,2,d2jell2,Immunoglobulin-like beta-sandwich,Immunoglobulin,2.41,0.47,text 3d pdb
mers,b,1,1,2,d1y18a2,Immunoglobulin-like beta-sandwich,Immunoglobulin,2.7,0.47,text 3d pdb
mers,b,1,1,2,d3bpca2,Immunoglobulin-like beta-sandwich,Immunoglobulin,2.23,0.47,text 3d pdb
mers,b,1,1,2,d5mi0c2,Immunoglobulin-like beta-sandwich,Immunoglobulin,2.71,0.47,text 3d pdb
mers,b,1,1,2,d3bz4a2,Immunoglobulin-like beta-sandwich,Immunoglobulin,2.71,0.47,text 3d pdb
mers,b,1,1,2,d4nrzl2,Immunoglobulin-like beta-sandwich,Immunoglobulin,2.73,0.47,text 3d pdb
mers,b,1,1,2,d1mj8l2,Immunoglobulin-like beta-sandwich,Immunoglobulin,2.78,0.47,text 3d pdb
mers,b,1,1,2,d2xknc2,Immunoglobulin-like beta-sandwich,Immunoglobulin,2.61,0.47,text 3d pdb
mers,b,1,1,2,d5niva2,Immunoglobulin-like beta-sandwich,Immunoglobulin,2.7,0.47,text 3d pdb
mers,b,1,1,2,d3wiim2,Immunoglobulin-like beta-sandwich,Immunoglobulin,2.7,0.47,text 3d pdb
mers,b,1,1,2,d1a4ka2,Immunoglobulin-like beta-sandwich,Immunoglobulin,2.58,0.47,text 3d pdb
mers,b,1,1,2,d4xbpl2,Immunoglobulin-like beta-sandwich,Immunoglobulin,2.7,0.47,text 3d pdb
mers,b,1,1,2,d3i75a2,Immunoglobulin-like beta-sandwich,Immunoglobulin,2.73,0.47,text 3d pdb
mers,b,68,1,1,d4k1hb_,6-bladed beta-propeller,Sialidases,2.96,0.47,text 3d pdb
mers,b,68,1,1,d4h53c_,6-bladed beta-propeller,Sialidases,2.96,0.47,text 3d pdb
mers,b,68,1,1,d4k1ka_,6-bladed beta-propeller,Sialidases,2.77,0.47,text 3d pdb
mers,b,1,1,2,d3bz4c2,Immunoglobulin-like beta-sandwich,Immunoglobulin,2.7,0.47,text 3d pdb
mers,b,1,1,2,d2v7nc2,Immunoglobulin-like beta-sandwich,Immunoglobulin,2.73,0.47,text 3d pdb
mers,b,1,1,0,d4imkd2,Immunoglobulin-like beta-sandwich,Immunoglobulin,2.58,0.47,text 3d pdb
mers,b,1,1,2,d2h9gl2,Immunoglobulin-like beta-sandwich,Immunoglobulin,2.72,0.47,text 3d pdb
mers,b,1,1,2,d1txvl4,Immunoglobulin-like beta-sandwich,Immunoglobulin,2.72,0.47,text 3d pdb
mers,b,1,1,2,d4dgil2,Immunoglobulin-like beta-sandwich,Immunoglobulin,2.73,0.47,text 3d pdb
mers,b,1,1,2,d4f33e2,Immunoglobulin-like beta-sandwich,Immunoglobulin,2.75,0.47,text 3d pdb
mers,b,1,1,2,d4r4bl2,Immunoglobulin-like beta-sandwich,Immunoglobulin,2.56,0.47,text 3d pdb
mers,b,1,1,2,d1tzgm2,Immunoglobulin-like beta-sandwich,Immunoglobulin,2.76,0.47,text 3d pdb
mers,b,1,1,2,d3t4ya2,Immunoglobulin-like beta-sandwich,Immunoglobulin,2.73,0.47,text 3d pdb
mers,b,1,1,2,d1qbll2,Immunoglobulin-like beta-sandwich,Immunoglobulin,2.69,0.47,text 3d pdb
mers,b,1,1,2,d1xgqa2,Immunoglobulin-like beta-sandwich,Immunoglobulin,2.66,0.47,text 3d pdb
mers,b,1,1,2,d4okvd2,Immunoglobulin-like beta-sandwich,Immunoglobulin,2.69,0.47,text 3d pdb
mers,b,1,1,2,d2gfbi2,Immunoglobulin-like beta-sandwich,Immunoglobulin,2.69,0.47,text 3d pdb
mers,b,1,1,2,d4f33c2,Immunoglobulin-like beta-sandwich,Immunoglobulin,2.73,0.47,text 3d pdb
mers,b,1,1,2,d6eljl2,Immunoglobulin-like beta-sandwich,Immunoglobulin,2.72,0.47,text 3d pdb
mers,b,1,1,2,d4lsql2,Immunoglobulin-like beta-sandwich,Immunoglobulin,2.73,0.47,text 3d pdb
mers,d,58,4,0,d2efoa2,Ferredoxin-like,Dimeric alpha+beta barrel,2.4,0.47,text 3d pdb
mers,b,1,1,2,d1ndma2,Immunoglobulin-like beta-sandwich,Immunoglobulin,2.72,0.47,text 3d pdb
mers,b,1,1,2,d4jpib2,Immunoglobulin-like beta-sandwich,Immunoglobulin,2.7,0.47,text 3d pdb
mers,b,1,1,2,d3wfcl2,Immunoglobulin-like beta-sandwich,Immunoglobulin,2.7,0.47,text 3d pdb
mers,b,68,1,1,d4h52a_,6-bladed beta-propeller,Sialidases,3.01,0.47,text 3d pdb
mers,b,1,1,2,d5i76c2,Immunoglobulin-like beta-sandwich,Immunoglobulin,2.75,0.47,text 3d pdb
mers,b,1,1,2,d1y0la2,Immunoglobulin-like beta-sandwich,Immunoglobulin,2.72,0.47,text 3d pdb
mers,b,1,1,2,d3stzb2,Immunoglobulin-like beta-sandwich,Immunoglobulin,2.61,0.47,text 3d pdb
mers,b,1,1,2,d2ddql2,Immunoglobulin-like beta-sandwich,Immunoglobulin,2.69,0.47,text 3d pdb
mers,b,1,1,2,d2nxyc2,Immunoglobulin-like beta-sandwich,Immunoglobulin,2.73,0.47,text 3d pdb
mers,b,1,1,2,d3zdxl2,Immunoglobulin-like beta-sandwich,Immunoglobulin,2.67,0.47,text 3d pdb
mers,b,1,1,2,d5h35b2,Immunoglobulin-like beta-sandwich,Immunoglobulin,2.71,0.47,text 3d pdb
mers,b,1,1,0,d5mvzb2,Immunoglobulin-like beta-sandwich,Immunoglobulin,2.68,0.47,text 3d pdb
mers,b,1,1,2,d3w9dd2,Immunoglobulin-like beta-sandwich,Immunoglobulin,2.7,0.47,text 3d pdb
mers,b,1,1,2,d5cipl2,Immunoglobulin-like beta-sandwich,Immunoglobulin,2.68,0.47,text 3d pdb
mers,b,1,1,2,d1dqqc2,Immunoglobulin-like beta-sandwich,Immunoglobulin,2.71,0.47,text 3d pdb
mers,b,1,1,2,d5kvfl2,Immunoglobulin-like beta-sandwich,Immunoglobulin,2.74,0.47,text 3d pdb
mers,d,13,1,1,d5uvmb1,HIT-like,HIT-like,3.08,0.47,text 3d pdb
mers,b,1,1,2,d4oz4l2,Immunoglobulin-like beta-sandwich,Immunoglobulin,2.71,0.47,text 3d pdb
mers,b,1,1,2,d4xmpl2,Immunoglobulin-like beta-sandwich,Immunoglobulin,2.72,0.47,text 3d pdb
mers,b,1,1,2,d3sgdl2,Immunoglobulin-like beta-sandwich,Immunoglobulin,2.75,0.47,text 3d pdb
mers,b,1,1,2,d4nugl2,Immunoglobulin-like beta-sandwich,Immunoglobulin,2.56,0.47,text 3d pdb
mers,b,1,1,2,d5mx3l2,Immunoglobulin-like beta-sandwich,Immunoglobulin,2.71,0.47,text 3d pdb
mers,b,1,1,2,d4i2xc2,Immunoglobulin-like beta-sandwich,Immunoglobulin,2.68,0.47,text 3d pdb
mers,b,1,1,2,d4gw5a2,Immunoglobulin-like beta-sandwich,Immunoglobulin,2.75,0.47,text 3d pdb
mers,b,1,1,2,d1vgel2,Immunoglobulin-like beta-sandwich,Immunoglobulin,2.42,0.47,text 3d pdb
mers,b,1,1,2,d3q3gf2,Immunoglobulin-like beta-sandwich,Immunoglobulin,2.67,0.47,text 3d pdb
mers,b,1,1,2,d5bmfl2,Immunoglobulin-like beta-sandwich,Immunoglobulin,2.75,0.47,text 3d pdb
mers,b,1,1,0,d3qctl2,Immunoglobulin-like beta-sandwich,Immunoglobulin,2.64,0.47,text 3d pdb
mers,b,1,1,2,d1fvec2,Immunoglobulin-like beta-sandwich,Immunoglobulin,2.7,0.47,text 3d pdb
mers,b,1,1,2,d3o2dl2,Immunoglobulin-like beta-sandwich,Immunoglobulin,2.71,0.47,text 3d pdb
mers,d,151,1,0,d3g00a1,DNase I-like,DNase I-like,2.45,0.47,text 3d pdb
mers,b,1,1,2,d3hi1l2,Immunoglobulin-like beta-sandwich,Immunoglobulin,2.72,0.47,text 3d pdb
mers,b,1,1,2,d5hysf2,Immunoglobulin-like beta-sandwich,Immunoglobulin,2.72,0.47,text 3d pdb
mers,b,1,1,2,d4hfwl2,Immunoglobulin-like beta-sandwich,Immunoglobulin,2.8,0.47,text 3d pdb
mers,b,1,1,2,d4f33a2,Immunoglobulin-like beta-sandwich,Immunoglobulin,2.74,0.47,text 3d pdb
mers,b,1,1,0,d3r06e2,Immunoglobulin-like beta-sandwich,Immunoglobulin,2.61,0.47,text 3d pdb
mers,b,1,1,2,d5gz0c2,Immunoglobulin-like beta-sandwich,Immunoglobulin,2.76,0.47,text 3d pdb
mers,b,1,1,2,d5obfl2,Immunoglobulin-like beta-sandwich,Immunoglobulin,2.7,0.47,text 3d pdb
mers,b,1,1,2,d3hi1a2,Immunoglobulin-like beta-sandwich,Immunoglobulin,2.72,0.47,text 3d pdb
mers,b,1,1,2,d4jr9l2,Immunoglobulin-like beta-sandwich,Immunoglobulin,2.76,0.47,text 3d pdb
mers,b,1,1,0,d3r06l2,Immunoglobulin-like beta-sandwich,Immunoglobulin,2.62,0.47,text 3d pdb
mers,b,1,1,2,d4wv1d2,Immunoglobulin-like beta-sandwich,Immunoglobulin,2.75,0.47,text 3d pdb
mers,b,1,1,2,d4xbgi2,Immunoglobulin-like beta-sandwich,Immunoglobulin,2.72,0.47,text 3d pdb
mers,b,1,1,2,d4s2sb2,Immunoglobulin-like beta-sandwich,Immunoglobulin,2.68,0.47,text 3d pdb
mers,b,1,1,2,d1wcba2,Immunoglobulin-like beta-sandwich,Immunoglobulin,2.67,0.47,text 3d pdb
mers,b,1,1,2,d5f3bb2,Immunoglobulin-like beta-sandwich,Immunoglobulin,2.72,0.47,text 3d pdb
mers,b,1,1,2,d4k7pl2,Immunoglobulin-like beta-sandwich,Immunoglobulin,2.43,0.47,text 3d pdb
mers,b,1,1,2,d4kjwd2,Immunoglobulin-like beta-sandwich,Immunoglobulin,2.71,0.47,text 3d pdb
mers,b,1,1,2,d3dggc2,Immunoglobulin-like beta-sandwich,Immunoglobulin,2.73,0.47,text 3d pdb
mers,b,1,1,2,d5tzul2,Immunoglobulin-like beta-sandwich,Immunoglobulin,2.76,0.47,text 3d pdb
mers,b,1,1,0,d4ye4l2,Immunoglobulin-like beta-sandwich,Immunoglobulin,2.54,0.47,text 3d pdb
mers,b,1,1,2,d2xqyk2,Immunoglobulin-like beta-sandwich,Immunoglobulin,2.73,0.47,text 3d pdb
mers,d,58,4,0,d5loqa_,Ferredoxin-like,Dimeric alpha+beta barrel,2.75,0.47,text 3d pdb
mers,b,1,1,2,d5cp3a2,Immunoglobulin-like beta-sandwich,Immunoglobulin,2.76,0.47,text 3d pdb
mers,b,1,1,2,d4otxm2,Immunoglobulin-like beta-sandwich,Immunoglobulin,2.76,0.47,text 3d pdb
mers,b,1,1,2,d4gw1c2,Immunoglobulin-like beta-sandwich,Immunoglobulin,2.74,0.47,text 3d pdb
mers,b,1,1,2,d5sx5k2,Immunoglobulin-like beta-sandwich,Immunoglobulin,2.76,0.47,text 3d pdb
mers,b,1,1,2,d4jhal2,Immunoglobulin-like beta-sandwich,Immunoglobulin,2.78,0.47,text 3d pdb
mers,b,1,1,0,d2o5xl2,Immunoglobulin-like beta-sandwich,Immunoglobulin,2.74,0.47,text 3d pdb
mers,b,1,1,2,d6azxd2,Immunoglobulin-like beta-sandwich,Immunoglobulin,2.72,0.47,text 3d pdb
mers,b,1,1,2,d5vebl2,Immunoglobulin-like beta-sandwich,Immunoglobulin,2.73,0.47,text 3d pdb
mers,b,1,1,2,d4d9rl2,Immunoglobulin-like beta-sandwich,Immunoglobulin,2.75,0.47,text 3d pdb
mers,b,1,1,2,d4xnyl2,Immunoglobulin-like beta-sandwich,Immunoglobulin,2.55,0.47,text 3d pdb
mers,b,1,1,2,d1dfbl2,Immunoglobulin-like beta-sandwich,Immunoglobulin,2.42,0.47,text 3d pdb
mers,b,1,1,0,d3gk8l2,Immunoglobulin-like beta-sandwich,Immunoglobulin,2.61,0.47,text 3d pdb
mers,b,1,1,2,d2r2ea2,Immunoglobulin-like beta-sandwich,Immunoglobulin,2.72,0.47,text 3d pdb
mers,b,1,1,2,d5en2b2,Immunoglobulin-like beta-sandwich,Immunoglobulin,2.66,0.47,text 3d pdb
mers,b,1,1,2,d2wucl2,Immunoglobulin-like beta-sandwich,Immunoglobulin,2.75,0.47,text 3d pdb
mers,b,1,1,0,d5wawl2,Immunoglobulin-like beta-sandwich,Immunoglobulin,2.81,0.47,text 3d pdb
mers,b,1,1,2,d1kcvl2,Immunoglobulin-like beta-sandwich,Immunoglobulin,2.73,0.47,text 3d pdb
mers,b,1,1,2,d3cfcl2,Immunoglobulin-like beta-sandwich,Immunoglobulin,2.67,0.47,text 3d pdb
mers,b,1,1,2,d5umnd2,Immunoglobulin-like beta-sandwich,Immunoglobulin,2.72,0.47,text 3d pdb
mers,b,1,1,2,d4kkaf2,Immunoglobulin-like beta-sandwich,Immunoglobulin,2.67,0.47,text 3d pdb
mers,b,1,1,2,d4kkld2,Immunoglobulin-like beta-sandwich,Immunoglobulin,2.71,0.47,text 3d pdb
mers,b,1,1,0,d5b6fa2,Immunoglobulin-like beta-sandwich,Immunoglobulin,2.68,0.47,text 3d pdb
mers,b,1,1,2,d4gmsl2,Immunoglobulin-like beta-sandwich,Immunoglobulin,2.71,0.47,text 3d pdb
mers,b,1,1,2,d2ny3c2,Immunoglobulin-like beta-sandwich,Immunoglobulin,2.72,0.47,text 3d pdb
mers,b,1,1,2,d4rgng2,Immunoglobulin-like beta-sandwich,Immunoglobulin,2.79,0.47,text 3d pdb
mers,b,1,1,2,d5tihl2,Immunoglobulin-like beta-sandwich,Immunoglobulin,2.68,0.47,text 3d pdb
mers,b,1,1,2,d4wfhf2,Immunoglobulin-like beta-sandwich,Immunoglobulin,2.69,0.47,text 3d pdb
mers,b,1,1,2,d4i9wf2,Immunoglobulin-like beta-sandwich,Immunoglobulin,2.68,0.47,text 3d pdb
mers,b,1,1,2,d2vc2l2,Immunoglobulin-like beta-sandwich,Immunoglobulin,2.73,0.47,text 3d pdb
mers,b,1,1,2,d3r1gl2,Immunoglobulin-like beta-sandwich,Immunoglobulin,2.72,0.47,text 3d pdb
mers,b,1,1,2,d4rgne2,Immunoglobulin-like beta-sandwich,Immunoglobulin,2.79,0.47,text 3d pdb
mers,b,1,1,2,d5wuvl2,Immunoglobulin-like beta-sandwich,Immunoglobulin,2.56,0.47,text 3d pdb
mers,b,1,1,2,d4xcnk2,Immunoglobulin-like beta-sandwich,Immunoglobulin,2.72,0.47,text 3d pdb
mers,b,1,1,2,d1mlca2,Immunoglobulin-like beta-sandwich,Immunoglobulin,2.69,0.47,text 3d pdb
mers,b,1,1,2,d5xhga2,Immunoglobulin-like beta-sandwich,Immunoglobulin,2.73,0.47,text 3d pdb
mers,b,1,1,2,d4wfgf2,Immunoglobulin-like beta-sandwich,Immunoglobulin,2.67,0.47,text 3d pdb
mers,b,1,1,2,d5vshb2,Immunoglobulin-like beta-sandwich,Immunoglobulin,2.72,0.47,text 3d pdb
mers,b,1,1,2,d5b4md2,Immunoglobulin-like beta-sandwich,Immunoglobulin,2.63,0.47,text 3d pdb
mers,b,1,1,2,d1ndga2,Immunoglobulin-like beta-sandwich,Immunoglobulin,2.66,0.47,text 3d pdb
mers,b,1,1,2,d5vr9b2,Immunoglobulin-like beta-sandwich,Immunoglobulin,2.72,0.47,text 3d pdb
mers,b,1,1,2,d5e2tl2,Immunoglobulin-like beta-sandwich,Immunoglobulin,2.74,0.47,text 3d pdb
mers,b,1,1,2,d2uylm2,Immunoglobulin-like beta-sandwich,Immunoglobulin,2.73,0.47,text 3d pdb
mers,b,1,1,2,d5kvdl2,Immunoglobulin-like beta-sandwich,Immunoglobulin,2.76,0.47,text 3d pdb
mers,b,1,1,2,d4f3fa2,Immunoglobulin-like beta-sandwich,Immunoglobulin,2.7,0.47,text 3d pdb
mers,b,1,1,2,d2q76c2,Immunoglobulin-like beta-sandwich,Immunoglobulin,2.75,0.47,text 3d pdb
mers,b,1,1,2,d4kaql2,Immunoglobulin-like beta-sandwich,Immunoglobulin,2.71,0.47,text 3d pdb
mers,b,1,1,2,d2adia2,Immunoglobulin-like beta-sandwich,Immunoglobulin,2.73,0.47,text 3d pdb
mers,b,1,1,2,d5e2ul2,Immunoglobulin-like beta-sandwich,Immunoglobulin,2.74,0.47,text 3d pdb
mers,b,1,1,2,d5tf1l2,Immunoglobulin-like beta-sandwich,Immunoglobulin,2.75,0.47,text 3d pdb
mers,b,1,1,2,d6b0ha2,Immunoglobulin-like beta-sandwich,Immunoglobulin,2.76,0.47,text 3d pdb
mers,b,1,1,2,d5f3hb2,Immunoglobulin-like beta-sandwich,Immunoglobulin,2.54,0.47,text 3d pdb
mers,b,1,1,2,d1ty3l4,Immunoglobulin-like beta-sandwich,Immunoglobulin,2.72,0.47,text 3d pdb
mers,b,1,1,2,d3detd2,Immunoglobulin-like beta-sandwich,Immunoglobulin,2.69,0.47,text 3d pdb
mers,b,1,1,2,d1aj7l2,Immunoglobulin-like beta-sandwich,Immunoglobulin,2.71,0.47,text 3d pdb
mers,b,1,1,2,d4ypgl2,Immunoglobulin-like beta-sandwich,Immunoglobulin,2.56,0.47,text 3d pdb
mers,b,1,1,2,d2r23a2,Immunoglobulin-like beta-sandwich,Immunoglobulin,2.42,0.47,text 3d pdb
mers,b,1,1,2,d3sgel2,Immunoglobulin-like beta-sandwich,Immunoglobulin,2.75,0.47,text 3d pdb
mers,b,1,1,2,d4wfff2,Immunoglobulin-like beta-sandwich,Immunoglobulin,2.69,0.47,text 3d pdb
mers,b,1,1,2,d1fe8l2,Immunoglobulin-like beta-sandwich,Immunoglobulin,2.74,0.47,text 3d pdb
mers,b,1,1,2,d5x8mc2,Immunoglobulin-like beta-sandwich,Immunoglobulin,2.67,0.47,text 3d pdb
mers,b,1,1,2,d1uwex2,Immunoglobulin-like beta-sandwich,Immunoglobulin,2.75,0.47,text 3d pdb
mers,b,1,1,2,d1rhha2,Immunoglobulin-like beta-sandwich,Immunoglobulin,2.71,0.47,text 3d pdb
mers,b,1,1,2,d4kzel2,Immunoglobulin-like beta-sandwich,Immunoglobulin,2.71,0.47,text 3d pdb
mers,b,1,1,2,d2i60q2,Immunoglobulin-like beta-sandwich,Immunoglobulin,2.74,0.47,text 3d pdb
mers,b,1,1,2,d1yyml2,Immunoglobulin-like beta-sandwich,Immunoglobulin,2.75,0.47,text 3d pdb
mers,b,1,1,2,d2i9le2,Immunoglobulin-like beta-sandwich,Immunoglobulin,2.71,0.47,text 3d pdb
mers,b,1,1,2,d1nbya2,Immunoglobulin-like beta-sandwich,Immunoglobulin,2.68,0.47,text 3d pdb
mers,b,1,1,2,d3q3gj2,Immunoglobulin-like beta-sandwich,Immunoglobulin,2.66,0.47,text 3d pdb
mers,b,1,1,2,d2hlff2,Immunoglobulin-like beta-sandwich,Immunoglobulin,2.71,0.47,text 3d pdb
mers,c,67,1,0,d4piwa_,PLP-dependent transferase-like,PLP-dependent transferases,2.82,0.47,text 3d pdb
mers,b,1,1,0,d4ydlc2,Immunoglobulin-like beta-sandwich,Immunoglobulin,2.55,0.47,text 3d pdb
mers,b,1,1,2,d4zykb2,Immunoglobulin-like beta-sandwich,Immunoglobulin,2.74,0.47,text 3d pdb
mers,b,1,1,2,d2i5yq2,Immunoglobulin-like beta-sandwich,Immunoglobulin,2.73,0.47,text 3d pdb
mers,b,1,1,2,d4xzub2,Immunoglobulin-like beta-sandwich,Immunoglobulin,2.75,0.47,text 3d pdb
mers,b,1,1,2,d3kyma2,Immunoglobulin-like beta-sandwich,Immunoglobulin,2.74,0.47,text 3d pdb
mers,b,1,1,0,d4c83d2,Immunoglobulin-like beta-sandwich,Immunoglobulin,2.82,0.47,text 3d pdb
mers,b,1,1,2,d1uwgl2,Immunoglobulin-like beta-sandwich,Immunoglobulin,2.74,0.47,text 3d pdb
mers,b,1,1,2,d4xcnb2,Immunoglobulin-like beta-sandwich,Immunoglobulin,2.68,0.47,text 3d pdb
mers,b,1,1,2,d2i9la2,Immunoglobulin-like beta-sandwich,Immunoglobulin,2.72,0.47,text 3d pdb
mers,b,1,1,2,d2gfbe2,Immunoglobulin-like beta-sandwich,Immunoglobulin,2.69,0.47,text 3d pdb
mers,b,1,1,2,d1lo2l2,Immunoglobulin-like beta-sandwich,Immunoglobulin,2.73,0.47,text 3d pdb
mers,b,1,1,2,d5bvpl2,Immunoglobulin-like beta-sandwich,Immunoglobulin,2.95,0.47,text 3d pdb
mers,b,1,1,2,d1igtc2,Immunoglobulin-like beta-sandwich,Immunoglobulin,2.84,0.47,text 3d pdb
mers,b,1,1,2,d2ny2c2,Immunoglobulin-like beta-sandwich,Immunoglobulin,2.73,0.47,text 3d pdb
mers,b,1,1,2,d1igfl2,Immunoglobulin-like beta-sandwich,Immunoglobulin,2.81,0.47,text 3d pdb
mers,b,1,1,2,d2uyla2,Immunoglobulin-like beta-sandwich,Immunoglobulin,2.73,0.47,text 3d pdb
mers,b,1,1,2,d4m7kl2,Immunoglobulin-like beta-sandwich,Immunoglobulin,2.71,0.47,text 3d pdb
mers,b,1,1,2,d3wiil2,Immunoglobulin-like beta-sandwich,Immunoglobulin,2.72,0.47,text 3d pdb
mers,b,1,1,2,d3se9l2,Immunoglobulin-like beta-sandwich,Immunoglobulin,2.56,0.47,text 3d pdb
mers,b,1,1,2,d2feel2,Immunoglobulin-like beta-sandwich,Immunoglobulin,2.73,0.47,text 3d pdb
mers,b,1,1,2,d5i1da2,Immunoglobulin-like beta-sandwich,Immunoglobulin,2.8,0.47,text 3d pdb
mers,b,1,1,2,d2fx9l2,Immunoglobulin-like beta-sandwich,Immunoglobulin,2.72,0.47,text 3d pdb
mers,b,1,1,2,d3cfje2,Immunoglobulin-like beta-sandwich,Immunoglobulin,2.72,0.47,text 3d pdb
mers,b,1,1,2,d5vr9l2,Immunoglobulin-like beta-sandwich,Immunoglobulin,2.72,0.47,text 3d pdb
mers,b,1,1,2,d2ny1c2,Immunoglobulin-like beta-sandwich,Immunoglobulin,2.72,0.47,text 3d pdb
mers,b,1,1,2,d5hdql2,Immunoglobulin-like beta-sandwich,Immunoglobulin,2.65,0.47,text 3d pdb
mers,b,1,1,2,d2fx8o2,Immunoglobulin-like beta-sandwich,Immunoglobulin,2.69,0.47,text 3d pdb
mers,b,1,1,2,d4yk4b2,Immunoglobulin-like beta-sandwich,Immunoglobulin,2.73,0.47,text 3d pdb
mers,b,1,1,2,d5gz0a2,Immunoglobulin-like beta-sandwich,Immunoglobulin,2.75,0.47,text 3d pdb
mers,b,1,1,2,d5f96l2,Immunoglobulin-like beta-sandwich,Immunoglobulin,2.54,0.47,text 3d pdb
mers,b,1,1,2,d3ijya2,Immunoglobulin-like beta-sandwich,Immunoglobulin,2.72,0.47,text 3d pdb
mers,b,1,1,2,d1jgul2,Immunoglobulin-like beta-sandwich,Immunoglobulin,2.69,0.47,text 3d pdb
mers,b,1,1,2,d2q8al2,Immunoglobulin-like beta-sandwich,Immunoglobulin,2.75,0.47,text 3d pdb
mers,b,1,1,2,d4okvb2,Immunoglobulin-like beta-sandwich,Immunoglobulin,2.71,0.47,text 3d pdb
mers,b,1,1,2,d5te7l2,Immunoglobulin-like beta-sandwich,Immunoglobulin,2.74,0.47,text 3d pdb
mers,b,1,1,0,d2xtjc_,Immunoglobulin-like beta-sandwich,Immunoglobulin,2.77,0.47,text 3d pdb
mers,b,1,1,2,d3inul2,Immunoglobulin-like beta-sandwich,Immunoglobulin,2.6,0.47,text 3d pdb
mers,b,1,1,2,d3u4bl2,Immunoglobulin-like beta-sandwich,Immunoglobulin,2.75,0.47,text 3d pdb
mers,b,1,1,2,d1n6ql2,Immunoglobulin-like beta-sandwich,Immunoglobulin,2.71,0.47,text 3d pdb
mers,b,1,1,2,d2r1ya2,Immunoglobulin-like beta-sandwich,Immunoglobulin,2.42,0.47,text 3d pdb
mers,b,1,1,2,d2vdkl2,Immunoglobulin-like beta-sandwich,Immunoglobulin,2.73,0.47,text 3d pdb
mers,b,1,1,2,d3c5sc2,Immunoglobulin-like beta-sandwich,Immunoglobulin,2.76,0.46,text 3d pdb
mers,b,1,1,2,d5vl3f2,Immunoglobulin-like beta-sandwich,Immunoglobulin,2.73,0.46,text 3d pdb
mers,b,1,1,2,d1pkqf2,Immunoglobulin-like beta-sandwich,Immunoglobulin,2.77,0.46,text 3d pdb
mers,b,1,1,2,d2adga2,Immunoglobulin-like beta-sandwich,Immunoglobulin,2.75,0.46,text 3d pdb
mers,b,1,1,0,d4olwl2,Immunoglobulin-like beta-sandwich,Immunoglobulin,2.71,0.46,text 3d pdb
mers,b,1,1,2,d1pkqa2,Immunoglobulin-like beta-sandwich,Immunoglobulin,2.77,0.46,text 3d pdb
mers,d,26,1,1,d1fkta_,FKBP-like,FKBP-like,2.87,0.46,text 3d pdb
mers,d,151,1,0,d3ga6b_,DNase I-like,DNase I-like,2.96,0.46,text 3d pdb
mers,b,1,1,2,d2fx8n2,Immunoglobulin-like beta-sandwich,Immunoglobulin,2.65,0.46,text 3d pdb
mers,b,68,1,0,d2hu0c_,6-bladed beta-propeller,Sialidases,2.85,0.35,text 3d pdb
mers,b,1,1,2,d2z93d2,Immunoglobulin-like beta-sandwich,Immunoglobulin,3.11,0.32,text 3d pdb
