mers,6nb3A,0.23,0.99,text 3d pdb
mers,6nb4A,0.38,0.97,text 3d pdb
mers,6nb3C,0.49,0.95,text 3d pdb
mers,5w9kJ,0.56,0.93,text 3d pdb
mers,5w9hp,0.56,0.93,text 3d pdb
mers,5w9lB,0.56,0.93,text 3d pdb
mers,5w9oJ,0.56,0.93,text 3d pdb
mers,5w9nH,0.57,0.93,text 3d pdb
mers,5w9mE,0.57,0.93,text 3d pdb
mers,5w9kL,0.57,0.93,text 3d pdb
mers,5do2A,0.61,0.92,text 3d pdb
mers,6q06B,0.63,0.92,text 3d pdb
mers,6q05A,0.63,0.92,text 3d pdb
mers,6q07A,0.63,0.92,text 3d pdb
mers,6q05B,0.63,0.92,text 3d pdb
mers,6q04A,0.63,0.92,text 3d pdb
mers,6q07B,0.63,0.92,text 3d pdb
mers,6q06C,0.63,0.92,text 3d pdb
mers,6q04B,0.63,0.92,text 3d pdb
mers,6q06A,0.63,0.92,text 3d pdb
mers,6q05C,0.63,0.92,text 3d pdb
mers,6q07C,0.63,0.92,text 3d pdb
mers,6q04C,0.63,0.92,text 3d pdb
mers,5w9oL,0.61,0.92,text 3d pdb
mers,5w9nJ,0.62,0.92,text 3d pdb
mers,5w9hr,0.62,0.92,text 3d pdb
mers,5w9lJ,0.62,0.92,text 3d pdb
mers,5gmqA,0.63,0.92,text 3d pdb
mers,5w9mJ,0.63,0.92,text 3d pdb
mers,5do2B,0.66,0.92,text 3d pdb
mers,4l3nB,0.68,0.92,text 3d pdb
mers,6c6yS,0.67,0.91,text 3d pdb
mers,5w9kK,0.67,0.91,text 3d pdb
mers,5w9mF,0.67,0.91,text 3d pdb
mers,4xakB,0.66,0.91,text 3d pdb
mers,5w9hq,0.67,0.91,text 3d pdb
mers,5w9oK,0.67,0.91,text 3d pdb
mers,5w9lC,0.67,0.91,text 3d pdb
mers,5w9nI,0.68,0.91,text 3d pdb
mers,5w9jL,0.69,0.91,text 3d pdb
mers,5w9jJ,0.69,0.91,text 3d pdb
mers,5w9jK,0.69,0.91,text 3d pdb
mers,4xakA,0.72,0.91,text 3d pdb
mers,4zptR,0.7,0.91,text 3d pdb
mers,4zpwS,0.73,0.9,text 3d pdb
mers,6c6yR,0.77,0.9,text 3d pdb
mers,5x59C,0.73,0.9,text 3d pdb
mers,5x59A,0.73,0.9,text 3d pdb
mers,5x59B,0.73,0.9,text 3d pdb
mers,5x5fC,0.73,0.9,text 3d pdb
mers,4kr0B,0.73,0.9,text 3d pdb
mers,5x5cA,0.73,0.9,text 3d pdb
mers,5x5cC,0.73,0.9,text 3d pdb
mers,5x5fA,0.73,0.9,text 3d pdb
mers,5x5fB,0.74,0.9,text 3d pdb
mers,6l8qB,0.75,0.9,text 3d pdb
mers,6l8qD,0.76,0.9,text 3d pdb
mers,5zxvB,0.76,0.9,text 3d pdb
mers,4zpvR,0.77,0.89,text 3d pdb
mers,6warC,0.76,0.89,text 3d pdb
mers,5zxvA,0.77,0.89,text 3d pdb
mers,4l72B,0.82,0.89,text 3d pdb
mers,7c02A,0.81,0.89,text 3d pdb
mers,7c02B,0.83,0.89,text 3d pdb
mers,4kqzA,0.82,0.89,text 3d pdb
mers,6l8qF,0.79,0.89,text 3d pdb
mers,6warG,0.78,0.88,text 3d pdb
mers,4l3nA,0.82,0.88,text 3d pdb
mers,6l8qH,0.81,0.88,text 3d pdb
mers,4zpwR,0.85,0.88,text 3d pdb
mers,4kqzB,0.85,0.87,text 3d pdb
mers,6warK,0.82,0.87,text 3d pdb
mers,4zptS,0.89,0.87,text 3d pdb
mers,5yy5A,0.88,0.87,text 3d pdb
mers,5yy5B,0.88,0.87,text 3d pdb
mers,4zpvS,0.94,0.86,text 3d pdb
mers,6warO,0.87,0.86,text 3d pdb
mers,6warE,0.88,0.86,text 3d pdb
mers,6warA,1.26,0.86,text 3d pdb
mers,6warM,0.92,0.85,text 3d pdb
mers,6c6zA,0.98,0.85,text 3d pdb
mers,4zs6B,0.98,0.85,text 3d pdb
mers,6warI,0.93,0.85,text 3d pdb
mers,4zs6A,1.06,0.83,text 3d pdb
mers,6c6zB,1.06,0.83,text 3d pdb
mers,5x5cB,1.85,0.81,text 3d pdb
mers,4qzvB,1.32,0.76,text 3d pdb
mers,4qzvD,1.33,0.76,text 3d pdb
mers,6fu4C,2.3,0.59,text 3d pdb
mers,6fu4A,2.32,0.59,text 3d pdb
mers,5t65B,2.48,0.59,text 3d pdb
mers,6f9gC,2.35,0.57,text 3d pdb
mers,3p7nA,2.9,0.56,text 3d pdb
mers,4kecA,2.15,0.56,text 3d pdb
mers,3j6bE,2.23,0.56,text 3d pdb
mers,6f9gD,2.31,0.56,text 3d pdb
mers,6f9gE,1.62,0.55,text 3d pdb
mers,5kjuA,2.22,0.55,text 3d pdb
mers,4g22A,2.36,0.55,text 3d pdb
mers,2jktU,1.54,0.54,text 3d pdb
mers,2jktM,1.54,0.54,text 3d pdb
mers,3jymA,2.15,0.54,text 3d pdb
mers,2pbcC,2.44,0.53,text 3d pdb
mers,3jxvA,2.11,0.53,text 3d pdb
mers,2d9fA,2.48,0.53,text 3d pdb
mers,3jymB,2.35,0.53,text 3d pdb
mers,2if4A,2.35,0.53,text 3d pdb
mers,4g2mA,3.07,0.53,text 3d pdb
mers,3r7wD,2.28,0.53,text 3d pdb
mers,2fflC,2.3,0.52,text 3d pdb
mers,2vcdA,2.44,0.52,text 3d pdb
mers,5mriA,3.03,0.52,text 3d pdb
mers,5e4dA,2.17,0.52,text 3d pdb
mers,5t9sH,2.44,0.52,text 3d pdb
mers,5t9sA,2.44,0.52,text 3d pdb
mers,4nnrA,2.39,0.52,text 3d pdb
mers,5t9sJ,2.42,0.52,text 3d pdb
mers,5t9sF,2.42,0.52,text 3d pdb
mers,2pbcB,2.47,0.52,text 3d pdb
mers,5e4mA,2.19,0.52,text 3d pdb
mers,5tanF,2.51,0.52,text 3d pdb
mers,5tanA,2.51,0.52,text 3d pdb
mers,5tanH,2.51,0.52,text 3d pdb
mers,5tanJ,2.51,0.52,text 3d pdb
mers,4iq2B,2.2,0.52,text 3d pdb
mers,1fd9A,2.25,0.52,text 3d pdb
mers,5e4bA,2.18,0.52,text 3d pdb
mers,3fn2A,2.15,0.52,text 3d pdb
mers,4fn2A,2.47,0.52,text 3d pdb
mers,5e46A,1.6,0.52,text 3d pdb
mers,5tapF,2.54,0.52,text 3d pdb
mers,5tapH,2.54,0.52,text 3d pdb
mers,5tapJ,2.54,0.52,text 3d pdb
mers,5tapA,2.54,0.52,text 3d pdb
mers,6oqaF,2.3,0.52,text 3d pdb
mers,6o4aD,2.48,0.52,text 3d pdb
mers,4g50A,2.47,0.52,text 3d pdb
mers,5e4dB,2.22,0.52,text 3d pdb
mers,2ko7A,2.74,0.52,text 3d pdb
mers,6j2mA,2.45,0.52,text 3d pdb
mers,4iq2A,2.22,0.52,text 3d pdb
mers,5tb0H,2.35,0.51,text 3d pdb
mers,5tb0J,2.35,0.51,text 3d pdb
mers,5tb0F,2.35,0.51,text 3d pdb
mers,5tb0A,2.35,0.51,text 3d pdb
mers,5tb3F,2.51,0.51,text 3d pdb
mers,5tb3J,2.51,0.51,text 3d pdb
mers,5tb3A,2.51,0.51,text 3d pdb
mers,5tb3H,2.51,0.51,text 3d pdb
mers,5hw7A,2.31,0.51,text 3d pdb
mers,3ni6B,2.43,0.51,text 3d pdb
mers,4g0bB,2.26,0.51,text 3d pdb
mers,5e46B,1.62,0.51,text 3d pdb
mers,5tasA,2.35,0.51,text 3d pdb
mers,5tasJ,2.35,0.51,text 3d pdb
mers,5tasH,2.35,0.51,text 3d pdb
mers,5tasF,2.35,0.51,text 3d pdb
mers,5tb1J,2.53,0.51,text 3d pdb
mers,5tb1A,2.53,0.51,text 3d pdb
mers,5tb1H,2.53,0.51,text 3d pdb
mers,5tb1F,2.53,0.51,text 3d pdb
mers,1yatA,2.51,0.51,text 3d pdb
mers,3fn2B,2.24,0.51,text 3d pdb
mers,1q6hB,2.4,0.51,text 3d pdb
mers,5flcC,2.25,0.51,text 3d pdb
mers,5flcG,2.26,0.51,text 3d pdb
mers,4itzB,2.47,0.51,text 3d pdb
mers,5htgB,2.32,0.51,text 3d pdb
mers,5huaA,2.42,0.51,text 3d pdb
mers,6h3iB,2.33,0.51,text 3d pdb
mers,5tb4A,2.45,0.51,text 3d pdb
mers,5tb4H,2.45,0.51,text 3d pdb
mers,5tb4J,2.45,0.51,text 3d pdb
mers,5tb4F,2.45,0.51,text 3d pdb
mers,5j6eA,2.5,0.51,text 3d pdb
mers,4mgvA,2.49,0.51,text 3d pdb
mers,5w4k2c,2.79,0.51,text 3d pdb
mers,2nwuA,2.38,0.51,text 3d pdb
mers,1pbkA,2.52,0.51,text 3d pdb
mers,3ihzA,2.55,0.51,text 3d pdb
mers,4kh9B,2.82,0.51,text 3d pdb
mers,6tz6C,2.37,0.51,text 3d pdb
mers,6jgzA,2.47,0.51,text 3d pdb
mers,6jgzC,2.47,0.51,text 3d pdb
mers,6jgzE,2.47,0.51,text 3d pdb
mers,6jgzG,2.47,0.51,text 3d pdb
mers,5e4mB,2.21,0.51,text 3d pdb
mers,5gl1B,2.63,0.51,text 3d pdb
mers,5hw7B,2.59,0.51,text 3d pdb
mers,5gl1D,2.63,0.51,text 3d pdb
mers,5gl1F,2.63,0.51,text 3d pdb
mers,5tb2H,2.58,0.51,text 3d pdb
mers,5tb2J,2.58,0.51,text 3d pdb
mers,5tb2A,2.58,0.51,text 3d pdb
mers,5tb2F,2.58,0.51,text 3d pdb
mers,5i98A,2.37,0.51,text 3d pdb
mers,4j4nC,2.59,0.5,text 3d pdb
mers,5kyxA,3.45,0.5,text 3d pdb
mers,5gkyF,2.67,0.5,text 3d pdb
mers,5gkyD,2.67,0.5,text 3d pdb
mers,5vp22c,2.59,0.5,text 3d pdb
mers,5gkyB,2.67,0.5,text 3d pdb
mers,6vsiA,2.43,0.5,text 3d pdb
mers,2vn1B,2.57,0.5,text 3d pdb
mers,2vn1A,2.57,0.5,text 3d pdb
mers,5e4bB,2.22,0.5,text 3d pdb
mers,6tz6F,2.33,0.5,text 3d pdb
mers,5v30B,2.16,0.5,text 3d pdb
mers,5ht1A,2.59,0.5,text 3d pdb
mers,3lmaD,2.88,0.5,text 3d pdb
mers,1q6hA,2.36,0.5,text 3d pdb
mers,6jrsE,2.49,0.5,text 3d pdb
mers,6jrsB,2.49,0.5,text 3d pdb
mers,6jrsK,2.49,0.5,text 3d pdb
mers,6jrsH,2.49,0.5,text 3d pdb
mers,3ihzB,2.51,0.5,text 3d pdb
mers,5d8bZB,2.8,0.5,text 3d pdb
mers,5d8bDA,2.8,0.5,text 3d pdb
mers,5j4c2c,2.8,0.5,text 3d pdb
mers,6jiuB,2.67,0.5,text 3d pdb
mers,6jiuH,2.67,0.5,text 3d pdb
mers,6jiuE,2.67,0.5,text 3d pdb
mers,6jiuK,2.67,0.5,text 3d pdb
mers,5tauA,2.53,0.5,text 3d pdb
mers,5tauF,2.53,0.5,text 3d pdb
mers,5tauH,2.53,0.5,text 3d pdb
mers,5tauJ,2.53,0.5,text 3d pdb
mers,5doy2c,2.73,0.5,text 3d pdb
mers,5i98B,2.62,0.5,text 3d pdb
mers,5j4b2c,2.55,0.5,text 3d pdb
mers,4itzA,2.54,0.5,text 3d pdb
mers,5tavH,2.55,0.5,text 3d pdb
mers,5tavA,2.55,0.5,text 3d pdb
mers,5tavF,2.55,0.5,text 3d pdb
mers,5tavJ,2.55,0.5,text 3d pdb
mers,6o972c,2.75,0.5,text 3d pdb
mers,4nnrB,2.58,0.5,text 3d pdb
mers,6if0A,2.21,0.5,text 3d pdb
mers,5hw8G,2.37,0.5,text 3d pdb
mers,1q6iB,2.52,0.5,text 3d pdb
mers,5t9rJ,2.5,0.5,text 3d pdb
mers,5t9rA,2.5,0.5,text 3d pdb
mers,5t9rF,2.5,0.5,text 3d pdb
mers,5t9rH,2.5,0.5,text 3d pdb
mers,5zz9B,2.79,0.49,text 3d pdb
mers,4gm3G,2.55,0.49,text 3d pdb
mers,4gm3D,2.55,0.49,text 3d pdb
mers,4gm3A,2.55,0.49,text 3d pdb
mers,4v8aCC,2.8,0.49,text 3d pdb
mers,4gm3E,2.55,0.49,text 3d pdb
mers,5tcuSB,2.69,0.49,text 3d pdb
mers,4gm3C,2.55,0.49,text 3d pdb
mers,4gm3B,2.55,0.49,text 3d pdb
mers,4gm3H,2.55,0.49,text 3d pdb
mers,4gm3F,2.55,0.49,text 3d pdb
mers,4v9nAC,2.59,0.49,text 3d pdb
mers,4v9nCC,2.59,0.49,text 3d pdb
mers,2h6nA,2.57,0.49,text 3d pdb
mers,6j81A,1.75,0.49,text 3d pdb
mers,6ujhB,2.58,0.49,text 3d pdb
mers,1h1cB,3.12,0.49,text 3d pdb
mers,4v4pBF,2.67,0.49,text 3d pdb
mers,1ddwA,2.64,0.49,text 3d pdb
mers,5oknE,3,0.49,text 3d pdb
mers,5nafB,3.03,0.49,text 3d pdb
mers,5eamA,2.57,0.49,text 3d pdb
mers,2z0fA,2.47,0.49,text 3d pdb
mers,5gkyH,2.74,0.49,text 3d pdb
mers,3g66B,2.09,0.49,text 3d pdb
mers,1q6iA,2.72,0.49,text 3d pdb
mers,2xwgA,2.31,0.49,text 3d pdb
mers,3g66A,2.08,0.49,text 3d pdb
mers,5zz9A,2.71,0.49,text 3d pdb
mers,5imrG,2.37,0.49,text 3d pdb
mers,5i8sA,2.75,0.49,text 3d pdb
mers,2h6nB,2.59,0.49,text 3d pdb
mers,1clyL,2.72,0.49,text 3d pdb
mers,2fhiA,2.81,0.49,text 3d pdb
mers,1ddvA,2.51,0.49,text 3d pdb
mers,2co0A,2.58,0.49,text 3d pdb
mers,6u5mB,2.59,0.49,text 3d pdb
mers,3g69B,2.57,0.49,text 3d pdb
mers,2pbcD,2.88,0.49,text 3d pdb
mers,5i93A,2.77,0.49,text 3d pdb
mers,5i8tA,2.77,0.49,text 3d pdb
mers,6slnB,3.22,0.49,text 3d pdb
mers,2xwgE,1.97,0.49,text 3d pdb
mers,6b9tG,2.13,0.49,text 3d pdb
mers,6b9sH,2.09,0.49,text 3d pdb
mers,5i91A,2.77,0.49,text 3d pdb
mers,2mphA,2.45,0.49,text 3d pdb
mers,5hw6B,2.72,0.49,text 3d pdb
mers,1qpfA,2.57,0.49,text 3d pdb
mers,1dpjA,2.61,0.49,text 3d pdb
mers,2h6qB,2.59,0.49,text 3d pdb
mers,1dp5A,2.62,0.49,text 3d pdb
mers,5vfcA,2.57,0.49,text 3d pdb
mers,2xwgD,2,0.49,text 3d pdb
mers,3g69A,2.28,0.49,text 3d pdb
mers,6u5yB,2.61,0.49,text 3d pdb
mers,3gygC,2.27,0.49,text 3d pdb
mers,6u5yA,2.61,0.49,text 3d pdb
mers,6q23D,2.59,0.49,text 3d pdb
mers,5i8yA,2.77,0.49,text 3d pdb
mers,6nqfA,2.68,0.48,text 3d pdb
mers,6aprE,2.79,0.48,text 3d pdb
mers,3re9A,2.58,0.48,text 3d pdb
mers,2htvB,2.95,0.48,text 3d pdb
mers,6bynW,2.58,0.48,text 3d pdb
mers,6eljB,2.56,0.48,text 3d pdb
mers,4d7wA,2.57,0.48,text 3d pdb
mers,4v5hAC,2.87,0.48,text 3d pdb
mers,1cl7L,2.46,0.48,text 3d pdb
mers,6j0oA,2.21,0.48,text 3d pdb
mers,1fkrA,2.63,0.48,text 3d pdb
mers,2xwgB,1.98,0.48,text 3d pdb
mers,4tqxA,2.5,0.48,text 3d pdb
mers,5aprE,2.39,0.48,text 3d pdb
mers,2xwgC,2.01,0.48,text 3d pdb
mers,1q6uA,2.59,0.48,text 3d pdb
mers,3o0pA,2.61,0.48,text 3d pdb
mers,6ixzA,2.61,0.48,text 3d pdb
mers,1wsvA,2.56,0.48,text 3d pdb
mers,4kh9A,3.48,0.48,text 3d pdb
mers,5mg3C,2.68,0.48,text 3d pdb
mers,3t81B,2.86,0.48,text 3d pdb
mers,6pwwB,2.62,0.48,text 3d pdb
mers,3aprE,2.4,0.48,text 3d pdb
mers,3fn5B,2.36,0.48,text 3d pdb
mers,3fn5A,2.4,0.48,text 3d pdb
mers,6dyaA,2.64,0.48,text 3d pdb
mers,5k9aA,2.66,0.48,text 3d pdb
mers,3rbiA,2.34,0.48,text 3d pdb
mers,5swkD,2.59,0.48,text 3d pdb
mers,2lf1A,3.19,0.48,text 3d pdb
mers,6uhyA,2.96,0.48,text 3d pdb
mers,5j0cA,2.89,0.48,text 3d pdb
mers,6bt3C,2.85,0.48,text 3d pdb
mers,6bt3G,2.85,0.48,text 3d pdb
mers,3p0tA,2.48,0.48,text 3d pdb
mers,3t81A,2.79,0.48,text 3d pdb
mers,4phtB,2.96,0.48,text 3d pdb
mers,3rbkB,2.33,0.48,text 3d pdb
mers,3tbeE,1.98,0.48,text 3d pdb
mers,3p0tB,2.48,0.48,text 3d pdb
mers,3tbeC,1.97,0.48,text 3d pdb
mers,3rbkA,2.32,0.48,text 3d pdb
mers,2aprA,2.66,0.48,text 3d pdb
mers,4g1jB,2.34,0.48,text 3d pdb
mers,3t8lB,2.7,0.48,text 3d pdb
mers,3rbiB,2.01,0.48,text 3d pdb
mers,6eyoM,2.6,0.48,text 3d pdb
mers,6bt3E,2.86,0.48,text 3d pdb
mers,3lb5D,2.87,0.48,text 3d pdb
mers,3rbjA,2.38,0.48,text 3d pdb
mers,6s0zR,2.45,0.48,text 3d pdb
mers,3tbeD,2.65,0.48,text 3d pdb
mers,6s12R,2.44,0.48,text 3d pdb
mers,3rccO,2.27,0.48,text 3d pdb
mers,6bt3A,2.85,0.48,text 3d pdb
mers,3tbeA,1.99,0.48,text 3d pdb
mers,6s0xR,2.38,0.48,text 3d pdb
mers,3tbeF,1.98,0.48,text 3d pdb
mers,3eeyD,2.9,0.48,text 3d pdb
mers,6al2A,2.67,0.47,text 3d pdb
mers,5zz9C,2.78,0.47,text 3d pdb
mers,3trgA,1.88,0.47,text 3d pdb
mers,4g1jA,1.98,0.47,text 3d pdb
mers,5lw0B,2.74,0.47,text 3d pdb
mers,4g1hA,1.98,0.47,text 3d pdb
mers,3d7aA,2.34,0.47,text 3d pdb
mers,5x8lL,2.52,0.47,text 3d pdb
mers,1iaiM,2.68,0.47,text 3d pdb
mers,4d8sA,2.65,0.47,text 3d pdb
mers,1k6qL,2.8,0.47,text 3d pdb
mers,2dkdA,2.39,0.47,text 3d pdb
mers,3tbeB,1.99,0.47,text 3d pdb
mers,1ghfL,2.66,0.47,text 3d pdb
mers,3wvfA,2.65,0.47,text 3d pdb
mers,6ixzB,2.04,0.47,text 3d pdb
mers,3lbyA,3.11,0.47,text 3d pdb
mers,6eayL,2.67,0.47,text 3d pdb
mers,5mavD,3.04,0.47,text 3d pdb
mers,3eeyI,2.69,0.47,text 3d pdb
mers,6qnkC,2.7,0.47,text 3d pdb
mers,4wl1D,2.54,0.47,text 3d pdb
mers,2w1jB,2.03,0.47,text 3d pdb
mers,2wtsA,2.05,0.47,text 3d pdb
mers,4v7lBX,2.52,0.47,text 3d pdb
mers,5mv3V,2.72,0.47,text 3d pdb
mers,1xdxB,2.49,0.47,text 3d pdb
mers,1xdxA,2.49,0.47,text 3d pdb
mers,6az1g,3.22,0.47,text 3d pdb
mers,2w7qA,2.82,0.47,text 3d pdb
mers,4nryB,2.45,0.47,text 3d pdb
mers,6bweB,2.65,0.47,text 3d pdb
mers,6al2B,2.68,0.47,text 3d pdb
mers,4jpvL,2.74,0.47,text 3d pdb
mers,5xhfA,2.76,0.47,text 3d pdb
mers,2efqA,2.39,0.47,text 3d pdb
mers,6sv4Oc,3.21,0.47,text 3d pdb
mers,6ndkRX,2.63,0.47,text 3d pdb
mers,2ai0M,2.83,0.47,text 3d pdb
mers,5dmiL,2.76,0.47,text 3d pdb
mers,2wtsB,2.03,0.47,text 3d pdb
mers,6u85L,2.7,0.47,text 3d pdb
mers,1j5oL,2.64,0.47,text 3d pdb
mers,3i02C,2.45,0.47,text 3d pdb
mers,3udfB,2.71,0.47,text 3d pdb
mers,5fuoL,2.7,0.47,text 3d pdb
mers,4u1gF,2.72,0.47,text 3d pdb
mers,1gpoM,2.41,0.47,text 3d pdb
mers,4v5dDX,2.58,0.47,text 3d pdb
mers,4v5dBX,2.58,0.47,text 3d pdb
mers,3fn7A,2.31,0.47,text 3d pdb
mers,6sgbFF,2.49,0.47,text 3d pdb
mers,2efoA,2.4,0.47,text 3d pdb
mers,4s1sL,2.69,0.47,text 3d pdb
mers,5uvmB,3.08,0.47,text 3d pdb
mers,4w2iBX,2.59,0.47,text 3d pdb
mers,4v97DX,2.61,0.47,text 3d pdb
mers,6sd0A,2.74,0.47,text 3d pdb
mers,4piwA,2.82,0.47,text 3d pdb
mers,4v8hBX,2.57,0.47,text 3d pdb
mers,1igtC,2.84,0.47,text 3d pdb
mers,4v8hDX,2.58,0.47,text 3d pdb
mers,4piwG,2.85,0.47,text 3d pdb
mers,5dox2X,2.56,0.47,text 3d pdb
mers,5oawB,2.47,0.47,text 3d pdb
mers,2gukB,2.04,0.47,text 3d pdb
mers,6p8mL,2.74,0.47,text 3d pdb
mers,4w2iDX,2.59,0.47,text 3d pdb
mers,4w2hBX,2.57,0.46,text 3d pdb
mers,4xptL,2.77,0.46,text 3d pdb
mers,2w1jA,2.26,0.46,text 3d pdb
mers,6sg9FF,2.48,0.46,text 3d pdb
mers,2lxfA,2.21,0.46,text 3d pdb
mers,5fehC,2.52,0.46,text 3d pdb
mers,1rziK,2.77,0.46,text 3d pdb
mers,4f2mB,2.79,0.46,text 3d pdb
mers,2wnyB,3.03,0.46,text 3d pdb
mers,3wvfB,2.69,0.46,text 3d pdb
mers,4v5cBX,2.58,0.46,text 3d pdb
mers,4v8jDX,2.58,0.46,text 3d pdb
mers,4v8jBX,2.58,0.46,text 3d pdb
mers,6ndkYX,2.58,0.46,text 3d pdb
mers,4w2fDX,2.57,0.46,text 3d pdb
mers,5mmqB,2.58,0.46,text 3d pdb
mers,5e8oA,2.81,0.46,text 3d pdb
mers,4v5cDX,2.58,0.46,text 3d pdb
mers,4v6oBJ,2.6,0.46,text 3d pdb
mers,4v95BX,2.6,0.46,text 3d pdb
mers,6hkgD,1.97,0.46,text 3d pdb
mers,4ponA,2.37,0.46,text 3d pdb
mers,6wdbt,2.41,0.46,text 3d pdb
mers,2n4aA,3.09,0.46,text 3d pdb
mers,6o1lR,2.81,0.46,text 3d pdb
mers,5fjaK,2.01,0.46,text 3d pdb
mers,4v7kAX,2.58,0.46,text 3d pdb
mers,4w2hDX,2.62,0.46,text 3d pdb
mers,3csyH,2.79,0.46,text 3d pdb
mers,6ewbK,2.69,0.46,text 3d pdb
mers,5dox1X,2.58,0.46,text 3d pdb
mers,4gmsM,2.4,0.46,text 3d pdb
mers,5go1A,2.3,0.46,text 3d pdb
mers,4v7kBX,2.58,0.46,text 3d pdb
mers,6whlD,3.01,0.46,text 3d pdb
mers,5mmqA,2.85,0.46,text 3d pdb
mers,6whlG,3.02,0.46,text 3d pdb
mers,6whlB,3,0.46,text 3d pdb
mers,6whlL,2.97,0.46,text 3d pdb
mers,6n1dAL23,2.69,0.46,text 3d pdb
mers,3bs6A,2.71,0.46,text 3d pdb
mers,4wquCX,2.57,0.46,text 3d pdb
mers,6qdwt,2.53,0.46,text 3d pdb
mers,6af2C,3.02,0.46,text 3d pdb
mers,5tvmF,2.62,0.46,text 3d pdb
mers,2h2sF,2.67,0.46,text 3d pdb
mers,6pvkT,2.48,0.46,text 3d pdb
mers,6whlH,3.01,0.46,text 3d pdb
mers,3kcfA,2.87,0.46,text 3d pdb
mers,6bm7F,2.37,0.46,text 3d pdb
mers,3tbvC,2.79,0.46,text 3d pdb
mers,3g00B,2.73,0.46,text 3d pdb
mers,7jql1X,2.56,0.46,text 3d pdb
mers,4v7mBX,2.64,0.46,text 3d pdb
mers,4v8aAX,2.65,0.46,text 3d pdb
mers,5fj9K,2.03,0.46,text 3d pdb
mers,5fj8K,2.03,0.46,text 3d pdb
mers,3csyB,2.79,0.46,text 3d pdb
mers,6tc3L231,2.57,0.46,text 3d pdb
mers,2xraL,2.49,0.46,text 3d pdb
mers,2zjpP,3.09,0.46,text 3d pdb
mers,6ydwBX,2.56,0.46,text 3d pdb
mers,2ozvB,3.13,0.46,text 3d pdb
mers,4jbfB,3.1,0.46,text 3d pdb
mers,1c9uB,2.98,0.46,text 3d pdb
mers,6tbvL231,2.57,0.46,text 3d pdb
mers,1fktA,2.87,0.46,text 3d pdb
mers,3csyD,2.78,0.46,text 3d pdb
mers,3g8vA,2.85,0.46,text 3d pdb
mers,1vr6C,2.6,0.46,text 3d pdb
mers,4ffvL,2.06,0.46,text 3d pdb
mers,6kiuR,2.86,0.46,text 3d pdb
mers,6nd52X,2.62,0.46,text 3d pdb
mers,4u87A,2.31,0.46,text 3d pdb
mers,6h58T,2.52,0.46,text 3d pdb
mers,6h4nT,2.52,0.46,text 3d pdb
mers,6h58TT,2.52,0.46,text 3d pdb
mers,5uyl22,2.49,0.46,text 3d pdb
mers,5x8lN,2.24,0.46,text 3d pdb
mers,3ga6B,2.96,0.46,text 3d pdb
mers,6wd0t,2.53,0.46,text 3d pdb
mers,2qz5B,2.19,0.46,text 3d pdb
mers,2wb1M,1.94,0.46,text 3d pdb
mers,3f12C,2.81,0.46,text 3d pdb
mers,6qnqF8,2.62,0.46,text 3d pdb
mers,4pooA,2.48,0.46,text 3d pdb
mers,2qqlL,2.67,0.46,text 3d pdb
mers,6wqnF,2.51,0.46,text 3d pdb
mers,5jwkA,2.81,0.45,text 3d pdb
mers,5we6T,2.5,0.45,text 3d pdb
mers,5lzeT,2.57,0.45,text 3d pdb
mers,2wb1L,1.95,0.45,text 3d pdb
mers,2enqA,2.67,0.45,text 3d pdb
mers,5ncoU,2.52,0.45,text 3d pdb
mers,5gahU,2.52,0.45,text 3d pdb
mers,3c9xA,2.73,0.45,text 3d pdb
mers,5gafU,2.52,0.45,text 3d pdb
mers,5gadU,2.52,0.45,text 3d pdb
mers,5hj3N,2.25,0.45,text 3d pdb
mers,3bs6B,2.74,0.45,text 3d pdb
mers,5lzaT,2.55,0.45,text 3d pdb
mers,4d5bB,3.2,0.45,text 3d pdb
mers,2ozvA,2.46,0.45,text 3d pdb
mers,4odvH,2.72,0.45,text 3d pdb
mers,2op5A,2.3,0.45,text 3d pdb
mers,2p3hA,3.09,0.45,text 3d pdb
mers,2op5F,2.41,0.45,text 3d pdb
mers,6spbT,2.62,0.45,text 3d pdb
mers,6uq1K,2.67,0.45,text 3d pdb
mers,4v9dDT,2.58,0.45,text 3d pdb
mers,6fswA,2.32,0.45,text 3d pdb
mers,4d5dA,3.12,0.45,text 3d pdb
mers,4ponB,3.11,0.45,text 3d pdb
mers,5o78A,2.32,0.45,text 3d pdb
mers,5vliC,2.47,0.45,text 3d pdb
mers,2qz5A,2.2,0.45,text 3d pdb
mers,1vr6D,2.44,0.45,text 3d pdb
mers,5nd8W,2.6,0.45,text 3d pdb
mers,5fehA,2.53,0.45,text 3d pdb
mers,2wnyA,3.05,0.45,text 3d pdb
mers,6o972X,2.62,0.45,text 3d pdb
mers,5mdyT,2.52,0.45,text 3d pdb
mers,5tcrE,2.01,0.45,text 3d pdb
mers,5tcrM,2.01,0.45,text 3d pdb
mers,5tcrG,2.01,0.45,text 3d pdb
mers,5tcrL,2.01,0.45,text 3d pdb
mers,5tcrN,2.01,0.45,text 3d pdb
mers,5tcrD,2.01,0.45,text 3d pdb
mers,5tcrH,2.01,0.45,text 3d pdb
mers,5tcrF,2.01,0.45,text 3d pdb
mers,5tcrI,2.01,0.45,text 3d pdb
mers,5tcrK,2.01,0.45,text 3d pdb
mers,5tcrJ,2.01,0.45,text 3d pdb
mers,5tcrA,2.01,0.45,text 3d pdb
mers,5tcrC,2.01,0.45,text 3d pdb
mers,5tcrB,2.01,0.45,text 3d pdb
mers,6t6rA,2.69,0.45,text 3d pdb
mers,5tcrO,2.01,0.45,text 3d pdb
mers,3tmaA,2.66,0.45,text 3d pdb
mers,6xirAM,2.53,0.45,text 3d pdb
mers,6inqK,2.68,0.45,text 3d pdb
mers,6a5uK,2.68,0.45,text 3d pdb
mers,6a5tK,2.68,0.45,text 3d pdb
mers,6a5rK,2.68,0.45,text 3d pdb
mers,6a5lK,2.68,0.45,text 3d pdb
mers,6wdkt,2.54,0.45,text 3d pdb
mers,5vkuO,2.7,0.45,text 3d pdb
mers,6o38A,1.81,0.45,text 3d pdb
mers,1t95A,2.4,0.45,text 3d pdb
mers,6o38D,1.81,0.45,text 3d pdb
mers,6spdT,2.62,0.45,text 3d pdb
mers,6uq0K,2.38,0.45,text 3d pdb
mers,6mtcgg,2.94,0.45,text 3d pdb
mers,2waqL,1.98,0.45,text 3d pdb
mers,6a0iB,2.62,0.45,text 3d pdb
mers,6o38B,1.82,0.45,text 3d pdb
mers,3ja1LU,2.93,0.45,text 3d pdb
mers,2hikL,2.86,0.45,text 3d pdb
mers,6f1cC,2.68,0.45,text 3d pdb
mers,4d5bA,3.14,0.45,text 3d pdb
mers,4pooB,2.59,0.45,text 3d pdb
mers,4f36B,2.39,0.45,text 3d pdb
mers,2yvsA,2.59,0.45,text 3d pdb
mers,3ngtL,2.9,0.45,text 3d pdb
mers,6a0eB,2.87,0.45,text 3d pdb
mers,4f36C,2.39,0.45,text 3d pdb
mers,6spgT,2.62,0.45,text 3d pdb
mers,6mtev,2.57,0.45,text 3d pdb
mers,3dfeF,2.78,0.45,text 3d pdb
mers,6enfT,2.61,0.45,text 3d pdb
mers,6wdat,2.48,0.45,text 3d pdb
mers,3dfeE,2.79,0.45,text 3d pdb
mers,2zezB,3.03,0.45,text 3d pdb
mers,6og7t,2.55,0.45,text 3d pdb
mers,5hj3F,2.28,0.45,text 3d pdb
mers,4f36F,2.16,0.45,text 3d pdb
mers,3q87B,2.64,0.45,text 3d pdb
mers,3ibjA,2.54,0.45,text 3d pdb
mers,3mpuF,2.76,0.45,text 3d pdb
mers,6x67C,3.05,0.45,text 3d pdb
mers,5kpvS,2.47,0.45,text 3d pdb
mers,6x67D,2.96,0.44,text 3d pdb
mers,6sgcH2,1.9,0.44,text 3d pdb
mers,6c4uE,2.95,0.44,text 3d pdb
mers,6a5oK,2.45,0.44,text 3d pdb
mers,6a5pK,2.45,0.44,text 3d pdb
mers,1xk5A,2.98,0.44,text 3d pdb
mers,2zezA,3.01,0.44,text 3d pdb
mers,5lhrB,2.12,0.44,text 3d pdb
mers,4u4ul9,1.79,0.44,text 3d pdb
mers,4zglE,2.25,0.44,text 3d pdb
mers,2xulF,3.04,0.44,text 3d pdb
mers,6k5aC,2.74,0.44,text 3d pdb
mers,4r29C,2.57,0.44,text 3d pdb
mers,3a8kB,3.39,0.44,text 3d pdb
mers,6c5lDR,3.17,0.44,text 3d pdb
mers,4u1uDT,2.55,0.44,text 3d pdb
mers,5xlic,3.12,0.44,text 3d pdb
mers,4v6aDR,3.3,0.44,text 3d pdb
mers,6a0hB,2.76,0.44,text 3d pdb
mers,1v8fB,3.42,0.44,text 3d pdb
mers,3a8jD,3.18,0.44,text 3d pdb
mers,6a0eA,2.73,0.44,text 3d pdb
mers,3a8iA,2.87,0.44,text 3d pdb
mers,3d3sA,2.59,0.44,text 3d pdb
mers,4limA,2.08,0.44,text 3d pdb
mers,4r29B,2.54,0.44,text 3d pdb
mers,5nbzI,2.14,0.44,text 3d pdb
mers,3radB,2.52,0.44,text 3d pdb
mers,1v8fA,3.41,0.44,text 3d pdb
mers,2x4iD,2.72,0.44,text 3d pdb
mers,3vgvN,2.59,0.44,text 3d pdb
mers,3dkyE,2.22,0.44,text 3d pdb
mers,6a0fB,2.79,0.44,text 3d pdb
mers,6wd7t,2.54,0.44,text 3d pdb
mers,6a0iA,2.74,0.44,text 3d pdb
mers,4jnfA,1.89,0.44,text 3d pdb
mers,6a0fA,3.04,0.44,text 3d pdb
mers,3a8iB,2.88,0.44,text 3d pdb
mers,5i4lm7,3.01,0.44,text 3d pdb
mers,3a8iC,2.87,0.44,text 3d pdb
mers,4xpuB,3.19,0.44,text 3d pdb
mers,3p2iB,2.45,0.44,text 3d pdb
mers,3p2iA,2.45,0.44,text 3d pdb
mers,6m81B,2.14,0.44,text 3d pdb
mers,4u20DT,2.64,0.44,text 3d pdb
mers,3hz7A,2,0.44,text 3d pdb
mers,4u1vDT,2.65,0.44,text 3d pdb
mers,6zvhg,3.26,0.44,text 3d pdb
mers,4pibI,3.64,0.44,text 3d pdb
mers,6nogK,2.38,0.44,text 3d pdb
mers,6u44A,2.59,0.44,text 3d pdb
mers,5di1A,2.67,0.44,text 3d pdb
mers,6a0hA,3.09,0.44,text 3d pdb
mers,7bpsA,3.07,0.44,text 3d pdb
mers,4v6vBJ,2.95,0.44,text 3d pdb
mers,4oqdA,2.14,0.44,text 3d pdb
mers,3fpjB,2.72,0.44,text 3d pdb
mers,6nd4g,2.81,0.44,text 3d pdb
mers,3p2eB,2.32,0.44,text 3d pdb
mers,1ufvA,3.45,0.44,text 3d pdb
mers,6xgpA,3.06,0.44,text 3d pdb
mers,5o2rT,2.6,0.44,text 3d pdb
mers,3rafA,2.5,0.44,text 3d pdb
mers,4oqeB,2.14,0.44,text 3d pdb
mers,4pibC,3.59,0.44,text 3d pdb
mers,1cjyA,2.92,0.44,text 3d pdb
mers,2d39C,3.1,0.44,text 3d pdb
mers,6ao0H,2.2,0.43,text 3d pdb
mers,4d6nK,2.89,0.43,text 3d pdb
mers,4z4qB,2.49,0.43,text 3d pdb
mers,3uvfB,2.99,0.43,text 3d pdb
mers,4pibD,3.53,0.43,text 3d pdb
mers,1pcjX,2.86,0.43,text 3d pdb
mers,4kpeB,2.5,0.43,text 3d pdb
mers,3jc9Oc,2.37,0.43,text 3d pdb
mers,7bv1B,2.74,0.43,text 3d pdb
mers,3jc9Oj,2.37,0.43,text 3d pdb
mers,3jc9Og,2.37,0.43,text 3d pdb
mers,3jc9Oa,2.37,0.43,text 3d pdb
mers,3jc9Ok,2.37,0.43,text 3d pdb
mers,3jc9Oi,2.37,0.43,text 3d pdb
mers,3jc9Oe,2.37,0.43,text 3d pdb
mers,3jc9Of,2.37,0.43,text 3d pdb
mers,3jc9Od,2.37,0.43,text 3d pdb
mers,1ufvB,3.46,0.43,text 3d pdb
mers,3jc9Oh,2.37,0.43,text 3d pdb
mers,3jc9Ol,2.37,0.43,text 3d pdb
mers,3jc9Ob,2.37,0.43,text 3d pdb
mers,3jc8Ol,2.37,0.43,text 3d pdb
mers,3jc8Og,2.37,0.43,text 3d pdb
mers,3jc8Oc,2.37,0.43,text 3d pdb
mers,3jc8Ok,2.37,0.43,text 3d pdb
mers,3jc8Oa,2.37,0.43,text 3d pdb
mers,3jc8Oh,2.37,0.43,text 3d pdb
mers,3jc8Oj,2.37,0.43,text 3d pdb
mers,3jc8Od,2.37,0.43,text 3d pdb
mers,3jc8Oe,2.37,0.43,text 3d pdb
mers,3jc8Ob,2.37,0.43,text 3d pdb
mers,5ez7A,2.81,0.43,text 3d pdb
mers,3jc8Of,2.37,0.43,text 3d pdb
mers,3raeB,2.48,0.43,text 3d pdb
mers,3jc8Oi,2.37,0.43,text 3d pdb
mers,2vs7G,2.87,0.43,text 3d pdb
mers,3b6rA,2.53,0.43,text 3d pdb
mers,4bhrB,1.94,0.43,text 3d pdb
mers,3pieC,2.73,0.43,text 3d pdb
mers,6ntyA,2.54,0.43,text 3d pdb
mers,4z53A,2.49,0.43,text 3d pdb
mers,3a8kD,2.85,0.43,text 3d pdb
mers,3px2D,2.13,0.43,text 3d pdb
mers,4un9A,2.86,0.43,text 3d pdb
mers,4oqdD,2.14,0.43,text 3d pdb
mers,3pb3B,2.5,0.43,text 3d pdb
mers,4kpfB,2.51,0.43,text 3d pdb
mers,4u9gB,2.38,0.43,text 3d pdb
mers,4z4qA,2.53,0.43,text 3d pdb
mers,3pb3A,2.48,0.43,text 3d pdb
mers,5jk7C,3.5,0.43,text 3d pdb
mers,4v7lDR,3,0.43,text 3d pdb
mers,3pfhA,2.14,0.43,text 3d pdb
mers,4oqdC,2.51,0.43,text 3d pdb
mers,3i82A,2.5,0.43,text 3d pdb
mers,3a8kA,2.88,0.43,text 3d pdb
mers,4koeB,2.49,0.43,text 3d pdb
mers,3px3D,2.13,0.43,text 3d pdb
mers,2qbyA,2.49,0.43,text 3d pdb
mers,6xgpB,3,0.43,text 3d pdb
mers,5msxB,2.91,0.43,text 3d pdb
mers,4kpfA,2.51,0.43,text 3d pdb
mers,3pfhD,2.16,0.43,text 3d pdb
mers,6m81C,2.15,0.43,text 3d pdb
mers,4z53B,2.51,0.43,text 3d pdb
mers,3r9lA,2.87,0.43,text 3d pdb
mers,5dihD,2.59,0.43,text 3d pdb
mers,3rafB,2.5,0.43,text 3d pdb
mers,3a8jA,2.87,0.43,text 3d pdb
mers,4u99B,2.38,0.43,text 3d pdb
mers,2vs7A,2.3,0.43,text 3d pdb
mers,1z1dB,2.28,0.43,text 3d pdb
mers,4u9kB,2.35,0.43,text 3d pdb
mers,1mk4A,2.73,0.43,text 3d pdb
mers,2h5aX,3.03,0.43,text 3d pdb
mers,6rbdh,2.21,0.43,text 3d pdb
mers,3p2eA,2.43,0.43,text 3d pdb
mers,4f01A,1.99,0.43,text 3d pdb
mers,3gfhB,2.52,0.43,text 3d pdb
mers,3px3A,2.19,0.43,text 3d pdb
mers,3e5uD,2.38,0.43,text 3d pdb
mers,3bqwA,3.33,0.43,text 3d pdb
mers,3d7aB,2.97,0.43,text 3d pdb
mers,6tnuO,3.32,0.43,text 3d pdb
mers,2e9iA,2.66,0.43,text 3d pdb
mers,3pifC,2.69,0.43,text 3d pdb
mers,5e6sC,3.29,0.43,text 3d pdb
mers,4dn0A,2.97,0.43,text 3d pdb
mers,4z3oA,2.49,0.43,text 3d pdb
mers,5iz7B,2.96,0.43,text 3d pdb
mers,4u9jB,2.35,0.43,text 3d pdb
mers,6nolA,2.61,0.43,text 3d pdb
mers,6in3A,2.36,0.43,text 3d pdb
mers,4mvnC,2.81,0.43,text 3d pdb
mers,3e6cC,2.38,0.43,text 3d pdb
mers,4un9G,2.29,0.43,text 3d pdb
mers,3lbyB,2.39,0.43,text 3d pdb
mers,3px2A,2.2,0.43,text 3d pdb
mers,6hhtI1,2.81,0.43,text 3d pdb
mers,6hhty2,2.81,0.43,text 3d pdb
mers,6hhtm2,2.81,0.43,text 3d pdb
mers,6hblR,2.81,0.43,text 3d pdb
mers,6hhtR1,2.81,0.43,text 3d pdb
mers,6hhtj2,2.81,0.43,text 3d pdb
mers,6hblI,2.81,0.43,text 3d pdb
mers,6hhtC2,2.81,0.43,text 3d pdb
mers,6hblC,2.81,0.43,text 3d pdb
mers,6hhtp2,2.81,0.43,text 3d pdb
mers,6hhtL1,2.81,0.43,text 3d pdb
mers,6hblj,2.81,0.43,text 3d pdb
mers,6hbld,2.81,0.43,text 3d pdb
mers,6hblX,2.81,0.43,text 3d pdb
mers,6hhtR2,2.81,0.43,text 3d pdb
mers,6hblO,2.81,0.43,text 3d pdb
mers,6hhtF2,2.81,0.43,text 3d pdb
mers,6hblF,2.81,0.43,text 3d pdb
mers,6hhtU2,2.81,0.43,text 3d pdb
mers,6hhtv2,2.81,0.43,text 3d pdb
mers,6hblg,2.81,0.43,text 3d pdb
mers,6hhtX2,2.81,0.43,text 3d pdb
mers,6hhtU1,2.81,0.43,text 3d pdb
mers,6hhtL2,2.81,0.43,text 3d pdb
mers,6hhtg2,2.81,0.43,text 3d pdb
mers,6hhts2,2.81,0.43,text 3d pdb
mers,6hbls,2.81,0.43,text 3d pdb
mers,6hblm,2.81,0.43,text 3d pdb
mers,6hblU,2.81,0.43,text 3d pdb
mers,6hhtX1,2.81,0.43,text 3d pdb
mers,6hblp,2.81,0.43,text 3d pdb
mers,6hbhC,2.81,0.43,text 3d pdb
mers,6hhtO1,2.81,0.43,text 3d pdb
mers,6hblL,2.81,0.43,text 3d pdb
mers,6hhtC1,2.81,0.43,text 3d pdb
mers,6hhta2,2.81,0.43,text 3d pdb
mers,6hhtF1,2.81,0.43,text 3d pdb
mers,6hbla,2.81,0.43,text 3d pdb
mers,6hhtI2,2.81,0.43,text 3d pdb
mers,6hhtO2,2.81,0.43,text 3d pdb
mers,6hhtd2,2.81,0.43,text 3d pdb
mers,6hbkX,2.82,0.43,text 3d pdb
mers,6hbkI,2.82,0.43,text 3d pdb
mers,6hbkO,2.82,0.43,text 3d pdb
mers,1vloA,3.4,0.43,text 3d pdb
mers,2h7wB,2.71,0.43,text 3d pdb
mers,3eeyH,2.71,0.43,text 3d pdb
mers,2w7uA,2.66,0.43,text 3d pdb
mers,5f7yB,3.02,0.43,text 3d pdb
mers,1vr3A,2.78,0.43,text 3d pdb
mers,3ijeA,2.58,0.43,text 3d pdb
mers,3tpeA,3.04,0.43,text 3d pdb
mers,3pifA,3.07,0.43,text 3d pdb
mers,5e6sE,3.6,0.43,text 3d pdb
mers,4wqtY,2.75,0.43,text 3d pdb
mers,5ll6b,2.91,0.43,text 3d pdb
mers,2vs8A,2.31,0.43,text 3d pdb
mers,5xlid,2.76,0.43,text 3d pdb
mers,3v69B,2.67,0.43,text 3d pdb
mers,3e6dB,2.9,0.43,text 3d pdb
mers,6e5uF,2.26,0.43,text 3d pdb
mers,5nbzB,2.75,0.43,text 3d pdb
mers,2mm0A,2.86,0.43,text 3d pdb
mers,6h9jA,2.56,0.43,text 3d pdb
mers,3dnuA,3.02,0.43,text 3d pdb
mers,4d6nA,2.33,0.43,text 3d pdb
mers,5bmnA,2.82,0.43,text 3d pdb
mers,3rccA,2.63,0.43,text 3d pdb
mers,6e4rA,3.19,0.43,text 3d pdb
mers,3dryE,3.1,0.43,text 3d pdb
mers,6n1eA,2.67,0.42,text 3d pdb
mers,4d6oG,2.32,0.42,text 3d pdb
mers,3rccH,2.63,0.42,text 3d pdb
mers,6fec9,3,0.42,text 3d pdb
mers,3k9fB,2.56,0.42,text 3d pdb
mers,3k9fA,2.56,0.42,text 3d pdb
mers,5t2fD,2.97,0.42,text 3d pdb
mers,5e6sA,3.61,0.42,text 3d pdb
mers,3j42G,2.75,0.42,text 3d pdb
mers,3j42I,2.75,0.42,text 3d pdb
mers,3j42K,2.75,0.42,text 3d pdb
mers,4mvnA,2.38,0.42,text 3d pdb
mers,2wiuA,3.07,0.42,text 3d pdb
mers,4ky3B,2.71,0.42,text 3d pdb
mers,2w7sA,2.39,0.42,text 3d pdb
mers,1s4iA,3.65,0.42,text 3d pdb
mers,3rccN,2.65,0.42,text 3d pdb
mers,5o2rN,2.89,0.42,text 3d pdb
mers,6qx94A,2.31,0.42,text 3d pdb
mers,6qw64A,2.31,0.42,text 3d pdb
mers,6gyzA,3.1,0.42,text 3d pdb
mers,2tbdA,2.36,0.42,text 3d pdb
mers,2h7wA,2.48,0.42,text 3d pdb
mers,2w7sC,2.48,0.42,text 3d pdb
mers,3rccK,2.64,0.42,text 3d pdb
mers,2ruiA,2.67,0.42,text 3d pdb
mers,2nnrB,2.53,0.42,text 3d pdb
mers,2yznC,3.55,0.42,text 3d pdb
mers,2oreE,2.51,0.42,text 3d pdb
mers,3d3sB,2.66,0.42,text 3d pdb
mers,3e6bB,2.4,0.42,text 3d pdb
mers,3dryA,3.28,0.42,text 3d pdb
mers,4v9kBW,2.96,0.42,text 3d pdb
mers,4xr7F,2.9,0.42,text 3d pdb
mers,4xr7I,2.81,0.42,text 3d pdb
mers,5wx2E,3.17,0.42,text 3d pdb
mers,6e4qC,3.23,0.42,text 3d pdb
mers,6m4wD,2.33,0.42,text 3d pdb
mers,2h6cB,2.64,0.42,text 3d pdb
mers,3lagB,2.63,0.42,text 3d pdb
mers,5z9qB,2.17,0.42,text 3d pdb
mers,1sxjH,3.37,0.42,text 3d pdb
mers,3ug3D,2.93,0.42,text 3d pdb
mers,6e5uD,2.27,0.42,text 3d pdb
mers,3ltnB,2.57,0.42,text 3d pdb
mers,3ltnA,2.57,0.42,text 3d pdb
mers,1r4aB,3.32,0.42,text 3d pdb
mers,4uskA,3.56,0.42,text 3d pdb
mers,6m4wE,2.57,0.42,text 3d pdb
mers,6pptA,3.83,0.42,text 3d pdb
mers,3qfqB,2.45,0.42,text 3d pdb
mers,6e4qA,3.25,0.42,text 3d pdb
mers,3rccG,2.59,0.42,text 3d pdb
mers,6nnuA,2.51,0.42,text 3d pdb
mers,4ut4A,3.28,0.42,text 3d pdb
mers,2w7uB,3.12,0.42,text 3d pdb
mers,6u1fA,3.36,0.42,text 3d pdb
mers,4d40B,2.11,0.42,text 3d pdb
mers,1h9wB,2.9,0.42,text 3d pdb
mers,6nnoA,2.51,0.42,text 3d pdb
mers,6nnsA,2.51,0.42,text 3d pdb
mers,4xt7A,3.07,0.42,text 3d pdb
mers,4ut4B,3.28,0.42,text 3d pdb
mers,3ufaA,2.84,0.42,text 3d pdb
mers,2gfbJ,2.7,0.42,text 3d pdb
mers,3rccQ,2.62,0.42,text 3d pdb
mers,4usmB,3.28,0.42,text 3d pdb
mers,2nnrA,2.76,0.42,text 3d pdb
mers,4j80B,3.38,0.42,text 3d pdb
mers,1griA,1.95,0.42,text 3d pdb
mers,6nnnA,2.83,0.42,text 3d pdb
mers,4utgB,3.15,0.42,text 3d pdb
mers,4utgA,3.43,0.42,text 3d pdb
mers,4n48B,2.24,0.42,text 3d pdb
mers,1wqaC,3.13,0.42,text 3d pdb
mers,4uskB,3.55,0.42,text 3d pdb
mers,1wqaD,2.75,0.42,text 3d pdb
mers,3dntA,3.07,0.42,text 3d pdb
mers,4mvnB,2.67,0.42,text 3d pdb
mers,6izro,2.86,0.42,text 3d pdb
mers,6izrk,2.86,0.42,text 3d pdb
mers,3tptB,3.06,0.42,text 3d pdb
mers,5h7jA,3.4,0.42,text 3d pdb
mers,1wqaA,2.75,0.42,text 3d pdb
mers,3juwB,2.53,0.42,text 3d pdb
mers,3kr5F,3.61,0.42,text 3d pdb
mers,2j58E,3.19,0.42,text 3d pdb
mers,6nntA,2.78,0.42,text 3d pdb
mers,2j58B,3.21,0.42,text 3d pdb
mers,4gooE,2.74,0.42,text 3d pdb
mers,3udxB,2.76,0.42,text 3d pdb
mers,2j58F,3.2,0.42,text 3d pdb
mers,1wqaB,3.14,0.42,text 3d pdb
mers,2gfbD,2.71,0.42,text 3d pdb
mers,6ppkF,2.63,0.42,text 3d pdb
mers,5e6rA,3.56,0.42,text 3d pdb
mers,3lpgA,3.46,0.42,text 3d pdb
mers,3rccP,2.72,0.42,text 3d pdb
mers,4xt5A,3.09,0.42,text 3d pdb
mers,6mlhA,2.85,0.42,text 3d pdb
mers,5zwmJ,2.63,0.42,text 3d pdb
mers,2j58H,3.2,0.42,text 3d pdb
mers,2j58D,3.21,0.42,text 3d pdb
mers,6mnvA,2.75,0.42,text 3d pdb
mers,2rmxA,2.04,0.42,text 3d pdb
mers,5czkB,3.49,0.42,text 3d pdb
mers,2gfbF,2.71,0.42,text 3d pdb
mers,6ptlA,2.64,0.42,text 3d pdb
mers,2j58G,2.99,0.42,text 3d pdb
mers,3p2kA,2.79,0.41,text 3d pdb
mers,2dvyD,2.92,0.41,text 3d pdb
mers,5k98D,3.2,0.41,text 3d pdb
mers,4tmeA,2.73,0.41,text 3d pdb
mers,5k98A,3.21,0.41,text 3d pdb
mers,4aq9A,2.59,0.4,text 3d pdb
mers,1xtmA,3.36,0.4,text 3d pdb
mers,2fkfA,3.02,0.39,text 3d pdb
mers,4lgnA,2.92,0.38,text 3d pdb
mers,5b2gF,3.26,0.38,text 3d pdb
mers,2zfuA,2.6,0.38,text 3d pdb
mers,4nr1A,3.16,0.38,text 3d pdb
mers,5uypZ,3.25,0.38,text 3d pdb
mers,3vx8A,3.73,0.37,text 3d pdb
mers,3ty1C,2.75,0.37,text 3d pdb
mers,6alkA,2.99,0.37,text 3d pdb
mers,4lgaA,2.38,0.37,text 3d pdb
mers,3ue0B,3.46,0.37,text 3d pdb
mers,5oolU,3.33,0.37,text 3d pdb
mers,4k0vA,3.55,0.37,text 3d pdb
mers,2wmgA,2.44,0.37,text 3d pdb
mers,6k5fE,2.63,0.37,text 3d pdb
mers,5o6vC,2.86,0.36,text 3d pdb
mers,6bweA,3.05,0.36,text 3d pdb
mers,2id5D,3.55,0.35,text 3d pdb
mers,6rbbH,3.64,0.35,text 3d pdb
mers,3lagA,2.54,0.34,text 3d pdb
mers,5o78C,3.03,0.34,text 3d pdb
mers,4v6sAJ,3.3,0.34,text 3d pdb
mers,1zshA,3.38,0.34,text 3d pdb
mers,5hi0A,3.4,0.34,text 3d pdb
mers,5vecA,2.94,0.34,text 3d pdb
mers,6m81A,2.81,0.33,text 3d pdb
mers,5tzsg,4,0.33,text 3d pdb
mers,4f36D,1.75,0.33,text 3d pdb
mers,3p3nA,3.75,0.32,text 3d pdb
mers,6f9gB,3.32,0.32,text 3d pdb
mers,1u7bA,3.04,0.31,text 3d pdb
mers,4xt4A,4.21,0.3,text 3d pdb
mers,1s4iB,3.2,0.3,text 3d pdb
mers,6eubA,3.73,0.29,text 3d pdb
mers,3e5uB,3.43,0.28,text 3d pdb
mers,3zpnC,3.96,0.27,text 3d pdb
