mers,3,10,50,70,1,5do2A02,Chitinase A; domain 3,,0.61,0.92,text 3d pdb,,
mers,3,10,50,70,1,5do2B02,Chitinase A; domain 3,,0.66,0.92,text 3d pdb,,
mers,3,10,50,70,1,4l3nB02,Chitinase A; domain 3,,0.68,0.92,text 3d pdb,,
mers,3,10,50,70,1,4xakB02,Chitinase A; domain 3,,0.66,0.91,text 3d pdb,,
mers,3,10,50,70,1,4xakA02,Chitinase A; domain 3,,0.72,0.91,text 3d pdb,,
mers,3,10,50,70,1,4zptR02,Chitinase A; domain 3,,0.7,0.91,text 3d pdb,,
mers,3,10,50,70,1,4zpwS02,Chitinase A; domain 3,,0.73,0.9,text 3d pdb,,
mers,3,10,50,70,1,4kr0B02,Chitinase A; domain 3,,0.73,0.9,text 3d pdb,,
mers,3,10,50,70,1,4zpvR02,Chitinase A; domain 3,,0.77,0.89,text 3d pdb,,
mers,3,10,50,70,1,4l72B02,Chitinase A; domain 3,,0.82,0.89,text 3d pdb,,
mers,3,10,50,70,1,4kqzA02,Chitinase A; domain 3,,0.82,0.89,text 3d pdb,,
mers,3,10,50,70,1,4l3nA02,Chitinase A; domain 3,,0.82,0.88,text 3d pdb,,
mers,3,10,50,70,1,4zpwR02,Chitinase A; domain 3,,0.85,0.88,text 3d pdb,,
mers,3,10,50,70,1,4kqzB02,Chitinase A; domain 3,,0.85,0.87,text 3d pdb,,
mers,3,10,50,70,1,4zptS02,Chitinase A; domain 3,,0.89,0.87,text 3d pdb,,
mers,3,10,50,70,1,4zpvS02,Chitinase A; domain 3,,0.94,0.86,text 3d pdb,,
mers,3,10,50,70,1,4zs6B02,Chitinase A; domain 3,,0.98,0.85,text 3d pdb,,
mers,3,10,50,70,1,4zs6A02,Chitinase A; domain 3,,1.06,0.83,text 3d pdb,,
mers,3,10,50,70,1,4qzvB02,Chitinase A; domain 3,,1.32,0.76,text 3d pdb,,
mers,3,10,50,70,1,4qzvD02,Chitinase A; domain 3,,1.33,0.76,text 3d pdb,,
mers,3,30,559,10,4,5falA02,Chloramphenicol Acetyltransferase,Chloramphenicol acetyltransferase-like domain,2.13,0.56,text 3d pdb,,
mers,3,30,559,10,4,5fanA02,Chloramphenicol Acetyltransferase,Chloramphenicol acetyltransferase-like domain,1.83,0.56,text 3d pdb,,
mers,3,30,559,10,4,4g0bB02,Chloramphenicol Acetyltransferase,Chloramphenicol acetyltransferase-like domain,2.18,0.56,text 3d pdb,,
mers,3,30,450,20,83,3rtyE01,Beta-Lactamase,,1.99,0.56,text 3d pdb,,
mers,3,30,559,10,4,4kecA02,Chloramphenicol Acetyltransferase,Chloramphenicol acetyltransferase-like domain,2.15,0.56,text 3d pdb,,
mers,3,30,1440,10,9,1vw4E00,50s Ribosomal Protein L5; Chain: A,,2.23,0.56,text 3d pdb,,
mers,3,30,559,10,4,5kjuA02,Chloramphenicol Acetyltransferase,Chloramphenicol acetyltransferase-like domain,2.22,0.55,text 3d pdb,,
mers,3,30,559,10,4,4g2mA02,Chloramphenicol Acetyltransferase,Chloramphenicol acetyltransferase-like domain,2.16,0.55,text 3d pdb,,
mers,3,30,559,10,4,4g22A02,Chloramphenicol Acetyltransferase,Chloramphenicol acetyltransferase-like domain,2.36,0.55,text 3d pdb,,
mers,3,30,1440,10,8,3u5eJ00,50s Ribosomal Protein L5; Chain: A,,2.2,0.55,text 3d pdb,,
mers,3,30,1440,10,8,4ujqM00,50s Ribosomal Protein L5; Chain: A,,2.26,0.54,text 3d pdb,,
mers,3,40,47,10,15,4e1lD02,Peroxisomal Thiolase; Chain A domain 1,,3.21,0.54,text 3d pdb,,
mers,3,30,450,70,5,3cueC00,Beta-Lactamase,,1.87,0.54,text 3d pdb,,
mers,3,30,450,70,5,3cueI00,Beta-Lactamase,,1.87,0.54,text 3d pdb,,
mers,3,30,450,70,5,3cueO00,Beta-Lactamase,,1.87,0.54,text 3d pdb,,
mers,3,30,450,70,5,3cueU00,Beta-Lactamase,,1.87,0.54,text 3d pdb,,
mers,3,30,450,20,76,4hh2C04,Beta-Lactamase,,2.56,0.54,text 3d pdb,,
mers,3,30,450,40,37,1stzA02,Beta-Lactamase,,2.62,0.54,text 3d pdb,,
mers,3,30,450,40,15,3ibjA02,Beta-Lactamase,,3.17,0.54,text 3d pdb,,
mers,3,10,50,40,11,3jymA03,Chitinase A; domain 3,,2.15,0.54,text 3d pdb,,
mers,3,10,50,40,9,1p5qB01,Chitinase A; domain 3,,2.04,0.53,text 3d pdb,,
mers,3,90,770,10,1,3cczC02,3-hydroxy-3-methylglutaryl-coenzyme A Reductase; Chain A domain 2,3-hydroxy-3-methylglutaryl-coenzyme A Reductase; Chain A domain 2,2.6,0.53,text 3d pdb,,
mers,3,90,770,10,1,3cczA02,3-hydroxy-3-methylglutaryl-coenzyme A Reductase; Chain A domain 2,3-hydroxy-3-methylglutaryl-coenzyme A Reductase; Chain A domain 2,2.61,0.53,text 3d pdb,,
mers,3,90,770,10,1,2q6cB02,3-hydroxy-3-methylglutaryl-coenzyme A Reductase; Chain A domain 2,3-hydroxy-3-methylglutaryl-coenzyme A Reductase; Chain A domain 2,2.62,0.53,text 3d pdb,,
mers,3,90,770,10,1,3cczD02,3-hydroxy-3-methylglutaryl-coenzyme A Reductase; Chain A domain 2,3-hydroxy-3-methylglutaryl-coenzyme A Reductase; Chain A domain 2,2.62,0.53,text 3d pdb,,
mers,3,90,770,10,1,2q6bB02,3-hydroxy-3-methylglutaryl-coenzyme A Reductase; Chain A domain 2,3-hydroxy-3-methylglutaryl-coenzyme A Reductase; Chain A domain 2,2.61,0.53,text 3d pdb,,
mers,3,90,770,10,1,1hwiA02,3-hydroxy-3-methylglutaryl-coenzyme A Reductase; Chain A domain 2,3-hydroxy-3-methylglutaryl-coenzyme A Reductase; Chain A domain 2,2.61,0.53,text 3d pdb,,
mers,3,90,770,10,1,2q6cD02,3-hydroxy-3-methylglutaryl-coenzyme A Reductase; Chain A domain 2,3-hydroxy-3-methylglutaryl-coenzyme A Reductase; Chain A domain 2,2.61,0.53,text 3d pdb,,
mers,3,10,50,40,18,2pbcC00,Chitinase A; domain 3,,2.44,0.53,text 3d pdb,,
mers,3,90,770,10,1,2q6bA02,3-hydroxy-3-methylglutaryl-coenzyme A Reductase; Chain A domain 2,3-hydroxy-3-methylglutaryl-coenzyme A Reductase; Chain A domain 2,2.6,0.53,text 3d pdb,,
mers,3,10,50,40,15,3jxvA01,Chitinase A; domain 3,,2.11,0.53,text 3d pdb,,
mers,3,10,50,40,2,2d9fA01,Chitinase A; domain 3,,2.47,0.53,text 3d pdb,,
mers,3,90,770,10,1,1hwjC02,3-hydroxy-3-methylglutaryl-coenzyme A Reductase; Chain A domain 2,3-hydroxy-3-methylglutaryl-coenzyme A Reductase; Chain A domain 2,2.59,0.53,text 3d pdb,,
mers,3,90,770,10,1,1dqaA02,3-hydroxy-3-methylglutaryl-coenzyme A Reductase; Chain A domain 2,3-hydroxy-3-methylglutaryl-coenzyme A Reductase; Chain A domain 2,2.61,0.53,text 3d pdb,,
mers,3,90,770,10,1,1hw8C02,3-hydroxy-3-methylglutaryl-coenzyme A Reductase; Chain A domain 2,3-hydroxy-3-methylglutaryl-coenzyme A Reductase; Chain A domain 2,2.63,0.53,text 3d pdb,,
mers,3,10,50,40,11,3jymB03,Chitinase A; domain 3,,2.35,0.53,text 3d pdb,,
mers,3,90,770,10,1,1hwjA02,3-hydroxy-3-methylglutaryl-coenzyme A Reductase; Chain A domain 2,3-hydroxy-3-methylglutaryl-coenzyme A Reductase; Chain A domain 2,2.6,0.53,text 3d pdb,,
mers,3,90,770,10,1,1hwjD02,3-hydroxy-3-methylglutaryl-coenzyme A Reductase; Chain A domain 2,3-hydroxy-3-methylglutaryl-coenzyme A Reductase; Chain A domain 2,2.61,0.53,text 3d pdb,,
mers,3,90,770,10,1,3cctA02,3-hydroxy-3-methylglutaryl-coenzyme A Reductase; Chain A domain 2,3-hydroxy-3-methylglutaryl-coenzyme A Reductase; Chain A domain 2,2.59,0.53,text 3d pdb,,
mers,3,90,770,10,1,1hw9C02,3-hydroxy-3-methylglutaryl-coenzyme A Reductase; Chain A domain 2,3-hydroxy-3-methylglutaryl-coenzyme A Reductase; Chain A domain 2,2.62,0.53,text 3d pdb,,
mers,3,30,559,10,4,5kjsA02,Chloramphenicol Acetyltransferase,Chloramphenicol acetyltransferase-like domain,2.08,0.53,text 3d pdb,,
mers,3,90,770,10,1,3cctC02,3-hydroxy-3-methylglutaryl-coenzyme A Reductase; Chain A domain 2,3-hydroxy-3-methylglutaryl-coenzyme A Reductase; Chain A domain 2,2.65,0.53,text 3d pdb,,
mers,3,90,770,10,1,1hwiC02,3-hydroxy-3-methylglutaryl-coenzyme A Reductase; Chain A domain 2,3-hydroxy-3-methylglutaryl-coenzyme A Reductase; Chain A domain 2,2.65,0.53,text 3d pdb,,
mers,3,90,770,10,1,1dqaC02,3-hydroxy-3-methylglutaryl-coenzyme A Reductase; Chain A domain 2,3-hydroxy-3-methylglutaryl-coenzyme A Reductase; Chain A domain 2,2.63,0.53,text 3d pdb,,
mers,3,90,770,10,1,1hw9B02,3-hydroxy-3-methylglutaryl-coenzyme A Reductase; Chain A domain 2,3-hydroxy-3-methylglutaryl-coenzyme A Reductase; Chain A domain 2,2.57,0.53,text 3d pdb,,
mers,3,90,770,10,1,1hwlD02,3-hydroxy-3-methylglutaryl-coenzyme A Reductase; Chain A domain 2,3-hydroxy-3-methylglutaryl-coenzyme A Reductase; Chain A domain 2,2.61,0.53,text 3d pdb,,
mers,3,30,450,190,1,3r7wD02,Beta-Lactamase,,2.28,0.53,text 3d pdb,,
mers,3,90,770,10,1,1hwiD02,3-hydroxy-3-methylglutaryl-coenzyme A Reductase; Chain A domain 2,3-hydroxy-3-methylglutaryl-coenzyme A Reductase; Chain A domain 2,2.66,0.53,text 3d pdb,,
mers,3,90,770,10,1,1hw9D02,3-hydroxy-3-methylglutaryl-coenzyme A Reductase; Chain A domain 2,3-hydroxy-3-methylglutaryl-coenzyme A Reductase; Chain A domain 2,2.63,0.53,text 3d pdb,,
mers,3,10,50,40,19,2vcdA02,Chitinase A; domain 3,,2.44,0.52,text 3d pdb,,
mers,3,90,770,10,1,3ccwA02,3-hydroxy-3-methylglutaryl-coenzyme A Reductase; Chain A domain 2,3-hydroxy-3-methylglutaryl-coenzyme A Reductase; Chain A domain 2,2.6,0.52,text 3d pdb,,
mers,3,90,770,10,1,3cd0A02,3-hydroxy-3-methylglutaryl-coenzyme A Reductase; Chain A domain 2,3-hydroxy-3-methylglutaryl-coenzyme A Reductase; Chain A domain 2,2.6,0.52,text 3d pdb,,
mers,3,90,770,10,1,3ccwD02,3-hydroxy-3-methylglutaryl-coenzyme A Reductase; Chain A domain 2,3-hydroxy-3-methylglutaryl-coenzyme A Reductase; Chain A domain 2,2.61,0.52,text 3d pdb,,
mers,3,30,530,20,7,5e4dA00,Alpha-D-Glucose-16-Bisphosphate; Chain A,domain 4,,2.17,0.52,text 3d pdb,
mers,3,10,50,40,11,3jxvA02,Chitinase A; domain 3,,2.35,0.52,text 3d pdb,,
mers,3,10,50,40,18,4nnrA00,Chitinase A; domain 3,,2.39,0.52,text 3d pdb,,
mers,3,90,770,10,1,2q1lB02,3-hydroxy-3-methylglutaryl-coenzyme A Reductase; Chain A domain 2,3-hydroxy-3-methylglutaryl-coenzyme A Reductase; Chain A domain 2,2.65,0.52,text 3d pdb,,
mers,3,90,770,10,1,3cd7B02,3-hydroxy-3-methylglutaryl-coenzyme A Reductase; Chain A domain 2,3-hydroxy-3-methylglutaryl-coenzyme A Reductase; Chain A domain 2,2.65,0.52,text 3d pdb,,
mers,3,90,770,10,1,2q1lA02,3-hydroxy-3-methylglutaryl-coenzyme A Reductase; Chain A domain 2,3-hydroxy-3-methylglutaryl-coenzyme A Reductase; Chain A domain 2,2.63,0.52,text 3d pdb,,
mers,3,90,770,10,1,3cd7A02,3-hydroxy-3-methylglutaryl-coenzyme A Reductase; Chain A domain 2,3-hydroxy-3-methylglutaryl-coenzyme A Reductase; Chain A domain 2,2.63,0.52,text 3d pdb,,
mers,3,10,50,40,5,2vn1B01,Chitinase A; domain 3,,2.22,0.52,text 3d pdb,,
mers,3,10,50,40,36,2jwxA00,Chitinase A; domain 3,,2.53,0.52,text 3d pdb,,
mers,3,90,770,10,1,3cd5A02,3-hydroxy-3-methylglutaryl-coenzyme A Reductase; Chain A domain 2,3-hydroxy-3-methylglutaryl-coenzyme A Reductase; Chain A domain 2,2.62,0.52,text 3d pdb,,
mers,3,90,770,10,1,3cdbA02,3-hydroxy-3-methylglutaryl-coenzyme A Reductase; Chain A domain 2,3-hydroxy-3-methylglutaryl-coenzyme A Reductase; Chain A domain 2,2.62,0.52,text 3d pdb,,
mers,3,10,50,40,18,2pbcB00,Chitinase A; domain 3,,2.47,0.52,text 3d pdb,,
mers,3,10,50,40,5,4qt3A01,Chitinase A; domain 3,,2.52,0.52,text 3d pdb,,
mers,3,90,770,10,1,2q1lD02,3-hydroxy-3-methylglutaryl-coenzyme A Reductase; Chain A domain 2,3-hydroxy-3-methylglutaryl-coenzyme A Reductase; Chain A domain 2,2.63,0.52,text 3d pdb,,
mers,3,90,770,10,1,3cd7D02,3-hydroxy-3-methylglutaryl-coenzyme A Reductase; Chain A domain 2,3-hydroxy-3-methylglutaryl-coenzyme A Reductase; Chain A domain 2,2.63,0.52,text 3d pdb,,
mers,3,30,530,20,7,5e4mA00,Alpha-D-Glucose-16-Bisphosphate; Chain A,domain 4,,2.19,0.52,text 3d pdb,
mers,3,10,50,40,3,4iq2B00,Chitinase A; domain 3,,2.2,0.52,text 3d pdb,,
mers,3,10,50,40,19,1fd9A01,Chitinase A; domain 3,,2.25,0.52,text 3d pdb,,
mers,3,30,530,20,7,5e4bA00,Alpha-D-Glucose-16-Bisphosphate; Chain A,domain 4,,2.18,0.52,text 3d pdb,
mers,3,30,2200,10,1,3fn2A00,histidine kinase doma clostridium symbiosum atcc 14940,histidine kinase doma clostridium symbiosum atcc 14940,2.15,0.52,text 3d pdb,,
mers,3,10,50,40,1,4fn2A02,Chitinase A; domain 3,,2.47,0.52,text 3d pdb,,
mers,3,30,530,20,7,5e46A00,Alpha-D-Glucose-16-Bisphosphate; Chain A,domain 4,,1.6,0.52,text 3d pdb,
mers,3,10,50,40,1,4g50A02,Chitinase A; domain 3,,2.47,0.52,text 3d pdb,,
mers,3,30,530,20,7,5e4dB00,Alpha-D-Glucose-16-Bisphosphate; Chain A,domain 4,,2.22,0.52,text 3d pdb,
mers,3,10,50,40,1,2ko7A00,Chitinase A; domain 3,,2.74,0.52,text 3d pdb,,
mers,3,10,50,40,3,4iq2A00,Chitinase A; domain 3,,2.22,0.52,text 3d pdb,,
mers,3,10,50,40,3,5hw7A00,Chitinase A; domain 3,,2.31,0.51,text 3d pdb,,
mers,3,30,530,20,7,5e46B00,Alpha-D-Glucose-16-Bisphosphate; Chain A,domain 4,,1.62,0.51,text 3d pdb,
mers,3,90,1150,10,183,3vaxA02,Aspartate Aminotransferase domain 1,Aspartate Aminotransferase domain 1,2.31,0.51,text 3d pdb,,
mers,3,10,50,40,3,1yatA00,Chitinase A; domain 3,,2.51,0.51,text 3d pdb,,
mers,3,30,2200,10,1,3fn2B00,histidine kinase doma clostridium symbiosum atcc 14940,histidine kinase doma clostridium symbiosum atcc 14940,2.24,0.51,text 3d pdb,,
mers,3,10,50,40,19,1q6hB02,Chitinase A; domain 3,,2.4,0.51,text 3d pdb,,
mers,3,10,50,40,3,5htgB00,Chitinase A; domain 3,,2.32,0.51,text 3d pdb,,
mers,3,10,50,40,3,5huaA00,Chitinase A; domain 3,,2.42,0.51,text 3d pdb,,
mers,3,10,50,40,5,4j4nC01,Chitinase A; domain 3,,2.55,0.51,text 3d pdb,,
mers,3,10,50,40,3,5j6eA00,Chitinase A; domain 3,,2.5,0.51,text 3d pdb,,
mers,3,10,50,40,5,4mgvA01,Chitinase A; domain 3,,2.49,0.51,text 3d pdb,,
mers,3,10,50,40,11,2mphA02,Chitinase A; domain 3,,2.49,0.51,text 3d pdb,,
mers,3,10,50,40,11,1pbkA00,Chitinase A; domain 3,,2.52,0.51,text 3d pdb,,
mers,3,30,530,20,7,5e4mB00,Alpha-D-Glucose-16-Bisphosphate; Chain A,domain 4,,2.21,0.51,text 3d pdb,
mers,3,10,50,40,3,5hw7B00,Chitinase A; domain 3,,2.59,0.51,text 3d pdb,,
mers,3,10,50,40,5,4itzB01,Chitinase A; domain 3,,2.48,0.51,text 3d pdb,,
mers,3,10,50,40,3,5i98A00,Chitinase A; domain 3,,2.37,0.51,text 3d pdb,,
mers,3,10,50,40,5,3ihzA01,Chitinase A; domain 3,,2.51,0.5,text 3d pdb,,
mers,2,60,98,60,1,4ojdH01,Tick-borne Encephalitis virus Glycoprotein; domain 1,,1.99,0.5,text 3d pdb,,
mers,3,10,50,40,5,2vn1A01,Chitinase A; domain 3,,2.57,0.5,text 3d pdb,,
mers,3,10,50,40,5,3ni6B01,Chitinase A; domain 3,,2.5,0.5,text 3d pdb,,
mers,3,90,1150,10,183,3vaxB02,Aspartate Aminotransferase domain 1,Aspartate Aminotransferase domain 1,2.33,0.5,text 3d pdb,,
mers,3,30,530,20,7,5e4bB00,Alpha-D-Glucose-16-Bisphosphate; Chain A,domain 4,,2.22,0.5,text 3d pdb,
mers,3,10,50,40,24,2if4A01,Chitinase A; domain 3,,2.86,0.5,text 3d pdb,,
mers,3,10,50,40,3,5ht1A00,Chitinase A; domain 3,,2.59,0.5,text 3d pdb,,
mers,3,40,47,40,1,3lmaD00,Peroxisomal Thiolase; Chain A domain 1,,2.88,0.5,text 3d pdb,,
mers,3,10,50,40,5,3ihzB01,Chitinase A; domain 3,,2.51,0.5,text 3d pdb,,
mers,3,10,50,40,23,3prbB01,Chitinase A; domain 3,,2.22,0.5,text 3d pdb,,
mers,3,10,50,40,19,1q6uA02,Chitinase A; domain 3,,2.56,0.5,text 3d pdb,,
mers,3,10,50,40,3,5i98B00,Chitinase A; domain 3,,2.62,0.5,text 3d pdb,,
mers,3,10,50,40,5,4itzA01,Chitinase A; domain 3,,2.54,0.5,text 3d pdb,,
mers,3,10,50,40,23,3prbA01,Chitinase A; domain 3,,2.38,0.5,text 3d pdb,,
mers,3,30,1140,32,1,2i2pC02,Ribosomal protein S3 C-terminal domain,Ribosomal protein S3 C-terminal domain,2.59,0.5,text 3d pdb,,
mers,3,10,50,40,18,4nnrB00,Chitinase A; domain 3,,2.58,0.5,text 3d pdb,,
mers,3,10,50,40,3,5hw8G00,Chitinase A; domain 3,,2.37,0.5,text 3d pdb,,
mers,2,130,10,10,8,4qqeA00,Methylamine Dehydrogenase; Chain H,YVTN repeat-like/Quinoprotein amine dehydrogenase,2.56,0.5,text 3d pdb,,
mers,2,130,10,10,8,4gm3G00,Methylamine Dehydrogenase; Chain H,YVTN repeat-like/Quinoprotein amine dehydrogenase,2.55,0.49,text 3d pdb,,
mers,2,130,10,10,8,4gm3D00,Methylamine Dehydrogenase; Chain H,YVTN repeat-like/Quinoprotein amine dehydrogenase,2.55,0.49,text 3d pdb,,
mers,2,130,10,10,8,4gm3A00,Methylamine Dehydrogenase; Chain H,YVTN repeat-like/Quinoprotein amine dehydrogenase,2.55,0.49,text 3d pdb,,
mers,3,30,1140,32,1,3uxsC02,Ribosomal protein S3 C-terminal domain,Ribosomal protein S3 C-terminal domain,2.8,0.49,text 3d pdb,,
mers,2,130,10,10,8,4gm3E00,Methylamine Dehydrogenase; Chain H,YVTN repeat-like/Quinoprotein amine dehydrogenase,2.55,0.49,text 3d pdb,,
mers,2,130,10,10,8,4gm3C00,Methylamine Dehydrogenase; Chain H,YVTN repeat-like/Quinoprotein amine dehydrogenase,2.55,0.49,text 3d pdb,,
mers,2,130,10,10,8,4gm3B00,Methylamine Dehydrogenase; Chain H,YVTN repeat-like/Quinoprotein amine dehydrogenase,2.55,0.49,text 3d pdb,,
mers,2,130,10,10,8,4gm3H00,Methylamine Dehydrogenase; Chain H,YVTN repeat-like/Quinoprotein amine dehydrogenase,2.55,0.49,text 3d pdb,,
mers,2,130,10,10,8,4gm3F00,Methylamine Dehydrogenase; Chain H,YVTN repeat-like/Quinoprotein amine dehydrogenase,2.55,0.49,text 3d pdb,,
mers,2,130,10,10,8,2g99A00,Methylamine Dehydrogenase; Chain H,YVTN repeat-like/Quinoprotein amine dehydrogenase,2.58,0.49,text 3d pdb,,
mers,3,30,1140,32,1,4kfhC02,Ribosomal protein S3 C-terminal domain,Ribosomal protein S3 C-terminal domain,2.59,0.49,text 3d pdb,,
mers,3,30,1140,32,1,4kfkC02,Ribosomal protein S3 C-terminal domain,Ribosomal protein S3 C-terminal domain,2.59,0.49,text 3d pdb,,
mers,2,130,10,10,8,2h6nA00,Methylamine Dehydrogenase; Chain H,YVTN repeat-like/Quinoprotein amine dehydrogenase,2.57,0.49,text 3d pdb,,
mers,3,10,50,40,19,1q6iB02,Chitinase A; domain 3,,2.68,0.49,text 3d pdb,,
mers,2,30,29,30,20,1ddwA00,PH-domain like,Pleckstrin-homology domain (PH domain)/Phosphotyrosine-binding domain (PTB),2.64,0.49,text 3d pdb,,
mers,2,130,10,10,8,2g99B00,Methylamine Dehydrogenase; Chain H,YVTN repeat-like/Quinoprotein amine dehydrogenase,2.59,0.49,text 3d pdb,,
mers,2,130,10,10,8,3smrC00,Methylamine Dehydrogenase; Chain H,YVTN repeat-like/Quinoprotein amine dehydrogenase,2.57,0.49,text 3d pdb,,
mers,2,130,10,10,8,5eamA00,Methylamine Dehydrogenase; Chain H,YVTN repeat-like/Quinoprotein amine dehydrogenase,2.57,0.49,text 3d pdb,,
mers,2,130,10,10,8,3ur4A00,Methylamine Dehydrogenase; Chain H,YVTN repeat-like/Quinoprotein amine dehydrogenase,2.58,0.49,text 3d pdb,,
mers,2,130,10,10,8,4ql1B00,Methylamine Dehydrogenase; Chain H,YVTN repeat-like/Quinoprotein amine dehydrogenase,2.57,0.49,text 3d pdb,,
mers,2,40,260,10,1,3g66B00,Sortase; Chain: A;,Sortase,2.09,0.49,text 3d pdb,,
mers,2,130,10,10,8,2h68A00,Methylamine Dehydrogenase; Chain H,YVTN repeat-like/Quinoprotein amine dehydrogenase,2.58,0.49,text 3d pdb,,
mers,2,130,10,10,8,5earB00,Methylamine Dehydrogenase; Chain H,YVTN repeat-like/Quinoprotein amine dehydrogenase,2.57,0.49,text 3d pdb,,
mers,3,10,50,40,19,1q6iA02,Chitinase A; domain 3,,2.67,0.49,text 3d pdb,,
mers,2,40,260,10,8,2xwgA00,Sortase; Chain: A;,Sortase,2.31,0.49,text 3d pdb,,
mers,2,40,260,10,1,3g66A00,Sortase; Chain: A;,Sortase,2.08,0.49,text 3d pdb,,
mers,2,130,10,10,8,3smrD00,Methylamine Dehydrogenase; Chain H,YVTN repeat-like/Quinoprotein amine dehydrogenase,2.57,0.49,text 3d pdb,,
mers,2,60,120,10,56,5i8sA00,Jelly Rolls,Jelly Rolls,2.75,0.49,text 3d pdb,,
mers,2,130,10,10,8,2h6nB00,Methylamine Dehydrogenase; Chain H,YVTN repeat-like/Quinoprotein amine dehydrogenase,2.59,0.49,text 3d pdb,,
mers,2,60,40,10,7,1clyL02,Immunoglobulin-like,Immunoglobulins,2.72,0.49,text 3d pdb,,
mers,2,130,10,10,8,3smrA00,Methylamine Dehydrogenase; Chain H,YVTN repeat-like/Quinoprotein amine dehydrogenase,2.58,0.49,text 3d pdb,,
mers,3,30,428,10,11,2fhiA00,HIT family subunit A,HIT-like,2.81,0.49,text 3d pdb,,
mers,2,30,29,30,16,1ddvA00,PH-domain like,Pleckstrin-homology domain (PH domain)/Phosphotyrosine-binding domain (PTB),2.51,0.49,text 3d pdb,,
mers,2,130,10,10,8,2co0A00,Methylamine Dehydrogenase; Chain H,YVTN repeat-like/Quinoprotein amine dehydrogenase,2.58,0.49,text 3d pdb,,
mers,2,40,260,10,1,3g69B00,Sortase; Chain: A;,Sortase,2.57,0.49,text 3d pdb,,
mers,3,10,50,40,18,2pbcD00,Chitinase A; domain 3,,2.88,0.49,text 3d pdb,,
mers,2,60,120,10,56,5i93A00,Jelly Rolls,Jelly Rolls,2.77,0.49,text 3d pdb,,
mers,2,130,10,10,8,4ql1A00,Methylamine Dehydrogenase; Chain H,YVTN repeat-like/Quinoprotein amine dehydrogenase,2.6,0.49,text 3d pdb,,
mers,2,60,120,10,56,5i8tA00,Jelly Rolls,Jelly Rolls,2.77,0.49,text 3d pdb,,
mers,2,40,260,10,8,2xwgE00,Sortase; Chain: A;,Sortase,1.97,0.49,text 3d pdb,,
mers,3,30,428,10,13,1vkvA02,HIT family subunit A,HIT-like,2.45,0.49,text 3d pdb,,
mers,2,60,120,10,56,5i91A00,Jelly Rolls,Jelly Rolls,2.77,0.49,text 3d pdb,,
mers,3,10,50,40,3,5hw6B00,Chitinase A; domain 3,,2.72,0.49,text 3d pdb,,
mers,3,10,50,40,19,1q6hA02,Chitinase A; domain 3,,2.69,0.49,text 3d pdb,,
mers,2,130,10,10,8,3ur4B00,Methylamine Dehydrogenase; Chain H,YVTN repeat-like/Quinoprotein amine dehydrogenase,2.59,0.49,text 3d pdb,,
mers,3,10,50,40,3,1qpfA00,Chitinase A; domain 3,,2.57,0.49,text 3d pdb,,
mers,2,130,10,10,8,2h6qB00,Methylamine Dehydrogenase; Chain H,YVTN repeat-like/Quinoprotein amine dehydrogenase,2.59,0.49,text 3d pdb,,
mers,2,60,40,10,7,1dbjL02,Immunoglobulin-like,Immunoglobulins,2.58,0.49,text 3d pdb,,
mers,2,40,260,10,8,2xwgD00,Sortase; Chain: A;,Sortase,2,0.49,text 3d pdb,,
mers,2,40,260,10,1,3g69A00,Sortase; Chain: A;,Sortase,2.28,0.49,text 3d pdb,,
mers,3,30,428,10,11,1emsB02,HIT family subunit A,HIT-like,2.91,0.49,text 3d pdb,,
mers,3,30,70,1410,1,3gygC02,Alpha-Beta Plaits,yhjk (haloacid dehalogenase-like hydrolase protein) domain,2.27,0.49,text 3d pdb,,
mers,3,30,428,10,13,1zwjA02,HIT family subunit A,HIT-like,2.26,0.49,text 3d pdb,,
mers,2,60,120,10,56,5i8yA00,Jelly Rolls,Jelly Rolls,2.77,0.49,text 3d pdb,,
mers,2,60,40,10,7,1dqjA02,Immunoglobulin-like,Immunoglobulins,2.58,0.48,text 3d pdb,,
mers,2,60,40,10,7,2ht3D02,Immunoglobulin-like,Immunoglobulins,2.59,0.48,text 3d pdb,,
mers,3,30,428,10,13,1zwjB02,HIT family subunit A,HIT-like,2.27,0.48,text 3d pdb,,
mers,2,60,40,10,7,1a6tC02,Immunoglobulin-like,Immunoglobulins,2.62,0.48,text 3d pdb,,
mers,2,40,260,10,1,3re9A00,Sortase; Chain: A;,Sortase,2.58,0.48,text 3d pdb,,
mers,2,120,10,10,5,3ti6A00,Neuraminidase,,2.61,0.48,text 3d pdb,,
mers,2,120,10,10,5,3ti3B00,Neuraminidase,,2.59,0.48,text 3d pdb,,
mers,2,40,30,170,1,4l8jA02,Elongation Factor Tu (Ef-tu); domain 3,,2.84,0.48,text 3d pdb,,
mers,3,30,450,20,7,4lpzA00,Beta-Lactamase,,2.29,0.48,text 3d pdb,,
mers,2,120,10,10,5,3ti5B00,Neuraminidase,,2.59,0.48,text 3d pdb,,
mers,2,120,10,10,5,3ti3A00,Neuraminidase,,2.59,0.48,text 3d pdb,,
mers,2,120,10,10,5,4b7rA00,Neuraminidase,,2.62,0.48,text 3d pdb,,
mers,2,120,10,10,5,2htvB00,Neuraminidase,,2.95,0.48,text 3d pdb,,
mers,2,60,40,10,7,5kteL02,Immunoglobulin-like,Immunoglobulins,2.54,0.48,text 3d pdb,,
mers,3,30,70,1260,1,2hiyA02,Alpha-Beta Plaits,bacterial protein sp0830 like,2.04,0.48,text 3d pdb,,
mers,2,120,10,10,5,3ti6B00,Neuraminidase,,2.61,0.48,text 3d pdb,,
mers,2,60,40,10,7,3cxdL02,Immunoglobulin-like,Immunoglobulins,2.7,0.48,text 3d pdb,,
mers,2,60,40,10,7,4bz2L02,Immunoglobulin-like,Immunoglobulins,2.57,0.48,text 3d pdb,,
mers,2,40,260,10,8,4d7wA00,Sortase; Chain: A;,Sortase,2.57,0.48,text 3d pdb,,
mers,3,60,40,10,15,3ke6B01,Phosphatase 2c; domain 1,PPM-type phosphatase domain,2.56,0.48,text 3d pdb,,
mers,2,60,40,10,7,1cl7L02,Immunoglobulin-like,Immunoglobulins,2.46,0.48,text 3d pdb,,
mers,2,120,10,10,5,4b7rC00,Neuraminidase,,2.6,0.48,text 3d pdb,,
mers,3,30,110,70,1,1ybbC00,Translation Initiation Factor IF3,Hypothetical protein apc22750. Chain B,2.66,0.48,text 3d pdb,,
mers,3,10,50,40,3,1fkrA00,Chitinase A; domain 3,,2.63,0.48,text 3d pdb,,
mers,3,30,70,1260,1,2hiyD02,Alpha-Beta Plaits,bacterial protein sp0830 like,2.04,0.48,text 3d pdb,,
mers,2,40,260,10,8,2xwgB00,Sortase; Chain: A;,Sortase,1.98,0.48,text 3d pdb,,
mers,3,30,428,10,11,1emsA02,HIT family subunit A,HIT-like,2.92,0.48,text 3d pdb,,
mers,3,30,70,1260,1,2hiyC02,Alpha-Beta Plaits,bacterial protein sp0830 like,2.04,0.48,text 3d pdb,,
mers,2,60,40,10,7,4hg4M02,Immunoglobulin-like,Immunoglobulins,2.74,0.48,text 3d pdb,,
mers,2,40,260,10,8,2xwgC00,Sortase; Chain: A;,Sortase,2.01,0.48,text 3d pdb,,
mers,2,60,40,10,7,4ag4L02,Immunoglobulin-like,Immunoglobulins,2.65,0.48,text 3d pdb,,
mers,2,40,260,10,1,3o0pA00,Sortase; Chain: A;,Sortase,2.61,0.48,text 3d pdb,,
mers,2,120,10,10,5,3nssB00,Neuraminidase,,2.59,0.48,text 3d pdb,,
mers,2,60,40,10,7,1cfqA02,Immunoglobulin-like,Immunoglobulins,2.67,0.48,text 3d pdb,,
mers,2,120,10,10,5,4b7rD00,Neuraminidase,,2.62,0.48,text 3d pdb,,
mers,2,60,40,10,7,3uajL02,Immunoglobulin-like,Immunoglobulins,2.7,0.48,text 3d pdb,,
mers,2,60,40,10,7,1hh9A02,Immunoglobulin-like,Immunoglobulins,2.64,0.48,text 3d pdb,,
mers,2,120,10,10,5,2hu0A00,Neuraminidase,,2.98,0.48,text 3d pdb,,
mers,2,60,40,10,7,1xguA02,Immunoglobulin-like,Immunoglobulins,2.59,0.48,text 3d pdb,,
mers,2,60,40,10,7,1cloL02,Immunoglobulin-like,Immunoglobulins,2.74,0.48,text 3d pdb,,
mers,3,30,70,330,79,5dm8Q00,Alpha-Beta Plaits,,2.48,0.48,text 3d pdb,,
mers,2,60,40,10,7,3dsfL02,Immunoglobulin-like,Immunoglobulins,2.72,0.48,text 3d pdb,,
mers,2,60,40,10,7,3skjL02,Immunoglobulin-like,Immunoglobulins,2.66,0.48,text 3d pdb,,
mers,2,60,40,10,7,1xgpA02,Immunoglobulin-like,Immunoglobulins,2.6,0.48,text 3d pdb,,
mers,2,60,40,10,7,4u6vL02,Immunoglobulin-like,Immunoglobulins,2.56,0.48,text 3d pdb,,
mers,2,40,260,10,2,3fn5B00,Sortase; Chain: A;,Sortase,2.36,0.48,text 3d pdb,,
mers,2,40,260,10,2,3fn5A00,Sortase; Chain: A;,Sortase,2.4,0.48,text 3d pdb,,
mers,2,60,40,10,7,4whtN02,Immunoglobulin-like,Immunoglobulins,2.5,0.48,text 3d pdb,,
mers,2,40,260,10,8,5k9aA00,Sortase; Chain: A;,Sortase,2.66,0.48,text 3d pdb,,
mers,2,60,40,10,7,1frgL02,Immunoglobulin-like,Immunoglobulins,2.6,0.48,text 3d pdb,,
mers,2,40,260,10,1,3rbiA00,Sortase; Chain: A;,Sortase,2.34,0.48,text 3d pdb,,
mers,2,60,40,10,7,1ggbL02,Immunoglobulin-like,Immunoglobulins,2.61,0.48,text 3d pdb,,
mers,2,60,40,10,7,1nccL02,Immunoglobulin-like,Immunoglobulins,2.72,0.48,text 3d pdb,,
mers,3,40,430,10,10,2lf1A00,Dihydrofolate Reductase subunit A,Dihydrofolate Reductase subunit A,3.19,0.48,text 3d pdb,,
mers,2,60,40,10,7,4aeiL02,Immunoglobulin-like,Immunoglobulins,2.67,0.48,text 3d pdb,,
mers,3,30,428,10,7,3p0tA00,HIT family subunit A,HIT-like,2.48,0.48,text 3d pdb,,
mers,3,50,50,60,187,3nixG00,FAD/NAD(P)-binding domain,FAD/NAD(P)-binding domain,2.35,0.48,text 3d pdb,,
mers,2,120,10,10,5,2hu0E00,Neuraminidase,,2.94,0.48,text 3d pdb,,
mers,2,60,40,10,7,4u6vM02,Immunoglobulin-like,Immunoglobulins,2.59,0.48,text 3d pdb,,
mers,2,60,40,10,7,2brrL02,Immunoglobulin-like,Immunoglobulins,2.58,0.48,text 3d pdb,,
mers,3,10,50,40,15,3jymA02,Chitinase A; domain 3,,2.68,0.48,text 3d pdb,,
mers,2,40,260,10,1,3rbkB00,Sortase; Chain: A;,Sortase,2.33,0.48,text 3d pdb,,
mers,2,60,40,10,7,2brrX02,Immunoglobulin-like,Immunoglobulins,2.61,0.48,text 3d pdb,,
mers,2,60,40,10,7,5k9jL02,Immunoglobulin-like,Immunoglobulins,2.52,0.48,text 3d pdb,,
mers,2,60,40,10,7,1pg7L02,Immunoglobulin-like,Immunoglobulins,2.52,0.48,text 3d pdb,,
mers,2,40,260,10,1,3tbeE00,Sortase; Chain: A;,Sortase,1.98,0.48,text 3d pdb,,
mers,2,60,40,10,7,1pg7M02,Immunoglobulin-like,Immunoglobulins,2.52,0.48,text 3d pdb,,
mers,2,60,40,10,7,1op3L02,Immunoglobulin-like,Immunoglobulins,2.53,0.48,text 3d pdb,,
mers,2,60,40,10,7,1yekL02,Immunoglobulin-like,Immunoglobulins,2.65,0.48,text 3d pdb,,
mers,2,60,40,10,7,5iblD02,Immunoglobulin-like,Immunoglobulins,2.69,0.48,text 3d pdb,,
mers,3,30,428,10,7,3p0tB00,HIT family subunit A,HIT-like,2.48,0.48,text 3d pdb,,
mers,2,60,40,10,7,4tprL02,Immunoglobulin-like,Immunoglobulins,2.61,0.48,text 3d pdb,,
mers,2,60,40,10,7,4mhhI02,Immunoglobulin-like,Immunoglobulins,2.71,0.48,text 3d pdb,,
mers,2,40,260,10,1,3tbeC00,Sortase; Chain: A;,Sortase,1.97,0.48,text 3d pdb,,
mers,2,40,260,10,1,3rbkA00,Sortase; Chain: A;,Sortase,2.32,0.48,text 3d pdb,,
mers,2,60,40,10,7,3bkcL02,Immunoglobulin-like,Immunoglobulins,2.61,0.48,text 3d pdb,,
mers,2,60,40,10,7,5iblL02,Immunoglobulin-like,Immunoglobulins,2.69,0.48,text 3d pdb,,
mers,2,60,40,10,7,4r4nO02,Immunoglobulin-like,Immunoglobulins,2.59,0.48,text 3d pdb,,
mers,2,60,40,10,7,1i9iL02,Immunoglobulin-like,Immunoglobulins,2.69,0.48,text 3d pdb,,
mers,2,60,40,10,7,4kvnL02,Immunoglobulin-like,Immunoglobulins,2.52,0.48,text 3d pdb,,
mers,2,60,40,10,7,1hi6A02,Immunoglobulin-like,Immunoglobulins,2.67,0.48,text 3d pdb,,
mers,2,60,40,10,7,4zpvB02,Immunoglobulin-like,Immunoglobulins,2.63,0.48,text 3d pdb,,
mers,2,60,40,10,7,2bmkA02,Immunoglobulin-like,Immunoglobulins,2.64,0.48,text 3d pdb,,
mers,2,60,40,10,7,1tqcC02,Immunoglobulin-like,Immunoglobulins,2.64,0.48,text 3d pdb,,
mers,2,60,40,10,7,1hh6A02,Immunoglobulin-like,Immunoglobulins,2.66,0.48,text 3d pdb,,
mers,2,60,40,10,7,1yeiL02,Immunoglobulin-like,Immunoglobulins,2.66,0.48,text 3d pdb,,
mers,2,60,40,10,7,3v6zB02,Immunoglobulin-like,Immunoglobulins,2.55,0.48,text 3d pdb,,
mers,2,40,260,10,1,4g1jB00,Sortase; Chain: A;,Sortase,2.34,0.48,text 3d pdb,,
mers,2,60,40,10,7,3v6zD02,Immunoglobulin-like,Immunoglobulins,2.55,0.48,text 3d pdb,,
mers,2,40,260,10,1,3rbiB00,Sortase; Chain: A;,Sortase,2.01,0.48,text 3d pdb,,
mers,3,30,428,10,7,3lb5D00,HIT family subunit A,HIT-like,2.87,0.48,text 3d pdb,,
mers,2,60,40,10,7,3ra7M02,Immunoglobulin-like,Immunoglobulins,2.67,0.48,text 3d pdb,,
mers,2,60,40,10,7,1yefL02,Immunoglobulin-like,Immunoglobulins,2.64,0.48,text 3d pdb,,
mers,2,60,40,10,7,2iqaL02,Immunoglobulin-like,Immunoglobulins,2.7,0.48,text 3d pdb,,
mers,2,60,40,10,7,5lqbL02,Immunoglobulin-like,Immunoglobulins,2.71,0.48,text 3d pdb,,
mers,2,120,10,10,5,2htyC00,Neuraminidase,,2.73,0.48,text 3d pdb,,
mers,2,40,260,10,1,3rbjA00,Sortase; Chain: A;,Sortase,2.38,0.48,text 3d pdb,,
mers,2,60,40,10,7,4lvoB02,Immunoglobulin-like,Immunoglobulins,2.62,0.48,text 3d pdb,,
mers,2,60,40,10,7,4m7jL02,Immunoglobulin-like,Immunoglobulins,2.65,0.48,text 3d pdb,,
mers,2,60,40,10,7,4jfxA02,Immunoglobulin-like,Immunoglobulins,2.52,0.48,text 3d pdb,,
mers,2,60,40,10,7,3kymE02,Immunoglobulin-like,Immunoglobulins,2.49,0.48,text 3d pdb,,
mers,2,40,260,10,1,3tbeD00,Sortase; Chain: A;,Sortase,2.65,0.48,text 3d pdb,,
mers,2,60,40,10,7,4fg6F02,Immunoglobulin-like,Immunoglobulins,2.53,0.48,text 3d pdb,,
mers,3,30,70,330,79,4byeX00,Alpha-Beta Plaits,,2.56,0.48,text 3d pdb,,
mers,2,60,40,10,7,1um4L02,Immunoglobulin-like,Immunoglobulins,2.54,0.48,text 3d pdb,,
mers,2,40,260,10,12,3rccO00,Sortase; Chain: A;,Sortase,2.27,0.48,text 3d pdb,,
mers,3,30,70,330,79,4bycX00,Alpha-Beta Plaits,,2.56,0.48,text 3d pdb,,
mers,2,60,40,10,7,1yejL02,Immunoglobulin-like,Immunoglobulins,2.67,0.48,text 3d pdb,,
mers,2,40,260,10,1,3tbeA00,Sortase; Chain: A;,Sortase,1.99,0.48,text 3d pdb,,
mers,2,40,260,10,1,3tbeF00,Sortase; Chain: A;,Sortase,1.98,0.48,text 3d pdb,,
mers,3,40,50,150,165,3eeyD00,Rossmann fold,Vaccinia Virus protein VP39,2.9,0.48,text 3d pdb,,
mers,2,60,40,10,7,1uj3A02,Immunoglobulin-like,Immunoglobulins,2.54,0.47,text 3d pdb,,
mers,2,60,40,10,7,4m7zC02,Immunoglobulin-like,Immunoglobulins,2.59,0.47,text 3d pdb,,
mers,2,60,40,10,7,1d6vL02,Immunoglobulin-like,Immunoglobulins,2.55,0.47,text 3d pdb,,
mers,2,60,40,10,7,4xbpF02,Immunoglobulin-like,Immunoglobulins,2.54,0.47,text 3d pdb,,
mers,3,30,70,100,11,3trgA00,Alpha-Beta Plaits,,1.88,0.47,text 3d pdb,,
mers,2,40,260,10,1,4g1jA00,Sortase; Chain: A;,Sortase,1.98,0.47,text 3d pdb,,
mers,2,60,40,10,7,2hmiC02,Immunoglobulin-like,Immunoglobulins,2.66,0.47,text 3d pdb,,
mers,2,40,260,10,1,4g1hA00,Sortase; Chain: A;,Sortase,1.98,0.47,text 3d pdb,,
mers,2,60,40,10,7,1axsA02,Immunoglobulin-like,Immunoglobulins,2.68,0.47,text 3d pdb,,
mers,2,60,40,10,7,1yecL02,Immunoglobulin-like,Immunoglobulins,2.68,0.47,text 3d pdb,,
mers,2,60,40,10,7,1orqA02,Immunoglobulin-like,Immunoglobulins,2.78,0.47,text 3d pdb,,
mers,2,120,10,10,5,2hu4G00,Neuraminidase,,2.93,0.47,text 3d pdb,,
mers,3,30,1440,10,2,3d7aA01,50s Ribosomal Protein L5; Chain: A,,2.34,0.47,text 3d pdb,,
mers,2,60,40,10,7,1opgL02,Immunoglobulin-like,Immunoglobulins,2.67,0.47,text 3d pdb,,
mers,2,60,40,10,7,2fecO02,Immunoglobulin-like,Immunoglobulins,2.69,0.47,text 3d pdb,,
mers,2,60,40,10,7,2gsiE02,Immunoglobulin-like,Immunoglobulins,2.65,0.47,text 3d pdb,,
mers,2,60,40,10,7,1yehL02,Immunoglobulin-like,Immunoglobulins,2.66,0.47,text 3d pdb,,
mers,2,60,40,10,7,1fl3L02,Immunoglobulin-like,Immunoglobulins,2.34,0.47,text 3d pdb,,
mers,2,60,40,10,7,1iaiM02,Immunoglobulin-like,Immunoglobulins,2.68,0.47,text 3d pdb,,
mers,2,60,40,10,7,4gagL02,Immunoglobulin-like,Immunoglobulins,2.71,0.47,text 3d pdb,,
mers,2,60,40,10,7,5jorC02,Immunoglobulin-like,Immunoglobulins,2.73,0.47,text 3d pdb,,
mers,2,60,40,10,7,2z92B02,Immunoglobulin-like,Immunoglobulins,2.64,0.47,text 3d pdb,,
mers,2,60,40,10,7,2htlF02,Immunoglobulin-like,Immunoglobulins,2.64,0.47,text 3d pdb,,
mers,2,60,40,10,7,2r0zL02,Immunoglobulin-like,Immunoglobulins,2.6,0.47,text 3d pdb,,
mers,2,60,40,10,7,4r4nX02,Immunoglobulin-like,Immunoglobulins,2.59,0.47,text 3d pdb,,
mers,2,120,10,10,5,4d8sA00,Neuraminidase,,2.65,0.47,text 3d pdb,,
mers,2,60,40,10,7,1k6qL02,Immunoglobulin-like,Immunoglobulins,2.8,0.47,text 3d pdb,,
mers,2,60,40,10,7,4m93L02,Immunoglobulin-like,Immunoglobulins,2.62,0.47,text 3d pdb,,
mers,2,60,40,10,7,5eziL02,Immunoglobulin-like,Immunoglobulins,2.66,0.47,text 3d pdb,,
mers,2,60,40,10,7,4qwwE02,Immunoglobulin-like,Immunoglobulins,2.65,0.47,text 3d pdb,,
mers,2,60,40,10,7,2ny5L02,Immunoglobulin-like,Immunoglobulins,2.56,0.47,text 3d pdb,,
mers,2,60,40,10,7,4ffwL02,Immunoglobulin-like,Immunoglobulins,1.97,0.47,text 3d pdb,,
mers,2,60,40,10,7,1f58L02,Immunoglobulin-like,Immunoglobulins,2.64,0.47,text 3d pdb,,
mers,2,60,40,10,7,5cp7G02,Immunoglobulin-like,Immunoglobulins,2.37,0.47,text 3d pdb,,
mers,3,30,310,50,6,2dkdA03,TATA-Binding Protein,Alpha-D-phosphohexomutase C-terminal domain,2.39,0.47,text 3d pdb,,
mers,2,60,40,10,7,4qwwC02,Immunoglobulin-like,Immunoglobulins,2.65,0.47,text 3d pdb,,
mers,2,60,40,10,7,1l7tL02,Immunoglobulin-like,Immunoglobulins,2.74,0.47,text 3d pdb,,
mers,2,40,260,10,1,3tbeB00,Sortase; Chain: A;,Sortase,1.99,0.47,text 3d pdb,,
mers,2,60,40,10,7,1p7kA02,Immunoglobulin-like,Immunoglobulins,2.68,0.47,text 3d pdb,,
mers,2,60,40,10,7,4m7zL02,Immunoglobulin-like,Immunoglobulins,2.6,0.47,text 3d pdb,,
mers,2,60,40,10,7,4hihA02,Immunoglobulin-like,Immunoglobulins,2.52,0.47,text 3d pdb,,
mers,2,60,40,10,7,4bz1L02,Immunoglobulin-like,Immunoglobulins,2.7,0.47,text 3d pdb,,
mers,2,60,40,10,7,5eu7C02,Immunoglobulin-like,Immunoglobulins,2.52,0.47,text 3d pdb,,
mers,2,60,40,10,7,4ki5D02,Immunoglobulin-like,Immunoglobulins,2.69,0.47,text 3d pdb,,
mers,2,60,40,10,7,1blnA02,Immunoglobulin-like,Immunoglobulins,2.49,0.47,text 3d pdb,,
mers,2,60,40,10,7,1ghfL02,Immunoglobulin-like,Immunoglobulins,2.66,0.47,text 3d pdb,,
mers,2,120,10,10,5,4k1jA00,Neuraminidase,,2.98,0.47,text 3d pdb,,
mers,2,60,40,10,7,2fd6L02,Immunoglobulin-like,Immunoglobulins,2.69,0.47,text 3d pdb,,
mers,2,60,40,10,7,4x0kB02,Immunoglobulin-like,Immunoglobulins,2.54,0.47,text 3d pdb,,
mers,2,60,40,10,7,4jg0L02,Immunoglobulin-like,Immunoglobulins,2.71,0.47,text 3d pdb,,
mers,2,70,98,90,1,3wvfA01,Beta-galactosidase; Chain A domain 5,,2.65,0.47,text 3d pdb,,
mers,2,60,40,10,7,1ifhL02,Immunoglobulin-like,Immunoglobulins,2.65,0.47,text 3d pdb,,
mers,2,60,40,10,7,1n7mH02,Immunoglobulin-like,Immunoglobulins,2.54,0.47,text 3d pdb,,
mers,2,60,40,10,7,1blnC02,Immunoglobulin-like,Immunoglobulins,2.5,0.47,text 3d pdb,,
mers,2,120,10,10,5,4gzwC00,Neuraminidase,,2.7,0.47,text 3d pdb,,
mers,2,60,40,10,7,3ra7L02,Immunoglobulin-like,Immunoglobulins,2.61,0.47,text 3d pdb,,
mers,2,60,40,10,7,2bocB02,Immunoglobulin-like,Immunoglobulins,2.61,0.47,text 3d pdb,,
mers,2,60,40,10,7,4tqeL02,Immunoglobulin-like,Immunoglobulins,2.64,0.47,text 3d pdb,,
mers,3,30,70,330,79,5dm7Q00,Alpha-Beta Plaits,,2.45,0.47,text 3d pdb,,
mers,2,60,40,10,7,4oiiL02,Immunoglobulin-like,Immunoglobulins,2.73,0.47,text 3d pdb,,
mers,2,60,40,10,7,3fo9L02,Immunoglobulin-like,Immunoglobulins,2.71,0.47,text 3d pdb,,
mers,2,60,40,10,7,1q9oA02,Immunoglobulin-like,Immunoglobulins,2.73,0.47,text 3d pdb,,
mers,2,60,40,10,7,4oiiM02,Immunoglobulin-like,Immunoglobulins,2.73,0.47,text 3d pdb,,
mers,3,40,50,150,165,3eeyI00,Rossmann fold,Vaccinia Virus protein VP39,2.69,0.47,text 3d pdb,,
mers,2,60,40,10,7,5dd1L02,Immunoglobulin-like,Immunoglobulins,2.55,0.47,text 3d pdb,,
mers,2,60,40,10,7,1xf3A02,Immunoglobulin-like,Immunoglobulins,2.49,0.47,text 3d pdb,,
mers,2,60,40,10,7,4r4nR02,Immunoglobulin-like,Immunoglobulins,2.61,0.47,text 3d pdb,,
mers,3,30,70,330,79,4g5uT00,Alpha-Beta Plaits,,2.58,0.47,text 3d pdb,,
mers,2,60,40,10,7,5hd8D02,Immunoglobulin-like,Immunoglobulins,2.69,0.47,text 3d pdb,,
mers,2,60,40,10,7,4ogxL02,Immunoglobulin-like,Immunoglobulins,2.71,0.47,text 3d pdb,,
mers,2,60,40,10,7,5h35I02,Immunoglobulin-like,Immunoglobulins,2.74,0.47,text 3d pdb,,
mers,2,60,40,10,7,2eh7L02,Immunoglobulin-like,Immunoglobulins,2.54,0.47,text 3d pdb,,
mers,2,60,40,10,7,1mhpL02,Immunoglobulin-like,Immunoglobulins,2.59,0.47,text 3d pdb,,
mers,2,40,260,10,1,2w1jB00,Sortase; Chain: A;,Sortase,2.03,0.47,text 3d pdb,,
mers,2,60,40,10,7,4q9rL02,Immunoglobulin-like,Immunoglobulins,2.78,0.47,text 3d pdb,,
mers,2,60,40,10,7,1i8mL02,Immunoglobulin-like,Immunoglobulins,2.71,0.47,text 3d pdb,,
mers,2,60,40,10,7,4mhhK02,Immunoglobulin-like,Immunoglobulins,2.69,0.47,text 3d pdb,,
mers,2,60,40,10,7,3eysL02,Immunoglobulin-like,Immunoglobulins,2.68,0.47,text 3d pdb,,
mers,2,60,40,10,7,4hihC02,Immunoglobulin-like,Immunoglobulins,2.55,0.47,text 3d pdb,,
mers,2,60,40,10,7,2ok0L02,Immunoglobulin-like,Immunoglobulins,2.65,0.47,text 3d pdb,,
mers,2,60,40,10,7,4lqfL02,Immunoglobulin-like,Immunoglobulins,2.71,0.47,text 3d pdb,,
mers,2,60,40,10,7,5dd3L02,Immunoglobulin-like,Immunoglobulins,2.56,0.47,text 3d pdb,,
mers,2,40,260,10,1,2wtsA00,Sortase; Chain: A;,Sortase,2.05,0.47,text 3d pdb,,
mers,2,60,40,10,7,2aabL02,Immunoglobulin-like,Immunoglobulins,2.68,0.47,text 3d pdb,,
mers,2,60,40,10,7,4r4nL02,Immunoglobulin-like,Immunoglobulins,2.61,0.47,text 3d pdb,,
mers,3,30,70,330,79,2wh2X00,Alpha-Beta Plaits,,2.58,0.47,text 3d pdb,,
mers,2,60,40,10,7,3cfbA02,Immunoglobulin-like,Immunoglobulins,2.67,0.47,text 3d pdb,,
mers,2,60,40,10,7,4gayB02,Immunoglobulin-like,Immunoglobulins,2.7,0.47,text 3d pdb,,
mers,2,60,40,10,7,1igiL02,Immunoglobulin-like,Immunoglobulins,2.61,0.47,text 3d pdb,,
mers,2,60,40,10,7,2dwdB02,Immunoglobulin-like,Immunoglobulins,2.62,0.47,text 3d pdb,,
mers,2,60,40,10,7,25c8L02,Immunoglobulin-like,Immunoglobulins,2.68,0.47,text 3d pdb,,
mers,3,30,70,330,79,3kniX00,Alpha-Beta Plaits,,2.52,0.47,text 3d pdb,,
mers,2,60,40,10,7,1cicC02,Immunoglobulin-like,Immunoglobulins,2.68,0.47,text 3d pdb,,
mers,2,60,40,10,7,2ojzM02,Immunoglobulin-like,Immunoglobulins,2.66,0.47,text 3d pdb,,
mers,3,30,1140,40,1,1xdxB01,Ribosomal protein S3 C-terminal domain,,2.49,0.47,text 3d pdb,,
mers,3,30,1140,40,1,1xdxA01,Ribosomal protein S3 C-terminal domain,,2.49,0.47,text 3d pdb,,
mers,3,60,120,10,1,2fn1B00,Anthranilate synthase,Anthranilate synthase,2.33,0.47,text 3d pdb,,
mers,2,60,40,10,7,2ojzL02,Immunoglobulin-like,Immunoglobulins,2.67,0.47,text 3d pdb,,
mers,2,60,40,10,7,3ze0L02,Immunoglobulin-like,Immunoglobulins,2.67,0.47,text 3d pdb,,
mers,2,60,40,10,7,3v0wL02,Immunoglobulin-like,Immunoglobulins,2.72,0.47,text 3d pdb,,
mers,2,60,40,10,7,4qthB02,Immunoglobulin-like,Immunoglobulins,2.73,0.47,text 3d pdb,,
mers,2,60,40,10,7,1qbmL02,Immunoglobulin-like,Immunoglobulins,2.67,0.47,text 3d pdb,,
mers,2,50,20,10,5,2w7qA00,outer membrane lipoprotein receptor (LolB) chain A,Lipoprotein localisation LolA/LolB/LppX,2.82,0.47,text 3d pdb,,
mers,3,30,70,330,79,2wh4X00,Alpha-Beta Plaits,,2.58,0.47,text 3d pdb,,
mers,2,60,40,10,7,2d03L02,Immunoglobulin-like,Immunoglobulins,2.73,0.47,text 3d pdb,,
mers,2,60,40,10,7,3clfL02,Immunoglobulin-like,Immunoglobulins,2.67,0.47,text 3d pdb,,
mers,2,60,40,10,7,5h35G02,Immunoglobulin-like,Immunoglobulins,2.68,0.47,text 3d pdb,,
mers,2,60,40,10,7,3sdyL02,Immunoglobulin-like,Immunoglobulins,2.73,0.47,text 3d pdb,,
mers,2,60,40,10,7,1s5iL02,Immunoglobulin-like,Immunoglobulins,2.69,0.47,text 3d pdb,,
mers,2,60,40,10,7,3gi9L02,Immunoglobulin-like,Immunoglobulins,2.72,0.47,text 3d pdb,,
mers,2,60,40,10,7,4nryB02,Immunoglobulin-like,Immunoglobulins,2.45,0.47,text 3d pdb,,
mers,2,60,40,10,7,1c5dA02,Immunoglobulin-like,Immunoglobulins,2.65,0.47,text 3d pdb,,
mers,2,60,40,10,7,4jfxL02,Immunoglobulin-like,Immunoglobulins,2.71,0.47,text 3d pdb,,
mers,2,60,40,10,7,2r1wA02,Immunoglobulin-like,Immunoglobulins,2.22,0.47,text 3d pdb,,
mers,2,60,40,10,7,3g5xC02,Immunoglobulin-like,Immunoglobulins,2.68,0.47,text 3d pdb,,
mers,2,60,40,10,7,2ak1L02,Immunoglobulin-like,Immunoglobulins,2.71,0.47,text 3d pdb,,
mers,2,60,40,10,7,3g5yA02,Immunoglobulin-like,Immunoglobulins,2.66,0.47,text 3d pdb,,
mers,2,120,10,10,5,2hu4A00,Neuraminidase,,2.95,0.47,text 3d pdb,,
mers,2,60,40,10,7,4kvcL02,Immunoglobulin-like,Immunoglobulins,2.71,0.47,text 3d pdb,,
mers,2,60,40,10,7,1otsF02,Immunoglobulin-like,Immunoglobulins,2.66,0.47,text 3d pdb,,
mers,2,120,10,10,5,4gztC00,Neuraminidase,,3.36,0.47,text 3d pdb,,
mers,2,60,40,10,7,4jpvL02,Immunoglobulin-like,Immunoglobulins,2.74,0.47,text 3d pdb,,
mers,2,60,40,10,7,2r9hF02,Immunoglobulin-like,Immunoglobulins,2.7,0.47,text 3d pdb,,
mers,2,60,40,10,7,4z7nF02,Immunoglobulin-like,Immunoglobulins,2.68,0.47,text 3d pdb,,
mers,2,60,40,10,7,1zlsL02,Immunoglobulin-like,Immunoglobulins,2.67,0.47,text 3d pdb,,
mers,2,60,40,10,7,3opzN02,Immunoglobulin-like,Immunoglobulins,2.68,0.47,text 3d pdb,,
mers,2,60,40,10,7,4odwB02,Immunoglobulin-like,Immunoglobulins,2.76,0.47,text 3d pdb,,
mers,3,30,70,920,2,2efqA02,Alpha-Beta Plaits,,2.39,0.47,text 3d pdb,,
mers,2,60,40,10,7,4kjpF02,Immunoglobulin-like,Immunoglobulins,2.7,0.47,text 3d pdb,,
mers,2,60,40,10,7,5sx4L02,Immunoglobulin-like,Immunoglobulins,2.73,0.47,text 3d pdb,,
mers,2,60,40,10,7,1v7nN02,Immunoglobulin-like,Immunoglobulins,2.68,0.47,text 3d pdb,,
mers,2,60,40,10,7,1ynlL02,Immunoglobulin-like,Immunoglobulins,2.73,0.47,text 3d pdb,,
mers,2,60,40,10,7,3rvwC02,Immunoglobulin-like,Immunoglobulins,2.73,0.47,text 3d pdb,,
mers,2,60,40,10,7,2r0wL02,Immunoglobulin-like,Immunoglobulins,2.72,0.47,text 3d pdb,,
mers,2,60,40,10,7,4r4nU02,Immunoglobulin-like,Immunoglobulins,2.6,0.47,text 3d pdb,,
mers,2,60,40,10,7,5t1kC02,Immunoglobulin-like,Immunoglobulins,2.72,0.47,text 3d pdb,,
mers,2,60,40,10,7,1himH02,Immunoglobulin-like,Immunoglobulins,2.66,0.47,text 3d pdb,,
mers,2,60,40,10,7,4xcyK02,Immunoglobulin-like,Immunoglobulins,2.97,0.47,text 3d pdb,,
mers,2,60,40,10,7,1c5bL02,Immunoglobulin-like,Immunoglobulins,2.57,0.47,text 3d pdb,,
mers,2,60,40,10,7,4zsoA02,Immunoglobulin-like,Immunoglobulins,2.76,0.47,text 3d pdb,,
mers,2,60,40,10,7,2ai0M02,Immunoglobulin-like,Immunoglobulins,2.83,0.47,text 3d pdb,,
mers,2,60,40,10,7,5dmiL02,Immunoglobulin-like,Immunoglobulins,2.76,0.47,text 3d pdb,,
mers,2,60,40,10,7,1q9wC02,Immunoglobulin-like,Immunoglobulins,2.76,0.47,text 3d pdb,,
mers,2,120,10,10,5,4k1iA00,Neuraminidase,,2.97,0.47,text 3d pdb,,
mers,2,60,40,10,7,4idjL02,Immunoglobulin-like,Immunoglobulins,2.73,0.47,text 3d pdb,,
mers,2,120,10,10,5,4k1kB00,Neuraminidase,,3,0.47,text 3d pdb,,
mers,2,60,40,10,7,3o45B02,Immunoglobulin-like,Immunoglobulins,2.72,0.47,text 3d pdb,,
mers,2,60,40,10,7,4mxvX02,Immunoglobulin-like,Immunoglobulins,2.7,0.47,text 3d pdb,,
mers,2,40,260,10,1,2wtsB00,Sortase; Chain: A;,Sortase,2.03,0.47,text 3d pdb,,
mers,2,60,40,10,7,5a3iH02,Immunoglobulin-like,Immunoglobulins,2.74,0.47,text 3d pdb,,
mers,2,60,40,10,7,2gfbK02,Immunoglobulin-like,Immunoglobulins,2.68,0.47,text 3d pdb,,
mers,2,120,10,10,5,3tiaA00,Neuraminidase,,2.71,0.47,text 3d pdb,,
mers,2,120,10,10,5,4k1iB00,Neuraminidase,,2.96,0.47,text 3d pdb,,
mers,2,60,40,10,7,3bgfL02,Immunoglobulin-like,Immunoglobulins,2.71,0.47,text 3d pdb,,
mers,2,60,40,10,7,3hc4L02,Immunoglobulin-like,Immunoglobulins,2.72,0.47,text 3d pdb,,
mers,2,60,40,10,7,4hxaL02,Immunoglobulin-like,Immunoglobulins,2.71,0.47,text 3d pdb,,
mers,2,60,40,10,7,1himJ02,Immunoglobulin-like,Immunoglobulins,2.68,0.47,text 3d pdb,,
mers,2,60,40,10,7,3r06A02,Immunoglobulin-like,Immunoglobulins,2.62,0.47,text 3d pdb,,
mers,2,60,40,10,7,2htkD02,Immunoglobulin-like,Immunoglobulins,2.73,0.47,text 3d pdb,,
mers,2,60,40,10,7,3ifoL02,Immunoglobulin-like,Immunoglobulins,2.66,0.47,text 3d pdb,,
mers,2,60,40,10,7,3opzM02,Immunoglobulin-like,Immunoglobulins,2.67,0.47,text 3d pdb,,
mers,2,60,40,10,7,3vi3E02,Immunoglobulin-like,Immunoglobulins,2.7,0.47,text 3d pdb,,
mers,2,60,40,10,7,3t3mF02,Immunoglobulin-like,Immunoglobulins,2.69,0.47,text 3d pdb,,
mers,2,60,40,10,7,3zdzL02,Immunoglobulin-like,Immunoglobulins,2.67,0.47,text 3d pdb,,
mers,2,60,40,10,7,1u6aL02,Immunoglobulin-like,Immunoglobulins,2.7,0.47,text 3d pdb,,
mers,2,60,40,10,7,4ogyN02,Immunoglobulin-like,Immunoglobulins,2.72,0.47,text 3d pdb,,
mers,2,60,40,10,7,3i02C02,Immunoglobulin-like,Immunoglobulins,2.45,0.47,text 3d pdb,,
mers,2,60,40,10,7,3i9gL02,Immunoglobulin-like,Immunoglobulins,2.72,0.47,text 3d pdb,,
mers,3,30,310,50,6,2dkcA03,TATA-Binding Protein,Alpha-D-phosphohexomutase C-terminal domain,1.9,0.47,text 3d pdb,,
mers,2,60,40,10,7,2gfbO02,Immunoglobulin-like,Immunoglobulins,2.68,0.47,text 3d pdb,,
mers,2,60,40,10,7,5fuoL02,Immunoglobulin-like,Immunoglobulins,2.7,0.47,text 3d pdb,,
mers,2,60,40,10,7,4u1gF02,Immunoglobulin-like,Immunoglobulins,2.72,0.47,text 3d pdb,,
mers,2,60,40,10,7,1mamL02,Immunoglobulin-like,Immunoglobulins,2.69,0.47,text 3d pdb,,
mers,2,60,40,10,7,3oz9L02,Immunoglobulin-like,Immunoglobulins,2.72,0.47,text 3d pdb,,
mers,2,120,10,10,5,4k1hA00,Neuraminidase,,2.96,0.47,text 3d pdb,,
mers,2,60,40,10,7,4kk9D02,Immunoglobulin-like,Immunoglobulins,2.7,0.47,text 3d pdb,,
mers,2,60,40,10,7,1bafL02,Immunoglobulin-like,Immunoglobulins,2.66,0.47,text 3d pdb,,
mers,2,60,40,10,7,4nrxE02,Immunoglobulin-like,Immunoglobulins,2.67,0.47,text 3d pdb,,
mers,2,60,40,150,37,4kitB06,Immunoglobulin-like,C2 domain,2.19,0.47,text 3d pdb,,
mers,2,120,10,10,5,4gzqA00,Neuraminidase,,2.69,0.47,text 3d pdb,,
mers,2,60,40,10,7,1y0lE02,Immunoglobulin-like,Immunoglobulins,2.72,0.47,text 3d pdb,,
mers,2,60,40,10,7,2htkF02,Immunoglobulin-like,Immunoglobulins,2.73,0.47,text 3d pdb,,
mers,2,60,40,10,7,1gpoM02,Immunoglobulin-like,Immunoglobulins,2.41,0.47,text 3d pdb,,
mers,2,60,40,10,7,4kkcF02,Immunoglobulin-like,Immunoglobulins,2.7,0.47,text 3d pdb,,
mers,3,30,70,330,79,4btdX00,Alpha-Beta Plaits,,2.55,0.47,text 3d pdb,,
mers,2,60,40,10,7,3uluE02,Immunoglobulin-like,Immunoglobulins,2.65,0.47,text 3d pdb,,
mers,2,60,40,10,7,1y18A02,Immunoglobulin-like,Immunoglobulins,2.7,0.47,text 3d pdb,,
mers,2,60,40,10,7,3bpcA02,Immunoglobulin-like,Immunoglobulins,2.23,0.47,text 3d pdb,,
mers,3,30,70,330,79,2wdnX00,Alpha-Beta Plaits,,2.58,0.47,text 3d pdb,,
mers,2,60,40,10,7,5mi0C02,Immunoglobulin-like,Immunoglobulins,2.71,0.47,text 3d pdb,,
mers,2,120,10,10,5,4k1hB00,Neuraminidase,,2.96,0.47,text 3d pdb,,
mers,2,120,10,10,5,4h53C00,Neuraminidase,,2.96,0.47,text 3d pdb,,
mers,2,120,10,10,5,4k1kA00,Neuraminidase,,2.77,0.47,text 3d pdb,,
mers,2,60,40,10,7,4yhzL02,Immunoglobulin-like,Immunoglobulins,2.78,0.47,text 3d pdb,,
mers,2,60,40,10,7,4dgiL02,Immunoglobulin-like,Immunoglobulins,2.73,0.47,text 3d pdb,,
mers,3,30,70,330,79,2wdlX00,Alpha-Beta Plaits,,2.58,0.47,text 3d pdb,,
mers,2,60,40,10,7,4r4bL02,Immunoglobulin-like,Immunoglobulins,2.56,0.47,text 3d pdb,,
mers,2,60,40,10,7,1xgqA02,Immunoglobulin-like,Immunoglobulins,2.66,0.47,text 3d pdb,,
mers,2,60,40,10,7,3vw3L02,Immunoglobulin-like,Immunoglobulins,2.78,0.47,text 3d pdb,,
mers,2,40,260,10,2,3fn7A00,Sortase; Chain: A;,Sortase,2.31,0.47,text 3d pdb,,
mers,2,60,40,10,7,5iczA02,Immunoglobulin-like,Immunoglobulins,2.75,0.47,text 3d pdb,,
mers,2,60,40,10,7,2gfbI02,Immunoglobulin-like,Immunoglobulins,2.69,0.47,text 3d pdb,,
mers,3,30,70,920,2,2efoA02,Alpha-Beta Plaits,,2.4,0.47,text 3d pdb,,
mers,2,120,10,10,5,4h52A00,Neuraminidase,,3.01,0.47,text 3d pdb,,
mers,2,60,40,10,7,5ivzA02,Immunoglobulin-like,Immunoglobulins,2.76,0.47,text 3d pdb,,
mers,2,60,40,10,7,1y0lA02,Immunoglobulin-like,Immunoglobulins,2.72,0.47,text 3d pdb,,
mers,2,60,40,10,7,3stzB02,Immunoglobulin-like,Immunoglobulins,2.61,0.47,text 3d pdb,,
mers,2,60,40,10,7,2ddqL02,Immunoglobulin-like,Immunoglobulins,2.69,0.47,text 3d pdb,,
mers,2,60,40,10,7,3zdxL02,Immunoglobulin-like,Immunoglobulins,2.67,0.47,text 3d pdb,,
mers,2,60,40,10,7,5h35B02,Immunoglobulin-like,Immunoglobulins,2.71,0.47,text 3d pdb,,
mers,2,60,40,10,7,3w9dD02,Immunoglobulin-like,Immunoglobulins,2.7,0.47,text 3d pdb,,
mers,2,60,40,10,7,5kvfL02,Immunoglobulin-like,Immunoglobulins,2.74,0.47,text 3d pdb,,
mers,2,60,40,10,7,4oz4L02,Immunoglobulin-like,Immunoglobulins,2.71,0.47,text 3d pdb,,
mers,2,60,40,10,7,3ifoB02,Immunoglobulin-like,Immunoglobulins,2.73,0.47,text 3d pdb,,
mers,2,60,40,10,7,3sgdL02,Immunoglobulin-like,Immunoglobulins,2.75,0.47,text 3d pdb,,
mers,2,60,40,10,7,1vgeL02,Immunoglobulin-like,Immunoglobulins,2.42,0.47,text 3d pdb,,
mers,2,60,40,10,7,3q3gF02,Immunoglobulin-like,Immunoglobulins,2.67,0.47,text 3d pdb,,
mers,2,60,40,10,7,5bmfL02,Immunoglobulin-like,Immunoglobulins,2.75,0.47,text 3d pdb,,
mers,2,60,40,10,7,3qctL02,Immunoglobulin-like,Immunoglobulins,2.64,0.47,text 3d pdb,,
mers,2,60,40,10,7,3r06E02,Immunoglobulin-like,Immunoglobulins,2.61,0.47,text 3d pdb,,
mers,2,60,40,10,7,3r06L02,Immunoglobulin-like,Immunoglobulins,2.62,0.47,text 3d pdb,,
mers,3,30,70,330,79,2y11X00,Alpha-Beta Plaits,,2.56,0.47,text 3d pdb,,
mers,3,30,70,330,93,4wfbQ00,Alpha-Beta Plaits,,2.38,0.47,text 3d pdb,,
mers,2,60,40,10,7,1wcbA02,Immunoglobulin-like,Immunoglobulins,2.67,0.47,text 3d pdb,,
mers,2,60,40,10,7,4k7pL02,Immunoglobulin-like,Immunoglobulins,2.43,0.47,text 3d pdb,,
mers,2,60,40,10,7,4mhhL02,Immunoglobulin-like,Immunoglobulins,2.7,0.47,text 3d pdb,,
mers,3,30,70,330,79,2x9sX00,Alpha-Beta Plaits,,2.63,0.47,text 3d pdb,,
mers,2,60,40,10,7,3gk8L02,Immunoglobulin-like,Immunoglobulins,2.61,0.47,text 3d pdb,,
mers,2,60,40,10,7,2wucL02,Immunoglobulin-like,Immunoglobulins,2.75,0.47,text 3d pdb,,
mers,2,40,70,10,18,3q5hB01,Cathepsin D subunit A; domain 1,Acid Proteases,2.74,0.47,text 3d pdb,,
mers,3,30,70,330,79,4rbiX00,Alpha-Beta Plaits,,2.59,0.47,text 3d pdb,,
mers,2,60,40,10,7,4gmsL02,Immunoglobulin-like,Immunoglobulins,2.71,0.47,text 3d pdb,,
mers,2,60,40,10,7,4ffzL02,Immunoglobulin-like,Immunoglobulins,2.79,0.47,text 3d pdb,,
mers,3,30,70,330,79,2x9uX00,Alpha-Beta Plaits,,2.63,0.47,text 3d pdb,,
mers,2,60,40,10,7,3r1gL02,Immunoglobulin-like,Immunoglobulins,2.72,0.47,text 3d pdb,,
mers,2,60,40,10,7,1mlcA02,Immunoglobulin-like,Immunoglobulins,2.69,0.47,text 3d pdb,,
mers,2,60,40,10,7,3o6mL02,Immunoglobulin-like,Immunoglobulins,2.75,0.47,text 3d pdb,,
mers,3,30,70,330,79,4ejcX00,Alpha-Beta Plaits,,2.61,0.47,text 3d pdb,,
mers,2,60,40,10,7,4rrpD02,Immunoglobulin-like,Immunoglobulins,2.72,0.47,text 3d pdb,,
mers,3,30,70,330,79,3zn9X00,Alpha-Beta Plaits,,2.61,0.47,text 3d pdb,,
mers,2,60,40,10,7,1ndgA02,Immunoglobulin-like,Immunoglobulins,2.66,0.47,text 3d pdb,,
mers,3,30,70,1710,6,4ddfF01,Alpha-Beta Plaits,,2.58,0.47,text 3d pdb,,
mers,2,60,40,10,7,2q76C02,Immunoglobulin-like,Immunoglobulins,2.75,0.47,text 3d pdb,,
mers,3,30,70,330,79,4qczX00,Alpha-Beta Plaits,,2.57,0.47,text 3d pdb,,
mers,2,60,40,10,7,5tf1L02,Immunoglobulin-like,Immunoglobulins,2.75,0.47,text 3d pdb,,
mers,2,60,40,10,7,3detD02,Immunoglobulin-like,Immunoglobulins,2.69,0.47,text 3d pdb,,
mers,2,60,40,10,7,2r23A02,Immunoglobulin-like,Immunoglobulins,2.42,0.47,text 3d pdb,,
mers,2,60,40,10,7,4yhpB02,Immunoglobulin-like,Immunoglobulins,2.73,0.47,text 3d pdb,,
mers,2,60,40,10,7,4ffzY02,Immunoglobulin-like,Immunoglobulins,2.79,0.47,text 3d pdb,,
mers,2,60,40,10,7,1rhhA02,Immunoglobulin-like,Immunoglobulins,2.71,0.47,text 3d pdb,,
mers,2,60,40,10,7,2i60Q02,Immunoglobulin-like,Immunoglobulins,2.74,0.47,text 3d pdb,,
mers,3,30,70,330,79,2y0vX00,Alpha-Beta Plaits,,2.63,0.47,text 3d pdb,,
mers,2,60,40,10,7,2i9lE02,Immunoglobulin-like,Immunoglobulins,2.71,0.47,text 3d pdb,,
mers,2,60,40,10,7,1nbyA02,Immunoglobulin-like,Immunoglobulins,2.68,0.47,text 3d pdb,,
mers,3,30,70,330,79,3zneX00,Alpha-Beta Plaits,,2.61,0.47,text 3d pdb,,
mers,2,60,40,10,7,3q3gJ02,Immunoglobulin-like,Immunoglobulins,2.66,0.47,text 3d pdb,,
mers,2,60,40,10,7,2hlfF02,Immunoglobulin-like,Immunoglobulins,2.71,0.47,text 3d pdb,,
mers,3,40,640,10,103,4piwA01,Aspartate Aminotransferase; domain 2,Type I PLP-dependent aspartate aminotransferase-like (Major domain),2.82,0.47,text 3d pdb,,
mers,3,30,70,330,79,3v27X00,Alpha-Beta Plaits,,2.57,0.47,text 3d pdb,,
mers,2,60,40,10,7,4zykB02,Immunoglobulin-like,Immunoglobulins,2.74,0.47,text 3d pdb,,
mers,2,60,40,10,7,2i5yQ02,Immunoglobulin-like,Immunoglobulins,2.73,0.47,text 3d pdb,,
mers,2,60,40,10,7,4xzuB02,Immunoglobulin-like,Immunoglobulins,2.75,0.47,text 3d pdb,,
mers,3,30,70,330,79,4wweX00,Alpha-Beta Plaits,,2.62,0.47,text 3d pdb,,
mers,2,60,40,10,7,5ff6A02,Immunoglobulin-like,Immunoglobulins,2.73,0.47,text 3d pdb,,
mers,2,60,40,10,7,1uwgL02,Immunoglobulin-like,Immunoglobulins,2.74,0.47,text 3d pdb,,
mers,2,60,40,10,7,2i9lA02,Immunoglobulin-like,Immunoglobulins,2.72,0.47,text 3d pdb,,
mers,2,60,40,10,7,2gfbE02,Immunoglobulin-like,Immunoglobulins,2.69,0.47,text 3d pdb,,
mers,2,60,40,10,7,1igtC02,Immunoglobulin-like,Immunoglobulins,2.84,0.47,text 3d pdb,,
mers,2,60,40,10,7,1igfL02,Immunoglobulin-like,Immunoglobulins,2.81,0.47,text 3d pdb,,
mers,2,60,40,10,7,3opzL02,Immunoglobulin-like,Immunoglobulins,2.7,0.47,text 3d pdb,,
mers,3,30,70,330,79,2y0xX00,Alpha-Beta Plaits,,2.63,0.47,text 3d pdb,,
mers,3,30,70,330,79,3v29X00,Alpha-Beta Plaits,,2.58,0.47,text 3d pdb,,
mers,3,30,70,330,79,4wwtX00,Alpha-Beta Plaits,,2.63,0.47,text 3d pdb,,
mers,3,40,640,10,103,4piwG01,Aspartate Aminotransferase; domain 2,Type I PLP-dependent aspartate aminotransferase-like (Major domain),2.85,0.47,text 3d pdb,,
mers,2,60,40,10,7,2r1yA02,Immunoglobulin-like,Immunoglobulins,2.42,0.47,text 3d pdb,,
mers,2,60,40,10,7,1a5fL02,Immunoglobulin-like,Immunoglobulins,2.65,0.47,text 3d pdb,,
mers,2,60,40,10,7,3iu3B02,Immunoglobulin-like,Immunoglobulins,2.73,0.47,text 3d pdb,,
mers,3,30,70,330,79,2y17X00,Alpha-Beta Plaits,,2.59,0.47,text 3d pdb,,
mers,3,30,70,330,79,2xg0X00,Alpha-Beta Plaits,,2.61,0.47,text 3d pdb,,
mers,3,30,70,1710,6,4ddfH01,Alpha-Beta Plaits,,2.58,0.47,text 3d pdb,,
mers,2,60,40,10,7,3q3gC02,Immunoglobulin-like,Immunoglobulins,2.67,0.47,text 3d pdb,,
mers,2,60,40,10,7,1mrfL02,Immunoglobulin-like,Immunoglobulins,2.74,0.47,text 3d pdb,,
mers,3,30,70,1710,6,4ddfE01,Alpha-Beta Plaits,,2.58,0.47,text 3d pdb,,
mers,3,30,2190,10,1,2gukB00,PG1857-like,PG1857-like,2.04,0.47,text 3d pdb,,
mers,3,60,10,10,5,4b5fA00,Deoxyribonuclease I; Chain A,Endonuclease/exonuclease/phosphatase,2.74,0.47,text 3d pdb,,
mers,3,30,70,330,79,2xg2X00,Alpha-Beta Plaits,,2.61,0.47,text 3d pdb,,
mers,2,60,40,10,7,4q5zL02,Immunoglobulin-like,Immunoglobulins,2.83,0.47,text 3d pdb,,
mers,2,60,40,10,7,1c5dL02,Immunoglobulin-like,Immunoglobulins,2.66,0.47,text 3d pdb,,
mers,3,30,70,330,93,4wfaQ00,Alpha-Beta Plaits,,2.33,0.47,text 3d pdb,,
mers,2,60,40,10,7,3csyF02,Immunoglobulin-like,Immunoglobulins,2.79,0.47,text 3d pdb,,
mers,2,60,40,10,7,3ubxL02,Immunoglobulin-like,Immunoglobulins,2.7,0.47,text 3d pdb,,
mers,2,60,40,10,7,3r06C02,Immunoglobulin-like,Immunoglobulins,2.63,0.47,text 3d pdb,,
mers,3,30,70,330,79,4rbkX00,Alpha-Beta Plaits,,2.59,0.47,text 3d pdb,,
mers,2,60,40,10,7,5e94C02,Immunoglobulin-like,Immunoglobulins,2.72,0.47,text 3d pdb,,
mers,2,60,40,10,7,4kzdL02,Immunoglobulin-like,Immunoglobulins,2.73,0.47,text 3d pdb,,
mers,2,60,40,10,7,4xp9L02,Immunoglobulin-like,Immunoglobulins,2.81,0.47,text 3d pdb,,
mers,2,60,40,10,7,5dd6B02,Immunoglobulin-like,Immunoglobulins,2.75,0.47,text 3d pdb,,
mers,2,60,40,10,7,5d1qA02,Immunoglobulin-like,Immunoglobulins,2.7,0.46,text 3d pdb,,
mers,2,60,40,10,7,4aehL02,Immunoglobulin-like,Immunoglobulins,2.7,0.46,text 3d pdb,,
mers,2,60,40,10,7,2vxqL02,Immunoglobulin-like,Immunoglobulins,2.78,0.46,text 3d pdb,,
mers,3,30,70,330,79,4rbeX00,Alpha-Beta Plaits,,2.57,0.46,text 3d pdb,,
mers,2,60,40,10,7,1y0lC02,Immunoglobulin-like,Immunoglobulins,2.72,0.46,text 3d pdb,,
mers,2,60,40,10,7,1nbzA02,Immunoglobulin-like,Immunoglobulins,2.67,0.46,text 3d pdb,,
mers,2,60,40,10,7,1bj1J02,Immunoglobulin-like,Immunoglobulins,2.76,0.46,text 3d pdb,,
mers,3,30,70,330,79,4rb6X00,Alpha-Beta Plaits,,2.59,0.46,text 3d pdb,,
mers,2,60,40,10,7,4xptL02,Immunoglobulin-like,Immunoglobulins,2.77,0.46,text 3d pdb,,
mers,2,60,40,10,7,5ikcA02,Immunoglobulin-like,Immunoglobulins,2.69,0.46,text 3d pdb,,
mers,3,30,70,330,79,4qcnX00,Alpha-Beta Plaits,,2.6,0.46,text 3d pdb,,
mers,2,40,260,10,1,2w1jA00,Sortase; Chain: A;,Sortase,2.26,0.46,text 3d pdb,,
mers,2,60,40,10,7,1yylL02,Immunoglobulin-like,Immunoglobulins,2.75,0.46,text 3d pdb,,
mers,2,60,40,10,7,2fedD02,Immunoglobulin-like,Immunoglobulins,2.75,0.46,text 3d pdb,,
mers,2,60,40,10,7,4r4bA02,Immunoglobulin-like,Immunoglobulins,2.73,0.46,text 3d pdb,,
mers,2,60,40,10,7,3qehF02,Immunoglobulin-like,Immunoglobulins,2.75,0.46,text 3d pdb,,
mers,2,60,40,10,7,1xgtA02,Immunoglobulin-like,Immunoglobulins,2.67,0.46,text 3d pdb,,
mers,2,60,40,10,7,4hgwA02,Immunoglobulin-like,Immunoglobulins,2.42,0.46,text 3d pdb,,
mers,2,60,40,10,7,3ubxI02,Immunoglobulin-like,Immunoglobulins,2.71,0.46,text 3d pdb,,
mers,2,60,40,10,7,4kkaD02,Immunoglobulin-like,Immunoglobulins,2.73,0.46,text 3d pdb,,
mers,3,30,70,1710,6,4ddfD01,Alpha-Beta Plaits,,2.59,0.46,text 3d pdb,,
mers,3,30,70,100,95,2lxfA00,Alpha-Beta Plaits,,2.21,0.46,text 3d pdb,,
mers,2,60,40,10,7,1xgrA02,Immunoglobulin-like,Immunoglobulins,2.66,0.46,text 3d pdb,,
mers,3,30,70,330,79,4nvzX00,Alpha-Beta Plaits,,2.58,0.46,text 3d pdb,,
mers,2,60,40,10,7,3ve0B02,Immunoglobulin-like,Immunoglobulins,2.7,0.46,text 3d pdb,,
mers,2,60,40,10,7,5te6L02,Immunoglobulin-like,Immunoglobulins,2.74,0.46,text 3d pdb,,
mers,2,60,40,10,7,1rziK02,Immunoglobulin-like,Immunoglobulins,2.77,0.46,text 3d pdb,,
mers,2,60,40,10,7,4fqlL02,Immunoglobulin-like,Immunoglobulins,2.77,0.46,text 3d pdb,,
mers,2,60,40,10,7,1fl5L02,Immunoglobulin-like,Immunoglobulins,2.75,0.46,text 3d pdb,,
mers,3,30,1440,10,3,2wnyB00,50s Ribosomal Protein L5; Chain: A,,3.03,0.46,text 3d pdb,,
mers,2,40,70,10,14,1fmxB01,Cathepsin D subunit A; domain 1,Acid Proteases,2.98,0.46,text 3d pdb,,
mers,3,30,70,330,79,4kd9X00,Alpha-Beta Plaits,,2.49,0.46,text 3d pdb,,
mers,2,60,40,10,7,1fl5A02,Immunoglobulin-like,Immunoglobulins,2.75,0.46,text 3d pdb,,
mers,2,60,40,10,7,3nzhL02,Immunoglobulin-like,Immunoglobulins,2.8,0.46,text 3d pdb,,
mers,2,60,40,10,7,1ncaL02,Immunoglobulin-like,Immunoglobulins,2.7,0.46,text 3d pdb,,
mers,2,60,40,10,7,2ny6C02,Immunoglobulin-like,Immunoglobulins,2.62,0.46,text 3d pdb,,
mers,2,60,40,10,7,2r2bA02,Immunoglobulin-like,Immunoglobulins,2.42,0.46,text 3d pdb,,
mers,2,70,98,90,1,3wvfB01,Beta-galactosidase; Chain A domain 5,,2.69,0.46,text 3d pdb,,
mers,2,60,40,10,7,1sbsL02,Immunoglobulin-like,Immunoglobulins,2.49,0.46,text 3d pdb,,
mers,3,30,70,330,79,2wdiX00,Alpha-Beta Plaits,,2.58,0.46,text 3d pdb,,
mers,3,30,70,330,79,3v6xX00,Alpha-Beta Plaits,,2.58,0.46,text 3d pdb,,
mers,2,60,40,10,7,4wfhD02,Immunoglobulin-like,Immunoglobulins,2.71,0.46,text 3d pdb,,
mers,3,30,70,330,79,3v6wX00,Alpha-Beta Plaits,,2.58,0.46,text 3d pdb,,
mers,2,60,40,10,7,3nidL02,Immunoglobulin-like,Immunoglobulins,2.69,0.46,text 3d pdb,,
mers,2,60,40,10,7,4wffD02,Immunoglobulin-like,Immunoglobulins,2.72,0.46,text 3d pdb,,
mers,3,30,70,330,79,4qd1X00,Alpha-Beta Plaits,,2.61,0.46,text 3d pdb,,
mers,3,30,70,330,79,4rbaX00,Alpha-Beta Plaits,,2.57,0.46,text 3d pdb,,
mers,2,60,40,10,7,2bobB02,Immunoglobulin-like,Immunoglobulins,2.67,0.46,text 3d pdb,,
mers,3,30,70,330,79,4rb8X00,Alpha-Beta Plaits,,2.57,0.46,text 3d pdb,,
mers,2,40,70,10,14,1fmxA01,Cathepsin D subunit A; domain 1,Acid Proteases,2.85,0.46,text 3d pdb,,
mers,2,60,40,10,7,4i3rL02,Immunoglobulin-like,Immunoglobulins,2.74,0.46,text 3d pdb,,
mers,2,60,40,10,7,4rgnL02,Immunoglobulin-like,Immunoglobulins,2.69,0.46,text 3d pdb,,
mers,2,60,40,10,7,4p9hL02,Immunoglobulin-like,Immunoglobulins,2.68,0.46,text 3d pdb,,
mers,3,30,70,1710,6,4ddfL01,Alpha-Beta Plaits,,2.6,0.46,text 3d pdb,,
mers,2,60,40,10,7,2b2xM02,Immunoglobulin-like,Immunoglobulins,2.73,0.46,text 3d pdb,,
mers,2,60,40,10,7,4mqxD02,Immunoglobulin-like,Immunoglobulins,2.71,0.46,text 3d pdb,,
mers,3,30,70,330,79,4qcvX00,Alpha-Beta Plaits,,2.59,0.46,text 3d pdb,,
mers,2,60,40,10,7,4g3yL02,Immunoglobulin-like,Immunoglobulins,2.74,0.46,text 3d pdb,,
mers,3,30,70,330,79,2wdjX00,Alpha-Beta Plaits,,2.58,0.46,text 3d pdb,,
mers,2,60,40,10,7,1y0lL02,Immunoglobulin-like,Immunoglobulins,2.72,0.46,text 3d pdb,,
mers,2,60,40,10,7,3jwdO02,Immunoglobulin-like,Immunoglobulins,2.74,0.46,text 3d pdb,,
mers,3,30,70,330,79,4dhaX00,Alpha-Beta Plaits,,2.6,0.46,text 3d pdb,,
mers,3,30,310,50,6,2dkcB03,TATA-Binding Protein,Alpha-D-phosphohexomutase C-terminal domain,2.41,0.46,text 3d pdb,,
mers,2,60,40,10,7,4wfgD02,Immunoglobulin-like,Immunoglobulins,2.71,0.46,text 3d pdb,,
mers,2,60,40,10,7,3o45L02,Immunoglobulin-like,Immunoglobulins,2.72,0.46,text 3d pdb,,
mers,2,60,40,10,7,4yhyL02,Immunoglobulin-like,Immunoglobulins,2.6,0.46,text 3d pdb,,
mers,2,60,40,10,7,4yhyC02,Immunoglobulin-like,Immunoglobulins,2.6,0.46,text 3d pdb,,
mers,3,40,50,150,165,4ponA00,Rossmann fold,Vaccinia Virus protein VP39,2.37,0.46,text 3d pdb,,
mers,3,30,70,1710,6,4ddfB01,Alpha-Beta Plaits,,2.61,0.46,text 3d pdb,,
mers,2,40,128,550,1,4zgfA00,Lipocalin,,3.04,0.46,text 3d pdb,,
mers,2,60,40,10,7,3v0vL02,Immunoglobulin-like,Immunoglobulins,2.72,0.46,text 3d pdb,,
mers,3,30,70,330,79,3v2dX00,Alpha-Beta Plaits,,2.58,0.46,text 3d pdb,,
mers,3,30,70,330,79,4qcxX00,Alpha-Beta Plaits,,2.6,0.46,text 3d pdb,,
mers,3,30,530,20,63,2n4aA00,Alpha-D-Glucose-16-Bisphosphate; Chain A,domain 4,,3.09,0.46,text 3d pdb,
mers,3,30,70,330,79,3kitX00,Alpha-Beta Plaits,,2.58,0.46,text 3d pdb,,
mers,3,30,70,330,79,4nvvX00,Alpha-Beta Plaits,,2.59,0.46,text 3d pdb,,
mers,2,60,40,10,7,4gw1A02,Immunoglobulin-like,Immunoglobulins,2.73,0.46,text 3d pdb,,
mers,2,60,40,10,7,3eyvL02,Immunoglobulin-like,Immunoglobulins,2.73,0.46,text 3d pdb,,
mers,3,30,70,330,79,3kirX00,Alpha-Beta Plaits,,2.58,0.46,text 3d pdb,,
mers,2,60,40,10,7,4xpaL02,Immunoglobulin-like,Immunoglobulins,2.8,0.46,text 3d pdb,,
mers,3,30,70,330,79,3kiwX00,Alpha-Beta Plaits,,2.58,0.46,text 3d pdb,,
mers,3,30,70,330,79,4rbgX00,Alpha-Beta Plaits,,2.62,0.46,text 3d pdb,,
mers,2,60,40,10,7,3csyH02,Immunoglobulin-like,Immunoglobulins,2.79,0.46,text 3d pdb,,
mers,3,30,70,330,79,4qcrX00,Alpha-Beta Plaits,,2.6,0.46,text 3d pdb,,
mers,2,60,40,10,7,1mjjL02,Immunoglobulin-like,Immunoglobulins,2.75,0.46,text 3d pdb,,
mers,3,30,70,330,79,2y15X00,Alpha-Beta Plaits,,2.58,0.46,text 3d pdb,,
mers,3,30,70,330,79,4rbcX00,Alpha-Beta Plaits,,2.58,0.46,text 3d pdb,,
mers,3,30,70,330,79,3v23X00,Alpha-Beta Plaits,,2.61,0.46,text 3d pdb,,
mers,2,60,40,10,720,4gmsM02,Immunoglobulin-like,Immunoglobulins,2.4,0.46,text 3d pdb,,
mers,2,60,40,10,7,4f2mD02,Immunoglobulin-like,Immunoglobulins,2.78,0.46,text 3d pdb,,
mers,2,60,40,10,7,4kjqF02,Immunoglobulin-like,Immunoglobulins,2.41,0.46,text 3d pdb,,
mers,2,60,40,10,7,4whtP02,Immunoglobulin-like,Immunoglobulins,2.68,0.46,text 3d pdb,,
mers,2,60,40,10,7,4wfeD02,Immunoglobulin-like,Immunoglobulins,2.72,0.46,text 3d pdb,,
mers,2,60,40,10,7,2fjfQ02,Immunoglobulin-like,Immunoglobulins,2.82,0.46,text 3d pdb,,
mers,3,30,450,20,83,3rtyD01,Beta-Lactamase,,2.65,0.46,text 3d pdb,,
mers,2,60,40,10,7,5k9oB02,Immunoglobulin-like,Immunoglobulins,2.7,0.46,text 3d pdb,,
mers,2,60,40,10,7,1xctA02,Immunoglobulin-like,Immunoglobulins,2.68,0.46,text 3d pdb,,
mers,3,30,70,330,79,3kiyX00,Alpha-Beta Plaits,,2.58,0.46,text 3d pdb,,
mers,3,30,70,330,79,3v2fX00,Alpha-Beta Plaits,,2.6,0.46,text 3d pdb,,
mers,2,40,70,10,14,1dp5A01,Cathepsin D subunit A; domain 1,Acid Proteases,2.88,0.46,text 3d pdb,,
mers,3,30,70,330,79,4nw1X00,Alpha-Beta Plaits,,2.6,0.46,text 3d pdb,,
mers,2,60,40,10,7,5cjoL02,Immunoglobulin-like,Immunoglobulins,2.75,0.46,text 3d pdb,,
mers,2,60,40,10,7,3detF02,Immunoglobulin-like,Immunoglobulins,2.45,0.46,text 3d pdb,,
mers,3,30,70,330,79,3uz9T00,Alpha-Beta Plaits,,2.6,0.46,text 3d pdb,,
mers,3,30,70,330,79,3uzkT00,Alpha-Beta Plaits,,2.6,0.46,text 3d pdb,,
mers,2,60,40,10,7,3lohB02,Immunoglobulin-like,Immunoglobulins,2.77,0.46,text 3d pdb,,
mers,2,60,40,10,7,1pkqA02,Immunoglobulin-like,Immunoglobulins,2.77,0.46,text 3d pdb,,
mers,2,60,40,10,7,4oqtL02,Immunoglobulin-like,Immunoglobulins,2.73,0.46,text 3d pdb,,
mers,2,60,40,10,7,4gw4B02,Immunoglobulin-like,Immunoglobulins,2.8,0.46,text 3d pdb,,
mers,3,30,70,330,79,3v25X00,Alpha-Beta Plaits,,2.61,0.46,text 3d pdb,,
mers,3,30,70,330,79,4juxX00,Alpha-Beta Plaits,,2.62,0.46,text 3d pdb,,
mers,2,70,98,90,1,3bs6A00,Beta-galactosidase; Chain A domain 5,,2.71,0.46,text 3d pdb,,
mers,2,60,40,10,7,2o5yL02,Immunoglobulin-like,Immunoglobulins,2.77,0.46,text 3d pdb,,
mers,2,40,70,10,14,1dpjA01,Cathepsin D subunit A; domain 1,Acid Proteases,2.9,0.46,text 3d pdb,,
mers,2,60,40,10,7,4j1uE02,Immunoglobulin-like,Immunoglobulins,2.78,0.46,text 3d pdb,,
mers,3,30,70,330,79,3uxrX00,Alpha-Beta Plaits,,2.62,0.46,text 3d pdb,,
mers,2,60,40,10,7,3mnvC02,Immunoglobulin-like,Immunoglobulins,2.8,0.46,text 3d pdb,,
mers,2,60,40,10,7,3o2wL02,Immunoglobulin-like,Immunoglobulins,2.78,0.46,text 3d pdb,,
mers,2,60,40,10,7,2h2sF02,Immunoglobulin-like,Immunoglobulins,2.67,0.46,text 3d pdb,,
mers,2,60,40,10,7,3utzE02,Immunoglobulin-like,Immunoglobulins,2.76,0.46,text 3d pdb,,
mers,3,90,1520,10,3,3tfaB00,H-NOX domain,H-NOX domain,2.79,0.46,text 3d pdb,,
mers,3,30,200,20,149,3kcfA01,Phosphorylase Kinase; domain 1,Phosphorylase Kinase; domain 1,2.87,0.46,text 3d pdb,,
mers,2,60,40,10,7,4hzlL02,Immunoglobulin-like,Immunoglobulins,2.67,0.46,text 3d pdb,,
mers,2,60,40,10,7,1plgL02,Immunoglobulin-like,Immunoglobulins,2.65,0.46,text 3d pdb,,
mers,2,60,40,10,7,1mieL02,Immunoglobulin-like,Immunoglobulins,2.75,0.46,text 3d pdb,,
mers,2,40,70,10,14,1g0vA01,Cathepsin D subunit A; domain 1,Acid Proteases,2.92,0.46,text 3d pdb,,
mers,2,60,40,10,7,3tclB02,Immunoglobulin-like,Immunoglobulins,2.72,0.46,text 3d pdb,,
mers,3,60,10,10,1,3g00B00,Deoxyribonuclease I; Chain A,Endonuclease/exonuclease/phosphatase,2.73,0.46,text 3d pdb,,
mers,2,60,40,10,7,1r3kA02,Immunoglobulin-like,Immunoglobulins,2.68,0.46,text 3d pdb,,
mers,2,60,40,10,7,5dscB02,Immunoglobulin-like,Immunoglobulins,2.71,0.46,text 3d pdb,,
mers,3,30,70,330,79,3knmX00,Alpha-Beta Plaits,,2.64,0.46,text 3d pdb,,
mers,2,60,40,10,7,5ebmB02,Immunoglobulin-like,Immunoglobulins,2.7,0.46,text 3d pdb,,
mers,2,60,40,10,7,1dqmL02,Immunoglobulin-like,Immunoglobulins,2.75,0.46,text 3d pdb,,
mers,3,30,70,330,79,5gaeU00,Alpha-Beta Plaits,,2.52,0.46,text 3d pdb,,
mers,2,60,40,10,7,5dscD02,Immunoglobulin-like,Immunoglobulins,2.52,0.46,text 3d pdb,,
mers,3,30,70,330,79,3uxqX00,Alpha-Beta Plaits,,2.65,0.46,text 3d pdb,,
mers,2,60,40,10,7,3inuN02,Immunoglobulin-like,Immunoglobulins,2.78,0.46,text 3d pdb,,
mers,2,60,40,10,7,3ulvL02,Immunoglobulin-like,Immunoglobulins,2.86,0.46,text 3d pdb,,
mers,2,60,40,10,7,5ec2B02,Immunoglobulin-like,Immunoglobulins,2.68,0.46,text 3d pdb,,
mers,2,60,40,10,7,4hzlB02,Immunoglobulin-like,Immunoglobulins,2.67,0.46,text 3d pdb,,
mers,2,60,40,10,7,3ejzF02,Immunoglobulin-like,Immunoglobulins,2.46,0.46,text 3d pdb,,
mers,3,30,1360,10,9,5fj8K00,Gyrase A; domain 2,RNA polymerase RBP11-like subunit,2.03,0.46,text 3d pdb,,
mers,2,40,70,10,18,2g1oB01,Cathepsin D subunit A; domain 1,Acid Proteases,2.53,0.46,text 3d pdb,,
mers,2,60,40,150,37,4f92B06,Immunoglobulin-like,C2 domain,1.7,0.46,text 3d pdb,,
mers,3,30,70,330,79,4qcpX00,Alpha-Beta Plaits,,2.63,0.46,text 3d pdb,,
mers,3,30,70,330,79,3uzfT00,Alpha-Beta Plaits,,2.59,0.46,text 3d pdb,,
mers,3,30,70,330,79,4nvxX00,Alpha-Beta Plaits,,2.65,0.46,text 3d pdb,,
mers,2,60,40,10,7,3csyB02,Immunoglobulin-like,Immunoglobulins,2.79,0.46,text 3d pdb,,
mers,2,60,40,10,7,3rpiL02,Immunoglobulin-like,Immunoglobulins,2.83,0.46,text 3d pdb,,
mers,2,60,40,10,7,4zffB02,Immunoglobulin-like,Immunoglobulins,2.79,0.46,text 3d pdb,,
mers,2,60,40,10,7,3rpiB02,Immunoglobulin-like,Immunoglobulins,2.83,0.46,text 3d pdb,,
mers,2,60,40,10,7,1za3L02,Immunoglobulin-like,Immunoglobulins,2.76,0.46,text 3d pdb,,
mers,3,90,56,10,1,2bf2A00,Phenol Hydroxylase P2 Protein,Monooxygenase component MmoB/DmpM,2.7,0.46,text 3d pdb,,
mers,2,60,120,650,10,4diqB01,Jelly Rolls,Cupin,2.13,0.46,text 3d pdb,,
mers,3,90,470,10,5,4a17Q00,Ribosomal Protein L22; Chain A,Ribosomal protein L22/L17,2.84,0.46,text 3d pdb,,
mers,2,60,40,10,7,2xraL02,Immunoglobulin-like,Immunoglobulins,2.49,0.46,text 3d pdb,,
mers,3,90,470,10,1,2zjpP00,Ribosomal Protein L22; Chain A,Ribosomal protein L22/L17,3.09,0.46,text 3d pdb,,
mers,2,60,40,10,7,1zwiB02,Immunoglobulin-like,Immunoglobulins,2.7,0.46,text 3d pdb,,
mers,2,60,40,10,7,1ottD02,Immunoglobulin-like,Immunoglobulins,2.68,0.46,text 3d pdb,,
mers,2,60,40,10,7,4odwL02,Immunoglobulin-like,Immunoglobulins,2.7,0.46,text 3d pdb,,
mers,3,40,50,150,70,2ozvB01,Rossmann fold,Vaccinia Virus protein VP39,3.13,0.46,text 3d pdb,,
mers,2,60,40,10,7,3tclL02,Immunoglobulin-like,Immunoglobulins,2.71,0.46,text 3d pdb,,
mers,2,60,40,10,7,2fx9M02,Immunoglobulin-like,Immunoglobulins,2.67,0.46,text 3d pdb,,
mers,3,90,470,10,5,4a1cQ00,Ribosomal Protein L22; Chain A,Ribosomal protein L22/L17,2.5,0.46,text 3d pdb,,
mers,3,40,710,10,16,4jbfB02,Beta-lactamase,DD-peptidase/beta-lactamase superfamily,3.1,0.46,text 3d pdb,,
mers,2,120,10,30,27,1c9uB00,Neuraminidase,TolB C-terminal domain,2.98,0.46,text 3d pdb,,
mers,2,60,40,10,7,2w0fB02,Immunoglobulin-like,Immunoglobulins,2.71,0.46,text 3d pdb,,
mers,2,40,70,10,18,2g20B01,Cathepsin D subunit A; domain 1,Acid Proteases,2.75,0.46,text 3d pdb,,
mers,3,10,50,40,3,1fktA00,Chitinase A; domain 3,,2.87,0.46,text 3d pdb,,
mers,2,60,40,10,7,3csyD02,Immunoglobulin-like,Immunoglobulins,2.78,0.46,text 3d pdb,,
mers,3,60,10,10,1,3g8vA00,Deoxyribonuclease I; Chain A,Endonuclease/exonuclease/phosphatase,2.85,0.46,text 3d pdb,,
mers,2,60,40,10,7,5t5fL02,Immunoglobulin-like,Immunoglobulins,2.78,0.46,text 3d pdb,,
mers,2,60,40,10,7,2r56M02,Immunoglobulin-like,Immunoglobulins,2.74,0.46,text 3d pdb,,
mers,2,60,40,10,7,5dscF02,Immunoglobulin-like,Immunoglobulins,2.69,0.46,text 3d pdb,,
mers,3,30,70,1140,1,1vr6C01,Alpha-Beta Plaits,Phospho-2-dehydro-3-deoxyheptonate aldolase; domain 1,2.6,0.46,text 3d pdb,,
mers,3,30,70,330,79,4kdhX00,Alpha-Beta Plaits,,2.52,0.46,text 3d pdb,,
mers,2,60,40,10,7,4ffvL02,Immunoglobulin-like,Immunoglobulins,2.06,0.46,text 3d pdb,,
mers,2,60,40,10,7,3l7fA02,Immunoglobulin-like,Immunoglobulins,2.77,0.46,text 3d pdb,,
mers,2,60,40,10,7,3cfeL02,Immunoglobulin-like,Immunoglobulins,2.77,0.46,text 3d pdb,,
mers,2,60,120,650,10,4diqA01,Jelly Rolls,Cupin,2.14,0.46,text 3d pdb,,
mers,2,60,40,10,7,2hvjB02,Immunoglobulin-like,Immunoglobulins,2.7,0.46,text 3d pdb,,
mers,3,30,70,1810,1,4ht5B01,Alpha-Beta Plaits,,2.8,0.46,text 3d pdb,,
mers,3,40,710,10,16,4jbfA02,Beta-lactamase,DD-peptidase/beta-lactamase superfamily,3.13,0.46,text 3d pdb,,
mers,3,30,70,330,79,4qctX00,Alpha-Beta Plaits,,2.61,0.46,text 3d pdb,,
mers,3,40,1310,30,1,4u87A01,Replication Protein E1; Chain: A,,2.31,0.46,text 3d pdb,,
mers,2,60,40,10,7,4pb9L02,Immunoglobulin-like,Immunoglobulins,2.42,0.46,text 3d pdb,,
mers,2,60,40,10,7,5dscL02,Immunoglobulin-like,Immunoglobulins,2.53,0.46,text 3d pdb,,
mers,2,60,120,650,10,4cckC01,Jelly Rolls,Cupin,2.15,0.46,text 3d pdb,,
mers,2,60,120,650,10,4cckB01,Jelly Rolls,Cupin,2.16,0.46,text 3d pdb,,
mers,2,60,40,10,7,4fz8L02,Immunoglobulin-like,Immunoglobulins,2.83,0.46,text 3d pdb,,
mers,2,60,40,10,7,2p7tB02,Immunoglobulin-like,Immunoglobulins,2.7,0.46,text 3d pdb,,
mers,3,60,10,10,1,3ga6B00,Deoxyribonuclease I; Chain A,Endonuclease/exonuclease/phosphatase,2.96,0.46,text 3d pdb,,
mers,2,60,40,10,20,2i9lH01,Immunoglobulin-like,Immunoglobulins,2.45,0.46,text 3d pdb,,
mers,3,90,470,10,5,4a1aQ00,Ribosomal Protein L22; Chain A,Ribosomal protein L22/L17,3.12,0.46,text 3d pdb,,
mers,3,30,70,1810,1,4ht5A01,Alpha-Beta Plaits,,2.47,0.46,text 3d pdb,,
mers,2,60,40,150,25,2qz5B00,Immunoglobulin-like,C2 domain,2.19,0.46,text 3d pdb,,
mers,3,30,1360,10,2,2wb1M00,Gyrase A; domain 2,RNA polymerase RBP11-like subunit,1.94,0.46,text 3d pdb,,
mers,3,30,70,330,79,4tpdT00,Alpha-Beta Plaits,,2.55,0.46,text 3d pdb,,
mers,3,30,70,1140,1,1vr6D01,Alpha-Beta Plaits,Phospho-2-dehydro-3-deoxyheptonate aldolase; domain 1,2.04,0.46,text 3d pdb,,
mers,2,60,40,10,7,2fx8N02,Immunoglobulin-like,Immunoglobulins,2.65,0.46,text 3d pdb,,
mers,3,30,70,1810,1,5l39E01,Alpha-Beta Plaits,,2.68,0.46,text 3d pdb,,
mers,2,60,40,10,7,4j1uC02,Immunoglobulin-like,Immunoglobulins,2.74,0.46,text 3d pdb,,
mers,2,60,40,10,7,5e94A02,Immunoglobulin-like,Immunoglobulins,2.74,0.46,text 3d pdb,,
mers,3,30,70,240,8,2wbmA03,Alpha-Beta Plaits,,2.85,0.46,text 3d pdb,,
mers,2,60,40,10,649,2gy5A04,Immunoglobulin-like,Immunoglobulins,2.52,0.46,text 3d pdb,,
mers,3,30,70,330,79,4tp1T00,Alpha-Beta Plaits,,2.6,0.46,text 3d pdb,,
mers,2,60,120,650,10,4e4hD01,Jelly Rolls,Cupin,2.15,0.46,text 3d pdb,,
mers,3,40,50,150,165,4pooA00,Rossmann fold,Vaccinia Virus protein VP39,2.48,0.46,text 3d pdb,,
mers,3,30,379,10,10,2j62A01,Chitobiase; domain 2,Chitobiase/beta-hexosaminidase domain 2-like,2.44,0.46,text 3d pdb,,
mers,2,60,40,10,7,2qqlL02,Immunoglobulin-like,Immunoglobulins,2.67,0.46,text 3d pdb,,
mers,3,90,470,10,5,4a1eQ00,Ribosomal Protein L22; Chain A,Ribosomal protein L22/L17,3.12,0.46,text 3d pdb,,
mers,2,60,40,10,7,2jk5B02,Immunoglobulin-like,Immunoglobulins,2.7,0.46,text 3d pdb,,
mers,3,30,70,1810,1,4ht5C01,Alpha-Beta Plaits,,2.46,0.46,text 3d pdb,,
mers,2,60,120,650,10,4ccoB01,Jelly Rolls,Cupin,2.15,0.46,text 3d pdb,,
mers,2,60,40,10,7,3fb6B02,Immunoglobulin-like,Immunoglobulins,2.68,0.46,text 3d pdb,,
mers,2,60,40,10,7,3f7yB02,Immunoglobulin-like,Immunoglobulins,2.68,0.46,text 3d pdb,,
mers,2,60,40,10,7,3f5wB02,Immunoglobulin-like,Immunoglobulins,2.68,0.46,text 3d pdb,,
mers,2,60,40,10,7,3fb8B02,Immunoglobulin-like,Immunoglobulins,2.68,0.45,text 3d pdb,,
mers,2,60,40,10,7,1k4cB02,Immunoglobulin-like,Immunoglobulins,2.68,0.45,text 3d pdb,,
mers,3,30,70,330,79,5gagU00,Alpha-Beta Plaits,,2.53,0.45,text 3d pdb,,
mers,3,30,70,1810,1,5lt5B01,Alpha-Beta Plaits,,2.73,0.45,text 3d pdb,,
mers,2,60,120,650,10,4ccjB01,Jelly Rolls,Cupin,2.16,0.45,text 3d pdb,,
mers,2,60,40,10,7,4lbeB02,Immunoglobulin-like,Immunoglobulins,2.73,0.45,text 3d pdb,,
mers,3,30,1360,10,2,2wb1L00,Gyrase A; domain 2,RNA polymerase RBP11-like subunit,1.95,0.45,text 3d pdb,,
mers,2,60,40,150,33,2enqA00,Immunoglobulin-like,C2 domain,2.67,0.45,text 3d pdb,,
mers,3,30,70,330,79,5gahU00,Alpha-Beta Plaits,,2.52,0.45,text 3d pdb,,
mers,3,30,70,330,79,5gadU00,Alpha-Beta Plaits,,2.52,0.45,text 3d pdb,,
mers,2,60,40,10,7,5hj3N02,Immunoglobulin-like,Immunoglobulins,2.25,0.45,text 3d pdb,,
mers,2,70,98,90,1,3bs6B00,Beta-galactosidase; Chain A domain 5,,2.74,0.45,text 3d pdb,,
mers,2,40,70,10,14,1jxrA01,Cathepsin D subunit A; domain 1,Acid Proteases,3.04,0.45,text 3d pdb,,
mers,2,60,40,10,7,3fctC02,Immunoglobulin-like,Immunoglobulins,2.86,0.45,text 3d pdb,,
mers,3,30,70,330,79,4wapT00,Alpha-Beta Plaits,,2.57,0.45,text 3d pdb,,
mers,2,60,40,10,7,2itdB02,Immunoglobulin-like,Immunoglobulins,2.7,0.45,text 3d pdb,,
mers,3,30,70,330,79,4dhcX00,Alpha-Beta Plaits,,2.6,0.45,text 3d pdb,,
mers,2,60,40,10,7,2ih1B02,Immunoglobulin-like,Immunoglobulins,2.7,0.45,text 3d pdb,,
mers,3,30,379,10,10,2ydsA01,Chitobiase; domain 2,Chitobiase/beta-hexosaminidase domain 2-like,2.48,0.45,text 3d pdb,,
mers,2,60,40,10,7,3eyvA02,Immunoglobulin-like,Immunoglobulins,2.8,0.45,text 3d pdb,,
mers,3,40,50,150,70,2ozvA01,Rossmann fold,Vaccinia Virus protein VP39,2.46,0.45,text 3d pdb,,
mers,3,30,70,100,59,2op5A01,Alpha-Beta Plaits,,2.3,0.45,text 3d pdb,,
mers,3,30,70,330,79,4tp9T00,Alpha-Beta Plaits,,2.61,0.45,text 3d pdb,,
mers,3,30,379,10,10,2cbiB01,Chitobiase; domain 2,Chitobiase/beta-hexosaminidase domain 2-like,2.46,0.45,text 3d pdb,,
mers,3,30,465,10,16,2p3hA00,Uridine Diphospho-n-acetylenolpyruvylglucosamine Reductase; domain 3,,3.09,0.45,text 3d pdb,,
mers,3,30,70,100,59,2op5F01,Alpha-Beta Plaits,,2.41,0.45,text 3d pdb,,
mers,2,60,120,650,10,4ccjC01,Jelly Rolls,Cupin,2.16,0.45,text 3d pdb,,
mers,3,30,1370,120,7,4ec5B01,Ribosomal Protein S8; Chain: A domain 1,,2.85,0.45,text 3d pdb,,
mers,2,60,40,10,7,2hg5B02,Immunoglobulin-like,Immunoglobulins,2.7,0.45,text 3d pdb,,
mers,2,60,40,10,7,2itcB02,Immunoglobulin-like,Immunoglobulins,2.7,0.45,text 3d pdb,,
mers,3,30,379,10,10,2v5dA01,Chitobiase; domain 2,Chitobiase/beta-hexosaminidase domain 2-like,2.42,0.45,text 3d pdb,,
mers,2,60,40,10,7,5drnL02,Immunoglobulin-like,Immunoglobulins,2.74,0.45,text 3d pdb,,
mers,3,30,70,330,79,3r8tT00,Alpha-Beta Plaits,,2.58,0.45,text 3d pdb,,
mers,3,40,50,150,165,4ponB00,Rossmann fold,Vaccinia Virus protein VP39,3.11,0.45,text 3d pdb,,
mers,2,60,40,10,7,4rx4D02,Immunoglobulin-like,Immunoglobulins,2.79,0.45,text 3d pdb,,
mers,2,70,98,50,1,2eadB01,Beta-galactosidase; Chain A domain 5,putative glycoside hydrolase family protein from bacillus halodurans,2.64,0.45,text 3d pdb,,
mers,3,30,1370,120,7,4e9jB01,Ribosomal Protein S8; Chain: A domain 1,,2.53,0.45,text 3d pdb,,
mers,3,60,120,10,1,2fn0A00,Anthranilate synthase,Anthranilate synthase,3.11,0.45,text 3d pdb,,
mers,2,60,40,150,25,2qz5A00,Immunoglobulin-like,C2 domain,2.2,0.45,text 3d pdb,,
mers,3,30,70,330,79,4tp5T00,Alpha-Beta Plaits,,2.58,0.45,text 3d pdb,,
mers,2,60,120,10,131,4qglA00,Jelly Rolls,Jelly Rolls,2.78,0.45,text 3d pdb,,
mers,3,30,70,1210,1,5h9eK02,Alpha-Beta Plaits,Crispr-associated protein; domain 2,2.7,0.45,text 3d pdb,,
mers,3,30,1440,10,3,2wnyA00,50s Ribosomal Protein L5; Chain: A,,3.05,0.45,text 3d pdb,,
mers,3,40,50,150,181,3tmaA02,Rossmann fold,Vaccinia Virus protein VP39,2.66,0.45,text 3d pdb,,
mers,3,30,70,240,8,1t95A03,Alpha-Beta Plaits,,2.4,0.45,text 3d pdb,,
mers,2,10,60,10,9,3laqV01,CD59,CD59,2.96,0.45,text 3d pdb,,
mers,3,30,70,1810,1,5lsrB01,Alpha-Beta Plaits,,2.48,0.45,text 3d pdb,,
mers,2,60,40,10,7,5gjsL02,Immunoglobulin-like,Immunoglobulins,2.57,0.45,text 3d pdb,,
mers,2,40,70,10,18,4gj7B01,Cathepsin D subunit A; domain 1,Acid Proteases,2.78,0.45,text 3d pdb,,
mers,3,30,1360,10,2,2waqL00,Gyrase A; domain 2,RNA polymerase RBP11-like subunit,1.98,0.45,text 3d pdb,,
mers,2,40,70,10,18,1bbsA01,Cathepsin D subunit A; domain 1,Acid Proteases,2.66,0.45,text 3d pdb,,
mers,2,40,70,10,18,1bbsB01,Cathepsin D subunit A; domain 1,Acid Proteases,2.66,0.45,text 3d pdb,,
mers,3,30,70,141,1,4uohC00,Alpha-Beta Plaits,Nucleoside diphosphate kinase-like domain,2.91,0.45,text 3d pdb,,
mers,3,10,50,40,5,1kt0A01,Chitinase A; domain 3,,2.53,0.45,text 3d pdb,,
mers,3,30,70,270,12,2vg6A02,Alpha-Beta Plaits,,1.9,0.45,text 3d pdb,,
mers,3,40,50,150,165,4pooB00,Rossmann fold,Vaccinia Virus protein VP39,2.59,0.45,text 3d pdb,,
mers,2,60,40,1730,4,3mdjC01,Immunoglobulin-like,tricorn interacting facor f3 domain,2.76,0.45,text 3d pdb,,
mers,2,60,40,10,7,4jdtL02,Immunoglobulin-like,Immunoglobulins,2.9,0.45,text 3d pdb,,
mers,3,30,70,1810,1,5lsrC01,Alpha-Beta Plaits,,2.77,0.45,text 3d pdb,,
mers,3,30,70,141,1,4f36B00,Alpha-Beta Plaits,Nucleoside diphosphate kinase-like domain,2.39,0.45,text 3d pdb,,
mers,3,30,70,2560,1,2yvsA02,Alpha-Beta Plaits,,2.59,0.45,text 3d pdb,,
mers,3,30,70,141,1,3ngtL00,Alpha-Beta Plaits,Nucleoside diphosphate kinase-like domain,2.9,0.45,text 3d pdb,,
mers,2,60,40,10,595,4r6uC03,Immunoglobulin-like,Immunoglobulins,2.88,0.45,text 3d pdb,,
mers,3,30,70,141,1,4f36C00,Alpha-Beta Plaits,Nucleoside diphosphate kinase-like domain,2.39,0.45,text 3d pdb,,
mers,2,60,260,20,4,3agzA01,HSP40/DNAj peptide-binding domain,Urease metallochaperone UreE N-terminal domain,3.25,0.45,text 3d pdb,,
mers,3,30,70,1810,1,5lsrA01,Alpha-Beta Plaits,,2.77,0.45,text 3d pdb,,
mers,3,30,70,120,20,3dfeF00,Alpha-Beta Plaits,,2.78,0.45,text 3d pdb,,
mers,3,30,70,120,20,3dfeE00,Alpha-Beta Plaits,,2.79,0.45,text 3d pdb,,
mers,2,60,120,260,15,2zezB00,Jelly Rolls,Galactose-binding domain-like,3.03,0.45,text 3d pdb,,
mers,2,60,40,10,7,5hj3F02,Immunoglobulin-like,Immunoglobulins,2.28,0.45,text 3d pdb,,
mers,3,30,70,141,1,4f36F00,Alpha-Beta Plaits,Nucleoside diphosphate kinase-like domain,2.16,0.45,text 3d pdb,,
mers,3,60,120,10,1,2fn1A00,Anthranilate synthase,Anthranilate synthase,2.92,0.45,text 3d pdb,,
mers,3,60,120,10,1,5jy9B00,Anthranilate synthase,Anthranilate synthase,2.93,0.45,text 3d pdb,,
mers,2,60,260,20,4,2q2gB01,HSP40/DNAj peptide-binding domain,Urease metallochaperone UreE N-terminal domain,3.22,0.45,text 3d pdb,,
mers,3,40,50,150,204,3q87B00,Rossmann fold,Vaccinia Virus protein VP39,2.64,0.45,text 3d pdb,,
mers,3,30,70,140,1,3mpuF01,Alpha-Beta Plaits,Aspartate carbamoyltransferase regulatory subunit N-terminal domain,2.76,0.45,text 3d pdb,,
mers,3,30,387,10,1,3j2pA03,Viral Envelope Glycoprotein; domain 3,Viral Envelope Glycoprotein domain 3,3.01,0.45,text 3d pdb,,
mers,3,30,387,10,1,3j2pC03,Viral Envelope Glycoprotein; domain 3,Viral Envelope Glycoprotein domain 3,3.01,0.45,text 3d pdb,,
mers,2,40,170,20,7,3rgnA02,Maltoporin; Chain A,TonB-dependent receptor beta-barrel domain,2.56,0.45,text 3d pdb,,
mers,3,30,200,20,10,5j95A01,Phosphorylase Kinase; domain 1,Phosphorylase Kinase; domain 1,2.66,0.44,text 3d pdb,,
mers,3,30,70,1710,6,3nwgA01,Alpha-Beta Plaits,,2.53,0.44,text 3d pdb,,
mers,3,30,470,30,6,1xk5A01,D-amino Acid Aminotransferase; Chain A domain 1,DNA ligase/mRNA capping enzyme,2.98,0.44,text 3d pdb,,
mers,2,60,120,260,15,2zezA00,Jelly Rolls,Galactose-binding domain-like,3.01,0.44,text 3d pdb,,
mers,2,60,120,310,1,1yjlA01,Jelly Rolls,Copper type II ascorbate-dependent monooxygenase,N-terminal domain,2.59,0.44,text 3d pdb,
mers,3,30,428,10,23,4zglE00,HIT family subunit A,HIT-like,2.25,0.44,text 3d pdb,,
mers,3,30,70,120,1,2xulF00,Alpha-Beta Plaits,,3.04,0.44,text 3d pdb,,
mers,3,30,310,210,2,3n89B02,TATA-Binding Protein,,2.71,0.44,text 3d pdb,,
mers,3,30,1360,120,1,1yx2B01,Gyrase A; domain 2,Probable tRNA modification gtpase trme; domain 1,3.05,0.44,text 3d pdb,,
mers,2,40,70,10,18,1flhA01,Cathepsin D subunit A; domain 1,Acid Proteases,3.24,0.44,text 3d pdb,,
mers,2,70,20,10,2,2gajB03,Topoisomerase I; domain 3,Topoisomerase I domain 3,2.56,0.44,text 3d pdb,,
mers,3,30,70,330,79,4pecT00,Alpha-Beta Plaits,,2.55,0.44,text 3d pdb,,
mers,2,60,40,10,7,4jo4M02,Immunoglobulin-like,Immunoglobulins,2.7,0.44,text 3d pdb,,
mers,2,40,70,10,4,2aprA01,Cathepsin D subunit A; domain 1,Acid Proteases,2.73,0.44,text 3d pdb,,
mers,3,90,1030,10,1,3huzR00,50s Ribosomal Protein L17; Chain: A,Ribosomal protein L17,3.3,0.44,text 3d pdb,,
mers,2,60,120,20,49,4llfH00,Jelly Rolls,,2.51,0.44,text 3d pdb,,
mers,2,60,40,10,595,4r6uA03,Immunoglobulin-like,Immunoglobulins,2.9,0.44,text 3d pdb,,
mers,3,30,70,120,2,4d3hB01,Alpha-Beta Plaits,,2.45,0.44,text 3d pdb,,
mers,3,40,630,30,52,3d3sA00,Aminopeptidase,,2.59,0.44,text 3d pdb,,
mers,3,90,920,30,2,4limA00,DNA primase PRIM domain,,2.08,0.44,text 3d pdb,,
mers,3,30,470,30,7,1ckmA01,D-amino Acid Aminotransferase; Chain A domain 1,DNA ligase/mRNA capping enzyme,2.78,0.44,text 3d pdb,,
mers,3,30,200,20,10,5d7aC01,Phosphorylase Kinase; domain 1,Phosphorylase Kinase; domain 1,2.98,0.44,text 3d pdb,,
mers,2,60,120,20,49,4llfA00,Jelly Rolls,,2.51,0.44,text 3d pdb,,
mers,2,40,70,10,18,2g24B01,Cathepsin D subunit A; domain 1,Acid Proteases,2.59,0.44,text 3d pdb,,
mers,2,60,120,20,49,4llfK00,Jelly Rolls,,2.51,0.44,text 3d pdb,,
mers,2,60,120,20,49,4llfN00,Jelly Rolls,,2.51,0.44,text 3d pdb,,
mers,2,40,70,10,4,1uh7A01,Cathepsin D subunit A; domain 1,Acid Proteases,2.73,0.44,text 3d pdb,,
mers,3,90,1030,10,1,2x9sR00,50s Ribosomal Protein L17; Chain: A,Ribosomal protein L17,3.55,0.44,text 3d pdb,,
mers,3,30,70,120,2,4wk1A01,Alpha-Beta Plaits,,2.5,0.44,text 3d pdb,,
mers,3,40,50,11170,2,2x4iD00,Rossmann fold,,2.72,0.44,text 3d pdb,,
mers,3,30,70,141,2,3vgvN00,Alpha-Beta Plaits,Nucleoside diphosphate kinase-like domain,2.59,0.44,text 3d pdb,,
mers,3,40,1310,30,1,3dkyE01,Replication Protein E1; Chain: A,,2.22,0.44,text 3d pdb,,
mers,2,40,70,10,4,5aprE01,Cathepsin D subunit A; domain 1,Acid Proteases,2.73,0.44,text 3d pdb,,
mers,2,40,70,10,4,3aprE01,Cathepsin D subunit A; domain 1,Acid Proteases,2.73,0.44,text 3d pdb,,
mers,2,60,34,10,2,4jnfA01,Substrate Binding Domain Of DNAk; Chain A domain 1,Substrate Binding Domain Of DNAk; Chain A domain 1,1.89,0.44,text 3d pdb,,
mers,3,90,1030,10,1,2x9uR00,50s Ribosomal Protein L17; Chain: A,Ribosomal protein L17,3.35,0.44,text 3d pdb,,
mers,3,40,1570,10,2,4mf9A02,Heme iron utilization protein-like fold,HemS/ChuS/ChuX like domains,2.76,0.44,text 3d pdb,,
mers,3,30,70,120,2,4d3hA01,Alpha-Beta Plaits,,2.68,0.44,text 3d pdb,,
mers,3,30,2170,10,1,4xpuB00,archaeoglobus fulgidus dsm 4304 fold,archaeoglobus fulgidus dsm 4304 superfamily,3.19,0.44,text 3d pdb,,
mers,3,40,50,150,43,3p2iB00,Rossmann fold,Vaccinia Virus protein VP39,2.45,0.44,text 3d pdb,,
mers,3,40,50,150,43,3p2iA00,Rossmann fold,Vaccinia Virus protein VP39,2.45,0.44,text 3d pdb,,
mers,3,30,70,330,79,4toxT00,Alpha-Beta Plaits,,2.64,0.44,text 3d pdb,,
mers,3,30,70,120,2,4d3hC01,Alpha-Beta Plaits,,2.64,0.44,text 3d pdb,,
mers,3,30,110,40,1,3hz7A00,Translation Initiation Factor IF3,TusA-like domain,2,0.44,text 3d pdb,,
mers,3,30,70,330,79,4tooT00,Alpha-Beta Plaits,,2.65,0.44,text 3d pdb,,
mers,2,60,40,3910,2,4pibI00,Immunoglobulin-like,,3.64,0.44,text 3d pdb,,
mers,3,90,470,10,5,4ukyH00,Ribosomal Protein L22; Chain A,Ribosomal protein L22/L17,3.13,0.44,text 3d pdb,,
mers,3,30,110,20,2,1vm0B00,Translation Initiation Factor IF3,Alba-like domain,2.66,0.44,text 3d pdb,,
mers,3,30,565,10,11,4p7aA01,Heat Shock Protein 90,Histidine kinase-like ATPase C-terminal domain,2.85,0.44,text 3d pdb,,
mers,3,40,50,11680,1,4ckcE02,Rossmann fold,,2.72,0.44,text 3d pdb,,
mers,3,40,50,11680,1,4ckcB02,Rossmann fold,,2.72,0.44,text 3d pdb,,
mers,2,70,50,60,2,5hnpA00,Coagulation Factor XIII; Chain A domain 1,abc- transporter (atp binding component) like domain,2.98,0.44,text 3d pdb,,
mers,3,40,1570,10,2,4imhA02,Heme iron utilization protein-like fold,HemS/ChuS/ChuX like domains,2.67,0.44,text 3d pdb,,
mers,3,30,70,1810,4,3gfhA01,Alpha-Beta Plaits,,2.42,0.44,text 3d pdb,,
mers,3,90,930,12,8,4ujnS02,Outer Surface Protein A; domain 3,Ribosomal protein L6 alpha-beta domain,2.2,0.44,text 3d pdb,,
mers,3,30,565,10,11,3na3A01,Heat Shock Protein 90,Histidine kinase-like ATPase C-terminal domain,2.64,0.44,text 3d pdb,,
mers,3,40,50,11680,1,4ckbE02,Rossmann fold,,2.72,0.44,text 3d pdb,,
mers,3,30,70,890,9,3k17D02,Alpha-Beta Plaits,GHMP kinase C-terminal domain,3.31,0.44,text 3d pdb,,
mers,3,40,50,11680,1,4ckbB02,Rossmann fold,,2.72,0.44,text 3d pdb,,
mers,2,60,40,3910,2,4pibC00,Immunoglobulin-like,,3.59,0.44,text 3d pdb,,
mers,3,10,28,10,1,3uvfB01,Endonuclease I-creI,Homing endonucleases,2.99,0.43,text 3d pdb,,
mers,3,40,50,12390,1,3pifB01,Rossmann fold,,2.99,0.43,text 3d pdb,,
mers,3,40,50,11680,1,2vdwF02,Rossmann fold,,2.96,0.43,text 3d pdb,,
mers,3,30,1300,70,1,4bhrB00,Pantoate--beta-alanine Ligase; Chain: Adomain 2,,1.94,0.43,text 3d pdb,,
mers,3,40,50,12390,1,3pieC01,Rossmann fold,,2.73,0.43,text 3d pdb,,
mers,2,60,120,1050,1,5b2gH00,Jelly Rolls,,2.99,0.43,text 3d pdb,,
mers,3,30,70,120,2,4rleA01,Alpha-Beta Plaits,,2.43,0.43,text 3d pdb,,
mers,3,40,50,11680,1,2vdwH02,Rossmann fold,,2.96,0.43,text 3d pdb,,
mers,3,30,450,30,2,1fikA00,Beta-Lactamase,Dynein light chain 2a cytoplasmic,3.5,0.43,text 3d pdb,,
mers,3,40,50,150,43,3pb3B00,Rossmann fold,Vaccinia Virus protein VP39,2.5,0.43,text 3d pdb,,
mers,2,40,70,10,4,1uh9A01,Cathepsin D subunit A; domain 1,Acid Proteases,2.66,0.43,text 3d pdb,,
mers,3,90,1520,10,2,4u9gB00,H-NOX domain,H-NOX domain,2.38,0.43,text 3d pdb,,
mers,3,30,1370,30,2,3u5cW01,Ribosomal Protein S8; Chain: A domain 1,,2.9,0.43,text 3d pdb,,
mers,3,40,50,150,43,3pb3A00,Rossmann fold,Vaccinia Virus protein VP39,2.48,0.43,text 3d pdb,,
mers,2,40,70,10,18,2g1sB01,Cathepsin D subunit A; domain 1,Acid Proteases,3.25,0.43,text 3d pdb,,
mers,3,90,215,10,3,2hpcB02,Gamma Fibrinogen; Chain A domain 1,Gamma Fibrinogen chain A,domain 1,2.92,0.43,text 3d pdb,
mers,3,90,215,10,3,2hpcH02,Gamma Fibrinogen; Chain A domain 1,Gamma Fibrinogen chain A,domain 1,2.92,0.43,text 3d pdb,
mers,3,40,710,10,1,3kgnA00,Beta-lactamase,DD-peptidase/beta-lactamase superfamily,3.32,0.42,text 3d pdb,,
mers,3,30,379,10,10,2cbjA01,Chitobiase; domain 2,Chitobiase/beta-hexosaminidase domain 2-like,3.12,0.42,text 3d pdb,,
mers,2,40,260,10,12,3rccQ00,Sortase; Chain: A;,Sortase,2.62,0.42,text 3d pdb,,
mers,3,40,220,10,18,3kr5F01,Leucine Aminopeptidase subunit E; domain 1,Leucine Aminopeptidase subunit E,domain 1,3.61,0.42,text 3d pdb,
mers,2,40,170,20,7,3rgmA02,Maltoporin; Chain A,TonB-dependent receptor beta-barrel domain,3.11,0.41,text 3d pdb,,
mers,3,40,140,100,1,3vx8A01,Cytidine Deaminase; domain 2,,3.39,0.4,text 3d pdb,,
mers,3,90,470,10,1,5dm7P00,Ribosomal Protein L22; Chain A,Ribosomal protein L22/L17,3.08,0.4,text 3d pdb,,
mers,3,90,380,10,5,1z02C01,Naphthalene 12-dioxygenase Alpha Subunit; Chain A,domain 1,Naphthalene 12-dioxygenase Alpha Subunit; Chain A,domain 1,3.34,0.4,text 3d pdb
mers,3,30,70,240,11,2npfA06,Alpha-Beta Plaits,,2.71,0.39,text 3d pdb,,
mers,2,130,10,10,14,4lgnA01,Methylamine Dehydrogenase; Chain H,YVTN repeat-like/Quinoprotein amine dehydrogenase,2.92,0.38,text 3d pdb,,
mers,3,30,70,141,1,3prvC00,Alpha-Beta Plaits,Nucleoside diphosphate kinase-like domain,3.13,0.38,text 3d pdb,,
mers,3,30,70,141,1,1xiqB00,Alpha-Beta Plaits,Nucleoside diphosphate kinase-like domain,3.13,0.38,text 3d pdb,,
mers,3,30,70,141,1,1xiqA00,Alpha-Beta Plaits,Nucleoside diphosphate kinase-like domain,3.26,0.38,text 3d pdb,,
mers,3,30,470,100,2,3t9fA02,D-amino Acid Aminotransferase; Chain A domain 1,,1.98,0.37,text 3d pdb,,
mers,3,30,470,100,2,3t9cA02,D-amino Acid Aminotransferase; Chain A domain 1,,1.98,0.37,text 3d pdb,,
mers,3,30,530,20,8,4lgaA00,Alpha-D-Glucose-16-Bisphosphate; Chain A,domain 4,,2.38,0.37,text 3d pdb,
mers,2,60,220,10,4,2wmgA03,Chondroitinase Ac; Chain A domain 3,Polysaccharide lyase family 8-like C-terminal,2.44,0.37,text 3d pdb,,
mers,2,60,120,10,10,3ehkE02,Jelly Rolls,Jelly Rolls,2.98,0.37,text 3d pdb,,
mers,2,60,120,10,10,3fz3A02,Jelly Rolls,Jelly Rolls,2.98,0.37,text 3d pdb,,
mers,3,30,950,10,14,1wyzD02,Methyltransferase Cobalt-precorrin-4 Transmethylase; Domain 2,Methyltransferase Cobalt-precorrin-4 Transmethylase; Domain 2,2.57,0.36,text 3d pdb,,
mers,2,120,10,10,5,2hu0C00,Neuraminidase,,2.85,0.35,text 3d pdb,,
mers,3,30,470,100,2,5bybA02,D-amino Acid Aminotransferase; Chain A domain 1,,3.76,0.34,text 3d pdb,,
mers,2,40,160,10,1,3hw9B00,Porin,Porin,3.48,0.34,text 3d pdb,,
mers,3,30,470,100,2,4q4cA02,D-amino Acid Aminotransferase; Chain A domain 1,,3.86,0.34,text 3d pdb,,
mers,3,90,470,10,5,4ujoH00,Ribosomal Protein L22; Chain A,Ribosomal protein L22/L17,3.81,0.34,text 3d pdb,,
mers,3,90,470,10,5,3u5eP00,Ribosomal Protein L22; Chain A,Ribosomal protein L22/L17,3.64,0.33,text 3d pdb,,
mers,2,60,120,10,60,4qm9B00,Jelly Rolls,Jelly Rolls,2.99,0.33,text 3d pdb,,
mers,3,30,70,141,1,4f36D00,Alpha-Beta Plaits,Nucleoside diphosphate kinase-like domain,1.75,0.33,text 3d pdb,,
mers,2,60,40,10,7,2z93D02,Immunoglobulin-like,Immunoglobulins,3.11,0.32,text 3d pdb,,
mers,2,40,30,220,1,3zpnC00,Elongation Factor Tu (Ef-tu); domain 3,,3.96,0.27,text 3d pdb,,
