#,CL,CF,SF,FA,SCOP Domain,Fold,Superfamily,RMSD,TM-Score,TM-Align
sarscov2,d,318,1,1,d2ghve_,SARS receptor-binding domain-like,SARS receptor-binding domain-like,1.26,0.78,text 3d pdb
sarscov2,d,318,1,1,d2dd8s1,SARS receptor-binding domain-like,SARS receptor-binding domain-like,1.33,0.78,text 3d pdb
sarscov2,d,318,1,1,d2ghvc1,SARS receptor-binding domain-like,SARS receptor-binding domain-like,1.31,0.77,text 3d pdb
sarscov2,d,318,1,1,d3bgfa_,SARS receptor-binding domain-like,SARS receptor-binding domain-like,1.39,0.75,text 3d pdb
sarscov2,d,318,1,1,d3bgfs_,SARS receptor-binding domain-like,SARS receptor-binding domain-like,1.39,0.75,text 3d pdb
sarscov2,d,318,1,1,d2ajff_,SARS receptor-binding domain-like,SARS receptor-binding domain-like,1.5,0.74,text 3d pdb
sarscov2,d,318,1,1,d2ajfe1,SARS receptor-binding domain-like,SARS receptor-binding domain-like,1.56,0.74,text 3d pdb
sarscov2,d,318,1,1,d3scif_,SARS receptor-binding domain-like,SARS receptor-binding domain-like,1.5,0.74,text 3d pdb
sarscov2,d,318,1,1,d3d0ie_,SARS receptor-binding domain-like,SARS receptor-binding domain-like,1.54,0.74,text 3d pdb
sarscov2,d,318,1,1,d2ghwa_,SARS receptor-binding domain-like,SARS receptor-binding domain-like,1.59,0.74,text 3d pdb
sarscov2,d,318,1,1,d3d0ge_,SARS receptor-binding domain-like,SARS receptor-binding domain-like,1.55,0.73,text 3d pdb
sarscov2,d,318,1,1,d2ghwc_,SARS receptor-binding domain-like,SARS receptor-binding domain-like,1.59,0.73,text 3d pdb
sarscov2,d,318,1,1,d3scie_,SARS receptor-binding domain-like,SARS receptor-binding domain-like,1.61,0.73,text 3d pdb
sarscov2,d,318,1,1,d3d0if_,SARS receptor-binding domain-like,SARS receptor-binding domain-like,1.56,0.73,text 3d pdb
sarscov2,d,318,1,1,d3scjf_,SARS receptor-binding domain-like,SARS receptor-binding domain-like,1.55,0.73,text 3d pdb
sarscov2,d,318,1,1,d3sclf_,SARS receptor-binding domain-like,SARS receptor-binding domain-like,1.54,0.73,text 3d pdb
sarscov2,d,318,1,1,d3d0he_,SARS receptor-binding domain-like,SARS receptor-binding domain-like,1.56,0.73,text 3d pdb
sarscov2,d,318,1,1,d3d0gf_,SARS receptor-binding domain-like,SARS receptor-binding domain-like,1.56,0.73,text 3d pdb
sarscov2,d,318,1,1,d3scje_,SARS receptor-binding domain-like,SARS receptor-binding domain-like,1.56,0.73,text 3d pdb
sarscov2,d,318,1,1,d3scle_,SARS receptor-binding domain-like,SARS receptor-binding domain-like,1.56,0.73,text 3d pdb
sarscov2,d,318,1,1,d3d0hf_,SARS receptor-binding domain-like,SARS receptor-binding domain-like,1.56,0.72,text 3d pdb
sarscov2,d,318,1,1,d3sckf_,SARS receptor-binding domain-like,SARS receptor-binding domain-like,1.58,0.72,text 3d pdb
sarscov2,d,318,1,1,d3scke_,SARS receptor-binding domain-like,SARS receptor-binding domain-like,1.59,0.72,text 3d pdb
sarscov2,c,91,1,0,d2qzyb2,PEP carboxykinase-like,PEP carboxykinase-like,3.96,0.43,text 3d pdb
sarscov2,c,91,1,0,d2fahc2,PEP carboxykinase-like,PEP carboxykinase-like,4.06,0.43,text 3d pdb
sarscov2,c,91,1,0,d2fafb2,PEP carboxykinase-like,PEP carboxykinase-like,4.03,0.43,text 3d pdb
sarscov2,c,91,1,1,d5fh2a2,PEP carboxykinase-like,PEP carboxykinase-like,4.03,0.42,text 3d pdb
sarscov2,c,91,1,0,d2fahd2,PEP carboxykinase-like,PEP carboxykinase-like,3.95,0.42,text 3d pdb
sarscov2,c,91,1,0,d2fahb2,PEP carboxykinase-like,PEP carboxykinase-like,3.88,0.42,text 3d pdb
sarscov2,c,82,1,0,d5izdc_,ALDH-like,ALDH-like,3.58,0.42,text 3d pdb
sarscov2,c,91,1,1,d2qf2b2,PEP carboxykinase-like,PEP carboxykinase-like,3.86,0.42,text 3d pdb
sarscov2,c,91,1,1,d2rkda2,PEP carboxykinase-like,PEP carboxykinase-like,4.17,0.42,text 3d pdb
sarscov2,c,82,1,1,d5l2ma_,ALDH-like,ALDH-like,3.82,0.42,text 3d pdb
sarscov2,c,82,1,1,d5ac0a_,ALDH-like,ALDH-like,3.82,0.42,text 3d pdb
sarscov2,c,91,1,0,d2zcid2,PEP carboxykinase-like,PEP carboxykinase-like,4.05,0.42,text 3d pdb
sarscov2,c,82,1,1,d5ac1a_,ALDH-like,ALDH-like,3.33,0.42,text 3d pdb
sarscov2,d,109,1,1,d1d0nb4,Gelsolin-like,Actin depolymerizing proteins,3.38,0.42,text 3d pdb
sarscov2,c,91,1,1,d4gnla2,PEP carboxykinase-like,PEP carboxykinase-like,3.94,0.41,text 3d pdb
sarscov2,c,91,1,1,d4yw9a2,PEP carboxykinase-like,PEP carboxykinase-like,3.95,0.41,text 3d pdb
sarscov2,c,82,1,0,d4ywed_,ALDH-like,ALDH-like,3.49,0.41,text 3d pdb
sarscov2,c,82,1,0,d4mpyf1,ALDH-like,ALDH-like,3.67,0.41,text 3d pdb
sarscov2,b,103,1,1,d2nqsb2,MoeA N-terminal region -like,MoeA N-terminal region -like,3.47,0.41,text 3d pdb
sarscov2,c,82,1,1,d5l13h_,ALDH-like,ALDH-like,3.65,0.41,text 3d pdb
sarscov2,c,91,1,0,d2zcic2,PEP carboxykinase-like,PEP carboxykinase-like,4.05,0.41,text 3d pdb
sarscov2,c,82,1,0,d4qn2f_,ALDH-like,ALDH-like,3.85,0.41,text 3d pdb
sarscov2,c,91,1,0,d4wiua2,PEP carboxykinase-like,PEP carboxykinase-like,4.32,0.41,text 3d pdb
sarscov2,c,82,1,0,d4qn2h_,ALDH-like,ALDH-like,3.86,0.41,text 3d pdb
sarscov2,c,91,1,0,d4wpva2,PEP carboxykinase-like,PEP carboxykinase-like,4.37,0.41,text 3d pdb
sarscov2,d,109,1,1,d1d0na4,Gelsolin-like,Actin depolymerizing proteins,3.12,0.41,text 3d pdb
sarscov2,c,82,1,1,d2onmc_,ALDH-like,ALDH-like,3.45,0.41,text 3d pdb
sarscov2,c,91,1,1,d4ywda2,PEP carboxykinase-like,PEP carboxykinase-like,3.8,0.41,text 3d pdb
sarscov2,c,82,1,0,d4zwlc1,ALDH-like,ALDH-like,3.88,0.41,text 3d pdb
sarscov2,c,82,1,1,d2onmh_,ALDH-like,ALDH-like,3.5,0.41,text 3d pdb
sarscov2,c,91,1,0,d4wl8a2,PEP carboxykinase-like,PEP carboxykinase-like,4.36,0.41,text 3d pdb
sarscov2,c,91,1,1,d4ox2a2,PEP carboxykinase-like,PEP carboxykinase-like,3.8,0.41,text 3d pdb
sarscov2,c,82,1,1,d2onnh_,ALDH-like,ALDH-like,3.43,0.41,text 3d pdb
sarscov2,c,82,1,1,d2onmf_,ALDH-like,ALDH-like,3.46,0.41,text 3d pdb
sarscov2,c,82,1,0,d3prlb1,ALDH-like,ALDH-like,3.45,0.41,text 3d pdb
sarscov2,c,82,1,1,d3n83h_,ALDH-like,ALDH-like,3.83,0.41,text 3d pdb
sarscov2,c,82,1,1,d2onog_,ALDH-like,ALDH-like,3.51,0.41,text 3d pdb
sarscov2,c,82,1,1,d2onng_,ALDH-like,ALDH-like,3.53,0.41,text 3d pdb
sarscov2,c,82,1,1,d2onme_,ALDH-like,ALDH-like,3.39,0.41,text 3d pdb
sarscov2,b,19,1,2,d4nrle_,Viral protein domain,Viral protein domain,3.11,0.41,text 3d pdb
sarscov2,c,82,1,1,d5l2og_,ALDH-like,ALDH-like,3.48,0.41,text 3d pdb
sarscov2,b,19,1,2,d4nrla_,Viral protein domain,Viral protein domain,3.11,0.41,text 3d pdb
sarscov2,c,82,1,1,d1bxsc_,ALDH-like,ALDH-like,3.43,0.41,text 3d pdb
sarscov2,c,82,1,1,d2onmk_,ALDH-like,ALDH-like,3.46,0.41,text 3d pdb
sarscov2,d,109,1,0,d2fgha4,Gelsolin-like,Actin depolymerizing proteins,3.45,0.41,text 3d pdb
sarscov2,c,82,1,1,d1bxsb_,ALDH-like,ALDH-like,3.43,0.41,text 3d pdb
sarscov2,c,82,1,1,d2onoe_,ALDH-like,ALDH-like,3.57,0.41,text 3d pdb
sarscov2,c,82,1,0,d4zwle_,ALDH-like,ALDH-like,3.9,0.41,text 3d pdb
sarscov2,c,82,1,1,d2onob_,ALDH-like,ALDH-like,3.45,0.41,text 3d pdb
sarscov2,c,82,1,1,d3n80f_,ALDH-like,ALDH-like,3.86,0.41,text 3d pdb
sarscov2,c,82,1,1,d3n81e_,ALDH-like,ALDH-like,3.89,0.41,text 3d pdb
sarscov2,c,82,1,1,d3n81b_,ALDH-like,ALDH-like,3.89,0.41,text 3d pdb
sarscov2,c,91,1,1,d4gmwa2,PEP carboxykinase-like,PEP carboxykinase-like,4.07,0.41,text 3d pdb
sarscov2,c,82,1,1,d4kwgf_,ALDH-like,ALDH-like,3.59,0.41,text 3d pdb
sarscov2,c,82,1,1,d2onof_,ALDH-like,ALDH-like,3.61,0.4,text 3d pdb
sarscov2,b,103,1,1,d2nqra2,MoeA N-terminal region -like,MoeA N-terminal region -like,4.15,0.4,text 3d pdb
sarscov2,d,109,1,0,d2fghb4,Gelsolin-like,Actin depolymerizing proteins,3.39,0.4,text 3d pdb
sarscov2,c,82,1,1,d3sz9g_,ALDH-like,ALDH-like,3.53,0.4,text 3d pdb
sarscov2,c,82,1,1,d2onmj_,ALDH-like,ALDH-like,3.55,0.4,text 3d pdb
sarscov2,c,82,1,1,d1o9jb_,ALDH-like,ALDH-like,3.41,0.4,text 3d pdb
sarscov2,c,82,1,1,d2onph_,ALDH-like,ALDH-like,3.66,0.4,text 3d pdb
sarscov2,c,82,1,1,d2onmi_,ALDH-like,ALDH-like,3.55,0.4,text 3d pdb
sarscov2,c,82,1,1,d3n81f_,ALDH-like,ALDH-like,3.4,0.4,text 3d pdb
sarscov2,c,82,1,1,d1ag8a_,ALDH-like,ALDH-like,3.51,0.4,text 3d pdb
sarscov2,c,82,1,1,d3sz9h_,ALDH-like,ALDH-like,3.52,0.4,text 3d pdb
sarscov2,c,91,1,1,d3dtba2,PEP carboxykinase-like,PEP carboxykinase-like,4.16,0.4,text 3d pdb
sarscov2,c,82,1,1,d2onpc_,ALDH-like,ALDH-like,3.67,0.4,text 3d pdb
sarscov2,c,82,1,1,d1o9jd_,ALDH-like,ALDH-like,3.43,0.4,text 3d pdb
sarscov2,c,82,1,1,d3n82g_,ALDH-like,ALDH-like,3.53,0.4,text 3d pdb
sarscov2,c,82,1,1,d4wp7a_,ALDH-like,ALDH-like,3.45,0.4,text 3d pdb
sarscov2,c,82,1,1,d3inlf_,ALDH-like,ALDH-like,3.45,0.4,text 3d pdb
sarscov2,c,82,1,0,d3rhhb1,ALDH-like,ALDH-like,3.33,0.4,text 3d pdb
sarscov2,c,82,1,1,d4fqfc_,ALDH-like,ALDH-like,3.41,0.4,text 3d pdb
sarscov2,c,82,1,1,d3n83e_,ALDH-like,ALDH-like,3.52,0.4,text 3d pdb
sarscov2,c,82,1,1,d3n82a_,ALDH-like,ALDH-like,3.54,0.4,text 3d pdb
sarscov2,c,82,1,1,d3n83c_,ALDH-like,ALDH-like,3.63,0.4,text 3d pdb
sarscov2,c,82,1,1,d2onne_,ALDH-like,ALDH-like,3.43,0.4,text 3d pdb
sarscov2,c,91,1,1,d5v95a2,PEP carboxykinase-like,PEP carboxykinase-like,3.82,0.4,text 3d pdb
sarscov2,c,82,1,1,d3n81a_,ALDH-like,ALDH-like,3.52,0.4,text 3d pdb
sarscov2,c,82,1,1,d3n82h_,ALDH-like,ALDH-like,3.54,0.4,text 3d pdb
sarscov2,c,82,1,1,d4kwgb_,ALDH-like,ALDH-like,3.52,0.4,text 3d pdb
sarscov2,c,82,1,1,d1nzwg_,ALDH-like,ALDH-like,3.55,0.4,text 3d pdb
sarscov2,c,82,1,1,d3injg_,ALDH-like,ALDH-like,3.53,0.4,text 3d pdb
sarscov2,c,82,1,1,d5l13f_,ALDH-like,ALDH-like,3.54,0.4,text 3d pdb
sarscov2,c,82,1,1,d1nzzh_,ALDH-like,ALDH-like,3.53,0.4,text 3d pdb
sarscov2,c,91,1,1,d3mohb2,PEP carboxykinase-like,PEP carboxykinase-like,4.18,0.4,text 3d pdb
sarscov2,c,82,1,1,d1nzwf_,ALDH-like,ALDH-like,3.55,0.4,text 3d pdb
sarscov2,c,82,1,1,d1nzwb_,ALDH-like,ALDH-like,3.55,0.4,text 3d pdb
sarscov2,c,82,1,1,d1cw3h_,ALDH-like,ALDH-like,3.52,0.4,text 3d pdb
sarscov2,c,82,1,1,d1o05a_,ALDH-like,ALDH-like,3.52,0.4,text 3d pdb
sarscov2,c,82,1,1,d3inlc_,ALDH-like,ALDH-like,3.56,0.4,text 3d pdb
sarscov2,c,82,1,1,d1cw3e_,ALDH-like,ALDH-like,3.51,0.4,text 3d pdb
sarscov2,c,82,1,1,d1nzwc_,ALDH-like,ALDH-like,3.55,0.4,text 3d pdb
sarscov2,c,82,1,1,d2onmg_,ALDH-like,ALDH-like,3.39,0.4,text 3d pdb
sarscov2,c,82,1,1,d3n82f_,ALDH-like,ALDH-like,3.54,0.4,text 3d pdb
sarscov2,c,82,1,1,d1nzwh_,ALDH-like,ALDH-like,3.55,0.4,text 3d pdb
sarscov2,c,82,1,1,d2onma_,ALDH-like,ALDH-like,3.39,0.4,text 3d pdb
sarscov2,c,82,1,1,d2onnc_,ALDH-like,ALDH-like,3.52,0.4,text 3d pdb
sarscov2,c,82,1,1,d2onnf_,ALDH-like,ALDH-like,3.51,0.4,text 3d pdb
sarscov2,c,82,1,1,d1cw3d_,ALDH-like,ALDH-like,3.53,0.4,text 3d pdb
sarscov2,c,82,1,1,d1nzwe_,ALDH-like,ALDH-like,3.55,0.4,text 3d pdb
sarscov2,c,82,1,1,d1o05d_,ALDH-like,ALDH-like,3.51,0.4,text 3d pdb
sarscov2,c,82,1,1,d1cw3g_,ALDH-like,ALDH-like,3.51,0.4,text 3d pdb
sarscov2,c,82,1,1,d1nzzg_,ALDH-like,ALDH-like,3.53,0.4,text 3d pdb
sarscov2,c,82,1,1,d1nzwa_,ALDH-like,ALDH-like,3.55,0.4,text 3d pdb
sarscov2,c,82,1,1,d1o00g_,ALDH-like,ALDH-like,3.52,0.4,text 3d pdb
sarscov2,c,82,1,1,d1cw3f_,ALDH-like,ALDH-like,3.51,0.4,text 3d pdb
sarscov2,c,82,1,1,d4kwge_,ALDH-like,ALDH-like,3.55,0.4,text 3d pdb
sarscov2,c,82,1,1,d1of7g_,ALDH-like,ALDH-like,3.57,0.4,text 3d pdb
sarscov2,c,82,1,1,d1nzwd_,ALDH-like,ALDH-like,3.55,0.4,text 3d pdb
sarscov2,c,82,1,1,d3n82d_,ALDH-like,ALDH-like,3.53,0.4,text 3d pdb
sarscov2,c,82,1,1,d1nzzf_,ALDH-like,ALDH-like,3.54,0.4,text 3d pdb
sarscov2,c,82,1,1,d5l13a_,ALDH-like,ALDH-like,3.53,0.4,text 3d pdb
sarscov2,c,82,1,1,d1o05b_,ALDH-like,ALDH-like,3.52,0.4,text 3d pdb
sarscov2,c,82,1,1,d1o02f_,ALDH-like,ALDH-like,3.54,0.4,text 3d pdb
sarscov2,c,82,1,1,d4fqfa_,ALDH-like,ALDH-like,3.29,0.4,text 3d pdb
sarscov2,c,82,1,1,d1o04f_,ALDH-like,ALDH-like,3.54,0.4,text 3d pdb
sarscov2,c,82,1,1,d4kwgg_,ALDH-like,ALDH-like,3.58,0.4,text 3d pdb
sarscov2,c,82,1,1,d1o05g_,ALDH-like,ALDH-like,3.52,0.4,text 3d pdb
sarscov2,c,82,1,1,d1nzxa_,ALDH-like,ALDH-like,3.53,0.4,text 3d pdb
sarscov2,c,82,1,1,d3n83a_,ALDH-like,ALDH-like,3.53,0.4,text 3d pdb
sarscov2,c,82,1,1,d1nzxg_,ALDH-like,ALDH-like,3.53,0.4,text 3d pdb
sarscov2,c,82,1,1,d5l13b_,ALDH-like,ALDH-like,3.55,0.4,text 3d pdb
sarscov2,c,91,1,1,d3dt4a2,PEP carboxykinase-like,PEP carboxykinase-like,4.2,0.4,text 3d pdb
sarscov2,c,82,1,1,d1nzze_,ALDH-like,ALDH-like,3.54,0.4,text 3d pdb
sarscov2,c,82,1,1,d1o00d_,ALDH-like,ALDH-like,3.52,0.4,text 3d pdb
sarscov2,c,82,1,1,d1cw3a_,ALDH-like,ALDH-like,3.52,0.4,text 3d pdb
sarscov2,c,82,1,1,d2onnb_,ALDH-like,ALDH-like,3.51,0.4,text 3d pdb
sarscov2,c,82,1,1,d1o02h_,ALDH-like,ALDH-like,3.54,0.4,text 3d pdb
sarscov2,c,82,1,1,d1o00c_,ALDH-like,ALDH-like,3.52,0.4,text 3d pdb
sarscov2,c,82,1,1,d1cw3b_,ALDH-like,ALDH-like,3.52,0.4,text 3d pdb
sarscov2,c,82,1,1,d1nzza_,ALDH-like,ALDH-like,3.54,0.4,text 3d pdb
sarscov2,c,82,1,1,d5l13g_,ALDH-like,ALDH-like,3.55,0.4,text 3d pdb
sarscov2,c,82,1,1,d1nzzd_,ALDH-like,ALDH-like,3.53,0.4,text 3d pdb
sarscov2,c,82,1,1,d1o02g_,ALDH-like,ALDH-like,3.54,0.4,text 3d pdb
sarscov2,c,82,1,1,d3n82e_,ALDH-like,ALDH-like,3.54,0.4,text 3d pdb
sarscov2,c,82,1,1,d2onmb_,ALDH-like,ALDH-like,3.47,0.4,text 3d pdb
sarscov2,c,82,1,1,d1o01f_,ALDH-like,ALDH-like,3.52,0.4,text 3d pdb
sarscov2,c,82,1,1,d1o00a_,ALDH-like,ALDH-like,3.52,0.4,text 3d pdb
sarscov2,c,82,1,1,d2onnd_,ALDH-like,ALDH-like,3.44,0.4,text 3d pdb
sarscov2,c,82,1,1,d4fr8f_,ALDH-like,ALDH-like,3.55,0.4,text 3d pdb
sarscov2,c,82,1,1,d1o02e_,ALDH-like,ALDH-like,3.53,0.4,text 3d pdb
sarscov2,c,82,1,1,d1o01h_,ALDH-like,ALDH-like,3.53,0.4,text 3d pdb
sarscov2,c,82,1,1,d1nzxc_,ALDH-like,ALDH-like,3.53,0.4,text 3d pdb
sarscov2,c,82,1,1,d3n81d_,ALDH-like,ALDH-like,3.53,0.4,text 3d pdb
sarscov2,e,23,1,1,d2d1sa_,Acetyl-CoA synthetase-like,Acetyl-CoA synthetase-like,3.46,0.4,text 3d pdb
sarscov2,c,82,1,1,d2onpe_,ALDH-like,ALDH-like,3.55,0.4,text 3d pdb
sarscov2,c,82,1,1,d3inld_,ALDH-like,ALDH-like,3.56,0.4,text 3d pdb
sarscov2,c,91,1,1,d4ywba2,PEP carboxykinase-like,PEP carboxykinase-like,3.95,0.4,text 3d pdb
sarscov2,c,82,1,0,d5ek6f_,ALDH-like,ALDH-like,3.47,0.4,text 3d pdb
sarscov2,c,82,1,1,d1o01g_,ALDH-like,ALDH-like,3.53,0.4,text 3d pdb
sarscov2,c,82,1,1,d2onpg_,ALDH-like,ALDH-like,3.63,0.4,text 3d pdb
sarscov2,c,91,1,1,d4ox2b2,PEP carboxykinase-like,PEP carboxykinase-like,4.14,0.4,text 3d pdb
sarscov2,c,82,1,1,d1o02d_,ALDH-like,ALDH-like,3.53,0.4,text 3d pdb
sarscov2,c,82,1,1,d2vlea_,ALDH-like,ALDH-like,3.56,0.4,text 3d pdb
sarscov2,b,103,1,1,d2nqqb2,MoeA N-terminal region -like,MoeA N-terminal region -like,3.58,0.4,text 3d pdb
sarscov2,e,23,1,1,d2d1ra_,Acetyl-CoA synthetase-like,Acetyl-CoA synthetase-like,3.44,0.4,text 3d pdb
sarscov2,c,82,1,1,d2vlec_,ALDH-like,ALDH-like,3.56,0.4,text 3d pdb
sarscov2,c,82,1,1,d2onpf_,ALDH-like,ALDH-like,3.62,0.4,text 3d pdb
sarscov2,c,82,1,1,d1nzzc_,ALDH-like,ALDH-like,3.54,0.4,text 3d pdb
sarscov2,c,82,1,1,d1o01a_,ALDH-like,ALDH-like,3.52,0.4,text 3d pdb
sarscov2,c,82,1,1,d1o01b_,ALDH-like,ALDH-like,3.53,0.4,text 3d pdb
sarscov2,c,91,1,1,d3mofa2,PEP carboxykinase-like,PEP carboxykinase-like,4.13,0.4,text 3d pdb
sarscov2,c,82,1,1,d2onpb_,ALDH-like,ALDH-like,3.65,0.4,text 3d pdb
sarscov2,c,82,1,1,d1o01d_,ALDH-like,ALDH-like,3.53,0.4,text 3d pdb
sarscov2,c,82,1,1,d1zumd_,ALDH-like,ALDH-like,4.03,0.4,text 3d pdb
sarscov2,c,82,1,1,d1zumj_,ALDH-like,ALDH-like,4.03,0.4,text 3d pdb
sarscov2,c,82,1,1,d1o00f_,ALDH-like,ALDH-like,3.57,0.4,text 3d pdb
sarscov2,c,82,1,1,d1o00b_,ALDH-like,ALDH-like,3.57,0.4,text 3d pdb
sarscov2,c,82,1,1,d1o01e_,ALDH-like,ALDH-like,3.54,0.4,text 3d pdb
sarscov2,c,82,1,1,d1nzxb_,ALDH-like,ALDH-like,3.58,0.4,text 3d pdb
sarscov2,c,82,1,1,d3inle_,ALDH-like,ALDH-like,3.52,0.4,text 3d pdb
sarscov2,c,82,1,1,d1nzxf_,ALDH-like,ALDH-like,3.56,0.4,text 3d pdb
sarscov2,c,82,1,1,d1o00e_,ALDH-like,ALDH-like,3.57,0.4,text 3d pdb
sarscov2,e,41,1,1,d1lvcc_,Adenylylcyclase toxin (the edema factor),Adenylylcyclase toxin (the edema factor),3.68,0.4,text 3d pdb
sarscov2,c,82,1,1,d3n80d_,ALDH-like,ALDH-like,3.5,0.4,text 3d pdb
sarscov2,c,82,1,1,d1o05e_,ALDH-like,ALDH-like,3.57,0.4,text 3d pdb
sarscov2,c,82,1,0,d3rhha_,ALDH-like,ALDH-like,3.34,0.39,text 3d pdb
sarscov2,c,82,1,1,d3n80c_,ALDH-like,ALDH-like,3.54,0.39,text 3d pdb
sarscov2,c,82,1,1,d1nzxe_,ALDH-like,ALDH-like,3.58,0.39,text 3d pdb
sarscov2,c,82,1,1,d3sz9b_,ALDH-like,ALDH-like,3.52,0.39,text 3d pdb
sarscov2,e,23,1,1,d2d1ta_,Acetyl-CoA synthetase-like,Acetyl-CoA synthetase-like,3.49,0.39,text 3d pdb
sarscov2,c,82,1,1,d1o00h_,ALDH-like,ALDH-like,3.49,0.39,text 3d pdb
sarscov2,c,82,1,1,d3sz9a_,ALDH-like,ALDH-like,3.49,0.39,text 3d pdb
sarscov2,c,82,1,1,d2vleb_,ALDH-like,ALDH-like,3.53,0.39,text 3d pdb
sarscov2,i,16,1,1,d1grug_,GroE chaperon,GroE chaperon,3.57,0.39,text 3d pdb
sarscov2,d,109,1,1,d3ffnb4,Gelsolin-like,Actin depolymerizing proteins,3.49,0.39,text 3d pdb
sarscov2,e,23,1,1,d2d1qa_,Acetyl-CoA synthetase-like,Acetyl-CoA synthetase-like,3.44,0.39,text 3d pdb
sarscov2,c,82,1,1,d1nzxd_,ALDH-like,ALDH-like,3.5,0.39,text 3d pdb
sarscov2,c,82,1,0,d3prla_,ALDH-like,ALDH-like,3.44,0.39,text 3d pdb
sarscov2,c,82,1,1,d1nzxh_,ALDH-like,ALDH-like,3.5,0.39,text 3d pdb
sarscov2,c,82,1,1,d1o04e_,ALDH-like,ALDH-like,3.41,0.39,text 3d pdb
sarscov2,d,128,1,0,d4lnka2,Glutamine synthetase/guanido kinase,Glutamine synthetase/guanido kinase,3.2,0.39,text 3d pdb
sarscov2,c,91,1,1,d2rkac2,PEP carboxykinase-like,PEP carboxykinase-like,4.04,0.39,text 3d pdb
sarscov2,c,82,1,0,d4qf6i_,ALDH-like,ALDH-like,3.57,0.39,text 3d pdb
sarscov2,d,161,1,1,d3rv7a_,ADC synthase,ADC synthase,4.01,0.39,text 3d pdb
sarscov2,c,82,1,1,d2onod_,ALDH-like,ALDH-like,3.87,0.39,text 3d pdb
sarscov2,c,91,1,1,d5fh4a2,PEP carboxykinase-like,PEP carboxykinase-like,4.01,0.39,text 3d pdb
sarscov2,c,91,1,1,d1khea1,PEP carboxykinase-like,PEP carboxykinase-like,3.67,0.39,text 3d pdb
sarscov2,c,91,1,1,d5fh1a2,PEP carboxykinase-like,PEP carboxykinase-like,4.16,0.39,text 3d pdb
sarscov2,b,29,1,10,d2ovwc_,Concanavalin A-like lectins/glucanases,Concanavalin A-like lectins/glucanases,3.25,0.39,text 3d pdb
sarscov2,c,82,1,1,d1zumc_,ALDH-like,ALDH-like,3.62,0.39,text 3d pdb
sarscov2,d,128,1,1,d1lgrl2,Glutamine synthetase/guanido kinase,Glutamine synthetase/guanido kinase,3.36,0.39,text 3d pdb
sarscov2,d,128,1,1,d1lgri2,Glutamine synthetase/guanido kinase,Glutamine synthetase/guanido kinase,3.36,0.39,text 3d pdb
sarscov2,d,128,1,1,d1lgrj2,Glutamine synthetase/guanido kinase,Glutamine synthetase/guanido kinase,3.36,0.39,text 3d pdb
sarscov2,d,128,1,1,d1lgre2,Glutamine synthetase/guanido kinase,Glutamine synthetase/guanido kinase,3.36,0.39,text 3d pdb
sarscov2,d,128,1,1,d1lgrh2,Glutamine synthetase/guanido kinase,Glutamine synthetase/guanido kinase,3.36,0.39,text 3d pdb
sarscov2,d,128,1,1,d1lgrc2,Glutamine synthetase/guanido kinase,Glutamine synthetase/guanido kinase,3.36,0.39,text 3d pdb
sarscov2,d,128,1,1,d1lgra2,Glutamine synthetase/guanido kinase,Glutamine synthetase/guanido kinase,3.36,0.39,text 3d pdb
sarscov2,d,128,1,1,d1lgrf2,Glutamine synthetase/guanido kinase,Glutamine synthetase/guanido kinase,3.36,0.39,text 3d pdb
sarscov2,d,128,1,1,d1lgrb2,Glutamine synthetase/guanido kinase,Glutamine synthetase/guanido kinase,3.36,0.39,text 3d pdb
sarscov2,d,128,1,1,d1lgrk2,Glutamine synthetase/guanido kinase,Glutamine synthetase/guanido kinase,3.36,0.39,text 3d pdb
sarscov2,d,128,1,1,d1lgrg2,Glutamine synthetase/guanido kinase,Glutamine synthetase/guanido kinase,3.36,0.39,text 3d pdb
sarscov2,d,128,1,1,d1lgrd2,Glutamine synthetase/guanido kinase,Glutamine synthetase/guanido kinase,3.36,0.39,text 3d pdb
sarscov2,c,91,1,1,d4gmma2,PEP carboxykinase-like,PEP carboxykinase-like,4.14,0.39,text 3d pdb
sarscov2,c,82,1,0,d3k2wf_,ALDH-like,ALDH-like,3.68,0.39,text 3d pdb
sarscov2,c,91,1,1,d4gmza2,PEP carboxykinase-like,PEP carboxykinase-like,4.14,0.39,text 3d pdb
sarscov2,c,91,1,1,d3mofb2,PEP carboxykinase-like,PEP carboxykinase-like,4.04,0.39,text 3d pdb
sarscov2,c,91,1,0,d4rcga2,PEP carboxykinase-like,PEP carboxykinase-like,4.34,0.39,text 3d pdb
sarscov2,c,91,1,1,d2rk8a2,PEP carboxykinase-like,PEP carboxykinase-like,4.15,0.39,text 3d pdb
sarscov2,c,82,1,0,d5fhzb_,ALDH-like,ALDH-like,3.79,0.39,text 3d pdb
sarscov2,e,23,1,1,d4g36b_,Acetyl-CoA synthetase-like,Acetyl-CoA synthetase-like,3.56,0.39,text 3d pdb
sarscov2,c,91,1,1,d2rk8b2,PEP carboxykinase-like,PEP carboxykinase-like,4.19,0.39,text 3d pdb
sarscov2,b,29,1,10,d1dyma_,Concanavalin A-like lectins/glucanases,Concanavalin A-like lectins/glucanases,3.25,0.39,text 3d pdb
sarscov2,b,179,1,1,d3abzc3,Anthrax protective antigen N-terminal-like,PA14-like,2.9,0.39,text 3d pdb
sarscov2,c,91,1,1,d2rkaa2,PEP carboxykinase-like,PEP carboxykinase-like,4.1,0.39,text 3d pdb
sarscov2,c,91,1,1,d5v9fa2,PEP carboxykinase-like,PEP carboxykinase-like,4.18,0.39,text 3d pdb
sarscov2,b,29,1,10,d1ojjb_,Concanavalin A-like lectins/glucanases,Concanavalin A-like lectins/glucanases,3.27,0.39,text 3d pdb
sarscov2,b,29,1,10,d1ojja_,Concanavalin A-like lectins/glucanases,Concanavalin A-like lectins/glucanases,3.24,0.39,text 3d pdb
sarscov2,b,29,1,10,d1ojka_,Concanavalin A-like lectins/glucanases,Concanavalin A-like lectins/glucanases,3.26,0.39,text 3d pdb
sarscov2,b,74,1,0,d5uslx_,Carbonic anhydrase,Carbonic anhydrase,3.49,0.39,text 3d pdb
sarscov2,d,128,1,0,d4lnnk2,Glutamine synthetase/guanido kinase,Glutamine synthetase/guanido kinase,3.36,0.39,text 3d pdb
sarscov2,d,109,1,1,d3ffna4,Gelsolin-like,Actin depolymerizing proteins,3.5,0.39,text 3d pdb
sarscov2,c,82,1,0,d5gt6c_,ALDH-like,ALDH-like,3.39,0.39,text 3d pdb
sarscov2,d,128,1,0,d4lnof2,Glutamine synthetase/guanido kinase,Glutamine synthetase/guanido kinase,3.42,0.39,text 3d pdb
sarscov2,c,82,1,0,d4jbeb_,ALDH-like,ALDH-like,4.3,0.39,text 3d pdb
sarscov2,c,91,1,1,d3dt7a2,PEP carboxykinase-like,PEP carboxykinase-like,4.06,0.39,text 3d pdb
sarscov2,b,29,1,10,d1ojkb_,Concanavalin A-like lectins/glucanases,Concanavalin A-like lectins/glucanases,3.27,0.39,text 3d pdb
sarscov2,b,29,1,10,d1ojia_,Concanavalin A-like lectins/glucanases,Concanavalin A-like lectins/glucanases,3.29,0.39,text 3d pdb
sarscov2,d,128,1,0,d4lnoc2,Glutamine synthetase/guanido kinase,Glutamine synthetase/guanido kinase,3.4,0.39,text 3d pdb
sarscov2,b,96,1,1,d3u8mg_,Nicotinic receptor ligand binding domain-like,Nicotinic receptor ligand binding domain-like,3.14,0.39,text 3d pdb
sarscov2,c,91,1,1,d3dt7b2,PEP carboxykinase-like,PEP carboxykinase-like,4.09,0.39,text 3d pdb
sarscov2,d,128,1,1,d2lgsj2,Glutamine synthetase/guanido kinase,Glutamine synthetase/guanido kinase,3.52,0.39,text 3d pdb
sarscov2,d,128,1,1,d2lgsi2,Glutamine synthetase/guanido kinase,Glutamine synthetase/guanido kinase,3.52,0.39,text 3d pdb
sarscov2,d,128,1,1,d2lgsk2,Glutamine synthetase/guanido kinase,Glutamine synthetase/guanido kinase,3.52,0.39,text 3d pdb
sarscov2,d,128,1,1,d2lgse2,Glutamine synthetase/guanido kinase,Glutamine synthetase/guanido kinase,3.52,0.39,text 3d pdb
sarscov2,d,128,1,1,d2lgsc2,Glutamine synthetase/guanido kinase,Glutamine synthetase/guanido kinase,3.52,0.39,text 3d pdb
sarscov2,d,128,1,1,d2lgsh2,Glutamine synthetase/guanido kinase,Glutamine synthetase/guanido kinase,3.52,0.39,text 3d pdb
sarscov2,d,128,1,1,d2lgsa2,Glutamine synthetase/guanido kinase,Glutamine synthetase/guanido kinase,3.52,0.39,text 3d pdb
sarscov2,d,128,1,1,d2lgsb2,Glutamine synthetase/guanido kinase,Glutamine synthetase/guanido kinase,3.52,0.39,text 3d pdb
sarscov2,d,128,1,1,d2lgsf2,Glutamine synthetase/guanido kinase,Glutamine synthetase/guanido kinase,3.52,0.39,text 3d pdb
sarscov2,d,128,1,1,d2lgsl2,Glutamine synthetase/guanido kinase,Glutamine synthetase/guanido kinase,3.52,0.39,text 3d pdb
sarscov2,d,128,1,1,d2lgsg2,Glutamine synthetase/guanido kinase,Glutamine synthetase/guanido kinase,3.52,0.39,text 3d pdb
sarscov2,d,128,1,1,d2lgsd2,Glutamine synthetase/guanido kinase,Glutamine synthetase/guanido kinase,3.52,0.39,text 3d pdb
sarscov2,c,91,1,1,d3moea2,PEP carboxykinase-like,PEP carboxykinase-like,4.24,0.39,text 3d pdb
sarscov2,b,35,1,1,d2c7cu1,GroES-like,GroES-like,3.49,0.39,text 3d pdb
sarscov2,d,128,1,0,d4lnfk2,Glutamine synthetase/guanido kinase,Glutamine synthetase/guanido kinase,3.4,0.39,text 3d pdb
sarscov2,c,82,1,0,d4qetb_,ALDH-like,ALDH-like,3.69,0.39,text 3d pdb
sarscov2,e,23,1,0,d5jjqd1,Acetyl-CoA synthetase-like,Acetyl-CoA synthetase-like,3.76,0.39,text 3d pdb
sarscov2,b,29,1,10,d2a39a_,Concanavalin A-like lectins/glucanases,Concanavalin A-like lectins/glucanases,3.27,0.39,text 3d pdb
sarscov2,b,29,1,10,d2a39b_,Concanavalin A-like lectins/glucanases,Concanavalin A-like lectins/glucanases,3.3,0.39,text 3d pdb
sarscov2,c,37,1,0,d3lreb_,P-loop containing nucleoside triphosphate hydrolases,P-loop containing nucleoside triphosphate hydrolases,3.76,0.39,text 3d pdb
sarscov2,c,91,1,1,d3dtbb2,PEP carboxykinase-like,PEP carboxykinase-like,4.15,0.39,text 3d pdb
sarscov2,c,91,1,1,d5v9ha2,PEP carboxykinase-like,PEP carboxykinase-like,4.3,0.39,text 3d pdb
sarscov2,c,91,1,1,d4gnma2,PEP carboxykinase-like,PEP carboxykinase-like,4.08,0.38,text 3d pdb
sarscov2,b,2,3,2,d4av5a_,Common fold of diphtheria toxin/transcription factors/cytochrome f,Bacterial adhesins,3.08,0.38,text 3d pdb
sarscov2,e,23,1,0,d5jjqb_,Acetyl-CoA synthetase-like,Acetyl-CoA synthetase-like,3.78,0.38,text 3d pdb
sarscov2,b,29,1,10,d2ovwd_,Concanavalin A-like lectins/glucanases,Concanavalin A-like lectins/glucanases,3.34,0.38,text 3d pdb
sarscov2,d,128,1,0,d4lnkd2,Glutamine synthetase/guanido kinase,Glutamine synthetase/guanido kinase,3.46,0.38,text 3d pdb
sarscov2,c,91,1,1,d5v9ga2,PEP carboxykinase-like,PEP carboxykinase-like,4.12,0.38,text 3d pdb
sarscov2,c,91,1,1,d4gnoa2,PEP carboxykinase-like,PEP carboxykinase-like,4.07,0.38,text 3d pdb
sarscov2,c,91,1,1,d2rkea2,PEP carboxykinase-like,PEP carboxykinase-like,4.05,0.38,text 3d pdb
sarscov2,c,82,1,0,d3ifhs1,ALDH-like,ALDH-like,3.55,0.38,text 3d pdb
sarscov2,d,161,1,1,d3rv8c_,ADC synthase,ADC synthase,4.02,0.38,text 3d pdb
sarscov2,c,82,1,1,d1o20a_,ALDH-like,ALDH-like,3.9,0.38,text 3d pdb
sarscov2,d,161,1,1,d2g5fa1,ADC synthase,ADC synthase,3.59,0.38,text 3d pdb
sarscov2,d,128,1,0,d3qajj2,Glutamine synthetase/guanido kinase,Glutamine synthetase/guanido kinase,3.71,0.38,text 3d pdb
sarscov2,e,23,1,0,d5jjqc_,Acetyl-CoA synthetase-like,Acetyl-CoA synthetase-like,3.3,0.38,text 3d pdb
sarscov2,c,91,1,1,d3dt2a2,PEP carboxykinase-like,PEP carboxykinase-like,4.23,0.38,text 3d pdb
sarscov2,b,29,1,10,d2ovwa_,Concanavalin A-like lectins/glucanases,Concanavalin A-like lectins/glucanases,3.3,0.38,text 3d pdb
sarscov2,c,91,1,1,d4gnqa2,PEP carboxykinase-like,PEP carboxykinase-like,4.08,0.38,text 3d pdb
sarscov2,c,91,1,1,d2gmvb1,PEP carboxykinase-like,PEP carboxykinase-like,4.2,0.38,text 3d pdb
sarscov2,b,96,1,1,d4qabc1,Nicotinic receptor ligand binding domain-like,Nicotinic receptor ligand binding domain-like,3.48,0.38,text 3d pdb
sarscov2,c,91,1,1,d4gmua2,PEP carboxykinase-like,PEP carboxykinase-like,3.94,0.38,text 3d pdb
sarscov2,c,91,1,1,d2gmva1,PEP carboxykinase-like,PEP carboxykinase-like,4.36,0.38,text 3d pdb
sarscov2,c,91,1,1,d3moha2,PEP carboxykinase-like,PEP carboxykinase-like,4.23,0.38,text 3d pdb
sarscov2,c,91,1,1,d1khga1,PEP carboxykinase-like,PEP carboxykinase-like,4.3,0.38,text 3d pdb
sarscov2,d,128,1,0,d4lnoe2,Glutamine synthetase/guanido kinase,Glutamine synthetase/guanido kinase,3.39,0.38,text 3d pdb
sarscov2,b,1,6,1,d3q2na2,Immunoglobulin-like beta-sandwich,Cadherin-like,3.44,0.38,text 3d pdb
sarscov2,b,2,3,2,d1uwfa_,Common fold of diphtheria toxin/transcription factors/cytochrome f,Bacterial adhesins,3.14,0.38,text 3d pdb
sarscov2,c,37,1,12,d1ii8.1,P-loop containing nucleoside triphosphate hydrolases,P-loop containing nucleoside triphosphate hydrolases,3.72,0.38,text 3d pdb
sarscov2,d,128,1,0,d4lnod2,Glutamine synthetase/guanido kinase,Glutamine synthetase/guanido kinase,3.43,0.38,text 3d pdb
sarscov2,d,128,1,0,d4lnfd2,Glutamine synthetase/guanido kinase,Glutamine synthetase/guanido kinase,3.54,0.38,text 3d pdb
sarscov2,b,2,3,2,d4lova_,Common fold of diphtheria toxin/transcription factors/cytochrome f,Bacterial adhesins,3.14,0.38,text 3d pdb
sarscov2,b,74,1,0,d3fe4b_,Carbonic anhydrase,Carbonic anhydrase,3.46,0.38,text 3d pdb
sarscov2,c,37,1,11,d1xpre3,P-loop containing nucleoside triphosphate hydrolases,P-loop containing nucleoside triphosphate hydrolases,3.76,0.38,text 3d pdb
sarscov2,c,82,1,0,d1t90a_,ALDH-like,ALDH-like,3.76,0.38,text 3d pdb
sarscov2,d,128,1,0,d4lnoa2,Glutamine synthetase/guanido kinase,Glutamine synthetase/guanido kinase,3.19,0.38,text 3d pdb
sarscov2,b,2,3,2,d4x5pa_,Common fold of diphtheria toxin/transcription factors/cytochrome f,Bacterial adhesins,3.1,0.38,text 3d pdb
sarscov2,b,2,3,2,d4av0a_,Common fold of diphtheria toxin/transcription factors/cytochrome f,Bacterial adhesins,3.18,0.38,text 3d pdb
sarscov2,d,128,1,0,d3qaja2,Glutamine synthetase/guanido kinase,Glutamine synthetase/guanido kinase,3.8,0.38,text 3d pdb
sarscov2,d,128,1,0,d4lnfg2,Glutamine synthetase/guanido kinase,Glutamine synthetase/guanido kinase,3.44,0.38,text 3d pdb
sarscov2,c,91,1,1,d4ywbc2,PEP carboxykinase-like,PEP carboxykinase-like,4.24,0.38,text 3d pdb
sarscov2,d,128,1,0,d4lnfb2,Glutamine synthetase/guanido kinase,Glutamine synthetase/guanido kinase,3.44,0.38,text 3d pdb
sarscov2,c,91,1,1,d5fh5a2,PEP carboxykinase-like,PEP carboxykinase-like,4.45,0.38,text 3d pdb
sarscov2,e,23,1,0,d4rmna_,Acetyl-CoA synthetase-like,Acetyl-CoA synthetase-like,3.99,0.38,text 3d pdb
sarscov2,d,128,1,0,d4lnfe2,Glutamine synthetase/guanido kinase,Glutamine synthetase/guanido kinase,3.2,0.38,text 3d pdb
sarscov2,b,2,3,2,d4x50b_,Common fold of diphtheria toxin/transcription factors/cytochrome f,Bacterial adhesins,3.19,0.38,text 3d pdb
sarscov2,c,91,1,1,d4gnpa2,PEP carboxykinase-like,PEP carboxykinase-like,3.97,0.38,text 3d pdb
sarscov2,c,82,1,0,d1t90c_,ALDH-like,ALDH-like,3.67,0.38,text 3d pdb
sarscov2,c,91,1,0,d2zcia2,PEP carboxykinase-like,PEP carboxykinase-like,4.51,0.38,text 3d pdb
sarscov2,e,23,1,0,d5jjqa_,Acetyl-CoA synthetase-like,Acetyl-CoA synthetase-like,3.36,0.38,text 3d pdb
sarscov2,b,2,3,2,d5abza_,Common fold of diphtheria toxin/transcription factors/cytochrome f,Bacterial adhesins,3.18,0.38,text 3d pdb
sarscov2,c,91,1,1,d5v97a2,PEP carboxykinase-like,PEP carboxykinase-like,3.98,0.38,text 3d pdb
sarscov2,c,91,1,1,d5fh3a2,PEP carboxykinase-like,PEP carboxykinase-like,4.24,0.38,text 3d pdb
sarscov2,b,2,3,2,d5l4xb_,Common fold of diphtheria toxin/transcription factors/cytochrome f,Bacterial adhesins,3.19,0.38,text 3d pdb
sarscov2,d,128,1,0,d3qaji2,Glutamine synthetase/guanido kinase,Glutamine synthetase/guanido kinase,3.77,0.38,text 3d pdb
sarscov2,c,37,1,11,d1pv4a3,P-loop containing nucleoside triphosphate hydrolases,P-loop containing nucleoside triphosphate hydrolases,3.92,0.37,text 3d pdb
sarscov2,b,2,3,2,d4ca4b_,Common fold of diphtheria toxin/transcription factors/cytochrome f,Bacterial adhesins,3.68,0.37,text 3d pdb
sarscov2,c,91,1,1,d1nhxa1,PEP carboxykinase-like,PEP carboxykinase-like,4.23,0.37,text 3d pdb
sarscov2,c,82,1,0,d3v9ka_,ALDH-like,ALDH-like,4.17,0.37,text 3d pdb
sarscov2,d,128,1,0,d3qajd2,Glutamine synthetase/guanido kinase,Glutamine synthetase/guanido kinase,3.79,0.37,text 3d pdb
sarscov2,e,23,1,0,d3iteb_,Acetyl-CoA synthetase-like,Acetyl-CoA synthetase-like,4.16,0.37,text 3d pdb
sarscov2,c,91,1,1,d1khfa1,PEP carboxykinase-like,PEP carboxykinase-like,4.25,0.37,text 3d pdb
sarscov2,c,76,1,2,d4cxsa_,Alkaline phosphatase-like,Alkaline phosphatase-like,3.39,0.37,text 3d pdb
sarscov2,c,91,1,1,d1m51a1,PEP carboxykinase-like,PEP carboxykinase-like,4.18,0.37,text 3d pdb
sarscov2,d,144,1,7,d4x3ja_,Protein kinase-like (PK-like),Protein kinase-like (PK-like),3.72,0.37,text 3d pdb
sarscov2,b,50,1,2,d2q11c_,Acid proteases,Acid proteases,4.04,0.37,text 3d pdb
sarscov2,b,3,6,1,d3mi1m_,Prealbumin-like,Aromatic compound dioxygenase,3.44,0.37,text 3d pdb
sarscov2,d,128,1,0,d4lnff2,Glutamine synthetase/guanido kinase,Glutamine synthetase/guanido kinase,3.79,0.37,text 3d pdb
sarscov2,d,161,1,1,d3st6b_,ADC synthase,ADC synthase,3.79,0.37,text 3d pdb
sarscov2,c,91,1,1,d1khba1,PEP carboxykinase-like,PEP carboxykinase-like,4.3,0.37,text 3d pdb
sarscov2,d,161,1,1,d3st6d_,ADC synthase,ADC synthase,3.38,0.37,text 3d pdb
sarscov2,c,91,1,1,d5fh0a2,PEP carboxykinase-like,PEP carboxykinase-like,4.11,0.37,text 3d pdb
sarscov2,b,74,1,0,d4etqx_,Carbonic anhydrase,Carbonic anhydrase,3.86,0.37,text 3d pdb
sarscov2,b,74,1,0,d4etqc_,Carbonic anhydrase,Carbonic anhydrase,3.86,0.37,text 3d pdb
sarscov2,d,129,3,1,d4ryva_,TBP-like,Bet v1-like,3.73,0.37,text 3d pdb
sarscov2,b,74,1,1,d5gmma_,Carbonic anhydrase,Carbonic anhydrase,3.85,0.37,text 3d pdb
sarscov2,d,161,1,1,d1k0gb_,ADC synthase,ADC synthase,3.68,0.37,text 3d pdb
sarscov2,c,82,1,0,d3v9kb1,ALDH-like,ALDH-like,3.94,0.37,text 3d pdb
sarscov2,c,87,1,0,d4rifb1,UDP-Glycosyltransferase/glycogen phosphorylase,UDP-Glycosyltransferase/glycogen phosphorylase,3.6,0.37,text 3d pdb
sarscov2,c,82,1,0,d3v9jb1,ALDH-like,ALDH-like,3.94,0.37,text 3d pdb
sarscov2,d,161,1,1,d1k0eb_,ADC synthase,ADC synthase,4.1,0.37,text 3d pdb
sarscov2,d,185,1,1,d2fgea2,LuxS/MPP-like metallohydrolase,LuxS/MPP-like metallohydrolase,3.97,0.37,text 3d pdb
sarscov2,c,82,1,0,d3v9ha_,ALDH-like,ALDH-like,4.03,0.37,text 3d pdb
sarscov2,e,41,1,1,d1k93c_,Adenylylcyclase toxin (the edema factor),Adenylylcyclase toxin (the edema factor),4.17,0.37,text 3d pdb
sarscov2,b,2,3,2,d4auua_,Common fold of diphtheria toxin/transcription factors/cytochrome f,Bacterial adhesins,3.73,0.37,text 3d pdb
sarscov2,c,82,1,0,d4e3xb1,ALDH-like,ALDH-like,3.95,0.37,text 3d pdb
sarscov2,c,82,1,0,d3prld1,ALDH-like,ALDH-like,4.15,0.37,text 3d pdb
sarscov2,d,128,1,0,d4lnil2,Glutamine synthetase/guanido kinase,Glutamine synthetase/guanido kinase,3.74,0.37,text 3d pdb
sarscov2,c,95,1,0,d4b7va1,Thiolase-like,Thiolase-like,3.46,0.37,text 3d pdb
sarscov2,d,154,1,0,d2drhc_,DmpA/ArgJ-like,DmpA/ArgJ-like,3.45,0.37,text 3d pdb
sarscov2,d,161,1,1,d1k0ga_,ADC synthase,ADC synthase,4.16,0.37,text 3d pdb
sarscov2,c,82,1,0,d3v9hb_,ALDH-like,ALDH-like,3.89,0.37,text 3d pdb
sarscov2,c,82,1,0,d3rhqa_,ALDH-like,ALDH-like,3.66,0.37,text 3d pdb
sarscov2,b,2,3,2,d5fwrf_,Common fold of diphtheria toxin/transcription factors/cytochrome f,Bacterial adhesins,3.5,0.37,text 3d pdb
sarscov2,b,2,3,2,d4avha_,Common fold of diphtheria toxin/transcription factors/cytochrome f,Bacterial adhesins,3.26,0.37,text 3d pdb
sarscov2,b,2,3,2,d5fwre_,Common fold of diphtheria toxin/transcription factors/cytochrome f,Bacterial adhesins,3.29,0.37,text 3d pdb
sarscov2,d,128,1,0,d4lnii2,Glutamine synthetase/guanido kinase,Glutamine synthetase/guanido kinase,3.6,0.37,text 3d pdb
sarscov2,d,128,1,0,d3qajc2,Glutamine synthetase/guanido kinase,Glutamine synthetase/guanido kinase,3.98,0.37,text 3d pdb
sarscov2,e,3,1,0,d4goga_,beta-lactamase/transpeptidase-like,beta-lactamase/transpeptidase-like,3.61,0.37,text 3d pdb
sarscov2,c,82,1,0,d4go2b_,ALDH-like,ALDH-like,3.67,0.37,text 3d pdb
sarscov2,b,74,1,0,d3s97b_,Carbonic anhydrase,Carbonic anhydrase,3.75,0.37,text 3d pdb
sarscov2,c,82,1,0,d2d4eb_,ALDH-like,ALDH-like,3.62,0.37,text 3d pdb
sarscov2,b,74,1,0,d5e5ua_,Carbonic anhydrase,Carbonic anhydrase,4.01,0.37,text 3d pdb
sarscov2,b,42,1,0,d4x37a_,beta-Trefoil,Cytokine,3.45,0.37,text 3d pdb
sarscov2,c,82,1,0,d4f3xd_,ALDH-like,ALDH-like,3.31,0.37,text 3d pdb
sarscov2,b,1,1,0,d3p73a2,Immunoglobulin-like beta-sandwich,Immunoglobulin,3.3,0.36,text 3d pdb
sarscov2,d,128,1,0,d4lnig2,Glutamine synthetase/guanido kinase,Glutamine synthetase/guanido kinase,3.91,0.36,text 3d pdb
sarscov2,b,2,3,2,d5mtsa_,Common fold of diphtheria toxin/transcription factors/cytochrome f,Bacterial adhesins,3.07,0.36,text 3d pdb
sarscov2,c,82,1,0,d3rhpa_,ALDH-like,ALDH-like,3.67,0.36,text 3d pdb
sarscov2,e,26,1,3,d1ru3a_,Prismane protein-like,Prismane protein-like,3.84,0.36,text 3d pdb
sarscov2,c,82,1,0,d4gnzc_,ALDH-like,ALDH-like,3.66,0.36,text 3d pdb
sarscov2,c,92,2,2,d1k0fa_,Chelatase-like,"Helical backbone" metal receptor,4.21,0.36,text 3d pdb
sarscov2,b,2,3,2,d5fwrc_,Common fold of diphtheria toxin/transcription factors/cytochrome f,Bacterial adhesins,3.53,0.36,text 3d pdb
sarscov2,d,113,1,0,d3kvha_,Nudix,Nudix,3.4,0.36,text 3d pdb
sarscov2,c,82,1,0,d5izdd_,ALDH-like,ALDH-like,3.76,0.36,text 3d pdb
sarscov2,c,82,1,0,d4gnzb_,ALDH-like,ALDH-like,3.66,0.36,text 3d pdb
sarscov2,b,35,1,1,d2c7ds1,GroES-like,GroES-like,3.62,0.36,text 3d pdb
sarscov2,e,3,1,0,d5f82b_,beta-lactamase/transpeptidase-like,beta-lactamase/transpeptidase-like,3.59,0.36,text 3d pdb
sarscov2,b,29,1,2,d3atga_,Concanavalin A-like lectins/glucanases,Concanavalin A-like lectins/glucanases,3.39,0.36,text 3d pdb
sarscov2,d,128,1,0,d4lnia2,Glutamine synthetase/guanido kinase,Glutamine synthetase/guanido kinase,3.61,0.36,text 3d pdb
sarscov2,c,82,1,0,d4lh1a_,ALDH-like,ALDH-like,3.89,0.36,text 3d pdb
sarscov2,e,23,1,0,d4wv3a1,Acetyl-CoA synthetase-like,Acetyl-CoA synthetase-like,3.47,0.36,text 3d pdb
sarscov2,c,67,1,4,d2fn6b_,PLP-dependent transferase-like,PLP-dependent transferases,3.61,0.36,text 3d pdb
sarscov2,c,66,1,61,d4x7vb_,S-adenosyl-L-methionine-dependent methyltransferases,S-adenosyl-L-methionine-dependent methyltransferases,3.81,0.36,text 3d pdb
sarscov2,d,128,1,0,d4lnib2,Glutamine synthetase/guanido kinase,Glutamine synthetase/guanido kinase,3.79,0.36,text 3d pdb
sarscov2,d,169,1,0,d3p5gc_,C-type lectin-like,C-type lectin-like,3.5,0.36,text 3d pdb
sarscov2,c,68,1,13,d1ezia_,Nucleotide-diphospho-sugar transferases,Nucleotide-diphospho-sugar transferases,3.92,0.36,text 3d pdb
sarscov2,c,67,1,4,d2fnua_,PLP-dependent transferase-like,PLP-dependent transferases,3.53,0.36,text 3d pdb
sarscov2,c,82,1,0,d4lh3a_,ALDH-like,ALDH-like,4.16,0.36,text 3d pdb
sarscov2,c,82,1,0,d4dalc1,ALDH-like,ALDH-like,3.28,0.36,text 3d pdb
sarscov2,b,29,1,10,d1a39a_,Concanavalin A-like lectins/glucanases,Concanavalin A-like lectins/glucanases,3.87,0.36,text 3d pdb
sarscov2,d,128,1,0,d3qajb2,Glutamine synthetase/guanido kinase,Glutamine synthetase/guanido kinase,3.61,0.36,text 3d pdb
sarscov2,c,66,1,61,d4x7ub_,S-adenosyl-L-methionine-dependent methyltransferases,S-adenosyl-L-methionine-dependent methyltransferases,4.04,0.36,text 3d pdb
sarscov2,c,82,1,0,d3ifgh1,ALDH-like,ALDH-like,4.19,0.36,text 3d pdb
sarscov2,d,169,1,0,d4n32c_,C-type lectin-like,C-type lectin-like,3.49,0.36,text 3d pdb
sarscov2,e,3,1,0,d4u3ta1,beta-lactamase/transpeptidase-like,beta-lactamase/transpeptidase-like,3.58,0.36,text 3d pdb
sarscov2,d,128,1,0,d4lnid2,Glutamine synthetase/guanido kinase,Glutamine synthetase/guanido kinase,3.62,0.36,text 3d pdb
sarscov2,d,128,1,0,d4lnij2,Glutamine synthetase/guanido kinase,Glutamine synthetase/guanido kinase,3.62,0.36,text 3d pdb
sarscov2,b,74,1,0,d3kldb_,Carbonic anhydrase,Carbonic anhydrase,4.03,0.36,text 3d pdb
sarscov2,c,37,1,9,d3cobc_,P-loop containing nucleoside triphosphate hydrolases,P-loop containing nucleoside triphosphate hydrolases,3.66,0.36,text 3d pdb
sarscov2,b,62,1,1,d1z81a1,Cyclophilin-like,Cyclophilin-like,3.69,0.36,text 3d pdb
sarscov2,d,174,1,1,d3hspa_,Nitric oxide (NO) synthase oxygenase domain,Nitric oxide (NO) synthase oxygenase domain,3.4,0.36,text 3d pdb
sarscov2,e,23,1,0,d2v7ba_,Acetyl-CoA synthetase-like,Acetyl-CoA synthetase-like,3.84,0.36,text 3d pdb
sarscov2,b,74,1,0,d3jxfa_,Carbonic anhydrase,Carbonic anhydrase,3.93,0.36,text 3d pdb
sarscov2,c,37,1,9,d4a51a_,P-loop containing nucleoside triphosphate hydrolases,P-loop containing nucleoside triphosphate hydrolases,4.2,0.36,text 3d pdb
sarscov2,b,74,1,0,d3jxhc_,Carbonic anhydrase,Carbonic anhydrase,4.04,0.36,text 3d pdb
sarscov2,b,2,3,2,d4csta_,Common fold of diphtheria toxin/transcription factors/cytochrome f,Bacterial adhesins,3.09,0.36,text 3d pdb
sarscov2,c,91,1,1,d2rk7a2,PEP carboxykinase-like,PEP carboxykinase-like,4.12,0.36,text 3d pdb
sarscov2,e,3,1,0,d3ni9b_,beta-lactamase/transpeptidase-like,beta-lactamase/transpeptidase-like,3.73,0.36,text 3d pdb
sarscov2,e,23,1,0,d5gxda_,Acetyl-CoA synthetase-like,Acetyl-CoA synthetase-like,3.05,0.36,text 3d pdb
sarscov2,c,82,1,0,d2w8qa_,ALDH-like,ALDH-like,3.74,0.36,text 3d pdb
sarscov2,b,2,3,2,d4x5rc_,Common fold of diphtheria toxin/transcription factors/cytochrome f,Bacterial adhesins,3.21,0.36,text 3d pdb
sarscov2,c,94,1,0,d5i84c_,Periplasmic binding protein-like II,Periplasmic binding protein-like II,3.57,0.36,text 3d pdb
sarscov2,c,1,12,7,d1igwc_,TIM beta/alpha-barrel,Phosphoenolpyruvate/pyruvate domain,3.81,0.36,text 3d pdb
sarscov2,e,11,1,0,d3ilwa_,Type II DNA topoisomerase C-terminal domain-like,Type II DNA topoisomerase C-terminal domain-like,4.24,0.36,text 3d pdb
sarscov2,d,128,1,0,d4lnif2,Glutamine synthetase/guanido kinase,Glutamine synthetase/guanido kinase,3.23,0.36,text 3d pdb
sarscov2,d,128,1,0,d4lnic2,Glutamine synthetase/guanido kinase,Glutamine synthetase/guanido kinase,3.63,0.36,text 3d pdb
sarscov2,b,1,1,2,d1ub5h2,Immunoglobulin-like beta-sandwich,Immunoglobulin,3.06,0.36,text 3d pdb
sarscov2,c,67,1,0,d5vnxa_,PLP-dependent transferase-like,PLP-dependent transferases,3.53,0.36,text 3d pdb
sarscov2,b,74,1,0,d5e5rc_,Carbonic anhydrase,Carbonic anhydrase,4.05,0.36,text 3d pdb
sarscov2,d,83,1,1,d1bp1a1,Aha1/BPI domain-like,Bactericidal permeability-increasing protein BPI,3.4,0.36,text 3d pdb
sarscov2,b,2,3,2,d5jcrb_,Common fold of diphtheria toxin/transcription factors/cytochrome f,Bacterial adhesins,3.12,0.36,text 3d pdb
sarscov2,b,1,1,2,d1ub5a2,Immunoglobulin-like beta-sandwich,Immunoglobulin,3.07,0.36,text 3d pdb
sarscov2,b,2,3,2,d5jcra_,Common fold of diphtheria toxin/transcription factors/cytochrome f,Bacterial adhesins,3.12,0.36,text 3d pdb
sarscov2,c,1,7,1,d1s1ra_,TIM beta/alpha-barrel,NAD(P)-linked oxidoreductase,4.59,0.36,text 3d pdb
sarscov2,b,2,3,2,d4x5qa_,Common fold of diphtheria toxin/transcription factors/cytochrome f,Bacterial adhesins,3.09,0.36,text 3d pdb
sarscov2,e,23,1,1,d1nnmb_,Acetyl-CoA synthetase-like,Acetyl-CoA synthetase-like,3.66,0.36,text 3d pdb
sarscov2,b,2,3,2,d3zl2a_,Common fold of diphtheria toxin/transcription factors/cytochrome f,Bacterial adhesins,3.13,0.36,text 3d pdb
sarscov2,b,2,3,2,d5jcqb_,Common fold of diphtheria toxin/transcription factors/cytochrome f,Bacterial adhesins,3.12,0.36,text 3d pdb
sarscov2,c,67,1,4,d2fn6a1,PLP-dependent transferase-like,PLP-dependent transferases,3.55,0.36,text 3d pdb
sarscov2,c,37,1,9,d3k3bb_,P-loop containing nucleoside triphosphate hydrolases,P-loop containing nucleoside triphosphate hydrolases,4,0.36,text 3d pdb
sarscov2,c,1,8,3,d4hpga_,TIM beta/alpha-barrel,(Trans)glycosidases,4.28,0.36,text 3d pdb
sarscov2,b,2,3,2,d5l4wb_,Common fold of diphtheria toxin/transcription factors/cytochrome f,Bacterial adhesins,3.14,0.36,text 3d pdb
sarscov2,b,2,3,2,d4atta_,Common fold of diphtheria toxin/transcription factors/cytochrome f,Bacterial adhesins,3.17,0.36,text 3d pdb
sarscov2,b,2,3,2,d5jcqa_,Common fold of diphtheria toxin/transcription factors/cytochrome f,Bacterial adhesins,3.13,0.36,text 3d pdb
sarscov2,d,128,1,0,d4lnik2,Glutamine synthetase/guanido kinase,Glutamine synthetase/guanido kinase,3.65,0.36,text 3d pdb
sarscov2,c,82,1,1,d1bi9a_,ALDH-like,ALDH-like,3.8,0.36,text 3d pdb
sarscov2,c,82,1,0,d3prlc_,ALDH-like,ALDH-like,4.02,0.36,text 3d pdb
sarscov2,b,2,3,2,d3mcyd_,Common fold of diphtheria toxin/transcription factors/cytochrome f,Bacterial adhesins,3.44,0.36,text 3d pdb
sarscov2,b,2,3,2,d3zl1a_,Common fold of diphtheria toxin/transcription factors/cytochrome f,Bacterial adhesins,3.13,0.36,text 3d pdb
sarscov2,c,82,1,0,d4cbba_,ALDH-like,ALDH-like,3.9,0.36,text 3d pdb
sarscov2,c,66,1,61,d4x7xb_,S-adenosyl-L-methionine-dependent methyltransferases,S-adenosyl-L-methionine-dependent methyltransferases,4.06,0.36,text 3d pdb
sarscov2,c,8,6,1,d2d0oc1,The "swivelling" beta/beta/alpha domain,Swiveling domain of dehydratase reactivase alpha subunit,3.84,0.36,text 3d pdb
sarscov2,c,66,1,61,d4x7ua_,S-adenosyl-L-methionine-dependent methyltransferases,S-adenosyl-L-methionine-dependent methyltransferases,4.07,0.36,text 3d pdb
sarscov2,b,2,3,2,d1klfb1,Common fold of diphtheria toxin/transcription factors/cytochrome f,Bacterial adhesins,3.12,0.36,text 3d pdb
sarscov2,c,37,1,0,d3zfca1,P-loop containing nucleoside triphosphate hydrolases,P-loop containing nucleoside triphosphate hydrolases,3.59,0.36,text 3d pdb
sarscov2,b,2,3,2,d1klff1,Common fold of diphtheria toxin/transcription factors/cytochrome f,Bacterial adhesins,3.12,0.36,text 3d pdb
sarscov2,d,169,1,0,d4n35a_,C-type lectin-like,C-type lectin-like,3.5,0.36,text 3d pdb
sarscov2,b,2,3,2,d1klfd1,Common fold of diphtheria toxin/transcription factors/cytochrome f,Bacterial adhesins,3.12,0.36,text 3d pdb
sarscov2,b,2,3,2,d1klfh1,Common fold of diphtheria toxin/transcription factors/cytochrome f,Bacterial adhesins,3.12,0.36,text 3d pdb
sarscov2,b,2,3,2,d5ab1a_,Common fold of diphtheria toxin/transcription factors/cytochrome f,Bacterial adhesins,3.11,0.36,text 3d pdb
sarscov2,b,2,3,2,d5l4wa_,Common fold of diphtheria toxin/transcription factors/cytochrome f,Bacterial adhesins,3.13,0.36,text 3d pdb
sarscov2,b,2,3,2,d3mcya_,Common fold of diphtheria toxin/transcription factors/cytochrome f,Bacterial adhesins,3.09,0.36,text 3d pdb
sarscov2,c,82,1,0,d2xdrb_,ALDH-like,ALDH-like,3.9,0.36,text 3d pdb
sarscov2,b,2,3,2,d5fwrb_,Common fold of diphtheria toxin/transcription factors/cytochrome f,Bacterial adhesins,3.15,0.36,text 3d pdb
sarscov2,b,2,3,2,d5l4ta_,Common fold of diphtheria toxin/transcription factors/cytochrome f,Bacterial adhesins,3.13,0.36,text 3d pdb
sarscov2,b,74,1,0,d5fl6a_,Carbonic anhydrase,Carbonic anhydrase,3.62,0.36,text 3d pdb
sarscov2,e,23,1,1,d5jrhb_,Acetyl-CoA synthetase-like,Acetyl-CoA synthetase-like,3.65,0.36,text 3d pdb
sarscov2,b,2,3,2,d5ab1b_,Common fold of diphtheria toxin/transcription factors/cytochrome f,Bacterial adhesins,3.11,0.36,text 3d pdb
sarscov2,b,2,3,2,d5l4va_,Common fold of diphtheria toxin/transcription factors/cytochrome f,Bacterial adhesins,3.13,0.36,text 3d pdb
sarscov2,b,2,3,2,d5l4xa_,Common fold of diphtheria toxin/transcription factors/cytochrome f,Bacterial adhesins,3.12,0.36,text 3d pdb
sarscov2,c,95,1,0,d4wysb1,Thiolase-like,Thiolase-like,3.21,0.36,text 3d pdb
sarscov2,c,66,1,61,d4x81a_,S-adenosyl-L-methionine-dependent methyltransferases,S-adenosyl-L-methionine-dependent methyltransferases,4.07,0.36,text 3d pdb
sarscov2,b,2,3,2,d5fwrg_,Common fold of diphtheria toxin/transcription factors/cytochrome f,Bacterial adhesins,3.16,0.36,text 3d pdb
sarscov2,b,2,3,2,d5l4ub_,Common fold of diphtheria toxin/transcription factors/cytochrome f,Bacterial adhesins,3.13,0.36,text 3d pdb
sarscov2,b,2,3,2,d5cgbb_,Common fold of diphtheria toxin/transcription factors/cytochrome f,Bacterial adhesins,3.13,0.36,text 3d pdb
sarscov2,e,1,1,0,d3f1sa_,Serpins,Serpins,2.75,0.36,text 3d pdb
sarscov2,b,2,3,2,d5aapa_,Common fold of diphtheria toxin/transcription factors/cytochrome f,Bacterial adhesins,3.13,0.36,text 3d pdb
sarscov2,b,2,3,2,d3zl1b_,Common fold of diphtheria toxin/transcription factors/cytochrome f,Bacterial adhesins,3.14,0.36,text 3d pdb
sarscov2,b,2,3,2,d5cgba_,Common fold of diphtheria toxin/transcription factors/cytochrome f,Bacterial adhesins,3.13,0.36,text 3d pdb
sarscov2,b,74,1,0,d5e5uc_,Carbonic anhydrase,Carbonic anhydrase,4.03,0.36,text 3d pdb
sarscov2,c,66,1,61,d4x7za_,S-adenosyl-L-methionine-dependent methyltransferases,S-adenosyl-L-methionine-dependent methyltransferases,3.9,0.36,text 3d pdb
sarscov2,b,2,3,2,d4xoca_,Common fold of diphtheria toxin/transcription factors/cytochrome f,Bacterial adhesins,3.14,0.36,text 3d pdb
sarscov2,c,95,1,0,d3o04a1,Thiolase-like,Thiolase-like,3.67,0.36,text 3d pdb
sarscov2,c,66,1,61,d4x7xa_,S-adenosyl-L-methionine-dependent methyltransferases,S-adenosyl-L-methionine-dependent methyltransferases,4.07,0.36,text 3d pdb
sarscov2,b,29,1,10,d1gpia_,Concanavalin A-like lectins/glucanases,Concanavalin A-like lectins/glucanases,3.82,0.36,text 3d pdb
sarscov2,i,1,1,1,d3u5ei_,Ribosome and ribosomal fragments,Ribosome and ribosomal fragments,4.09,0.36,text 3d pdb
sarscov2,c,37,1,0,d3lrea_,P-loop containing nucleoside triphosphate hydrolases,P-loop containing nucleoside triphosphate hydrolases,3.66,0.36,text 3d pdb
sarscov2,c,66,1,61,d4x7va_,S-adenosyl-L-methionine-dependent methyltransferases,S-adenosyl-L-methionine-dependent methyltransferases,3.91,0.36,text 3d pdb
sarscov2,c,2,1,2,d3tzkb_,NAD(P)-binding Rossmann-fold domains,NAD(P)-binding Rossmann-fold domains,3.81,0.36,text 3d pdb
sarscov2,b,1,23,0,d5hdwa1,Immunoglobulin-like beta-sandwich,ApaG-like,3.98,0.36,text 3d pdb
sarscov2,b,2,3,2,d5fwrh_,Common fold of diphtheria toxin/transcription factors/cytochrome f,Bacterial adhesins,3.16,0.36,text 3d pdb
sarscov2,c,66,1,61,d4x81b_,S-adenosyl-L-methionine-dependent methyltransferases,S-adenosyl-L-methionine-dependent methyltransferases,4.07,0.36,text 3d pdb
sarscov2,c,66,1,61,d4x7wb_,S-adenosyl-L-methionine-dependent methyltransferases,S-adenosyl-L-methionine-dependent methyltransferases,3.91,0.35,text 3d pdb
sarscov2,e,23,1,1,d2p2ma_,Acetyl-CoA synthetase-like,Acetyl-CoA synthetase-like,3.8,0.35,text 3d pdb
sarscov2,b,74,1,0,d3jxgb_,Carbonic anhydrase,Carbonic anhydrase,4.01,0.35,text 3d pdb
sarscov2,c,66,1,61,d4x7zb_,S-adenosyl-L-methionine-dependent methyltransferases,S-adenosyl-L-methionine-dependent methyltransferases,4.08,0.35,text 3d pdb
sarscov2,e,23,1,0,d4rm2a_,Acetyl-CoA synthetase-like,Acetyl-CoA synthetase-like,3.67,0.35,text 3d pdb
sarscov2,c,1,7,1,d3r8ha_,TIM beta/alpha-barrel,NAD(P)-linked oxidoreductase,4.4,0.35,text 3d pdb
sarscov2,c,1,8,3,d4iisa_,TIM beta/alpha-barrel,(Trans)glycosidases,4.34,0.35,text 3d pdb
sarscov2,c,37,1,9,d1mkja_,P-loop containing nucleoside triphosphate hydrolases,P-loop containing nucleoside triphosphate hydrolases,3.9,0.35,text 3d pdb
sarscov2,d,153,1,4,d4qwld_,Ntn hydrolase-like,N-terminal nucleophile aminohydrolases (Ntn hydrolases),2.99,0.35,text 3d pdb
sarscov2,c,67,1,0,d5eqca_,PLP-dependent transferase-like,PLP-dependent transferases,3.75,0.35,text 3d pdb
sarscov2,c,82,1,1,d1o9ja_,ALDH-like,ALDH-like,3.76,0.35,text 3d pdb
sarscov2,b,2,3,2,d5f2fa_,Common fold of diphtheria toxin/transcription factors/cytochrome f,Bacterial adhesins,3.48,0.35,text 3d pdb
sarscov2,d,387,1,0,d5cfqb_,STING C-terminal-like,STING TM173 CTD-like,3.14,0.35,text 3d pdb
sarscov2,d,144,1,7,d2oiqb_,Protein kinase-like (PK-like),Protein kinase-like (PK-like),3.82,0.35,text 3d pdb
sarscov2,c,91,1,1,d2qeya2,PEP carboxykinase-like,PEP carboxykinase-like,3.79,0.35,text 3d pdb
sarscov2,e,23,1,1,d2p2fa_,Acetyl-CoA synthetase-like,Acetyl-CoA synthetase-like,3.66,0.35,text 3d pdb
sarscov2,c,37,1,9,d1br4a2,P-loop containing nucleoside triphosphate hydrolases,P-loop containing nucleoside triphosphate hydrolases,3.64,0.35,text 3d pdb
sarscov2,d,169,1,0,d3bc6a_,C-type lectin-like,C-type lectin-like,3.53,0.35,text 3d pdb
sarscov2,b,2,3,2,d5fwrd_,Common fold of diphtheria toxin/transcription factors/cytochrome f,Bacterial adhesins,3.24,0.35,text 3d pdb
sarscov2,d,41,4,1,d3cc2h1,alpha/beta-Hammerhead,Ribosomal protein L16p/L10e,3.38,0.35,text 3d pdb
sarscov2,c,67,1,3,d1eg5b_,PLP-dependent transferase-like,PLP-dependent transferases,3.13,0.35,text 3d pdb
sarscov2,b,2,3,2,d5f3fa_,Common fold of diphtheria toxin/transcription factors/cytochrome f,Bacterial adhesins,3.7,0.35,text 3d pdb
sarscov2,b,74,1,1,d4q0ld_,Carbonic anhydrase,Carbonic anhydrase,4.08,0.35,text 3d pdb
sarscov2,c,82,1,0,d4qf6j_,ALDH-like,ALDH-like,3.94,0.35,text 3d pdb
sarscov2,c,82,1,0,d4qf6c_,ALDH-like,ALDH-like,3.93,0.35,text 3d pdb
sarscov2,c,82,1,1,d4fr8c_,ALDH-like,ALDH-like,3.97,0.35,text 3d pdb
sarscov2,b,2,3,2,d1kiud1,Common fold of diphtheria toxin/transcription factors/cytochrome f,Bacterial adhesins,3.13,0.35,text 3d pdb
sarscov2,b,2,3,2,d1kiuh1,Common fold of diphtheria toxin/transcription factors/cytochrome f,Bacterial adhesins,3.13,0.35,text 3d pdb
sarscov2,b,2,3,2,d1kiub1,Common fold of diphtheria toxin/transcription factors/cytochrome f,Bacterial adhesins,3.13,0.35,text 3d pdb
sarscov2,b,2,3,2,d1kiuf1,Common fold of diphtheria toxin/transcription factors/cytochrome f,Bacterial adhesins,3.13,0.35,text 3d pdb
sarscov2,c,82,1,1,d4x2qa_,ALDH-like,ALDH-like,3.74,0.35,text 3d pdb
sarscov2,c,67,1,0,d5vnxc_,PLP-dependent transferase-like,PLP-dependent transferases,3.75,0.35,text 3d pdb
sarscov2,c,67,1,1,d1svvb_,PLP-dependent transferase-like,PLP-dependent transferases,3.85,0.35,text 3d pdb
sarscov2,e,23,1,1,d1nnnb_,Acetyl-CoA synthetase-like,Acetyl-CoA synthetase-like,3.67,0.35,text 3d pdb
sarscov2,c,82,1,1,d4x2qd_,ALDH-like,ALDH-like,3.88,0.35,text 3d pdb
sarscov2,b,74,1,1,d2nn1b_,Carbonic anhydrase,Carbonic anhydrase,3.91,0.35,text 3d pdb
sarscov2,c,37,1,9,d3h4sa1,P-loop containing nucleoside triphosphate hydrolases,P-loop containing nucleoside triphosphate hydrolases,3.65,0.35,text 3d pdb
sarscov2,b,74,1,1,d1rj5b_,Carbonic anhydrase,Carbonic anhydrase,4.02,0.35,text 3d pdb
sarscov2,d,198,1,1,d1n5bb_,Secretion chaperone-like,Type III secretory system chaperone-like,3.05,0.35,text 3d pdb
sarscov2,d,41,4,1,d1yjwh1,alpha/beta-Hammerhead,Ribosomal protein L16p/L10e,3.39,0.35,text 3d pdb
sarscov2,d,128,1,0,d4lnie2,Glutamine synthetase/guanido kinase,Glutamine synthetase/guanido kinase,3.74,0.35,text 3d pdb
sarscov2,d,117,1,1,d4tmsa_,Thymidylate synthase/dCMP hydroxymethylase,Thymidylate synthase/dCMP hydroxymethylase,3.86,0.35,text 3d pdb
sarscov2,f,46,1,0,d2f1mc_,HlyD-like secretion proteins,HlyD-like secretion proteins,3.49,0.35,text 3d pdb
sarscov2,e,11,1,0,d3ilwb_,Type II DNA topoisomerase C-terminal domain-like,Type II DNA topoisomerase C-terminal domain-like,3.85,0.35,text 3d pdb
sarscov2,c,1,7,1,d3r6ia_,TIM beta/alpha-barrel,NAD(P)-linked oxidoreductase,4.44,0.35,text 3d pdb
sarscov2,c,82,1,0,d4qf6d_,ALDH-like,ALDH-like,3.89,0.35,text 3d pdb
sarscov2,e,23,1,1,d2p2qa_,Acetyl-CoA synthetase-like,Acetyl-CoA synthetase-like,3.69,0.35,text 3d pdb
sarscov2,d,169,1,0,d3bc6d_,C-type lectin-like,C-type lectin-like,3.53,0.35,text 3d pdb
sarscov2,f,6,1,1,d1t5rh_,Leukocidin-like,Leukocidin-like,3.59,0.35,text 3d pdb
sarscov2,c,82,1,1,d5l2od_,ALDH-like,ALDH-like,3.81,0.35,text 3d pdb
sarscov2,d,41,4,1,d2otlh1,alpha/beta-Hammerhead,Ribosomal protein L16p/L10e,3.99,0.35,text 3d pdb
sarscov2,c,82,1,1,d4x2qb_,ALDH-like,ALDH-like,3.63,0.35,text 3d pdb
sarscov2,c,52,1,27,d1wdjb_,Restriction endonuclease-like,Restriction endonuclease-like,4.14,0.35,text 3d pdb
sarscov2,c,82,1,0,d4qf6g_,ALDH-like,ALDH-like,3.8,0.35,text 3d pdb
sarscov2,c,82,1,0,d5izdf_,ALDH-like,ALDH-like,3.61,0.35,text 3d pdb
sarscov2,c,82,1,1,d5ac2a_,ALDH-like,ALDH-like,3.82,0.35,text 3d pdb
sarscov2,c,82,1,0,d4qf6f_,ALDH-like,ALDH-like,3.87,0.35,text 3d pdb
sarscov2,c,67,1,3,d1eg5a_,PLP-dependent transferase-like,PLP-dependent transferases,3.13,0.35,text 3d pdb
sarscov2,b,1,18,7,d5kwyc1,Immunoglobulin-like beta-sandwich,E set domains,3.58,0.35,text 3d pdb
sarscov2,c,95,1,0,d4wysc1,Thiolase-like,Thiolase-like,3.13,0.35,text 3d pdb
sarscov2,c,76,1,2,d4cxua_,Alkaline phosphatase-like,Alkaline phosphatase-like,4.18,0.35,text 3d pdb
sarscov2,d,144,1,0,d4fnza_,Protein kinase-like (PK-like),Protein kinase-like (PK-like),3.94,0.35,text 3d pdb
sarscov2,d,174,1,1,d5uo2a_,Nitric oxide (NO) synthase oxygenase domain,Nitric oxide (NO) synthase oxygenase domain,3.97,0.35,text 3d pdb
sarscov2,b,1,1,2,d2nx5q1,Immunoglobulin-like beta-sandwich,Immunoglobulin,3.65,0.35,text 3d pdb
sarscov2,d,174,1,1,d1p6ib_,Nitric oxide (NO) synthase oxygenase domain,Nitric oxide (NO) synthase oxygenase domain,3.93,0.35,text 3d pdb
sarscov2,e,23,1,1,d2p2mb_,Acetyl-CoA synthetase-like,Acetyl-CoA synthetase-like,3.83,0.35,text 3d pdb
sarscov2,c,82,1,1,d5l2oh_,ALDH-like,ALDH-like,3.82,0.35,text 3d pdb
sarscov2,b,3,4,1,d4pm1b_,Prealbumin-like,Transthyretin (synonym: prealbumin),3.16,0.35,text 3d pdb
sarscov2,c,82,1,0,d4qetc_,ALDH-like,ALDH-like,3.89,0.35,text 3d pdb
sarscov2,c,82,1,1,d5abmd_,ALDH-like,ALDH-like,3.82,0.35,text 3d pdb
sarscov2,d,310,1,1,d2hafa1,VC0467-like,VC0467-like,2.61,0.35,text 3d pdb
sarscov2,c,82,1,0,d3zqac_,ALDH-like,ALDH-like,4.02,0.35,text 3d pdb
sarscov2,c,82,1,1,d5l2oc_,ALDH-like,ALDH-like,3.62,0.35,text 3d pdb
sarscov2,c,82,1,1,d5l2na_,ALDH-like,ALDH-like,3.76,0.35,text 3d pdb
sarscov2,c,82,1,1,d1o04d_,ALDH-like,ALDH-like,3.69,0.35,text 3d pdb
sarscov2,e,23,1,1,d5jrha_,Acetyl-CoA synthetase-like,Acetyl-CoA synthetase-like,3.67,0.35,text 3d pdb
sarscov2,d,351,1,0,d4zqva_,NMB0488-like,NMB0488-like,3.82,0.35,text 3d pdb
sarscov2,c,82,1,1,d5l2ob_,ALDH-like,ALDH-like,3.62,0.35,text 3d pdb
sarscov2,e,23,1,1,d2p2ja_,Acetyl-CoA synthetase-like,Acetyl-CoA synthetase-like,3.69,0.35,text 3d pdb
sarscov2,c,82,1,0,d5gtld_,ALDH-like,ALDH-like,3.9,0.35,text 3d pdb
sarscov2,c,82,1,1,d4wpna_,ALDH-like,ALDH-like,3.83,0.35,text 3d pdb
sarscov2,c,82,1,1,d3injh_,ALDH-like,ALDH-like,3.78,0.35,text 3d pdb
sarscov2,c,82,1,1,d1o04c_,ALDH-like,ALDH-like,3.76,0.35,text 3d pdb
sarscov2,c,82,1,1,d1o05h_,ALDH-like,ALDH-like,3.76,0.35,text 3d pdb
sarscov2,b,3,4,1,d4qyab_,Prealbumin-like,Transthyretin (synonym: prealbumin),3.62,0.35,text 3d pdb
sarscov2,d,41,4,1,d1s72h_,alpha/beta-Hammerhead,Ribosomal protein L16p/L10e,3.85,0.35,text 3d pdb
sarscov2,d,174,1,1,d1rs6b_,Nitric oxide (NO) synthase oxygenase domain,Nitric oxide (NO) synthase oxygenase domain,4.09,0.35,text 3d pdb
sarscov2,d,24,1,1,d1rg0a1,Pili subunits,Pili subunits,3.13,0.35,text 3d pdb
sarscov2,c,82,1,0,d5fhzh_,ALDH-like,ALDH-like,4.01,0.35,text 3d pdb
sarscov2,e,23,1,1,d1pg3b_,Acetyl-CoA synthetase-like,Acetyl-CoA synthetase-like,3.71,0.35,text 3d pdb
sarscov2,c,93,1,0,d5kc9a_,Periplasmic binding protein-like I,Periplasmic binding protein-like I,4.18,0.35,text 3d pdb
sarscov2,c,95,1,0,d1xesd1,Thiolase-like,Thiolase-like,4.08,0.35,text 3d pdb
sarscov2,c,82,1,1,d4fr8e_,ALDH-like,ALDH-like,3.86,0.35,text 3d pdb
sarscov2,d,77,1,2,d2ogkc_,RL5-like,RL5-like,3.85,0.35,text 3d pdb
sarscov2,c,82,1,0,d5izdb_,ALDH-like,ALDH-like,3.62,0.35,text 3d pdb
sarscov2,c,82,1,1,d4fr8d_,ALDH-like,ALDH-like,3.77,0.35,text 3d pdb
sarscov2,b,96,1,1,d3zdhi_,Nicotinic receptor ligand binding domain-like,Nicotinic receptor ligand binding domain-like,3.84,0.35,text 3d pdb
sarscov2,c,82,1,0,d5j77b_,ALDH-like,ALDH-like,3.62,0.35,text 3d pdb
sarscov2,c,67,1,0,d3voma_,PLP-dependent transferase-like,PLP-dependent transferases,3.31,0.35,text 3d pdb
sarscov2,c,82,1,1,d3inlb_,ALDH-like,ALDH-like,3.69,0.35,text 3d pdb
sarscov2,c,82,1,0,d5fhza_,ALDH-like,ALDH-like,3.79,0.35,text 3d pdb
sarscov2,c,91,1,1,d2qewa2,PEP carboxykinase-like,PEP carboxykinase-like,4.11,0.35,text 3d pdb
sarscov2,c,82,1,1,d4fr8b_,ALDH-like,ALDH-like,3.73,0.35,text 3d pdb
sarscov2,d,144,1,7,d5t68b_,Protein kinase-like (PK-like),Protein kinase-like (PK-like),3.66,0.35,text 3d pdb
sarscov2,c,68,1,5,d1hv9b2,Nucleotide-diphospho-sugar transferases,Nucleotide-diphospho-sugar transferases,4.18,0.35,text 3d pdb
sarscov2,c,82,1,1,d3n83d_,ALDH-like,ALDH-like,3.78,0.35,text 3d pdb
sarscov2,d,387,1,0,d5cfqa_,STING C-terminal-like,STING TM173 CTD-like,3.23,0.35,text 3d pdb
sarscov2,e,23,1,1,d2p2bb_,Acetyl-CoA synthetase-like,Acetyl-CoA synthetase-like,3.81,0.35,text 3d pdb
sarscov2,b,1,1,2,d2iwga1,Immunoglobulin-like beta-sandwich,Immunoglobulin,3.73,0.35,text 3d pdb
sarscov2,c,82,1,1,d1zuma_,ALDH-like,ALDH-like,3.78,0.35,text 3d pdb
sarscov2,b,74,1,1,d1rj6a_,Carbonic anhydrase,Carbonic anhydrase,4.03,0.35,text 3d pdb
sarscov2,b,1,1,2,d1mi5a1,Immunoglobulin-like beta-sandwich,Immunoglobulin,3.41,0.35,text 3d pdb
sarscov2,b,1,1,2,d2iwgd1,Immunoglobulin-like beta-sandwich,Immunoglobulin,3.73,0.35,text 3d pdb
sarscov2,d,144,1,0,d5uira_,Protein kinase-like (PK-like),Protein kinase-like (PK-like),4.03,0.35,text 3d pdb
sarscov2,c,82,1,0,d4itab_,ALDH-like,ALDH-like,4.11,0.35,text 3d pdb
sarscov2,b,35,1,1,d1wf4q_,GroES-like,GroES-like,3.66,0.35,text 3d pdb
sarscov2,d,387,1,0,d5cflb1,STING C-terminal-like,STING TM173 CTD-like,3.77,0.35,text 3d pdb
sarscov2,d,174,1,1,d1rs7b_,Nitric oxide (NO) synthase oxygenase domain,Nitric oxide (NO) synthase oxygenase domain,3.95,0.35,text 3d pdb
sarscov2,c,82,1,1,d1nzzb_,ALDH-like,ALDH-like,3.78,0.35,text 3d pdb
sarscov2,d,309,1,1,d1wscb_,AMMECR1-like,AMMECR1-like,4.46,0.35,text 3d pdb
sarscov2,e,78,1,1,d3ksbd_,DNA gyrase B C-terminal domain-like,DNA gyrase B C-terminal domain-like,3.19,0.35,text 3d pdb
sarscov2,e,23,1,1,d2p20a_,Acetyl-CoA synthetase-like,Acetyl-CoA synthetase-like,3.72,0.35,text 3d pdb
sarscov2,d,174,1,1,d1p6ka_,Nitric oxide (NO) synthase oxygenase domain,Nitric oxide (NO) synthase oxygenase domain,3.97,0.35,text 3d pdb
sarscov2,c,77,1,2,d5kvuc_,Isocitrate/Isopropylmalate dehydrogenase-like,Isocitrate/Isopropylmalate dehydrogenase-like,3.29,0.35,text 3d pdb
sarscov2,d,387,1,0,d5cfnb1,STING C-terminal-like,STING TM173 CTD-like,3.8,0.35,text 3d pdb
sarscov2,f,46,1,0,d2f1md_,HlyD-like secretion proteins,HlyD-like secretion proteins,3.37,0.35,text 3d pdb
sarscov2,c,82,1,1,d1o04h_,ALDH-like,ALDH-like,3.74,0.35,text 3d pdb
sarscov2,c,82,1,1,d2onpd_,ALDH-like,ALDH-like,3.78,0.35,text 3d pdb
sarscov2,c,37,1,9,d1br4g2,P-loop containing nucleoside triphosphate hydrolases,P-loop containing nucleoside triphosphate hydrolases,3.83,0.35,text 3d pdb
sarscov2,c,37,1,9,d1br4e2,P-loop containing nucleoside triphosphate hydrolases,P-loop containing nucleoside triphosphate hydrolases,3.83,0.35,text 3d pdb
sarscov2,c,37,1,9,d1br4c2,P-loop containing nucleoside triphosphate hydrolases,P-loop containing nucleoside triphosphate hydrolases,3.83,0.35,text 3d pdb
sarscov2,b,3,4,1,d4tqib_,Prealbumin-like,Transthyretin (synonym: prealbumin),3.18,0.35,text 3d pdb
sarscov2,c,82,1,0,d2d4ea_,ALDH-like,ALDH-like,3.9,0.35,text 3d pdb
sarscov2,d,387,1,0,d5cfla1,STING C-terminal-like,STING TM173 CTD-like,3.77,0.35,text 3d pdb
sarscov2,c,82,1,1,d1o01c_,ALDH-like,ALDH-like,3.89,0.35,text 3d pdb
sarscov2,c,82,1,1,d2vled_,ALDH-like,ALDH-like,3.77,0.35,text 3d pdb
sarscov2,b,96,1,1,d3u8ko_,Nicotinic receptor ligand binding domain-like,Nicotinic receptor ligand binding domain-like,3.72,0.35,text 3d pdb
sarscov2,d,161,1,1,d1i7sc_,ADC synthase,ADC synthase,3.97,0.35,text 3d pdb
sarscov2,d,161,1,1,d1i7sa_,ADC synthase,ADC synthase,4.15,0.35,text 3d pdb
sarscov2,c,37,1,0,d3zfda1,P-loop containing nucleoside triphosphate hydrolases,P-loop containing nucleoside triphosphate hydrolases,3.35,0.35,text 3d pdb
sarscov2,c,82,1,1,d2vlef_,ALDH-like,ALDH-like,3.94,0.35,text 3d pdb
sarscov2,b,96,1,1,d3u8jf_,Nicotinic receptor ligand binding domain-like,Nicotinic receptor ligand binding domain-like,3.64,0.35,text 3d pdb
sarscov2,b,74,1,1,d1rj5a_,Carbonic anhydrase,Carbonic anhydrase,4.07,0.35,text 3d pdb
sarscov2,d,387,1,0,d5cfna1,STING C-terminal-like,STING TM173 CTD-like,3.8,0.35,text 3d pdb
sarscov2,d,54,1,0,d2rdxe1,Enolase N-terminal domain-like,Enolase N-terminal domain-like,3.4,0.35,text 3d pdb
sarscov2,c,82,1,1,d4fr8h_,ALDH-like,ALDH-like,3.75,0.35,text 3d pdb
sarscov2,e,3,1,1,d1rp5b4,beta-lactamase/transpeptidase-like,beta-lactamase/transpeptidase-like,3.73,0.35,text 3d pdb
sarscov2,c,41,1,2,d1gtg1_,Subtilisin-like,Subtilisin-like,4.07,0.35,text 3d pdb
sarscov2,b,66,1,1,d1gxda2,4-bladed beta-propeller,Hemopexin-like domain,3.45,0.35,text 3d pdb
sarscov2,d,174,1,1,d5agob_,Nitric oxide (NO) synthase oxygenase domain,Nitric oxide (NO) synthase oxygenase domain,3.96,0.35,text 3d pdb
sarscov2,b,96,1,1,d4alxd_,Nicotinic receptor ligand binding domain-like,Nicotinic receptor ligand binding domain-like,3.74,0.35,text 3d pdb
sarscov2,c,82,1,1,d1o05c_,ALDH-like,ALDH-like,3.86,0.35,text 3d pdb
sarscov2,d,387,1,0,d5cfmb1,STING C-terminal-like,STING TM173 CTD-like,3.77,0.35,text 3d pdb
sarscov2,d,387,1,0,d5cfma1,STING C-terminal-like,STING TM173 CTD-like,3.78,0.35,text 3d pdb
sarscov2,c,82,1,0,d3v9lb1,ALDH-like,ALDH-like,4.36,0.35,text 3d pdb
sarscov2,c,82,1,0,d5j77c_,ALDH-like,ALDH-like,3.99,0.35,text 3d pdb
sarscov2,c,82,1,1,d1o04a_,ALDH-like,ALDH-like,3.75,0.35,text 3d pdb
sarscov2,b,96,1,1,d5bp0g1,Nicotinic receptor ligand binding domain-like,Nicotinic receptor ligand binding domain-like,3.49,0.35,text 3d pdb
sarscov2,c,2,1,2,d2vuuf_,NAD(P)-binding Rossmann-fold domains,NAD(P)-binding Rossmann-fold domains,3.92,0.35,text 3d pdb
sarscov2,c,82,1,1,d3n81h_,ALDH-like,ALDH-like,3.86,0.35,text 3d pdb
sarscov2,c,82,1,1,d3n80e_,ALDH-like,ALDH-like,3.74,0.35,text 3d pdb
sarscov2,b,96,1,1,d3zdgc_,Nicotinic receptor ligand binding domain-like,Nicotinic receptor ligand binding domain-like,3.65,0.35,text 3d pdb
sarscov2,b,96,1,1,d3zdgs_,Nicotinic receptor ligand binding domain-like,Nicotinic receptor ligand binding domain-like,3.65,0.35,text 3d pdb
sarscov2,d,144,1,0,d5uirb_,Protein kinase-like (PK-like),Protein kinase-like (PK-like),3.78,0.35,text 3d pdb
sarscov2,c,82,1,1,d5l13e_,ALDH-like,ALDH-like,3.77,0.35,text 3d pdb
sarscov2,b,96,1,1,d3u8mp_,Nicotinic receptor ligand binding domain-like,Nicotinic receptor ligand binding domain-like,3.63,0.35,text 3d pdb
sarscov2,c,82,1,0,d2xdra_,ALDH-like,ALDH-like,4.09,0.35,text 3d pdb
sarscov2,c,37,1,9,d1goja_,P-loop containing nucleoside triphosphate hydrolases,P-loop containing nucleoside triphosphate hydrolases,3.91,0.35,text 3d pdb
sarscov2,b,1,1,0,d4acpb1,Immunoglobulin-like beta-sandwich,Immunoglobulin,3.74,0.35,text 3d pdb
sarscov2,c,82,1,0,d4lgzb1,ALDH-like,ALDH-like,4.36,0.35,text 3d pdb
sarscov2,c,82,1,1,d1zume_,ALDH-like,ALDH-like,3.87,0.35,text 3d pdb
sarscov2,b,96,1,1,d3u8kd_,Nicotinic receptor ligand binding domain-like,Nicotinic receptor ligand binding domain-like,3.59,0.35,text 3d pdb
sarscov2,d,144,1,7,d5gtyd_,Protein kinase-like (PK-like),Protein kinase-like (PK-like),3.99,0.35,text 3d pdb
sarscov2,c,82,1,1,d2onoc_,ALDH-like,ALDH-like,3.99,0.35,text 3d pdb
sarscov2,c,92,2,0,d2ogwa_,Chelatase-like,"Helical backbone" metal receptor,4.31,0.35,text 3d pdb
sarscov2,c,82,1,1,d3n80a_,ALDH-like,ALDH-like,3.75,0.34,text 3d pdb
sarscov2,c,82,1,1,d3n80g_,ALDH-like,ALDH-like,3.75,0.34,text 3d pdb
sarscov2,c,82,1,1,d3n81g_,ALDH-like,ALDH-like,3.75,0.34,text 3d pdb
sarscov2,c,2,1,2,d2vuug_,NAD(P)-binding Rossmann-fold domains,NAD(P)-binding Rossmann-fold domains,3.92,0.34,text 3d pdb
sarscov2,d,144,1,0,d4xs2d_,Protein kinase-like (PK-like),Protein kinase-like (PK-like),3.81,0.34,text 3d pdb
sarscov2,c,82,1,1,d1zumg_,ALDH-like,ALDH-like,3.88,0.34,text 3d pdb
sarscov2,c,82,1,1,d1zuml_,ALDH-like,ALDH-like,3.89,0.34,text 3d pdb
sarscov2,c,82,1,1,d1o02a_,ALDH-like,ALDH-like,3.75,0.34,text 3d pdb
sarscov2,c,67,1,4,d1vefb_,PLP-dependent transferase-like,PLP-dependent transferases,3.37,0.34,text 3d pdb
sarscov2,c,82,1,0,d4lh1b1,ALDH-like,ALDH-like,4.25,0.34,text 3d pdb
sarscov2,c,82,1,1,d3inlg_,ALDH-like,ALDH-like,4,0.34,text 3d pdb
sarscov2,c,82,1,0,d4h73e_,ALDH-like,ALDH-like,3.79,0.34,text 3d pdb
sarscov2,d,144,1,0,d4rixa_,Protein kinase-like (PK-like),Protein kinase-like (PK-like),3.85,0.34,text 3d pdb
sarscov2,c,82,1,1,d2onml_,ALDH-like,ALDH-like,3.7,0.34,text 3d pdb
sarscov2,c,82,1,0,d4jdca_,ALDH-like,ALDH-like,3.83,0.34,text 3d pdb
sarscov2,c,82,1,1,d3n83g_,ALDH-like,ALDH-like,3.76,0.34,text 3d pdb
sarscov2,c,67,1,4,d1vefa1,PLP-dependent transferase-like,PLP-dependent transferases,4.04,0.34,text 3d pdb
sarscov2,c,37,1,9,d5lt0a_,P-loop containing nucleoside triphosphate hydrolases,P-loop containing nucleoside triphosphate hydrolases,3.75,0.34,text 3d pdb
sarscov2,c,82,1,0,d3v9gc_,ALDH-like,ALDH-like,4.47,0.34,text 3d pdb
sarscov2,c,82,1,0,d3v9gb_,ALDH-like,ALDH-like,4.47,0.34,text 3d pdb
sarscov2,c,82,1,0,d3ifhz1,ALDH-like,ALDH-like,4.09,0.34,text 3d pdb
sarscov2,c,82,1,1,d2vleg_,ALDH-like,ALDH-like,3.76,0.34,text 3d pdb
sarscov2,b,43,4,1,d3qe2a2,Reductase/isomerase/elongation factor common domain,Riboflavin synthase domain-like,2.86,0.34,text 3d pdb
sarscov2,c,41,1,2,d1t1ga_,Subtilisin-like,Subtilisin-like,3.6,0.34,text 3d pdb
sarscov2,c,82,1,0,d3k2wa1,ALDH-like,ALDH-like,3.92,0.34,text 3d pdb
sarscov2,b,42,1,0,d4x3aa_,beta-Trefoil,Cytokine,3.44,0.34,text 3d pdb
sarscov2,d,144,1,0,d4xs2b_,Protein kinase-like (PK-like),Protein kinase-like (PK-like),3.56,0.34,text 3d pdb
sarscov2,d,387,1,0,d5cfpb_,STING C-terminal-like,STING TM173 CTD-like,3.78,0.34,text 3d pdb
sarscov2,d,174,1,1,d1zztb_,Nitric oxide (NO) synthase oxygenase domain,Nitric oxide (NO) synthase oxygenase domain,4.02,0.34,text 3d pdb
sarscov2,d,387,1,0,d5cfpa_,STING C-terminal-like,STING TM173 CTD-like,3.78,0.34,text 3d pdb
sarscov2,c,82,1,0,d4ihia_,ALDH-like,ALDH-like,3.85,0.34,text 3d pdb
sarscov2,b,1,1,2,d5nsga1,Immunoglobulin-like beta-sandwich,Immunoglobulin,3.77,0.34,text 3d pdb
sarscov2,c,82,1,1,d4kwgd_,ALDH-like,ALDH-like,3.76,0.34,text 3d pdb
sarscov2,e,23,1,0,d5x8fb_,Acetyl-CoA synthetase-like,Acetyl-CoA synthetase-like,3.9,0.34,text 3d pdb
sarscov2,c,1,19,1,d6reqc1,TIM beta/alpha-barrel,Cobalamin (vitamin B12)-dependent enzymes,4.5,0.34,text 3d pdb
sarscov2,d,144,1,7,d5hg5a_,Protein kinase-like (PK-like),Protein kinase-like (PK-like),3.85,0.34,text 3d pdb
sarscov2,c,82,1,1,d3n83b_,ALDH-like,ALDH-like,3.8,0.34,text 3d pdb
sarscov2,d,246,1,0,d4qdvd1,mRNA decapping enzyme DcpS N-terminal domain,mRNA decapping enzyme DcpS N-terminal domain,3.7,0.34,text 3d pdb
sarscov2,c,67,1,4,d1wkgb_,PLP-dependent transferase-like,PLP-dependent transferases,3.4,0.34,text 3d pdb
sarscov2,e,29,1,1,d1zyrm_,beta and beta-prime subunits of DNA dependent RNA-polymerase,beta and beta-prime subunits of DNA dependent RNA-polymerase,3.64,0.34,text 3d pdb
sarscov2,d,169,1,0,d4n37d_,C-type lectin-like,C-type lectin-like,3.62,0.34,text 3d pdb
sarscov2,b,96,1,1,d3u8kn_,Nicotinic receptor ligand binding domain-like,Nicotinic receptor ligand binding domain-like,3.61,0.34,text 3d pdb
sarscov2,c,66,1,61,d4x7wa_,S-adenosyl-L-methionine-dependent methyltransferases,S-adenosyl-L-methionine-dependent methyltransferases,3.94,0.34,text 3d pdb
sarscov2,e,23,1,0,d5x8gb_,Acetyl-CoA synthetase-like,Acetyl-CoA synthetase-like,3.69,0.34,text 3d pdb
sarscov2,c,43,1,0,d2rcub1,CoA-dependent acyltransferases,CoA-dependent acyltransferases,4.15,0.34,text 3d pdb
sarscov2,b,2,5,2,d1kzyb_,Common fold of diphtheria toxin/transcription factors/cytochrome f,p53-like transcription factors,3.61,0.34,text 3d pdb
sarscov2,d,174,1,1,d3fc5a_,Nitric oxide (NO) synthase oxygenase domain,Nitric oxide (NO) synthase oxygenase domain,3.89,0.34,text 3d pdb
sarscov2,d,174,1,1,d3fc5b_,Nitric oxide (NO) synthase oxygenase domain,Nitric oxide (NO) synthase oxygenase domain,3.89,0.34,text 3d pdb
sarscov2,c,76,1,1,d1kh4a_,Alkaline phosphatase-like,Alkaline phosphatase-like,3.64,0.34,text 3d pdb
sarscov2,c,82,1,0,d4cbbf_,ALDH-like,ALDH-like,3.68,0.34,text 3d pdb
sarscov2,c,82,1,0,d3zqab_,ALDH-like,ALDH-like,3.69,0.34,text 3d pdb
sarscov2,c,76,1,1,d3dyca_,Alkaline phosphatase-like,Alkaline phosphatase-like,4.07,0.34,text 3d pdb
sarscov2,b,121,4,3,d1ihma_,Nucleoplasmin-like/VP (viral coat and capsid proteins),Positive stranded ssRNA viruses,3.82,0.34,text 3d pdb
sarscov2,b,96,1,1,d5bp0h1,Nicotinic receptor ligand binding domain-like,Nicotinic receptor ligand binding domain-like,3.69,0.34,text 3d pdb
sarscov2,c,67,1,0,d5b7sb1,PLP-dependent transferase-like,PLP-dependent transferases,3.05,0.34,text 3d pdb
sarscov2,c,66,1,61,d4x7yb_,S-adenosyl-L-methionine-dependent methyltransferases,S-adenosyl-L-methionine-dependent methyltransferases,3.94,0.34,text 3d pdb
sarscov2,b,42,2,1,d1v6vb1,beta-Trefoil,Ricin B-like lectins,3.07,0.34,text 3d pdb
sarscov2,f,6,1,1,d1t5rb_,Leukocidin-like,Leukocidin-like,3.6,0.34,text 3d pdb
sarscov2,c,82,1,0,d5x5tb_,ALDH-like,ALDH-like,4.04,0.34,text 3d pdb
sarscov2,d,174,1,1,d1p6ia_,Nitric oxide (NO) synthase oxygenase domain,Nitric oxide (NO) synthase oxygenase domain,3.89,0.34,text 3d pdb
sarscov2,d,117,1,1,d1b5eb_,Thymidylate synthase/dCMP hydroxymethylase,Thymidylate synthase/dCMP hydroxymethylase,4.19,0.34,text 3d pdb
sarscov2,a,128,1,0,d3p41a1,Terpenoid synthases,Terpenoid synthases,3.84,0.34,text 3d pdb
sarscov2,d,104,1,0,d5ij6a1,Class II aaRS and biotin synthetases,Class II aaRS and biotin synthetases,4.11,0.34,text 3d pdb
sarscov2,e,23,1,0,d2v7bb_,Acetyl-CoA synthetase-like,Acetyl-CoA synthetase-like,3.58,0.34,text 3d pdb
sarscov2,b,96,1,1,d5bp0a1,Nicotinic receptor ligand binding domain-like,Nicotinic receptor ligand binding domain-like,3.81,0.34,text 3d pdb
sarscov2,c,82,1,0,d2w8na_,ALDH-like,ALDH-like,3.28,0.34,text 3d pdb
sarscov2,f,6,1,1,d1t5re_,Leukocidin-like,Leukocidin-like,3.71,0.34,text 3d pdb
sarscov2,c,82,1,0,d2woxa_,ALDH-like,ALDH-like,3.67,0.34,text 3d pdb
sarscov2,c,82,1,0,d3ifga1,ALDH-like,ALDH-like,4.29,0.34,text 3d pdb
sarscov2,c,67,1,4,d1wkhb_,PLP-dependent transferase-like,PLP-dependent transferases,3.4,0.34,text 3d pdb
sarscov2,d,17,4,26,d4akza_,Cystatin-like,NTF2-like,3.57,0.34,text 3d pdb
sarscov2,d,174,1,1,d2g6kb_,Nitric oxide (NO) synthase oxygenase domain,Nitric oxide (NO) synthase oxygenase domain,4.06,0.34,text 3d pdb
sarscov2,b,1,1,0,d1za6c1,Immunoglobulin-like beta-sandwich,Immunoglobulin,3.72,0.34,text 3d pdb
sarscov2,c,2,1,6,d1f12a2,NAD(P)-binding Rossmann-fold domains,NAD(P)-binding Rossmann-fold domains,4.26,0.34,text 3d pdb
sarscov2,b,43,4,1,d3qfca2,Reductase/isomerase/elongation factor common domain,Riboflavin synthase domain-like,4.49,0.34,text 3d pdb
sarscov2,d,117,1,1,d1b49a_,Thymidylate synthase/dCMP hydroxymethylase,Thymidylate synthase/dCMP hydroxymethylase,4.22,0.34,text 3d pdb
sarscov2,b,1,1,0,d1za6g1,Immunoglobulin-like beta-sandwich,Immunoglobulin,3.72,0.34,text 3d pdb
sarscov2,b,1,1,0,d1za6a1,Immunoglobulin-like beta-sandwich,Immunoglobulin,3.72,0.34,text 3d pdb
sarscov2,d,128,1,0,d3qajg2,Glutamine synthetase/guanido kinase,Glutamine synthetase/guanido kinase,3.67,0.34,text 3d pdb
sarscov2,c,82,1,0,d3r64d_,ALDH-like,ALDH-like,3.41,0.34,text 3d pdb
sarscov2,c,37,1,19,d2hyii2,P-loop containing nucleoside triphosphate hydrolases,P-loop containing nucleoside triphosphate hydrolases,4.07,0.34,text 3d pdb
sarscov2,c,82,1,1,d2onoa_,ALDH-like,ALDH-like,4.12,0.34,text 3d pdb
sarscov2,c,67,1,0,d5b87b1,PLP-dependent transferase-like,PLP-dependent transferases,4.02,0.34,text 3d pdb
sarscov2,d,174,1,1,d2g6ka_,Nitric oxide (NO) synthase oxygenase domain,Nitric oxide (NO) synthase oxygenase domain,3.9,0.34,text 3d pdb
sarscov2,c,1,8,3,d1ghsb_,TIM beta/alpha-barrel,(Trans)glycosidases,4.23,0.34,text 3d pdb
sarscov2,c,82,1,0,d4qf6l_,ALDH-like,ALDH-like,3.73,0.34,text 3d pdb
sarscov2,c,67,1,0,d3f0ha1,PLP-dependent transferase-like,PLP-dependent transferases,3.51,0.34,text 3d pdb
sarscov2,b,34,6,1,d3hpwb_,SH3-like barrel,Cell growth inhibitor/plasmid maintenance toxic component,3.31,0.34,text 3d pdb
sarscov2,c,82,1,0,d5gtkb_,ALDH-like,ALDH-like,3.84,0.34,text 3d pdb
sarscov2,c,94,1,0,d5i84e_,Periplasmic binding protein-like II,Periplasmic binding protein-like II,4.5,0.34,text 3d pdb
sarscov2,d,86,1,1,d2v8xa1,eIF4e-like,eIF4e-like,3,0.34,text 3d pdb
sarscov2,d,174,1,1,d2hx4b_,Nitric oxide (NO) synthase oxygenase domain,Nitric oxide (NO) synthase oxygenase domain,3.81,0.34,text 3d pdb
sarscov2,b,100,1,1,d2oqza_,Sortase,Sortase,3.29,0.34,text 3d pdb
sarscov2,d,174,1,1,d5vuya_,Nitric oxide (NO) synthase oxygenase domain,Nitric oxide (NO) synthase oxygenase domain,3.92,0.34,text 3d pdb
sarscov2,d,117,1,1,d1b5db_,Thymidylate synthase/dCMP hydroxymethylase,Thymidylate synthase/dCMP hydroxymethylase,4.23,0.34,text 3d pdb
sarscov2,d,144,1,0,d2yjra_,Protein kinase-like (PK-like),Protein kinase-like (PK-like),4.31,0.34,text 3d pdb
sarscov2,d,23,1,1,d1i7ea_,Tubby C-terminal domain-like,Tubby C-terminal domain-like,3.81,0.34,text 3d pdb
sarscov2,d,174,1,1,d1zzta_,Nitric oxide (NO) synthase oxygenase domain,Nitric oxide (NO) synthase oxygenase domain,3.73,0.34,text 3d pdb
sarscov2,d,174,1,1,d2hx4a_,Nitric oxide (NO) synthase oxygenase domain,Nitric oxide (NO) synthase oxygenase domain,3.81,0.34,text 3d pdb
sarscov2,c,1,22,1,d1jpka_,TIM beta/alpha-barrel,UROD/MetE-like,3.76,0.34,text 3d pdb
sarscov2,c,2,1,1,d1pedc2,NAD(P)-binding Rossmann-fold domains,NAD(P)-binding Rossmann-fold domains,4.16,0.34,text 3d pdb
sarscov2,c,2,1,1,d1peda2,NAD(P)-binding Rossmann-fold domains,NAD(P)-binding Rossmann-fold domains,4.16,0.34,text 3d pdb
sarscov2,d,41,4,1,d1yi2h1,alpha/beta-Hammerhead,Ribosomal protein L16p/L10e,3.91,0.34,text 3d pdb
sarscov2,c,1,10,0,d3n9ru_,TIM beta/alpha-barrel,Aldolase,4.21,0.34,text 3d pdb
sarscov2,c,2,1,1,d1pedd2,NAD(P)-binding Rossmann-fold domains,NAD(P)-binding Rossmann-fold domains,4.16,0.34,text 3d pdb
sarscov2,d,174,1,1,d1p6hb_,Nitric oxide (NO) synthase oxygenase domain,Nitric oxide (NO) synthase oxygenase domain,3.81,0.34,text 3d pdb
sarscov2,c,2,1,1,d1pedb2,NAD(P)-binding Rossmann-fold domains,NAD(P)-binding Rossmann-fold domains,4.16,0.34,text 3d pdb
sarscov2,d,174,1,1,d5agnb_,Nitric oxide (NO) synthase oxygenase domain,Nitric oxide (NO) synthase oxygenase domain,3.81,0.34,text 3d pdb
sarscov2,c,82,1,0,d2jg7c_,ALDH-like,ALDH-like,3.94,0.34,text 3d pdb
sarscov2,b,52,2,2,d1y5na1,Double psi beta-barrel,ADC-like,3.65,0.34,text 3d pdb
sarscov2,d,117,1,1,d1b5da_,Thymidylate synthase/dCMP hydroxymethylase,Thymidylate synthase/dCMP hydroxymethylase,4.34,0.34,text 3d pdb
sarscov2,c,82,1,0,d5gt6a_,ALDH-like,ALDH-like,3.61,0.34,text 3d pdb
sarscov2,c,82,1,1,d2ehqb_,ALDH-like,ALDH-like,4.19,0.34,text 3d pdb
sarscov2,d,174,1,1,d2hx3a_,Nitric oxide (NO) synthase oxygenase domain,Nitric oxide (NO) synthase oxygenase domain,4,0.34,text 3d pdb
sarscov2,b,1,1,2,d1deed2,Immunoglobulin-like beta-sandwich,Immunoglobulin,3.55,0.34,text 3d pdb
sarscov2,d,174,1,1,d1rs6a_,Nitric oxide (NO) synthase oxygenase domain,Nitric oxide (NO) synthase oxygenase domain,4.01,0.34,text 3d pdb
sarscov2,c,82,1,1,d2bhqb_,ALDH-like,ALDH-like,4.2,0.34,text 3d pdb
sarscov2,d,86,1,1,d1ipca_,eIF4e-like,eIF4e-like,3.44,0.34,text 3d pdb
sarscov2,b,1,1,0,d4bswb1,Immunoglobulin-like beta-sandwich,Immunoglobulin,3.77,0.34,text 3d pdb
sarscov2,d,174,1,1,d1om4a_,Nitric oxide (NO) synthase oxygenase domain,Nitric oxide (NO) synthase oxygenase domain,3.8,0.34,text 3d pdb
sarscov2,d,174,1,1,d1k2ra_,Nitric oxide (NO) synthase oxygenase domain,Nitric oxide (NO) synthase oxygenase domain,3.81,0.34,text 3d pdb
sarscov2,d,128,1,0,d4lnih2,Glutamine synthetase/guanido kinase,Glutamine synthetase/guanido kinase,4.04,0.34,text 3d pdb
sarscov2,d,174,1,1,d1p6ma_,Nitric oxide (NO) synthase oxygenase domain,Nitric oxide (NO) synthase oxygenase domain,3.8,0.34,text 3d pdb
sarscov2,d,174,1,1,d1zzrb_,Nitric oxide (NO) synthase oxygenase domain,Nitric oxide (NO) synthase oxygenase domain,3.83,0.34,text 3d pdb
sarscov2,d,174,1,1,d6nsea_,Nitric oxide (NO) synthase oxygenase domain,Nitric oxide (NO) synthase oxygenase domain,3.8,0.34,text 3d pdb
sarscov2,d,174,1,1,d2g6hb_,Nitric oxide (NO) synthase oxygenase domain,Nitric oxide (NO) synthase oxygenase domain,3.81,0.34,text 3d pdb
sarscov2,d,174,1,1,d1k2rb_,Nitric oxide (NO) synthase oxygenase domain,Nitric oxide (NO) synthase oxygenase domain,3.79,0.34,text 3d pdb
sarscov2,e,72,1,1,d2i71b2,SSO1389-like,SSO1389-like,3.77,0.34,text 3d pdb
sarscov2,c,1,10,0,d3n9rk_,TIM beta/alpha-barrel,Aldolase,4.22,0.34,text 3d pdb
sarscov2,c,67,1,4,d1oata_,PLP-dependent transferase-like,PLP-dependent transferases,4.12,0.34,text 3d pdb
sarscov2,d,174,1,1,d1p6ha_,Nitric oxide (NO) synthase oxygenase domain,Nitric oxide (NO) synthase oxygenase domain,4,0.34,text 3d pdb
sarscov2,b,1,4,0,d2vmfb2,Immunoglobulin-like beta-sandwich,beta-Galactosidase/glucuronidase domain,2.95,0.34,text 3d pdb
sarscov2,f,4,7,0,d5dl7a_,Transmembrane beta-barrels,Outer membrane carboxylate (Occ) channels,3.48,0.34,text 3d pdb
sarscov2,c,23,16,1,d1jdbl2,Flavodoxin-like,Class I glutamine amidotransferase-like,4.02,0.34,text 3d pdb
sarscov2,d,174,1,1,d5vuwa_,Nitric oxide (NO) synthase oxygenase domain,Nitric oxide (NO) synthase oxygenase domain,3.82,0.34,text 3d pdb
sarscov2,d,174,1,1,d2g6ma_,Nitric oxide (NO) synthase oxygenase domain,Nitric oxide (NO) synthase oxygenase domain,3.82,0.34,text 3d pdb
sarscov2,b,69,7,0,d2bklb1,7-bladed beta-propeller,'Peptidase/esterase ''gauge'' domain',3.1,0.34,text 3d pdb
sarscov2,d,86,1,1,d2v8ya1,eIF4e-like,eIF4e-like,3.55,0.34,text 3d pdb
sarscov2,f,4,7,2,d3t24a1,Transmembrane beta-barrels,Outer membrane carboxylate (Occ) channels,3.55,0.34,text 3d pdb
sarscov2,c,1,10,0,d3n9rb_,TIM beta/alpha-barrel,Aldolase,4.23,0.34,text 3d pdb
sarscov2,d,174,1,1,d2g6ha_,Nitric oxide (NO) synthase oxygenase domain,Nitric oxide (NO) synthase oxygenase domain,3.81,0.34,text 3d pdb
sarscov2,c,2,1,1,d2b83d2,NAD(P)-binding Rossmann-fold domains,NAD(P)-binding Rossmann-fold domains,4.13,0.34,text 3d pdb
sarscov2,d,174,1,1,d5vuxa_,Nitric oxide (NO) synthase oxygenase domain,Nitric oxide (NO) synthase oxygenase domain,3.82,0.34,text 3d pdb
sarscov2,b,1,1,0,d3wjla1,Immunoglobulin-like beta-sandwich,Immunoglobulin,3.85,0.34,text 3d pdb
sarscov2,c,82,1,0,d4e4gf_,ALDH-like,ALDH-like,3.8,0.34,text 3d pdb
sarscov2,d,174,1,1,d2g6la_,Nitric oxide (NO) synthase oxygenase domain,Nitric oxide (NO) synthase oxygenase domain,3.8,0.34,text 3d pdb
sarscov2,c,2,1,1,d2b83c2,NAD(P)-binding Rossmann-fold domains,NAD(P)-binding Rossmann-fold domains,4.09,0.34,text 3d pdb
sarscov2,c,82,1,0,d4qf6a_,ALDH-like,ALDH-like,3.63,0.34,text 3d pdb
sarscov2,d,174,1,1,d1fopa_,Nitric oxide (NO) synthase oxygenase domain,Nitric oxide (NO) synthase oxygenase domain,3.82,0.34,text 3d pdb
sarscov2,c,37,1,0,d2hjva_,P-loop containing nucleoside triphosphate hydrolases,P-loop containing nucleoside triphosphate hydrolases,3.95,0.34,text 3d pdb
sarscov2,b,1,1,2,d1deeb2,Immunoglobulin-like beta-sandwich,Immunoglobulin,3.6,0.34,text 3d pdb
sarscov2,c,66,1,61,d4x7ya_,S-adenosyl-L-methionine-dependent methyltransferases,S-adenosyl-L-methionine-dependent methyltransferases,4.03,0.34,text 3d pdb
sarscov2,d,174,1,1,d1zzra_,Nitric oxide (NO) synthase oxygenase domain,Nitric oxide (NO) synthase oxygenase domain,4.01,0.34,text 3d pdb
sarscov2,b,42,1,2,d1l2ha_,beta-Trefoil,Cytokine,3.39,0.34,text 3d pdb
sarscov2,d,174,1,1,d1p6lb_,Nitric oxide (NO) synthase oxygenase domain,Nitric oxide (NO) synthase oxygenase domain,3.83,0.34,text 3d pdb
sarscov2,d,174,1,1,d2g6ia_,Nitric oxide (NO) synthase oxygenase domain,Nitric oxide (NO) synthase oxygenase domain,3.82,0.34,text 3d pdb
sarscov2,c,67,1,0,d5b87a_,PLP-dependent transferase-like,PLP-dependent transferases,4.09,0.34,text 3d pdb
sarscov2,g,17,1,3,d5lsdb_,Cystine-knot cytokines,Cystine-knot cytokines,3.54,0.34,text 3d pdb
sarscov2,g,17,1,3,d5lsda_,Cystine-knot cytokines,Cystine-knot cytokines,3.54,0.34,text 3d pdb
sarscov2,d,174,1,1,d1fola_,Nitric oxide (NO) synthase oxygenase domain,Nitric oxide (NO) synthase oxygenase domain,3.81,0.34,text 3d pdb
sarscov2,d,118,1,0,d3hmab_,N-acetylmuramoyl-L-alanine amidase-like,N-acetylmuramoyl-L-alanine amidase-like,3.24,0.33,text 3d pdb
sarscov2,c,91,1,0,d2faha2,PEP carboxykinase-like,PEP carboxykinase-like,4.31,0.33,text 3d pdb
sarscov2,c,82,1,1,d1ky8a_,ALDH-like,ALDH-like,3.05,0.33,text 3d pdb
sarscov2,c,82,1,0,d3rhqc_,ALDH-like,ALDH-like,4.03,0.33,text 3d pdb
sarscov2,c,2,1,0,d2wdzb_,NAD(P)-binding Rossmann-fold domains,NAD(P)-binding Rossmann-fold domains,4.19,0.33,text 3d pdb
sarscov2,e,23,1,1,d2qvzx_,Acetyl-CoA synthetase-like,Acetyl-CoA synthetase-like,3.69,0.33,text 3d pdb
sarscov2,c,82,1,0,d4ns3d1,ALDH-like,ALDH-like,3.91,0.33,text 3d pdb
sarscov2,c,82,1,1,d5abmb_,ALDH-like,ALDH-like,3.83,0.33,text 3d pdb
sarscov2,c,82,1,1,d5teia_,ALDH-like,ALDH-like,3.88,0.33,text 3d pdb
sarscov2,c,82,1,0,d5gt6b_,ALDH-like,ALDH-like,3.65,0.33,text 3d pdb
sarscov2,f,6,1,1,d1t5rg_,Leukocidin-like,Leukocidin-like,4.13,0.33,text 3d pdb
sarscov2,c,1,22,1,d1jpha_,TIM beta/alpha-barrel,UROD/MetE-like,3.65,0.33,text 3d pdb
sarscov2,c,67,1,6,d3fz7c_,PLP-dependent transferase-like,PLP-dependent transferases,4.15,0.33,text 3d pdb
sarscov2,c,37,1,9,d4a1zb_,P-loop containing nucleoside triphosphate hydrolases,P-loop containing nucleoside triphosphate hydrolases,4.15,0.33,text 3d pdb
sarscov2,e,76,1,1,d3nwfd_,Viral glycoprotein ectodomain-like,Viral glycoprotein ectodomain-like,4.07,0.33,text 3d pdb
sarscov2,c,91,1,1,d3dt4c2,PEP carboxykinase-like,PEP carboxykinase-like,4.09,0.33,text 3d pdb
sarscov2,c,82,1,1,d4x4la_,ALDH-like,ALDH-like,3.78,0.33,text 3d pdb
sarscov2,c,82,1,1,d5l2of_,ALDH-like,ALDH-like,3.87,0.33,text 3d pdb
sarscov2,c,82,1,0,d4pxla_,ALDH-like,ALDH-like,3.91,0.33,text 3d pdb
sarscov2,c,82,1,0,d4lh3b1,ALDH-like,ALDH-like,3.87,0.33,text 3d pdb
sarscov2,c,94,1,1,d1twyg_,Periplasmic binding protein-like II,Periplasmic binding protein-like II,3.61,0.33,text 3d pdb
sarscov2,c,82,1,0,d2j6lb_,ALDH-like,ALDH-like,4.39,0.33,text 3d pdb
sarscov2,c,82,1,0,d4i1wc_,ALDH-like,ALDH-like,4.41,0.33,text 3d pdb
sarscov2,c,82,1,0,d2j6lf_,ALDH-like,ALDH-like,4.12,0.33,text 3d pdb
sarscov2,c,82,1,1,d5l2oe_,ALDH-like,ALDH-like,3.67,0.33,text 3d pdb
sarscov2,c,82,1,0,d4itbb_,ALDH-like,ALDH-like,3.7,0.33,text 3d pdb
sarscov2,c,82,1,0,d5x5ub_,ALDH-like,ALDH-like,3.75,0.33,text 3d pdb
sarscov2,c,82,1,0,d4qf6e_,ALDH-like,ALDH-like,4.08,0.33,text 3d pdb
sarscov2,c,1,22,1,d1jpia_,TIM beta/alpha-barrel,UROD/MetE-like,3.66,0.33,text 3d pdb
sarscov2,d,174,1,1,d1ed5a_,Nitric oxide (NO) synthase oxygenase domain,Nitric oxide (NO) synthase oxygenase domain,3.88,0.33,text 3d pdb
sarscov2,c,82,1,1,d4wb9a_,ALDH-like,ALDH-like,3.67,0.33,text 3d pdb
sarscov2,c,82,1,0,d2w8ra_,ALDH-like,ALDH-like,4.07,0.33,text 3d pdb
sarscov2,c,82,1,1,d4wj9a_,ALDH-like,ALDH-like,3.68,0.33,text 3d pdb
sarscov2,c,82,1,0,d4i25a_,ALDH-like,ALDH-like,4.36,0.33,text 3d pdb
sarscov2,c,82,1,0,d2jg7d_,ALDH-like,ALDH-like,4.18,0.33,text 3d pdb
sarscov2,c,67,1,0,d4nogb_,PLP-dependent transferase-like,PLP-dependent transferases,4.1,0.33,text 3d pdb
sarscov2,c,82,1,0,d2jg7g_,ALDH-like,ALDH-like,4.17,0.33,text 3d pdb
sarscov2,b,1,1,4,d1g0yr2,Immunoglobulin-like beta-sandwich,Immunoglobulin,4.04,0.33,text 3d pdb
sarscov2,c,82,1,0,d2jg7f_,ALDH-like,ALDH-like,4.17,0.33,text 3d pdb
sarscov2,c,82,1,0,d2jg7e_,ALDH-like,ALDH-like,4.18,0.33,text 3d pdb
sarscov2,c,82,1,0,d2jg7a_,ALDH-like,ALDH-like,4.18,0.33,text 3d pdb
sarscov2,d,169,1,0,d3p7fa1,C-type lectin-like,C-type lectin-like,4.01,0.33,text 3d pdb
sarscov2,c,92,2,2,d1toab_,Chelatase-like,"Helical backbone" metal receptor,3.92,0.33,text 3d pdb
sarscov2,c,82,1,1,d3sz9e_,ALDH-like,ALDH-like,3.9,0.33,text 3d pdb
sarscov2,c,94,1,0,d3o9pa_,Periplasmic binding protein-like II,Periplasmic binding protein-like II,4.09,0.33,text 3d pdb
sarscov2,f,10,1,0,d5jhmb1,Viral glycoprotein central and dimerisation domains,Viral glycoprotein central and dimerisation domains,3.84,0.33,text 3d pdb
sarscov2,c,82,1,1,d1o02b_,ALDH-like,ALDH-like,3.89,0.33,text 3d pdb
sarscov2,c,82,1,1,d3n80b_,ALDH-like,ALDH-like,3.92,0.33,text 3d pdb
sarscov2,c,82,1,0,d3zqaa_,ALDH-like,ALDH-like,4.21,0.33,text 3d pdb
sarscov2,c,82,1,0,d5klmb_,ALDH-like,ALDH-like,4.37,0.33,text 3d pdb
sarscov2,c,82,1,1,d1a4za_,ALDH-like,ALDH-like,3.69,0.33,text 3d pdb
sarscov2,c,82,1,1,d4kwgc_,ALDH-like,ALDH-like,3.91,0.33,text 3d pdb
sarscov2,c,82,1,1,d2vlee_,ALDH-like,ALDH-like,3.9,0.33,text 3d pdb
sarscov2,c,82,1,1,d1o05f_,ALDH-like,ALDH-like,3.91,0.33,text 3d pdb
sarscov2,c,82,1,1,d2vleh_,ALDH-like,ALDH-like,3.9,0.33,text 3d pdb
sarscov2,c,82,1,1,d5l2oa_,ALDH-like,ALDH-like,4.36,0.33,text 3d pdb
sarscov2,c,82,1,0,d4cbbe_,ALDH-like,ALDH-like,4.36,0.33,text 3d pdb
sarscov2,c,82,1,1,d3inlh_,ALDH-like,ALDH-like,3.9,0.33,text 3d pdb
sarscov2,c,82,1,1,d2ehqa_,ALDH-like,ALDH-like,4.24,0.33,text 3d pdb
sarscov2,c,82,1,1,d1o04g_,ALDH-like,ALDH-like,3.91,0.33,text 3d pdb
sarscov2,c,82,1,0,d2w8pa_,ALDH-like,ALDH-like,4.09,0.33,text 3d pdb
sarscov2,c,82,1,1,d3n83f_,ALDH-like,ALDH-like,3.93,0.33,text 3d pdb
sarscov2,c,91,1,1,d2qf2a2,PEP carboxykinase-like,PEP carboxykinase-like,3.98,0.33,text 3d pdb
sarscov2,c,82,1,1,d1o04b_,ALDH-like,ALDH-like,3.71,0.33,text 3d pdb
sarscov2,c,67,1,4,d2c0ra_,PLP-dependent transferase-like,PLP-dependent transferases,4.4,0.33,text 3d pdb
sarscov2,c,82,1,1,d3n81c_,ALDH-like,ALDH-like,3.92,0.33,text 3d pdb
sarscov2,c,82,1,1,d4kwga_,ALDH-like,ALDH-like,3.91,0.33,text 3d pdb
sarscov2,c,37,1,9,d4a28b_,P-loop containing nucleoside triphosphate hydrolases,P-loop containing nucleoside triphosphate hydrolases,4.01,0.33,text 3d pdb
sarscov2,c,82,1,1,d3sz9c_,ALDH-like,ALDH-like,3.91,0.33,text 3d pdb
sarscov2,c,82,1,1,d2onmd_,ALDH-like,ALDH-like,3.91,0.33,text 3d pdb
sarscov2,c,82,1,1,d1of7b_,ALDH-like,ALDH-like,3.94,0.33,text 3d pdb
sarscov2,c,82,1,0,d3v9ga_,ALDH-like,ALDH-like,4,0.33,text 3d pdb
sarscov2,c,82,1,1,d3inja_,ALDH-like,ALDH-like,3.92,0.33,text 3d pdb
sarscov2,c,82,1,0,d3v9la_,ALDH-like,ALDH-like,4.09,0.32,text 3d pdb
sarscov2,c,82,1,1,d2onpa_,ALDH-like,ALDH-like,3.93,0.32,text 3d pdb
sarscov2,c,82,1,1,d3injd_,ALDH-like,ALDH-like,3.93,0.32,text 3d pdb
sarscov2,c,82,1,1,d3injf_,ALDH-like,ALDH-like,3.78,0.32,text 3d pdb
sarscov2,c,82,1,0,d4ouba_,ALDH-like,ALDH-like,4.39,0.32,text 3d pdb
sarscov2,c,82,1,0,d4itba_,ALDH-like,ALDH-like,4.2,0.32,text 3d pdb
sarscov2,c,82,1,1,d4kwfh_,ALDH-like,ALDH-like,3.55,0.32,text 3d pdb
sarscov2,c,82,1,0,d4it9a_,ALDH-like,ALDH-like,4.35,0.32,text 3d pdb
sarscov2,c,82,1,1,d1o02c_,ALDH-like,ALDH-like,3.79,0.32,text 3d pdb
sarscov2,c,82,1,0,d4itaa_,ALDH-like,ALDH-like,4.17,0.32,text 3d pdb
sarscov2,c,82,1,0,d4lh2b1,ALDH-like,ALDH-like,3.93,0.32,text 3d pdb
sarscov2,c,37,1,0,d2pcjb_,P-loop containing nucleoside triphosphate hydrolases,P-loop containing nucleoside triphosphate hydrolases,4.2,0.32,text 3d pdb
sarscov2,c,82,1,1,d4kwgh_,ALDH-like,ALDH-like,3.8,0.32,text 3d pdb
sarscov2,c,82,1,0,d4lh0b1,ALDH-like,ALDH-like,3.94,0.32,text 3d pdb
sarscov2,c,82,1,1,d5l13d_,ALDH-like,ALDH-like,3.73,0.32,text 3d pdb
sarscov2,e,23,1,0,d3lgxb1,Acetyl-CoA synthetase-like,Acetyl-CoA synthetase-like,3.75,0.32,text 3d pdb
sarscov2,b,1,18,0,d3edfa1,Immunoglobulin-like beta-sandwich,E set domains,3.79,0.32,text 3d pdb
sarscov2,c,82,1,0,d5kj5b_,ALDH-like,ALDH-like,3.52,0.32,text 3d pdb
sarscov2,c,82,1,1,d1a4sd_,ALDH-like,ALDH-like,3.78,0.32,text 3d pdb
sarscov2,d,104,1,0,d5ichb1,Class II aaRS and biotin synthetases,Class II aaRS and biotin synthetases,3.75,0.32,text 3d pdb
sarscov2,e,23,1,0,d3lgxd1,Acetyl-CoA synthetase-like,Acetyl-CoA synthetase-like,3.64,0.32,text 3d pdb
sarscov2,c,82,1,0,d5klkb_,ALDH-like,ALDH-like,4.19,0.32,text 3d pdb
sarscov2,d,174,1,1,d1p6na_,Nitric oxide (NO) synthase oxygenase domain,Nitric oxide (NO) synthase oxygenase domain,4.01,0.32,text 3d pdb
sarscov2,e,23,1,1,d1nnna_,Acetyl-CoA synthetase-like,Acetyl-CoA synthetase-like,3.71,0.32,text 3d pdb
sarscov2,d,250,1,1,d3a8jc1,Folate-binding domain,Folate-binding domain,4.24,0.32,text 3d pdb
sarscov2,c,91,1,1,d2qf1a2,PEP carboxykinase-like,PEP carboxykinase-like,4.13,0.32,text 3d pdb
sarscov2,c,67,1,0,d4piwh_,PLP-dependent transferase-like,PLP-dependent transferases,4,0.32,text 3d pdb
sarscov2,c,41,1,2,d1gt92_,Subtilisin-like,Subtilisin-like,4.18,0.32,text 3d pdb
sarscov2,c,82,1,1,d3n82c_,ALDH-like,ALDH-like,3.54,0.32,text 3d pdb
sarscov2,c,82,1,0,d4zz7a_,ALDH-like,ALDH-like,3.9,0.32,text 3d pdb
sarscov2,c,82,1,0,d3rhob_,ALDH-like,ALDH-like,3.83,0.32,text 3d pdb
sarscov2,c,82,1,0,d3rhmc_,ALDH-like,ALDH-like,4.03,0.32,text 3d pdb
sarscov2,c,82,1,0,d4gnzd_,ALDH-like,ALDH-like,3.76,0.32,text 3d pdb
sarscov2,d,169,1,0,d4n37c_,C-type lectin-like,C-type lectin-like,3.28,0.32,text 3d pdb
sarscov2,c,82,1,0,d2wmef_,ALDH-like,ALDH-like,4.45,0.32,text 3d pdb
sarscov2,d,144,1,0,d4ivca1,Protein kinase-like (PK-like),Protein kinase-like (PK-like),3.94,0.32,text 3d pdb
sarscov2,d,169,1,0,d4n33c_,C-type lectin-like,C-type lectin-like,3.51,0.32,text 3d pdb
sarscov2,d,169,1,0,d3p5fc_,C-type lectin-like,C-type lectin-like,3.55,0.32,text 3d pdb
sarscov2,c,82,1,0,d2o2pb_,ALDH-like,ALDH-like,3.78,0.32,text 3d pdb
sarscov2,d,169,1,0,d4n38c_,C-type lectin-like,C-type lectin-like,3.55,0.32,text 3d pdb
sarscov2,c,23,14,3,d1lbea_,Flavodoxin-like,N-(deoxy)ribosyltransferase-like,4.32,0.32,text 3d pdb
sarscov2,e,23,1,1,d1pg3a_,Acetyl-CoA synthetase-like,Acetyl-CoA synthetase-like,4.19,0.32,text 3d pdb
sarscov2,d,169,1,0,d3bbsa_,C-type lectin-like,C-type lectin-like,3.8,0.31,text 3d pdb
sarscov2,c,82,1,0,d4gnza_,ALDH-like,ALDH-like,3.55,0.31,text 3d pdb
sarscov2,c,1,8,1,d1dhka2,TIM beta/alpha-barrel,(Trans)glycosidases,4.18,0.31,text 3d pdb
sarscov2,c,2,1,2,d2hsdb_,NAD(P)-binding Rossmann-fold domains,NAD(P)-binding Rossmann-fold domains,4.15,0.31,text 3d pdb
sarscov2,c,82,1,0,d2j6lg_,ALDH-like,ALDH-like,4.52,0.31,text 3d pdb
sarscov2,c,67,1,0,d4piwd_,PLP-dependent transferase-like,PLP-dependent transferases,4.14,0.31,text 3d pdb
sarscov2,d,169,1,0,d3bc7c_,C-type lectin-like,C-type lectin-like,3.59,0.31,text 3d pdb
sarscov2,d,169,1,0,d3p5gb_,C-type lectin-like,C-type lectin-like,3.59,0.31,text 3d pdb
sarscov2,c,82,1,0,d3k2wg1,ALDH-like,ALDH-like,3.85,0.31,text 3d pdb
sarscov2,d,169,1,0,d4n33b_,C-type lectin-like,C-type lectin-like,3.59,0.31,text 3d pdb
sarscov2,d,169,1,0,d4n35c_,C-type lectin-like,C-type lectin-like,3.63,0.31,text 3d pdb
sarscov2,c,82,1,0,d3rhlc_,ALDH-like,ALDH-like,3.48,0.31,text 3d pdb
sarscov2,d,169,1,0,d3bbsb_,C-type lectin-like,C-type lectin-like,3.61,0.31,text 3d pdb
sarscov2,e,23,1,0,d5bswa_,Acetyl-CoA synthetase-like,Acetyl-CoA synthetase-like,3.95,0.31,text 3d pdb
sarscov2,d,169,1,0,d4n32b_,C-type lectin-like,C-type lectin-like,3.83,0.31,text 3d pdb
sarscov2,b,6,1,0,d4knsa2,Cupredoxin-like,Cupredoxins,3.82,0.31,text 3d pdb
sarscov2,d,169,1,0,d3p5hb_,C-type lectin-like,C-type lectin-like,3.69,0.31,text 3d pdb
sarscov2,d,169,1,0,d3p5fb_,C-type lectin-like,C-type lectin-like,3.7,0.31,text 3d pdb
sarscov2,d,128,1,0,d3ng0a2,Glutamine synthetase/guanido kinase,Glutamine synthetase/guanido kinase,4.06,0.31,text 3d pdb
sarscov2,d,169,1,0,d4n34b_,C-type lectin-like,C-type lectin-like,3.64,0.31,text 3d pdb
sarscov2,e,23,1,1,d2p20b_,Acetyl-CoA synthetase-like,Acetyl-CoA synthetase-like,4.01,0.31,text 3d pdb
sarscov2,e,23,1,1,d2p2fb_,Acetyl-CoA synthetase-like,Acetyl-CoA synthetase-like,3.95,0.3,text 3d pdb
sarscov2,e,23,1,1,d1pg4a_,Acetyl-CoA synthetase-like,Acetyl-CoA synthetase-like,3.65,0.3,text 3d pdb
sarscov2,e,23,1,1,d1nnma_,Acetyl-CoA synthetase-like,Acetyl-CoA synthetase-like,3.65,0.3,text 3d pdb
sarscov2,d,144,1,0,d3zosa_,Protein kinase-like (PK-like),Protein kinase-like (PK-like),4.32,0.3,text 3d pdb
sarscov2,d,169,1,0,d4ak8a_,C-type lectin-like,C-type lectin-like,3.96,0.3,text 3d pdb
sarscov2,e,23,1,1,d2p2ba_,Acetyl-CoA synthetase-like,Acetyl-CoA synthetase-like,4.72,0.3,text 3d pdb
sarscov2,c,41,1,2,d1gtj1_,Subtilisin-like,Subtilisin-like,4.12,0.29,text 3d pdb
sarscov2,d,169,1,0,d3p5ea_,C-type lectin-like,C-type lectin-like,3.81,0.29,text 3d pdb
sarscov2,d,144,1,7,d2ghga1,Protein kinase-like (PK-like),Protein kinase-like (PK-like),4.49,0.29,text 3d pdb
sarscov2,d,169,1,0,d4n35b_,C-type lectin-like,C-type lectin-like,3.78,0.29,text 3d pdb
sarscov2,d,169,1,0,d3p7fd_,C-type lectin-like,C-type lectin-like,3.63,0.29,text 3d pdb
sarscov2,d,265,1,2,d2ab4a2,Pseudouridine synthase,Pseudouridine synthase,4.15,0.29,text 3d pdb
sarscov2,c,1,9,10,d1ymya2,TIM beta/alpha-barrel,Metallo-dependent hydrolases,4.28,0.28,text 3d pdb
sarscov2,c,56,3,0,d2z2ja_,Phosphorylase/hydrolase-like,Peptidyl-tRNA hydrolase-like,4.2,0.28,text 3d pdb
sarscov2,d,153,1,4,d5le5d_,Ntn hydrolase-like,N-terminal nucleophile aminohydrolases (Ntn hydrolases),4.57,0.28,text 3d pdb
sarscov2,c,82,1,0,d5euyh_,ALDH-like,ALDH-like,4.08,0.28,text 3d pdb
sarscov2,c,2,1,2,d3tzhc_,NAD(P)-binding Rossmann-fold domains,NAD(P)-binding Rossmann-fold domains,3.45,0.28,text 3d pdb
sarscov2,c,37,1,0,d5nt7b_,P-loop containing nucleoside triphosphate hydrolases,P-loop containing nucleoside triphosphate hydrolases,4.29,0.28,text 3d pdb
sarscov2,c,82,1,0,d5euyf_,ALDH-like,ALDH-like,4.39,0.27,text 3d pdb
sarscov2,c,108,1,5,d1k1ek_,HAD-like,HAD-like,4.17,0.27,text 3d pdb
sarscov2,d,19,1,1,d3u0pe1,MHC antigen-recognition domain,MHC antigen-recognition domain,3.67,0.27,text 3d pdb
