sars,4169,1,1,2,e6crwA4,Beta-coronavirus spike protein receptor-binding domain,Spike_rec_bind,0.17,1,text 3d pdb
sars,4169,1,1,2,e6crzA2,Beta-coronavirus spike protein receptor-binding domain,Spike_rec_bind,0.29,0.99,text 3d pdb
sars,4169,1,1,2,e6cs0A2,Beta-coronavirus spike protein receptor-binding domain,Spike_rec_bind,0.29,0.99,text 3d pdb
sars,4169,1,1,2,e6crxA2,Beta-coronavirus spike protein receptor-binding domain,Spike_rec_bind,1.49,0.78,text 3d pdb
sars,4169,1,1,2,e6nb6C1,Beta-coronavirus spike protein receptor-binding domain,Spike_rec_bind,1.56,0.78,text 3d pdb
sars,4169,1,1,2,e6nb7C1,Beta-coronavirus spike protein receptor-binding domain,Spike_rec_bind,1.58,0.78,text 3d pdb
sars,4169,1,1,2,e6cs1A3,Beta-coronavirus spike protein receptor-binding domain,Spike_rec_bind,1.52,0.78,text 3d pdb
sars,4169,1,1,2,e6nb7A2,Beta-coronavirus spike protein receptor-binding domain,Spike_rec_bind,1.63,0.75,text 3d pdb
sars,4169,1,1,2,e6ackC4,Beta-coronavirus spike protein receptor-binding domain,Spike_rec_bind,1.72,0.74,text 3d pdb
sars,4169,1,1,2,e2dd8S1,Beta-coronavirus spike protein receptor-binding domain,Spike_rec_bind,1.72,0.74,text 3d pdb
sars,4169,1,1,2,e6nb6A4,Beta-coronavirus spike protein receptor-binding domain,Spike_rec_bind,1.72,0.73,text 3d pdb
sars,4169,1,1,2,e2ajfE1,Beta-coronavirus spike protein receptor-binding domain,Spike_rec_bind,1.81,0.72,text 3d pdb
sars,4169,1,1,2,e2ghvE1,Beta-coronavirus spike protein receptor-binding domain,Spike_rec_bind,1.64,0.72,text 3d pdb
sars,4169,1,1,2,e6cs2B2,Beta-coronavirus spike protein receptor-binding domain,Spike_rec_bind,1.8,0.72,text 3d pdb
sars,4169,1,1,2,e3d0iE1,Beta-coronavirus spike protein receptor-binding domain,Spike_rec_bind,1.82,0.72,text 3d pdb
sars,4169,1,1,2,e6crxB2,Beta-coronavirus spike protein receptor-binding domain,Spike_rec_bind,2.01,0.72,text 3d pdb
sars,4169,1,1,2,e6acdC3,Beta-coronavirus spike protein receptor-binding domain,Spike_rec_bind,1.8,0.71,text 3d pdb
sars,4169,1,1,2,e3sckE2,Beta-coronavirus spike protein receptor-binding domain,Spike_rec_bind,1.82,0.71,text 3d pdb
sars,4169,1,1,2,e5xlrC1,Beta-coronavirus spike protein receptor-binding domain,Spike_rec_bind,1.82,0.71,text 3d pdb
sars,4169,1,1,2,e5xlrB1,Beta-coronavirus spike protein receptor-binding domain,Spike_rec_bind,1.82,0.71,text 3d pdb
sars,4169,1,1,2,e5xlrA3,Beta-coronavirus spike protein receptor-binding domain,Spike_rec_bind,1.82,0.71,text 3d pdb
sars,4169,1,1,2,e6acdB3,Beta-coronavirus spike protein receptor-binding domain,Spike_rec_bind,1.85,0.71,text 3d pdb
sars,4169,1,1,2,e2ajfF1,Beta-coronavirus spike protein receptor-binding domain,Spike_rec_bind,1.83,0.71,text 3d pdb
sars,4169,1,1,2,e3d0iF1,Beta-coronavirus spike protein receptor-binding domain,Spike_rec_bind,1.83,0.71,text 3d pdb
sars,4169,1,1,2,e6acdA3,Beta-coronavirus spike protein receptor-binding domain,Spike_rec_bind,1.8,0.71,text 3d pdb
sars,4169,1,1,2,e3d0hE1,Beta-coronavirus spike protein receptor-binding domain,Spike_rec_bind,1.86,0.71,text 3d pdb
sars,4169,1,1,2,e6cs1B1,Beta-coronavirus spike protein receptor-binding domain,Spike_rec_bind,2.21,0.71,text 3d pdb
sars,4169,1,1,2,e3d0hF1,Beta-coronavirus spike protein receptor-binding domain,Spike_rec_bind,1.84,0.71,text 3d pdb
sars,4169,1,1,2,e2ghwA1,Beta-coronavirus spike protein receptor-binding domain,Spike_rec_bind,1.7,0.71,text 3d pdb
sars,4169,1,1,2,e3d0gE1,Beta-coronavirus spike protein receptor-binding domain,Spike_rec_bind,1.84,0.71,text 3d pdb
sars,4169,1,1,2,e6ackA4,Beta-coronavirus spike protein receptor-binding domain,Spike_rec_bind,1.85,0.71,text 3d pdb
sars,4169,1,1,2,e3scjE1,Beta-coronavirus spike protein receptor-binding domain,Spike_rec_bind,1.77,0.7,text 3d pdb
sars,4169,1,1,2,e3d0gF1,Beta-coronavirus spike protein receptor-binding domain,Spike_rec_bind,1.84,0.7,text 3d pdb
sars,4169,1,1,2,e2ghvC1,Beta-coronavirus spike protein receptor-binding domain,Spike_rec_bind,1.72,0.7,text 3d pdb
sars,4169,1,1,2,e5x58B3,Beta-coronavirus spike protein receptor-binding domain,Spike_rec_bind,1.75,0.7,text 3d pdb
sars,4169,1,1,2,e5x58A1,Beta-coronavirus spike protein receptor-binding domain,Spike_rec_bind,1.75,0.7,text 3d pdb
sars,4169,1,1,2,e5x58C4,Beta-coronavirus spike protein receptor-binding domain,Spike_rec_bind,1.76,0.7,text 3d pdb
sars,4169,1,1,2,e6crxC4,Beta-coronavirus spike protein receptor-binding domain,Spike_rec_bind,2.11,0.7,text 3d pdb
sars,4169,1,1,2,e6acgB4,Beta-coronavirus spike protein receptor-binding domain,Spike_rec_bind,1.91,0.7,text 3d pdb
sars,4169,1,1,2,e6acjA2,Beta-coronavirus spike protein receptor-binding domain,Spike_rec_bind,1.96,0.7,text 3d pdb
sars,4169,1,1,2,e6crwC4,Beta-coronavirus spike protein receptor-binding domain,Spike_rec_bind,2.08,0.7,text 3d pdb
sars,4169,1,1,2,e3bgfA1,Beta-coronavirus spike protein receptor-binding domain,Spike_rec_bind,1.73,0.7,text 3d pdb
sars,4169,1,1,2,e6acgA3,Beta-coronavirus spike protein receptor-binding domain,Spike_rec_bind,1.86,0.69,text 3d pdb
sars,4169,1,1,2,e6cs1C3,Beta-coronavirus spike protein receptor-binding domain,Spike_rec_bind,2.32,0.69,text 3d pdb
sars,4169,1,1,2,e3bgfS1,Beta-coronavirus spike protein receptor-binding domain,Spike_rec_bind,1.74,0.69,text 3d pdb
sars,4169,1,1,2,e6acjC2,Beta-coronavirus spike protein receptor-binding domain,Spike_rec_bind,1.8,0.69,text 3d pdb
sars,4169,1,1,2,e6ackB4,Beta-coronavirus spike protein receptor-binding domain,Spike_rec_bind,1.96,0.69,text 3d pdb
sars,4169,1,1,2,e6crzC4,Beta-coronavirus spike protein receptor-binding domain,Spike_rec_bind,2.06,0.69,text 3d pdb
sars,4169,1,1,2,e6cs0C2,Beta-coronavirus spike protein receptor-binding domain,Spike_rec_bind,2.06,0.69,text 3d pdb
sars,4169,1,1,2,e6crwB4,Beta-coronavirus spike protein receptor-binding domain,Spike_rec_bind,2.03,0.69,text 3d pdb
sars,4169,1,1,2,e6acgC4,Beta-coronavirus spike protein receptor-binding domain,Spike_rec_bind,1.98,0.68,text 3d pdb
sars,4169,1,1,2,e6accC3,Beta-coronavirus spike protein receptor-binding domain,Spike_rec_bind,2.01,0.68,text 3d pdb
sars,4169,1,1,2,e6accA4,Beta-coronavirus spike protein receptor-binding domain,Spike_rec_bind,2.01,0.68,text 3d pdb
sars,4169,1,1,2,e6accB1,Beta-coronavirus spike protein receptor-binding domain,Spike_rec_bind,2.01,0.68,text 3d pdb
sars,4169,1,1,2,e6crzB2,Beta-coronavirus spike protein receptor-binding domain,Spike_rec_bind,2.04,0.68,text 3d pdb
sars,4169,1,1,2,e6cs0B4,Beta-coronavirus spike protein receptor-binding domain,Spike_rec_bind,2.04,0.68,text 3d pdb
sars,4169,1,1,2,e6nb7B3,Beta-coronavirus spike protein receptor-binding domain,Spike_rec_bind,1.72,0.63,text 3d pdb
sars,4169,1,1,2,e6nb6B3,Beta-coronavirus spike protein receptor-binding domain,Spike_rec_bind,1.74,0.63,text 3d pdb
sars,4169,1,1,2,e3sckF1,Beta-coronavirus spike protein receptor-binding domain,Spike_rec_bind,1.75,0.54,text 3d pdb
sars,4246,1,1,6,e3fkiA4,N-terminal domain in RNA-polymerase beta-prime subunit,RNA_pol_Rpb1_1,3.51,0.43,text 3d pdb
sars,304,112,1,28,e6d8pB3,Argonaute N-terminal domain,EUF08369,3.42,0.4,text 3d pdb
sars,593,1,1,1,e4v8rBa1,GroEL equatorial domain-like,Cpn60_TCP1_1st,3.89,0.4,text 3d pdb
sars,593,1,1,1,e4aolA1,GroEL equatorial domain-like,Cpn60_TCP1_1st,3.89,0.4,text 3d pdb
sars,593,1,1,1,e4v8rAA1,GroEL equatorial domain-like,Cpn60_TCP1_1st,3.89,0.4,text 3d pdb
sars,593,1,1,1,e4v8rBA1,GroEL equatorial domain-like,Cpn60_TCP1_1st,3.89,0.4,text 3d pdb
sars,593,1,1,1,e4v8rAa1,GroEL equatorial domain-like,Cpn60_TCP1_1st,3.89,0.4,text 3d pdb
sars,10,2,1,2,e1vszD2,Nucleoplasmin-like/VP (viral coat and capsid proteins),Adeno_hexon_C,3.03,0.4,text 3d pdb
sars,304,112,1,28,e6d9kA1,Argonaute N-terminal domain,EUF08369,3.7,0.4,text 3d pdb
sars,304,112,1,28,e6d9lA2,Argonaute N-terminal domain,EUF08369,3.12,0.39,text 3d pdb
sars,304,112,1,28,e6d92F2,Argonaute N-terminal domain,EUF08369,3.54,0.39,text 3d pdb
sars,304,112,1,28,e6d8fA2,Argonaute N-terminal domain,EUF08369,3.7,0.39,text 3d pdb
sars,5052,1,1,3,e4p1aB1,Proton glutamate symport protein,SDF,3.82,0.39,text 3d pdb
sars,304,112,1,28,e6d9kF3,Argonaute N-terminal domain,EUF08369,3.47,0.39,text 3d pdb
sars,2003,1,1,35,e1up4B2,NAD(P)-binding Rossmann-fold domains,Glyco_hydro_4,4.02,0.39,text 3d pdb
sars,1071,1,1,1,e5ng6C2,CRISPR-associated endonuclease Cpf1 second helical domain,cas_Cpf1_2nd,4.03,0.39,text 3d pdb
sars,2003,1,1,35,e1up4F2,NAD(P)-binding Rossmann-fold domains,Glyco_hydro_4,4.05,0.39,text 3d pdb
sars,206,1,1,24,e1iasA1,Protein kinase,Pkinase_Tyr,3.91,0.39,text 3d pdb
sars,2003,1,1,35,e1up4G2,NAD(P)-binding Rossmann-fold domains,Glyco_hydro_4,4.02,0.39,text 3d pdb
sars,2005,1,1,150,e1d2rA1,HUP domains,tRNA-synt_1b,3.24,0.39,text 3d pdb
sars,2005,1,1,150,e1d2rD1,HUP domains,tRNA-synt_1b,3.24,0.39,text 3d pdb
sars,2005,1,1,150,e1d2rE1,HUP domains,tRNA-synt_1b,3.24,0.39,text 3d pdb
sars,304,112,1,28,e5awhB3,Argonaute N-terminal domain,EUF08369,3.76,0.39,text 3d pdb
sars,2005,1,1,150,e1d2rF1,HUP domains,tRNA-synt_1b,3.24,0.39,text 3d pdb
sars,2005,1,1,150,e1d2rB1,HUP domains,tRNA-synt_1b,3.24,0.39,text 3d pdb
sars,4246,1,1,6,e3gtmA4,N-terminal domain in RNA-polymerase beta-prime subunit,RNA_pol_Rpb1_1,3.92,0.39,text 3d pdb
sars,2003,1,1,35,e1up4H2,NAD(P)-binding Rossmann-fold domains,Glyco_hydro_4,4.03,0.39,text 3d pdb
sars,2005,1,1,150,e1i6mA1,HUP domains,tRNA-synt_1b,3.18,0.39,text 3d pdb
sars,2005,1,1,150,e1mauA1,HUP domains,tRNA-synt_1b,2.88,0.39,text 3d pdb
sars,2005,1,1,150,e1d2rC1,HUP domains,tRNA-synt_1b,3.24,0.39,text 3d pdb
sars,304,112,1,28,e6d8aF5,Argonaute N-terminal domain,EUF08369,3.65,0.39,text 3d pdb
sars,10,1,1,13,e2bwcB1,Concanavalin A-like lectins/glucanases,Glyco_hydro_12,3.68,0.39,text 3d pdb
sars,2003,1,1,35,e1up7B2,NAD(P)-binding Rossmann-fold domains,Glyco_hydro_4,4.03,0.39,text 3d pdb
sars,2003,1,1,35,e1up6B2,NAD(P)-binding Rossmann-fold domains,Glyco_hydro_4,4.03,0.39,text 3d pdb
sars,164,1,1,1,e4ppuA1,Chorismate mutase II,CM_2,3.52,0.39,text 3d pdb
sars,1,1,7,129,e4u4qL31,Alanine racemase-C,Ribosomal_L3,2.47,0.39,text 3d pdb
sars,1,1,7,129,e4ul5E1,Alanine racemase-C,Ribosomal_L3,2.47,0.39,text 3d pdb
sars,2003,1,1,35,e1up4D2,NAD(P)-binding Rossmann-fold domains,Glyco_hydro_4,3.98,0.39,text 3d pdb
sars,2005,1,1,150,e1m83A1,HUP domains,tRNA-synt_1b,3.18,0.39,text 3d pdb
sars,1,1,7,129,e5on6k1,Alanine racemase-C,Ribosomal_L3,3.41,0.39,text 3d pdb
sars,1,1,7,129,e5fcjL31,Alanine racemase-C,Ribosomal_L3,2.45,0.39,text 3d pdb
sars,1,1,7,129,e3u5eB1,Alanine racemase-C,Ribosomal_L3,2.48,0.39,text 3d pdb
sars,1,1,7,129,e4v88BB1,Alanine racemase-C,Ribosomal_L3,2.48,0.39,text 3d pdb
sars,2003,1,1,35,e1up4E2,NAD(P)-binding Rossmann-fold domains,Glyco_hydro_4,3.99,0.39,text 3d pdb
sars,1,1,7,129,e5fcil31,Alanine racemase-C,Ribosomal_L3,3.32,0.39,text 3d pdb
sars,304,112,1,28,e6d8fF2,Argonaute N-terminal domain,EUF08369,3.73,0.39,text 3d pdb
sars,2003,1,1,35,e1up4C2,NAD(P)-binding Rossmann-fold domains,Glyco_hydro_4,4,0.39,text 3d pdb
sars,2003,1,1,35,e1up6D2,NAD(P)-binding Rossmann-fold domains,Glyco_hydro_4,3.92,0.39,text 3d pdb
sars,1,1,7,129,e4u4yL31,Alanine racemase-C,Ribosomal_L3,3.45,0.39,text 3d pdb
sars,1,1,7,129,e4ulfE1,Alanine racemase-C,Ribosomal_L3,3.45,0.39,text 3d pdb
sars,2003,1,1,35,e1up6A2,NAD(P)-binding Rossmann-fold domains,Glyco_hydro_4,4.18,0.39,text 3d pdb
sars,2003,1,1,35,e1up7E2,NAD(P)-binding Rossmann-fold domains,Glyco_hydro_4,4.04,0.39,text 3d pdb
sars,2003,1,1,35,e1up7F2,NAD(P)-binding Rossmann-fold domains,Glyco_hydro_4,3.89,0.38,text 3d pdb
sars,2004,1,1,53,e5filA3,P-loop containing nucleoside triphosphate hydrolases,ATP-synt_ab,4.19,0.38,text 3d pdb
sars,2003,1,1,35,e1up7G2,NAD(P)-binding Rossmann-fold domains,Glyco_hydro_4,3.9,0.38,text 3d pdb
sars,237,1,1,13,e3smjA1,ADP-ribosylation,PARP,3.43,0.38,text 3d pdb
sars,4246,1,1,6,e3k1fA6,N-terminal domain in RNA-polymerase beta-prime subunit,RNA_pol_Rpb1_1,4.11,0.38,text 3d pdb
sars,6,1,1,1,e2d43A2,beta-Trefoil,AbfB,2.99,0.38,text 3d pdb
sars,210,1,6,1,e5b5tC1,Gamma-glutamyltranspeptidase-like,G_glu_transpept,3.57,0.38,text 3d pdb
sars,6,1,1,1,e2d44A2,beta-Trefoil,AbfB,2.98,0.38,text 3d pdb
sars,2003,1,1,35,e1up7A2,NAD(P)-binding Rossmann-fold domains,Glyco_hydro_4,3.9,0.38,text 3d pdb
sars,1,1,7,129,e4u4zL31,Alanine racemase-C,Ribosomal_L3,3.34,0.38,text 3d pdb
sars,1,1,7,129,e4ulkE1,Alanine racemase-C,Ribosomal_L3,3.34,0.38,text 3d pdb
sars,2003,1,1,35,e1up6C2,NAD(P)-binding Rossmann-fold domains,Glyco_hydro_4,4.04,0.38,text 3d pdb
sars,2007,15,1,3,e2pgjB1,N-deoxyribosyltransferase,Rib_hydrolayse,3.65,0.38,text 3d pdb
sars,210,1,6,1,e2z8jA1,Gamma-glutamyltranspeptidase-like,G_glu_transpept,3.4,0.38,text 3d pdb
sars,210,1,6,1,e2z8kC1,Gamma-glutamyltranspeptidase-like,G_glu_transpept,3.49,0.38,text 3d pdb
sars,210,1,6,1,e2z8iC1,Gamma-glutamyltranspeptidase-like,G_glu_transpept,3.49,0.38,text 3d pdb
sars,210,1,6,1,e5b5tA1,Gamma-glutamyltranspeptidase-like,G_glu_transpept,3.5,0.38,text 3d pdb
sars,210,1,6,1,e2z8iA1,Gamma-glutamyltranspeptidase-like,G_glu_transpept,3.49,0.38,text 3d pdb
sars,210,1,6,1,e2z8kA1,Gamma-glutamyltranspeptidase-like,G_glu_transpept,3.5,0.38,text 3d pdb
sars,2003,1,1,35,e1up7D2,NAD(P)-binding Rossmann-fold domains,Glyco_hydro_4,3.97,0.38,text 3d pdb
sars,10,1,1,13,e2bwaA1,Concanavalin A-like lectins/glucanases,Glyco_hydro_12,3.79,0.38,text 3d pdb
sars,2003,1,1,35,e1up7H2,NAD(P)-binding Rossmann-fold domains,Glyco_hydro_4,3.95,0.38,text 3d pdb
sars,2004,1,1,,e5gq1C1,P-loop containing nucleoside triphosphate hydrolases,F_UNCLASSIFIED,3.71,0.38,text 3d pdb
sars,2004,1,1,76,e6bbmB1,P-loop containing nucleoside triphosphate hydrolases,DnaB_C,4.02,0.38,text 3d pdb
sars,210,1,6,1,e5bpkB1,Gamma-glutamyltranspeptidase-like,G_glu_transpept,3.62,0.38,text 3d pdb
sars,2004,1,1,53,e5gasB3,P-loop containing nucleoside triphosphate hydrolases,ATP-synt_ab,3.94,0.38,text 3d pdb
sars,2003,1,1,35,e1up4A2,NAD(P)-binding Rossmann-fold domains,Glyco_hydro_4,3.97,0.38,text 3d pdb
sars,2003,1,1,35,e1up7C2,NAD(P)-binding Rossmann-fold domains,Glyco_hydro_4,3.99,0.37,text 3d pdb
sars,3174,1,1,1,e6mtdII1,Ribosomal protein L14-related,Ribosomal_S8e,3.79,0.37,text 3d pdb
sars,304,139,1,9,e3x1lC1,CRISPR-associated protein Cas7/Csa2-related,RAMPs,3.76,0.37,text 3d pdb
sars,1,1,1,45,e3ohhB2,acid protease,Asp_C_1,4.02,0.37,text 3d pdb
sars,11,1,4,219,e2buxA1,Prealbumin-like,Dioxygenase_C,4.16,0.37,text 3d pdb
sars,2005,1,1,150,e1mb2D1,HUP domains,tRNA-synt_1b,3.21,0.37,text 3d pdb
sars,11,1,4,219,e2bumA1,Prealbumin-like,Dioxygenase_C,3.96,0.37,text 3d pdb
sars,325,1,7,39,e5uhcC6,Single hybrid motif,RNA_pol_Rpb2_6_2nd,3.84,0.37,text 3d pdb
sars,1,1,1,45,e3ohhA2,acid protease,Asp_C_1,4.16,0.37,text 3d pdb
sars,2003,1,1,35,e1up6G2,NAD(P)-binding Rossmann-fold domains,Glyco_hydro_4,4.02,0.37,text 3d pdb
sars,3016,1,1,63,e3dc1D5,C-terminal domain in some PLP-dependent transferases,Aminotran_1_2_C,3.49,0.37,text 3d pdb
sars,1,1,1,45,e3ohfA2,acid protease,Asp_C_1,4.14,0.37,text 3d pdb
sars,3016,1,1,63,e4ge9B5,C-terminal domain in some PLP-dependent transferases,Aminotran_1_2_C,3.52,0.37,text 3d pdb
sars,3016,1,1,63,e2r2nC3,C-terminal domain in some PLP-dependent transferases,Aminotran_1_2_C,3.49,0.37,text 3d pdb
sars,5039,1,1,1,e2yevA4,Cytochrome c oxidase subunit III-like,COX3,4.11,0.37,text 3d pdb
sars,3016,1,1,63,e4ge4B3,C-terminal domain in some PLP-dependent transferases,Aminotran_1_2_C,3.49,0.37,text 3d pdb
sars,11,1,3,1,e5k02B1,CuZn superoxide dismutase-like,Sod_Cu,3.72,0.37,text 3d pdb
sars,3016,1,1,63,e4ge9A5,C-terminal domain in some PLP-dependent transferases,Aminotran_1_2_C,3.45,0.37,text 3d pdb
sars,3016,1,1,63,e2vgzB5,C-terminal domain in some PLP-dependent transferases,Aminotran_1_2_C,3.44,0.37,text 3d pdb
sars,2004,1,1,53,e5fikA3,P-loop containing nucleoside triphosphate hydrolases,ATP-synt_ab,4.32,0.37,text 3d pdb
sars,5095,1,1,1,e3ac0B3,N-terminal beta-sandwich domain in anthrax protective antigen,PA14,3.31,0.37,text 3d pdb
sars,325,1,7,39,e5uh9C6,Single hybrid motif,RNA_pol_Rpb2_6_2nd,3.51,0.37,text 3d pdb
sars,283,1,1,2,e2gtxB1,Creatinase/aminopeptidase,Peptidase_M24,3.79,0.37,text 3d pdb
sars,3016,1,1,63,e2qlrC3,C-terminal domain in some PLP-dependent transferases,Aminotran_1_2_C,3.5,0.37,text 3d pdb
sars,3016,1,1,63,e2qlrA3,C-terminal domain in some PLP-dependent transferases,Aminotran_1_2_C,3.5,0.37,text 3d pdb
sars,3016,1,1,63,e2vgzA5,C-terminal domain in some PLP-dependent transferases,Aminotran_1_2_C,3.52,0.37,text 3d pdb
sars,3016,1,1,63,e4ge4A5,C-terminal domain in some PLP-dependent transferases,Aminotran_1_2_C,3.49,0.37,text 3d pdb
sars,325,1,7,39,e5uheC6,Single hybrid motif,RNA_pol_Rpb2_6_2nd,3.83,0.37,text 3d pdb
sars,269,1,1,2,e1z3sB1,Fibrinogen C-terminal domain-like,Fibrinogen_C,3.93,0.37,text 3d pdb
sars,3016,1,1,63,e3dc1C3,C-terminal domain in some PLP-dependent transferases,Aminotran_1_2_C,3.52,0.37,text 3d pdb
sars,11,1,4,219,e1eo2A1,Prealbumin-like,Dioxygenase_C,4.16,0.37,text 3d pdb
sars,307,1,1,1,e4c4mA1,Hedgehog/DD-peptidase,HH_signal,3.85,0.37,text 3d pdb
sars,325,1,7,39,e5uh8C3,Single hybrid motif,RNA_pol_Rpb2_6_2nd,3.84,0.37,text 3d pdb
sars,3016,1,1,63,e5eunA1,C-terminal domain in some PLP-dependent transferases,Aminotran_1_2_C,3.51,0.37,text 3d pdb
sars,3016,1,1,63,e5tf5A1,C-terminal domain in some PLP-dependent transferases,Aminotran_1_2_C,3.52,0.37,text 3d pdb
sars,3016,1,1,63,e2xh1B6,C-terminal domain in some PLP-dependent transferases,Aminotran_1_2_C,3.48,0.37,text 3d pdb
sars,11,1,3,1,e5k02T1,CuZn superoxide dismutase-like,Sod_Cu,3.68,0.37,text 3d pdb
sars,325,1,7,39,e5uaqI9,Single hybrid motif,RNA_pol_Rpb2_6_2nd,3.86,0.37,text 3d pdb
sars,304,139,1,9,e3x1lD1,CRISPR-associated protein Cas7/Csa2-related,RAMPs,3.96,0.37,text 3d pdb
sars,2003,1,2,286,e2jbvA2,FAD/NAD(P)-binding domain,GMC_oxred_N,3.93,0.37,text 3d pdb
sars,3016,1,1,63,e4gdyB5,C-terminal domain in some PLP-dependent transferases,Aminotran_1_2_C,3.44,0.37,text 3d pdb
sars,3016,1,1,63,e2r2nD3,C-terminal domain in some PLP-dependent transferases,Aminotran_1_2_C,3.5,0.37,text 3d pdb
sars,3016,1,1,63,e2r2nB3,C-terminal domain in some PLP-dependent transferases,Aminotran_1_2_C,3.5,0.37,text 3d pdb
sars,3016,1,1,63,e2r2nA3,C-terminal domain in some PLP-dependent transferases,Aminotran_1_2_C,3.5,0.37,text 3d pdb
sars,3016,1,1,63,e3dc1A3,C-terminal domain in some PLP-dependent transferases,Aminotran_1_2_C,3.5,0.37,text 3d pdb
sars,3016,1,1,63,e2qlrD3,C-terminal domain in some PLP-dependent transferases,Aminotran_1_2_C,3.49,0.37,text 3d pdb
sars,3016,1,1,63,e4gdyA5,C-terminal domain in some PLP-dependent transferases,Aminotran_1_2_C,3.54,0.37,text 3d pdb
sars,325,1,7,39,e4yg2I5,Single hybrid motif,RNA_pol_Rpb2_6_2nd,3.66,0.37,text 3d pdb
sars,2003,1,1,8,e1agnA2,NAD(P)-binding Rossmann-fold domains,ADH_zinc_N,3.51,0.37,text 3d pdb
sars,3016,1,1,63,e5efsA1,C-terminal domain in some PLP-dependent transferases,Aminotran_1_2_C,3.51,0.37,text 3d pdb
sars,2005,1,1,150,e1mb2F1,HUP domains,tRNA-synt_1b,3.41,0.37,text 3d pdb
sars,3016,1,1,63,e3ue8A6,C-terminal domain in some PLP-dependent transferases,Aminotran_1_2_C,3.48,0.37,text 3d pdb
sars,3016,1,1,63,e2qlrB3,C-terminal domain in some PLP-dependent transferases,Aminotran_1_2_C,3.51,0.37,text 3d pdb
sars,10,2,1,13,e5mshA1,Nucleoplasmin-like/VP (viral coat and capsid proteins),Como_SCP,3.69,0.37,text 3d pdb
sars,325,1,7,39,e4meyI12,Single hybrid motif,RNA_pol_Rpb2_6_2nd,3.56,0.37,text 3d pdb
sars,3016,1,1,63,e4gebA5,C-terminal domain in some PLP-dependent transferases,Aminotran_1_2_C,3.44,0.37,text 3d pdb
sars,11,1,3,1,e2sodB1,CuZn superoxide dismutase-like,Sod_Cu,3.65,0.37,text 3d pdb
sars,10,12,1,,e4zxaB1,Double-stranded beta-helix,F_UNCLASSIFIED,4.46,0.37,text 3d pdb
sars,3016,1,1,63,e3dc1B6,C-terminal domain in some PLP-dependent transferases,Aminotran_1_2_C,3.52,0.37,text 3d pdb
sars,10,1,1,13,e3wx5A1,Concanavalin A-like lectins/glucanases,Glyco_hydro_12,3.71,0.37,text 3d pdb
sars,2005,1,1,150,e1mawE1,HUP domains,tRNA-synt_1b,3.38,0.37,text 3d pdb
sars,3016,1,1,63,e4gebB5,C-terminal domain in some PLP-dependent transferases,Aminotran_1_2_C,3.51,0.37,text 3d pdb
sars,11,1,3,1,e4rvpD1,CuZn superoxide dismutase-like,Sod_Cu,3.89,0.37,text 3d pdb
sars,3016,1,1,63,e4ge7A5,C-terminal domain in some PLP-dependent transferases,Aminotran_1_2_C,3.52,0.37,text 3d pdb
sars,2005,1,1,150,e1mawD1,HUP domains,tRNA-synt_1b,3.59,0.37,text 3d pdb
sars,3016,1,1,63,e4ge7B5,C-terminal domain in some PLP-dependent transferases,Aminotran_1_2_C,3.52,0.37,text 3d pdb
sars,325,1,7,39,e5w1sI6,Single hybrid motif,RNA_pol_Rpb2_6_2nd,3.62,0.37,text 3d pdb
sars,3016,1,1,63,e5tf5B1,C-terminal domain in some PLP-dependent transferases,Aminotran_1_2_C,3.51,0.37,text 3d pdb
sars,325,1,7,39,e6byuI1,Single hybrid motif,RNA_pol_Rpb2_6_2nd,3.91,0.37,text 3d pdb
sars,3016,1,1,63,e2xh1A6,C-terminal domain in some PLP-dependent transferases,Aminotran_1_2_C,3.52,0.37,text 3d pdb
sars,2500,1,1,10,e1r9eB1,Ten stranded beta/alpha barrel,PFL-like,3.97,0.37,text 3d pdb
sars,3016,1,1,63,e6d0aA2,C-terminal domain in some PLP-dependent transferases,Aminotran_1_2_C,3.44,0.37,text 3d pdb
sars,2005,1,1,150,e1mawB1,HUP domains,tRNA-synt_1b,3.45,0.37,text 3d pdb
sars,3174,1,1,1,e5lzvII1,Ribosomal protein L14-related,Ribosomal_S8e,4.09,0.37,text 3d pdb
sars,3016,1,1,63,e4ge9D5,C-terminal domain in some PLP-dependent transferases,Aminotran_1_2_C,3.55,0.37,text 3d pdb
sars,352,1,1,1,e6mpxA3,Noncollagenous (NC1) domain of collagen IV,C4,4.33,0.37,text 3d pdb
sars,10,2,1,13,e1pgl11,Nucleoplasmin-like/VP (viral coat and capsid proteins),Como_SCP,3.64,0.37,text 3d pdb
sars,325,1,7,39,e3eqlC8,Single hybrid motif,RNA_pol_Rpb2_6_2nd,4.4,0.37,text 3d pdb
sars,2005,1,1,150,e1mb2B1,HUP domains,tRNA-synt_1b,3.41,0.37,text 3d pdb
sars,325,1,7,39,e4yfkI8,Single hybrid motif,RNA_pol_Rpb2_6_2nd,3.92,0.37,text 3d pdb
sars,2005,1,1,150,e1mawA1,HUP domains,tRNA-synt_1b,3.68,0.37,text 3d pdb
sars,4010,1,1,4,e2ghoC4,N-terminal domain in beta subunit of DNA dependent RNA-polymerase,RNA_pol_Rpb2_3,3.81,0.37,text 3d pdb
sars,325,1,7,39,e5w1tI7,Single hybrid motif,RNA_pol_Rpb2_6_2nd,3.94,0.37,text 3d pdb
sars,352,1,1,1,e1li1C2,Noncollagenous (NC1) domain of collagen IV,C4,4.39,0.37,text 3d pdb
sars,2111,79,1,12,e4v59B2,Thiolase-like,ketoacyl-synt,4.35,0.37,text 3d pdb
sars,352,1,1,1,e1t60X2,Noncollagenous (NC1) domain of collagen IV,C4,4.23,0.37,text 3d pdb
sars,325,1,7,39,e5uagI3,Single hybrid motif,RNA_pol_Rpb2_6_2nd,4,0.37,text 3d pdb
sars,2003,1,1,35,e5c3mB1,NAD(P)-binding Rossmann-fold domains,Glyco_hydro_4,4.09,0.36,text 3d pdb
sars,10,1,1,13,e3wx5B1,Concanavalin A-like lectins/glucanases,Glyco_hydro_12,3.96,0.36,text 3d pdb
sars,11,1,3,1,e4oh2G1,CuZn superoxide dismutase-like,Sod_Cu,3.41,0.36,text 3d pdb
sars,325,1,7,39,e5uhgC1,Single hybrid motif,RNA_pol_Rpb2_6_2nd,3.61,0.36,text 3d pdb
sars,4010,1,1,4,e6eu1B3,N-terminal domain in beta subunit of DNA dependent RNA-polymerase,RNA_pol_Rpb2_3,2.49,0.36,text 3d pdb
sars,352,1,1,1,e1t60I2,Noncollagenous (NC1) domain of collagen IV,C4,4.34,0.36,text 3d pdb
sars,10,1,1,13,e2bwaB1,Concanavalin A-like lectins/glucanases,Glyco_hydro_12,3.67,0.36,text 3d pdb
sars,10,1,1,13,e2jenA1,Concanavalin A-like lectins/glucanases,Glyco_hydro_12,4.17,0.36,text 3d pdb
sars,2004,1,1,53,e5fl7E3,P-loop containing nucleoside triphosphate hydrolases,ATP-synt_ab,4.36,0.36,text 3d pdb
sars,11,1,5,,e6fjyD2,Common fold of diphtheria toxin/transcription factors/cytochrome f,F_UNCLASSIFIED,4.21,0.36,text 3d pdb
sars,352,1,1,1,e1t60R2,Noncollagenous (NC1) domain of collagen IV,C4,4.37,0.36,text 3d pdb
sars,10,1,1,13,e2bw8B1,Concanavalin A-like lectins/glucanases,Glyco_hydro_12,3.99,0.36,text 3d pdb
sars,2005,1,1,150,e1mb2C1,HUP domains,tRNA-synt_1b,3.52,0.36,text 3d pdb
sars,352,1,1,1,e5naxE2,Noncollagenous (NC1) domain of collagen IV,C4,4.38,0.36,text 3d pdb
sars,11,1,4,219,e2bv0A1,Prealbumin-like,Dioxygenase_C,4.02,0.36,text 3d pdb
sars,2498,1,1,9,e3dtkA2,domain,Peptidase_M78,3.61,0.36,text 3d pdb
sars,11,1,3,1,e1ba9A1,CuZn superoxide dismutase-like,Sod_Cu,3.98,0.36,text 3d pdb
sars,11,1,4,219,e1eo9A1,Prealbumin-like,Dioxygenase_C,4.13,0.36,text 3d pdb
sars,10,1,1,13,e2bwcA1,Concanavalin A-like lectins/glucanases,Glyco_hydro_12,3.82,0.36,text 3d pdb
sars,4041,1,1,2,e5xj0C7,insertion domain in beta subunit of DNA dependent RNA-polymerase,RNA_pol_Rpb2_1,3.42,0.36,text 3d pdb
sars,11,1,4,219,e2buzA1,Prealbumin-like,Dioxygenase_C,4.02,0.36,text 3d pdb
sars,352,1,1,1,e1t60C2,Noncollagenous (NC1) domain of collagen IV,C4,4.41,0.36,text 3d pdb
sars,209,1,1,24,e1ixxA1,C-type lectin-like,Lectin_C,3.63,0.36,text 3d pdb
sars,352,1,1,1,e1t60L2,Noncollagenous (NC1) domain of collagen IV,C4,4.39,0.36,text 3d pdb
sars,6,1,1,19,e3rmyC2,beta-Trefoil,Toxin_R_bind_C,3.7,0.36,text 3d pdb
sars,11,1,4,219,e2buwA1,Prealbumin-like,Dioxygenase_C,4.08,0.36,text 3d pdb
sars,2111,19,1,3,e2vroA1,ALDH-like,Aldedh_2nd,3.54,0.36,text 3d pdb
sars,2500,1,1,10,e4mtjB1,Ten stranded beta/alpha barrel,PFL-like,3.9,0.36,text 3d pdb
sars,5,1,3,19,e4k3yA1,6-bladed,Neur,4.1,0.36,text 3d pdb
sars,352,1,1,1,e5naxC1,Noncollagenous (NC1) domain of collagen IV,C4,4.39,0.36,text 3d pdb
sars,2005,1,1,150,e1mb2E1,HUP domains,tRNA-synt_1b,3.71,0.36,text 3d pdb
sars,10,2,1,13,e5npxS1,Nucleoplasmin-like/VP (viral coat and capsid proteins),Como_SCP,3.85,0.36,text 3d pdb
sars,2111,17,1,303,e4x1dB1,Periplasmic binding protein-like II,Transferrin_2nd,4.03,0.36,text 3d pdb
sars,3016,1,1,63,e3ue8B6,C-terminal domain in some PLP-dependent transferases,Aminotran_1_2_C,3.83,0.36,text 3d pdb
sars,10,1,1,13,e1h0bB1,Concanavalin A-like lectins/glucanases,Glyco_hydro_12,3.74,0.36,text 3d pdb
sars,2111,17,1,303,e4x1dA2,Periplasmic binding protein-like II,Transferrin_2nd,4.02,0.36,text 3d pdb
sars,2003,1,5,86,e5xj1A2,S-adenosyl-L-methionine-dependent methyltransferases,Methyltransf_11_2,4.22,0.36,text 3d pdb
sars,2003,1,1,35,e1up6E2,NAD(P)-binding Rossmann-fold domains,Glyco_hydro_4,3.8,0.36,text 3d pdb
sars,10,1,1,13,e2bw8A1,Concanavalin A-like lectins/glucanases,Glyco_hydro_12,3.83,0.36,text 3d pdb
sars,312,1,1,4,e6gqdA1,HIT-related,GalP_UDP_transf,3.72,0.36,text 3d pdb
sars,2003,1,2,288,e1fohC2,FAD/NAD(P)-binding domain,FAD_binding_3_3rd,3.52,0.36,text 3d pdb
sars,10,1,1,22,e2a6wA1,Concanavalin A-like lectins/glucanases,Lectin_leg-like,4.16,0.36,text 3d pdb
sars,304,139,1,9,e6iqwC1,CRISPR-associated protein Cas7/Csa2-related,RAMPs,3.82,0.36,text 3d pdb
sars,11,12,1,1,e4afhD1,Nicotinic receptor ligand binding domain-like,Neur_chan_LBD,3.68,0.36,text 3d pdb
sars,2484,1,1,27,e2w40C2,Ribonuclease H-like,FGGY_C,3.95,0.36,text 3d pdb
sars,2500,1,1,10,e6nd3H1,Ten stranded beta/alpha barrel,PFL-like,3.92,0.36,text 3d pdb
sars,11,1,3,1,e3kh3D1,CuZn superoxide dismutase-like,Sod_Cu,4.04,0.36,text 3d pdb
sars,11,12,1,1,e4afhA1,Nicotinic receptor ligand binding domain-like,Neur_chan_LBD,3.69,0.36,text 3d pdb
sars,11,1,4,219,e1eobA1,Prealbumin-like,Dioxygenase_C,4.11,0.36,text 3d pdb
sars,2111,77,1,72,e1pmoC3,PLP-dependent transferases,Aminotran_5_N,4.3,0.36,text 3d pdb
sars,10,1,1,13,e1h0bA1,Concanavalin A-like lectins/glucanases,Glyco_hydro_12,3.83,0.36,text 3d pdb
sars,5092,1,1,1,e3bq4G1,Domain in virus attachment proteins,Adeno_knob,4.12,0.36,text 3d pdb
sars,2008,1,1,19,e4rveA1,Restriction endonuclease-like,Endonuc-EcoRV,4.34,0.36,text 3d pdb
sars,11,1,4,219,e1eocA1,Prealbumin-like,Dioxygenase_C,4.11,0.36,text 3d pdb
sars,11,1,4,219,e1eoaA1,Prealbumin-like,Dioxygenase_C,4.13,0.36,text 3d pdb
sars,869,1,1,1,e4gvqB1,Methenyltetrahydromethanopterin cyclohydrolase,MCH,3.89,0.36,text 3d pdb
sars,107,1,1,5,e2c1dD1,Cytochrome c,Cytochrom_C,3.48,0.35,text 3d pdb
sars,325,1,7,39,e3aohH6,Single hybrid motif,RNA_pol_Rpb2_6_2nd,4.04,0.35,text 3d pdb
sars,236,1,2,1,e1we3S1,GroES,Cpn10,3.77,0.35,text 3d pdb
sars,236,1,2,1,e4v4oS1,GroES,Cpn10,3.77,0.35,text 3d pdb
sars,2500,1,1,10,e6nd3A1,Ten stranded beta/alpha barrel,PFL-like,4.04,0.35,text 3d pdb
sars,3698,1,1,3,e3wstH2,Arginine methyltransferase oligomerization subdomain,PRMT5_C_1,3.79,0.35,text 3d pdb
sars,3174,1,1,1,e6ip52t1,Ribosomal protein L14-related,Ribosomal_S8e,4.24,0.35,text 3d pdb
sars,2484,1,1,57,e5mmaA1,Ribonuclease H-like,rve,3.92,0.35,text 3d pdb
sars,131,1,1,10,e6ft0C1,HD-domain/PDEase-like,PDEase_I,4.39,0.35,text 3d pdb
sars,236,1,2,1,e1wf4p1,GroES,Cpn10,3.76,0.35,text 3d pdb
sars,236,1,2,1,e4v4op1,GroES,Cpn10,3.76,0.35,text 3d pdb
sars,2484,1,1,57,e4be2A8,Ribonuclease H-like,rve,3.91,0.35,text 3d pdb
sars,2484,1,1,57,e3s3mA3,Ribonuclease H-like,rve,3.92,0.35,text 3d pdb
sars,2484,1,1,57,e3l2rA3,Ribonuclease H-like,rve,3.84,0.35,text 3d pdb
sars,11,1,4,219,e2burA1,Prealbumin-like,Dioxygenase_C,4.13,0.35,text 3d pdb
sars,2500,1,1,10,e6nd3E1,Ten stranded beta/alpha barrel,PFL-like,4.08,0.35,text 3d pdb
sars,2008,1,1,19,e4rveC1,Restriction endonuclease-like,Endonuc-EcoRV,4.25,0.35,text 3d pdb
sars,1,1,5,147,e1arbA1,FMN-binding split barrel,Trypsin_2,3.66,0.35,text 3d pdb
sars,2003,6,1,4,e5wbmA1,Ribokinase-like,PfkB,3.58,0.35,text 3d pdb
sars,2486,1,1,2,e1x0uA6,ClpP/crotonase,Carboxyl_trans_C,3.78,0.35,text 3d pdb
sars,5,1,1,1,e4g0dA1,4-bladed,Hemopexin,4.21,0.35,text 3d pdb
sars,11,12,1,1,e3riaE1,Nicotinic receptor ligand binding domain-like,Neur_chan_LBD,3.2,0.35,text 3d pdb
sars,11,12,1,1,e3rhwC1,Nicotinic receptor ligand binding domain-like,Neur_chan_LBD,3.2,0.35,text 3d pdb
sars,11,12,1,1,e3riaC1,Nicotinic receptor ligand binding domain-like,Neur_chan_LBD,3.2,0.35,text 3d pdb
sars,3016,1,1,63,e4ge9C5,C-terminal domain in some PLP-dependent transferases,Aminotran_1_2_C,3.6,0.35,text 3d pdb
sars,2002,1,1,161,e6bhkE1,TIM barrels,PTE,3.86,0.35,text 3d pdb
sars,2003,6,1,4,e5wbzA1,Ribokinase-like,PfkB,3.73,0.35,text 3d pdb
sars,1071,1,1,1,e5ng6A1,CRISPR-associated endonuclease Cpf1 second helical domain,cas_Cpf1_2nd,4.17,0.35,text 3d pdb
sars,10,2,1,13,e5ms1A1,Nucleoplasmin-like/VP (viral coat and capsid proteins),Como_SCP,3.57,0.35,text 3d pdb
sars,304,139,1,9,e6iqwD1,CRISPR-associated protein Cas7/Csa2-related,RAMPs,4.04,0.35,text 3d pdb
sars,2003,1,2,285,e2eq9J5,FAD/NAD(P)-binding domain,Pyr_redox_2,4.3,0.35,text 3d pdb
sars,2484,1,1,57,e5froA3,Ribonuclease H-like,rve,3.71,0.35,text 3d pdb
sars,2003,6,1,4,e3qa2A2,Ribokinase-like,PfkB,3.58,0.35,text 3d pdb
sars,2484,1,1,57,e5frnA2,Ribonuclease H-like,rve,3.93,0.35,text 3d pdb
sars,2003,6,1,4,e3nc9A1,Ribokinase-like,PfkB,3.58,0.35,text 3d pdb
sars,2484,1,1,509,e6bnqF1,Ribonuclease H-like,Actin_1st,3.58,0.35,text 3d pdb
sars,2498,1,1,16,e3nf3A1,domain,Peptidase_M27,3.89,0.35,text 3d pdb
sars,2003,6,1,4,e3qaiA2,Ribokinase-like,PfkB,3.72,0.35,text 3d pdb
sars,2484,1,1,57,e3oykA3,Ribonuclease H-like,rve,3.83,0.35,text 3d pdb
sars,1,1,5,147,e4gpgA1,FMN-binding split barrel,Trypsin_2,3.68,0.35,text 3d pdb
sars,4010,1,1,4,e1l9zC6,N-terminal domain in beta subunit of DNA dependent RNA-polymerase,RNA_pol_Rpb2_3,4.44,0.35,text 3d pdb
sars,1,1,7,129,e4u52L31,Alanine racemase-C,Ribosomal_L3,3.65,0.35,text 3d pdb
sars,1,1,7,129,e4ulaE1,Alanine racemase-C,Ribosomal_L3,3.65,0.35,text 3d pdb
sars,2003,1,7,8,e6nbgC1,NagB/RpiA/CoA transferase-like,Glucosamine_iso,4.22,0.35,text 3d pdb
sars,2008,1,1,19,e1stxB1,Restriction endonuclease-like,Endonuc-EcoRV,3.96,0.35,text 3d pdb
sars,10,12,1,38,e2w0xA1,Double-stranded beta-helix,JmjC_1,3.5,0.35,text 3d pdb
sars,240,2,1,1,e6gymC2,Insert subdomain of RNA polymerase alpha subunit,RNA_pol_A_bac_1,3.98,0.35,text 3d pdb
sars,325,1,7,39,e5d4cC4,Single hybrid motif,RNA_pol_Rpb2_6_2nd,3.98,0.35,text 3d pdb
sars,2484,1,1,27,e3wxkA1,Ribonuclease H-like,FGGY_C,4.35,0.35,text 3d pdb
sars,2484,1,1,57,e4e7lA8,Ribonuclease H-like,rve,3.9,0.35,text 3d pdb
sars,4020,1,1,2,e5i5tB2,a+b domain in D-aminoacid aminotransferase-like PLP-dependent enzymes,Aminotran_4_N,3.74,0.35,text 3d pdb
sars,2005,1,1,150,e5tevB1,HUP domains,tRNA-synt_1b,4.02,0.35,text 3d pdb
sars,223,3,1,77,e1qmfA1,a+b domain in beta-lactamase/transpeptidase-like proteins,Transpeptidase_1st_1,3.79,0.35,text 3d pdb
sars,880,1,1,3,e5kckA1,ADC synthase,Chorismate_bind,3.72,0.35,text 3d pdb
sars,2005,1,1,150,e1mb2A1,HUP domains,tRNA-synt_1b,3.31,0.35,text 3d pdb
sars,2004,1,1,163,e2oap21,P-loop containing nucleoside triphosphate hydrolases,T2SSE,3.87,0.35,text 3d pdb
sars,2002,1,1,161,e6ffwA1,TIM barrels,PTE,3.99,0.35,text 3d pdb
sars,2003,6,1,4,e5wbpA1,Ribokinase-like,PfkB,3.64,0.35,text 3d pdb
sars,325,1,7,39,e5d4eM1,Single hybrid motif,RNA_pol_Rpb2_6_2nd,3.99,0.35,text 3d pdb
sars,2004,1,1,173,e5mbvC2,P-loop containing nucleoside triphosphate hydrolases,UvrD_C,3.95,0.35,text 3d pdb
sars,2484,1,1,509,e6bnqH2,Ribonuclease H-like,Actin_1st,3.36,0.35,text 3d pdb
sars,2484,1,1,57,e3oygA3,Ribonuclease H-like,rve,3.82,0.35,text 3d pdb
sars,10,2,1,13,e1pgw11,Nucleoplasmin-like/VP (viral coat and capsid proteins),Como_SCP,3.9,0.35,text 3d pdb
sars,5061,1,1,3,e2zjsY1,Preprotein translocase SecY subunit,SecY,3.8,0.35,text 3d pdb
sars,3016,1,1,93,e5wkpA1,C-terminal domain in some PLP-dependent transferases,Aminotran_5_C,3.55,0.35,text 3d pdb
sars,4059,1,1,3,e2h4p.1,Serpins,Serpin,3.72,0.35,text 3d pdb
sars,109,1,1,2,e4ai6A16,Glutathione S-transferase (GST)-C,GST_C_3,4.52,0.35,text 3d pdb
sars,2004,1,1,53,e5arhA2,P-loop containing nucleoside triphosphate hydrolases,ATP-synt_ab,4.22,0.35,text 3d pdb
sars,231,1,2,2,e3n33D1,DmpA/ArgJ,Peptidase_S58,3.74,0.35,text 3d pdb
sars,301,6,1,2,e5ubqC1,Tubulin C-terminal domain-like,Tubulin_C,3.87,0.35,text 3d pdb
sars,301,6,1,2,e5ubqE1,Tubulin C-terminal domain-like,Tubulin_C,3.87,0.35,text 3d pdb
sars,301,6,1,2,e5ucyA1,Tubulin C-terminal domain-like,Tubulin_C,3.87,0.35,text 3d pdb
sars,301,6,1,2,e5ubqA1,Tubulin C-terminal domain-like,Tubulin_C,3.87,0.35,text 3d pdb
sars,1,1,7,129,e5dc3l31,Alanine racemase-C,Ribosomal_L3,3.12,0.35,text 3d pdb
sars,2003,1,7,8,e2bkvA1,NagB/RpiA/CoA transferase-like,Glucosamine_iso,4.04,0.35,text 3d pdb
sars,221,13,1,,e6d7wA1,Mitochondrial calcium uniporter N-terminal domain,F_UNCLASSIFIED,3.98,0.35,text 3d pdb
sars,221,13,1,,e6d80A1,Mitochondrial calcium uniporter N-terminal domain,F_UNCLASSIFIED,3.98,0.35,text 3d pdb
sars,2003,6,1,4,e5wbqA1,Ribokinase-like,PfkB,3.6,0.35,text 3d pdb
sars,2111,75,1,5,e6ciqA3,Thiamin diphosphate-binding fold (THDP-binding),TPP_enzyme_C,3.89,0.35,text 3d pdb
sars,2484,1,1,509,e6bnqB2,Ribonuclease H-like,Actin_1st,3.43,0.35,text 3d pdb
sars,325,1,7,39,e5d4dC5,Single hybrid motif,RNA_pol_Rpb2_6_2nd,3.96,0.35,text 3d pdb
sars,233,1,1,2,e4pjgC1,MHC antigen-recognition domain,MHC_I,4.11,0.35,text 3d pdb
sars,2003,6,1,4,e5wboA1,Ribokinase-like,PfkB,3.59,0.35,text 3d pdb
sars,314,1,1,5,e5elnD1,Class II aaRS and biotin synthetases,tRNA-synt_2,4.11,0.35,text 3d pdb
sars,231,1,2,2,e3n2wA1,DmpA/ArgJ,Peptidase_S58,3.76,0.35,text 3d pdb
sars,2111,75,1,5,e6cipA6,Thiamin diphosphate-binding fold (THDP-binding),TPP_enzyme_C,4.03,0.35,text 3d pdb
sars,2484,1,1,57,e3oymA3,Ribonuclease H-like,rve,3.95,0.35,text 3d pdb
sars,11,12,1,1,e3rifA1,Nicotinic receptor ligand binding domain-like,Neur_chan_LBD,3.3,0.35,text 3d pdb
sars,2003,6,1,4,e5wbrA1,Ribokinase-like,PfkB,3.73,0.35,text 3d pdb
sars,11,12,1,1,e3rifC1,Nicotinic receptor ligand binding domain-like,Neur_chan_LBD,3.29,0.35,text 3d pdb
sars,2111,75,1,5,e6cipC6,Thiamin diphosphate-binding fold (THDP-binding),TPP_enzyme_C,4.1,0.35,text 3d pdb
sars,325,1,7,39,e5voiC5,Single hybrid motif,RNA_pol_Rpb2_6_2nd,3.98,0.35,text 3d pdb
sars,2486,1,1,2,e1x0uF6,ClpP/crotonase,Carboxyl_trans_C,3.75,0.35,text 3d pdb
sars,325,1,7,39,e4oipC7,Single hybrid motif,RNA_pol_Rpb2_6_2nd,4,0.35,text 3d pdb
sars,2111,75,1,5,e6cinC4,Thiamin diphosphate-binding fold (THDP-binding),TPP_enzyme_C,3.89,0.35,text 3d pdb
sars,309,1,1,27,e6brsA3,LuxS/MPP-like metallohydrolase,Peptidase_M16_C_2,3.63,0.35,text 3d pdb
sars,11,12,1,1,e3rifB1,Nicotinic receptor ligand binding domain-like,Neur_chan_LBD,3.04,0.35,text 3d pdb
sars,2111,75,1,5,e6cioE6,Thiamin diphosphate-binding fold (THDP-binding),TPP_enzyme_C,4.09,0.35,text 3d pdb
sars,11,12,1,1,e3rifE1,Nicotinic receptor ligand binding domain-like,Neur_chan_LBD,3.04,0.35,text 3d pdb
sars,11,12,1,1,e3rifD1,Nicotinic receptor ligand binding domain-like,Neur_chan_LBD,3.04,0.35,text 3d pdb
sars,11,12,1,1,e4tnvT2,Nicotinic receptor ligand binding domain-like,Neur_chan_LBD,3.68,0.35,text 3d pdb
sars,2484,1,1,57,e3os0A3,Ribonuclease H-like,rve,3.86,0.35,text 3d pdb
sars,3174,1,1,1,e5aj0BI1,Ribosomal protein L14-related,Ribosomal_S8e,4.13,0.35,text 3d pdb
sars,2003,1,2,288,e1pn0B2,FAD/NAD(P)-binding domain,FAD_binding_3_3rd,3.63,0.35,text 3d pdb
sars,231,1,2,2,e3ndvA1,DmpA/ArgJ,Peptidase_S58,3.76,0.35,text 3d pdb
sars,231,1,2,2,e3ndvD1,DmpA/ArgJ,Peptidase_S58,3.76,0.35,text 3d pdb
sars,11,12,1,1,e4tnvD2,Nicotinic receptor ligand binding domain-like,Neur_chan_LBD,3.21,0.35,text 3d pdb
sars,107,1,1,5,e2c1dB1,Cytochrome c,Cytochrom_C,3.57,0.35,text 3d pdb
sars,2111,75,1,5,e6cioB1,Thiamin diphosphate-binding fold (THDP-binding),TPP_enzyme_C,3.91,0.35,text 3d pdb
sars,231,1,2,2,e3n33A1,DmpA/ArgJ,Peptidase_S58,3.75,0.35,text 3d pdb
sars,1,1,7,129,e4u4uL31,Alanine racemase-C,Ribosomal_L3,3.67,0.35,text 3d pdb
sars,1,1,7,129,e4ujlE1,Alanine racemase-C,Ribosomal_L3,3.67,0.35,text 3d pdb
sars,2484,1,1,57,e4e7jA8,Ribonuclease H-like,rve,3.77,0.35,text 3d pdb
sars,2003,6,1,4,e3nbwA1,Ribokinase-like,PfkB,3.59,0.35,text 3d pdb
sars,2111,75,1,5,e6cioD1,Thiamin diphosphate-binding fold (THDP-binding),TPP_enzyme_C,3.91,0.35,text 3d pdb
sars,11,12,1,1,e4tnvP2,Nicotinic receptor ligand binding domain-like,Neur_chan_LBD,3.21,0.35,text 3d pdb
sars,11,12,1,1,e3rhwE1,Nicotinic receptor ligand binding domain-like,Neur_chan_LBD,3.28,0.35,text 3d pdb
sars,3398,1,1,1,e4g4dB2,STING C-terminal domain,TMEM173,3.57,0.35,text 3d pdb
sars,11,12,1,1,e3rhwD1,Nicotinic receptor ligand binding domain-like,Neur_chan_LBD,3.28,0.35,text 3d pdb
sars,2008,1,1,19,e1rveB1,Restriction endonuclease-like,Endonuc-EcoRV,3.98,0.35,text 3d pdb
sars,11,12,1,1,e3rhwA1,Nicotinic receptor ligand binding domain-like,Neur_chan_LBD,3.3,0.35,text 3d pdb
sars,11,12,1,1,e3rhwB1,Nicotinic receptor ligand binding domain-like,Neur_chan_LBD,3.28,0.35,text 3d pdb
sars,11,12,1,1,e3riaD1,Nicotinic receptor ligand binding domain-like,Neur_chan_LBD,3.28,0.35,text 3d pdb
sars,11,12,1,1,e3riaA1,Nicotinic receptor ligand binding domain-like,Neur_chan_LBD,3.3,0.35,text 3d pdb
sars,325,1,7,39,e5e18C2,Single hybrid motif,RNA_pol_Rpb2_6_2nd,4.03,0.35,text 3d pdb
sars,11,12,1,1,e3riaB1,Nicotinic receptor ligand binding domain-like,Neur_chan_LBD,3.28,0.35,text 3d pdb
sars,325,1,7,39,e4oinC7,Single hybrid motif,RNA_pol_Rpb2_6_2nd,3.98,0.35,text 3d pdb
sars,231,1,2,2,e3n33C1,DmpA/ArgJ,Peptidase_S58,3.74,0.35,text 3d pdb
sars,2111,75,1,5,e6ciqB6,Thiamin diphosphate-binding fold (THDP-binding),TPP_enzyme_C,3.91,0.35,text 3d pdb
sars,1,1,7,129,e5umdE1,Alanine racemase-C,Ribosomal_L3,3.09,0.35,text 3d pdb
sars,325,1,7,39,e5x22M3,Single hybrid motif,RNA_pol_Rpb2_6_2nd,4,0.35,text 3d pdb
sars,11,12,1,1,e3ri5E1,Nicotinic receptor ligand binding domain-like,Neur_chan_LBD,3.3,0.35,text 3d pdb
sars,11,12,1,1,e3ri5A1,Nicotinic receptor ligand binding domain-like,Neur_chan_LBD,3.3,0.35,text 3d pdb
sars,11,12,1,1,e3ri5C1,Nicotinic receptor ligand binding domain-like,Neur_chan_LBD,3.3,0.35,text 3d pdb
sars,11,12,1,1,e3ri5B1,Nicotinic receptor ligand binding domain-like,Neur_chan_LBD,3.3,0.35,text 3d pdb
sars,11,12,1,1,e3ri5D1,Nicotinic receptor ligand binding domain-like,Neur_chan_LBD,3.3,0.35,text 3d pdb
sars,1,1,7,129,e5fciL31,Alanine racemase-C,Ribosomal_L3,3.65,0.35,text 3d pdb
sars,11,12,1,1,e4tnvS2,Nicotinic receptor ligand binding domain-like,Neur_chan_LBD,3.22,0.35,text 3d pdb
sars,11,12,1,1,e4tnvA2,Nicotinic receptor ligand binding domain-like,Neur_chan_LBD,3.21,0.35,text 3d pdb
sars,170,2,1,3,e3j3q4X1,Retrovirus capsid protein N-terminal domain,Gag_p24_N,4.36,0.35,text 3d pdb
sars,11,1,5,39,e2x6vA1,Common fold of diphtheria toxin/transcription factors/cytochrome f,T-box,3.26,0.35,text 3d pdb
sars,236,1,1,22,e5bp4I4,Alcohol dehydrogenase-like N-terminal domain,ADH_N,3.47,0.35,text 3d pdb
sars,2484,1,1,57,e5mmbA3,Ribonuclease H-like,rve,3.86,0.35,text 3d pdb
sars,898,1,1,9,e3kiwC1,a+b domain in Ribosomal protein L1,Ribosomal_L1_2nd_1,3.87,0.35,text 3d pdb
sars,898,1,1,9,e4v7kAC1,a+b domain in Ribosomal protein L1,Ribosomal_L1_2nd_1,3.87,0.35,text 3d pdb
sars,1,1,7,129,e5dgel31,Alanine racemase-C,Ribosomal_L3,3.44,0.35,text 3d pdb
sars,4020,1,1,2,e2hg8B4,a+b domain in D-aminoacid aminotransferase-like PLP-dependent enzymes,Aminotran_4_N,3.93,0.35,text 3d pdb
sars,898,1,1,9,e3kiyC1,a+b domain in Ribosomal protein L1,Ribosomal_L1_2nd_1,3.87,0.35,text 3d pdb
sars,898,1,1,9,e4v7kBC1,a+b domain in Ribosomal protein L1,Ribosomal_L1_2nd_1,3.87,0.35,text 3d pdb
sars,2111,75,1,5,e6cinF6,Thiamin diphosphate-binding fold (THDP-binding),TPP_enzyme_C,3.88,0.35,text 3d pdb
sars,301,7,1,4,e1nq3D1,YjgF-like,Ribonuc_L-PSP,3.03,0.35,text 3d pdb
sars,148,1,1,38,e3c9kG1,Histone,Histone,4.04,0.35,text 3d pdb
sars,148,1,1,38,e3c9kC1,Histone,Histone,4.04,0.35,text 3d pdb
sars,148,1,1,38,e2hioC1,Histone,Histone,4.04,0.35,text 3d pdb
sars,2111,75,1,5,e6cinE3,Thiamin diphosphate-binding fold (THDP-binding),TPP_enzyme_C,3.89,0.35,text 3d pdb
sars,1,2,1,9,e6gsiA2,Capsid protein protrusion (P) domain,EUF07535,4.18,0.35,text 3d pdb
sars,11,12,1,1,e4tnvC2,Nicotinic receptor ligand binding domain-like,Neur_chan_LBD,3.22,0.35,text 3d pdb
sars,325,1,7,,e6p70C6,Single hybrid motif,F_UNCLASSIFIED,4.12,0.35,text 3d pdb
sars,11,12,1,1,e4tnvE2,Nicotinic receptor ligand binding domain-like,Neur_chan_LBD,3.22,0.35,text 3d pdb
sars,209,1,1,24,e1ixxC1,C-type lectin-like,Lectin_C,4,0.35,text 3d pdb
sars,3978,1,1,2,e4zr0A1,Integral membrane Acyl-CoA desaturase,FA_hydroxylase,3.28,0.35,text 3d pdb
sars,325,1,7,39,e4g7oM8,Single hybrid motif,RNA_pol_Rpb2_6_2nd,4.31,0.35,text 3d pdb
sars,2111,75,1,5,e6ciqC3,Thiamin diphosphate-binding fold (THDP-binding),TPP_enzyme_C,3.9,0.35,text 3d pdb
sars,2004,1,1,73,e5h1yB1,P-loop containing nucleoside triphosphate hydrolases,DEAD,3.9,0.35,text 3d pdb
sars,2111,75,1,5,e6cipB5,Thiamin diphosphate-binding fold (THDP-binding),TPP_enzyme_C,3.85,0.35,text 3d pdb
sars,325,1,7,39,e5d4cM5,Single hybrid motif,RNA_pol_Rpb2_6_2nd,4.13,0.35,text 3d pdb
sars,10,2,1,378,e4q4v21,Nucleoplasmin-like/VP (viral coat and capsid proteins),Rhv_1,3.35,0.34,text 3d pdb
sars,2484,1,1,57,e4ztjA2,Ribonuclease H-like,rve,3.95,0.34,text 3d pdb
sars,2004,1,1,166,e3n2iB1,P-loop containing nucleoside triphosphate hydrolases,Thymidylate_kin,3.89,0.34,text 3d pdb
sars,10,2,1,220,e5ddj21,Nucleoplasmin-like/VP (viral coat and capsid proteins),Rhv_4,3.63,0.34,text 3d pdb
sars,206,1,3,21,e5hv2A1,ATP-grasp,PPDK_N,3.77,0.34,text 3d pdb
sars,2484,1,1,87,e4cmpA2,Ribonuclease H-like,Cas9_1st,4.21,0.34,text 3d pdb
sars,2003,1,7,8,e2bkvB1,NagB/RpiA/CoA transferase-like,Glucosamine_iso,3.84,0.34,text 3d pdb
sars,3016,1,1,55,e3f0hA3,C-terminal domain in some PLP-dependent transferases,PucG_1,3.22,0.34,text 3d pdb
sars,2004,11,1,1,e6at3B2,PEP carboxykinase N-terminal domain,PEPCK_ATP_N,3.62,0.34,text 3d pdb
sars,2111,75,1,5,e6cipD1,Thiamin diphosphate-binding fold (THDP-binding),TPP_enzyme_C,3.74,0.34,text 3d pdb
sars,209,1,1,24,e3wbrC1,C-type lectin-like,Lectin_C,3.48,0.34,text 3d pdb
sars,107,1,1,5,e2c1dF1,Cytochrome c,Cytochrom_C,3.97,0.34,text 3d pdb
sars,325,1,7,39,e4oirC7,Single hybrid motif,RNA_pol_Rpb2_6_2nd,4.02,0.34,text 3d pdb
sars,2484,1,1,509,e6bnwC1,Ribonuclease H-like,Actin_1st,3.41,0.34,text 3d pdb
sars,2484,1,1,509,e6bnwD1,Ribonuclease H-like,Actin_1st,3.41,0.34,text 3d pdb
sars,2484,1,1,509,e6bnwA1,Ribonuclease H-like,Actin_1st,3.41,0.34,text 3d pdb
sars,2484,1,1,509,e6bnwB2,Ribonuclease H-like,Actin_1st,3.41,0.34,text 3d pdb
sars,2484,1,1,509,e6bnwF1,Ribonuclease H-like,Actin_1st,3.41,0.34,text 3d pdb
sars,2484,1,1,509,e6bnwH1,Ribonuclease H-like,Actin_1st,3.41,0.34,text 3d pdb
sars,2484,1,1,509,e6bnwG1,Ribonuclease H-like,Actin_1st,3.41,0.34,text 3d pdb
sars,2484,1,1,509,e6bnwE2,Ribonuclease H-like,Actin_1st,3.41,0.34,text 3d pdb
sars,2487,1,1,10,e3kasA3,domain,PA,4.1,0.34,text 3d pdb
sars,2487,1,1,10,e6gsrAq2,domain,PA,4.1,0.34,text 3d pdb
sars,2487,1,1,10,e6gsrAb2,domain,PA,4.1,0.34,text 3d pdb
sars,2484,1,1,87,e4cmpB1,Ribonuclease H-like,Cas9_1st,4.32,0.34,text 3d pdb
sars,5,1,4,306,e4a0bA2,7-bladed,CPSF_A_N,3.49,0.34,text 3d pdb
sars,316,1,1,25,e4xj6A2,Nucleotidyltransferase,NT_2-5OAS_ClassI-CCAase_like,3.44,0.34,text 3d pdb
sars,2111,77,1,72,e3fz8B2,PLP-dependent transferases,Aminotran_5_N,4.54,0.34,text 3d pdb
sars,6,1,1,10,e3pokA1,beta-Trefoil,IL1,3.22,0.34,text 3d pdb
sars,2111,75,1,5,e6cioF4,Thiamin diphosphate-binding fold (THDP-binding),TPP_enzyme_C,3.9,0.34,text 3d pdb
sars,107,1,1,5,e2c1dH1,Cytochrome c,Cytochrom_C,4.16,0.34,text 3d pdb
sars,325,1,7,39,e4g7zC8,Single hybrid motif,RNA_pol_Rpb2_6_2nd,4.18,0.34,text 3d pdb
sars,325,1,7,39,e4q4zC7,Single hybrid motif,RNA_pol_Rpb2_6_2nd,4.07,0.34,text 3d pdb
sars,2111,79,1,27,e3vs8F1,Thiolase-like,Chal_sti_synt_N_1,3.91,0.34,text 3d pdb
sars,5095,1,1,1,e3ac0C4,N-terminal beta-sandwich domain in anthrax protective antigen,PA14,3.79,0.34,text 3d pdb
sars,63,1,1,1,e2l2gA1,Mannose 6-phosphate receptor domain,CIMR,3.56,0.34,text 3d pdb
sars,2002,1,1,161,e3wmlA1,TIM barrels,PTE,3.87,0.34,text 3d pdb
sars,5,1,4,306,e5hxbB4,7-bladed,CPSF_A_N,3.52,0.34,text 3d pdb
sars,2004,11,1,1,e2olqA2,PEP carboxykinase N-terminal domain,PEPCK_ATP_N,3.66,0.34,text 3d pdb
sars,898,1,1,9,e3j65A1,a+b domain in Ribosomal protein L1,Ribosomal_L1_2nd_1,4.2,0.34,text 3d pdb
sars,898,1,1,9,e4v7fA2,a+b domain in Ribosomal protein L1,Ribosomal_L1_2nd_1,4.2,0.34,text 3d pdb
sars,6,1,1,10,e4gafA1,beta-Trefoil,IL1,3.15,0.34,text 3d pdb
sars,372,1,1,1,e1rbjA1,RNase A-like,RnaseA,3.97,0.34,text 3d pdb
sars,10,2,1,378,e4q4x21,Nucleoplasmin-like/VP (viral coat and capsid proteins),Rhv_1,3.47,0.34,text 3d pdb
sars,11,12,1,1,e4tnvR2,Nicotinic receptor ligand binding domain-like,Neur_chan_LBD,3.29,0.34,text 3d pdb
sars,11,12,1,1,e4tnvB2,Nicotinic receptor ligand binding domain-like,Neur_chan_LBD,3.05,0.34,text 3d pdb
sars,1,1,7,129,e4u56l31,Alanine racemase-C,Ribosomal_L3,3.24,0.34,text 3d pdb
sars,1,1,7,129,e4ukiM1,Alanine racemase-C,Ribosomal_L3,3.24,0.34,text 3d pdb
sars,352,1,1,1,e1t60N1,Noncollagenous (NC1) domain of collagen IV,C4,3.45,0.34,text 3d pdb
sars,10,2,1,378,e4q4y21,Nucleoplasmin-like/VP (viral coat and capsid proteins),Rhv_1,3.48,0.34,text 3d pdb
sars,2484,1,1,109,e5mb9A3,Ribonuclease H-like,HSP70_1st,4.59,0.34,text 3d pdb
sars,2499,2,1,3,e5li2B3,Domain III of tail sheath protein Gp18,Phage_sheath_1,4.48,0.34,text 3d pdb
sars,325,1,7,39,e5tjgC6,Single hybrid motif,RNA_pol_Rpb2_6_2nd,4.09,0.34,text 3d pdb
sars,2499,2,1,3,e5li2D1,Domain III of tail sheath protein Gp18,Phage_sheath_1,4.48,0.34,text 3d pdb
sars,2499,2,1,3,e5li2E1,Domain III of tail sheath protein Gp18,Phage_sheath_1,4.48,0.34,text 3d pdb
sars,2499,2,1,3,e5li2C2,Domain III of tail sheath protein Gp18,Phage_sheath_1,4.48,0.34,text 3d pdb
sars,2499,2,1,3,e5li2F1,Domain III of tail sheath protein Gp18,Phage_sheath_1,4.48,0.34,text 3d pdb
sars,2499,2,1,3,e5li2A1,Domain III of tail sheath protein Gp18,Phage_sheath_1,4.48,0.34,text 3d pdb
sars,283,1,1,2,e1matA1,Creatinase/aminopeptidase,Peptidase_M24,3.55,0.34,text 3d pdb
sars,325,1,7,39,e6oy5C7,Single hybrid motif,RNA_pol_Rpb2_6_2nd,4.18,0.34,text 3d pdb
sars,325,1,7,39,e4g7zM8,Single hybrid motif,RNA_pol_Rpb2_6_2nd,3.97,0.34,text 3d pdb
sars,301,7,1,4,e1nq3F1,YjgF-like,Ribonuc_L-PSP,3.1,0.34,text 3d pdb
sars,206,1,1,24,e3qrkA1,Protein kinase,Pkinase_Tyr,3.86,0.34,text 3d pdb
sars,2002,1,1,161,e6feiA1,TIM barrels,PTE,4,0.34,text 3d pdb
sars,2002,1,1,161,e6fevA1,TIM barrels,PTE,3.82,0.34,text 3d pdb
sars,2005,1,1,13,e2ywbB1,HUP domains,NAD_synthase,3.51,0.34,text 3d pdb
sars,325,1,5,1,e4v6oBO1,Ribosomal protein L10e,Ribosomal_L16,3.78,0.34,text 3d pdb
sars,231,1,2,2,e3ndvB1,DmpA/ArgJ,Peptidase_S58,3.67,0.34,text 3d pdb
sars,11,12,1,1,e4tnvQ2,Nicotinic receptor ligand binding domain-like,Neur_chan_LBD,3.31,0.34,text 3d pdb
sars,325,1,7,39,e5uhfC3,Single hybrid motif,RNA_pol_Rpb2_6_2nd,4.17,0.34,text 3d pdb
sars,2002,1,1,161,e6fu6A1,TIM barrels,PTE,3.97,0.34,text 3d pdb
sars,2111,28,1,1,e2v4yA1,Carbamate kinase-like,AA_kinase,3.76,0.34,text 3d pdb
sars,2003,1,5,8,e5dtmA1,S-adenosyl-L-methionine-dependent methyltransferases,DOT1,3.57,0.34,text 3d pdb
sars,220,1,1,29,e4khbC2,PH domain-like,SPT16,3.52,0.34,text 3d pdb
sars,10,2,1,378,e4q4w21,Nucleoplasmin-like/VP (viral coat and capsid proteins),Rhv_1,3.4,0.34,text 3d pdb
sars,325,1,7,39,e5vo8C1,Single hybrid motif,RNA_pol_Rpb2_6_2nd,4.12,0.34,text 3d pdb
sars,2003,1,5,191,e5hyzA1,S-adenosyl-L-methionine-dependent methyltransferases,GRAS,3.95,0.34,text 3d pdb
sars,11,1,5,39,e5flvE1,Common fold of diphtheria toxin/transcription factors/cytochrome f,T-box,3.27,0.34,text 3d pdb
sars,325,1,7,39,e5d4eC4,Single hybrid motif,RNA_pol_Rpb2_6_2nd,4.13,0.34,text 3d pdb
sars,11,1,4,100,e4hssA5,Prealbumin-like,GramPos_pilinD1,4.18,0.34,text 3d pdb
sars,5039,1,1,1,e2yevD1,Cytochrome c oxidase subunit III-like,COX3,4.01,0.34,text 3d pdb
sars,323,1,1,37,e4g22B2,CoA-dependent acyltransferases,Transferase_N,4.17,0.34,text 3d pdb
sars,2003,6,1,4,e4dc3B1,Ribokinase-like,PfkB,4.08,0.34,text 3d pdb
sars,2004,11,1,1,e1k3dA2,PEP carboxykinase N-terminal domain,PEPCK_ATP_N,4,0.34,text 3d pdb
sars,325,1,7,4,e6g2iR8,Single hybrid motif,Biotin_lipoyl,3.69,0.34,text 3d pdb
sars,1,1,7,129,e4u53l31,Alanine racemase-C,Ribosomal_L3,3.24,0.34,text 3d pdb
sars,1,1,7,129,e4uksM1,Alanine racemase-C,Ribosomal_L3,3.24,0.34,text 3d pdb
sars,2008,1,1,19,e1sx5B1,Restriction endonuclease-like,Endonuc-EcoRV,4.02,0.34,text 3d pdb
sars,2002,1,1,2,e4dzaA1,TIM barrels,Ala_racemase_N,4.01,0.34,text 3d pdb
sars,325,1,7,39,e6oy6C2,Single hybrid motif,RNA_pol_Rpb2_6_2nd,4.18,0.34,text 3d pdb
sars,1,1,7,129,e4u52l31,Alanine racemase-C,Ribosomal_L3,3.22,0.34,text 3d pdb
sars,1,1,7,129,e4ulcM1,Alanine racemase-C,Ribosomal_L3,3.22,0.34,text 3d pdb
sars,4178,1,1,8,e2x2hC4,Putative glucosidase YicI C-terminal domain,DUF5110,3.81,0.34,text 3d pdb
sars,316,1,1,25,e4xj5A1,Nucleotidyltransferase,NT_2-5OAS_ClassI-CCAase_like,3.58,0.34,text 3d pdb
sars,10,1,2,26,e1umiA1,Galactose-binding domain-like,FBA,4.23,0.34,text 3d pdb
sars,2002,1,1,63,e3pm6B1,TIM barrels,F_bP_aldolase,4.25,0.34,text 3d pdb
sars,1,1,7,129,e4u4yl31,Alanine racemase-C,Ribosomal_L3,3.24,0.34,text 3d pdb
sars,1,1,7,129,e4ulhM1,Alanine racemase-C,Ribosomal_L3,3.24,0.34,text 3d pdb
sars,231,1,2,2,e3nfbC1,DmpA/ArgJ,Peptidase_S58,3.68,0.34,text 3d pdb
sars,10,12,1,38,e1h2lA1,Double-stranded beta-helix,JmjC_1,3.41,0.34,text 3d pdb
sars,2003,1,5,69,e6qe0A1,S-adenosyl-L-methionine-dependent methyltransferases,RsmJ,3.88,0.34,text 3d pdb
sars,231,1,2,2,e3nfbA1,DmpA/ArgJ,Peptidase_S58,3.67,0.34,text 3d pdb
sars,304,4,1,110,e3o72C1,Dimeric alpha+beta barrel,Dyp_perox_N_1,4.05,0.34,text 3d pdb
sars,2484,1,1,57,e5frmA2,Ribonuclease H-like,rve,3.71,0.34,text 3d pdb
sars,11,1,1,808,e4irzA1,Immunoglobulin/Fibronectin type III/E set domains/PapD-like,Integrin_alpha2_1st,3.57,0.34,text 3d pdb
sars,10,2,1,380,e1ncrB1,Nucleoplasmin-like/VP (viral coat and capsid proteins),Rhv,3.45,0.34,text 3d pdb
sars,231,1,2,2,e3n33B1,DmpA/ArgJ,Peptidase_S58,3.67,0.34,text 3d pdb
sars,1,1,7,129,e5lybl31,Alanine racemase-C,Ribosomal_L3,3.23,0.34,text 3d pdb
sars,231,1,2,2,e3nfbB1,DmpA/ArgJ,Peptidase_S58,3.68,0.34,text 3d pdb
sars,2,1,1,385,e6faiX1,Nucleic acid-binding proteins,Ribosom_S12_S23,3.89,0.34,text 3d pdb
sars,10,2,1,380,e1qjx21,Nucleoplasmin-like/VP (viral coat and capsid proteins),Rhv,3.57,0.34,text 3d pdb
sars,4010,1,1,4,e5w64B5,N-terminal domain in beta subunit of DNA dependent RNA-polymerase,RNA_pol_Rpb2_3,4.58,0.34,text 3d pdb
sars,2003,1,7,8,e3hn6F1,NagB/RpiA/CoA transferase-like,Glucosamine_iso,3.69,0.34,text 3d pdb
sars,2484,1,1,57,e5uoqA1,Ribonuclease H-like,rve,4.67,0.34,text 3d pdb
sars,4998,1,1,1,e5ay6A1,Flagellar hook protein flgE D2 domain,FlaE,3.45,0.34,text 3d pdb
sars,2484,1,1,57,e3l2qA2,Ribonuclease H-like,rve,4.61,0.34,text 3d pdb
sars,231,1,2,2,e3n2wD1,DmpA/ArgJ,Peptidase_S58,3.66,0.34,text 3d pdb
sars,10,2,1,220,e5nedB1,Nucleoplasmin-like/VP (viral coat and capsid proteins),Rhv_4,3.67,0.34,text 3d pdb
sars,231,1,2,2,e3nfbD1,DmpA/ArgJ,Peptidase_S58,3.67,0.34,text 3d pdb
sars,1,1,7,129,e4u4ul31,Alanine racemase-C,Ribosomal_L3,3.23,0.34,text 3d pdb
sars,1,1,7,129,e4ujnM1,Alanine racemase-C,Ribosomal_L3,3.23,0.34,text 3d pdb
sars,11,12,1,1,e4afhB1,Nicotinic receptor ligand binding domain-like,Neur_chan_LBD,3.78,0.34,text 3d pdb
sars,2003,1,5,7,e3lx6A1,S-adenosyl-L-methionine-dependent methyltransferases,DNA_methylase,4.01,0.34,text 3d pdb
sars,325,1,7,39,e4oiqC7,Single hybrid motif,RNA_pol_Rpb2_6_2nd,4.03,0.34,text 3d pdb
sars,10,2,1,380,e1ayn21,Nucleoplasmin-like/VP (viral coat and capsid proteins),Rhv,3.45,0.34,text 3d pdb
sars,3016,1,1,37,e1vp4B1,C-terminal domain in some PLP-dependent transferases,Aminotran_1_2_C_11,3.58,0.34,text 3d pdb
sars,3016,1,1,37,e1vp4A1,C-terminal domain in some PLP-dependent transferases,Aminotran_1_2_C_11,3.22,0.34,text 3d pdb
sars,1,1,7,129,e5dgfl31,Alanine racemase-C,Ribosomal_L3,3.24,0.34,text 3d pdb
sars,593,1,1,1,e3kfeG5,GroEL equatorial domain-like,Cpn60_TCP1_1st,4.12,0.34,text 3d pdb
sars,4178,1,1,8,e4amxB4,Putative glucosidase YicI C-terminal domain,DUF5110,3.88,0.34,text 3d pdb
sars,2484,1,1,57,e3os1A3,Ribonuclease H-like,rve,4.33,0.34,text 3d pdb
sars,316,1,1,25,e4xj3A2,Nucleotidyltransferase,NT_2-5OAS_ClassI-CCAase_like,3.4,0.34,text 3d pdb
sars,5084,1,1,4,e5kafo1,OMPA-like,MSP,4.09,0.34,text 3d pdb
sars,301,7,1,4,e1nq3A1,YjgF-like,Ribonuc_L-PSP,3.8,0.34,text 3d pdb
sars,10,2,1,380,e1aym21,Nucleoplasmin-like/VP (viral coat and capsid proteins),Rhv,3.58,0.34,text 3d pdb
sars,4178,1,1,8,e4amxA4,Putative glucosidase YicI C-terminal domain,DUF5110,3.92,0.34,text 3d pdb
sars,593,1,1,1,e3kfeD5,GroEL equatorial domain-like,Cpn60_TCP1_1st,4.12,0.34,text 3d pdb
sars,5,1,3,19,e6crdG1,6-bladed,Neur,3.51,0.34,text 3d pdb
sars,2003,1,5,69,e6qe5B1,S-adenosyl-L-methionine-dependent methyltransferases,RsmJ,3.96,0.34,text 3d pdb
sars,231,1,2,2,e3n2wB1,DmpA/ArgJ,Peptidase_S58,3.67,0.34,text 3d pdb
sars,593,1,1,1,e3kfeC5,GroEL equatorial domain-like,Cpn60_TCP1_1st,4.13,0.34,text 3d pdb
sars,4178,1,1,8,e2x2jB4,Putative glucosidase YicI C-terminal domain,DUF5110,3.93,0.34,text 3d pdb
sars,869,1,1,1,e4gvqA1,Methenyltetrahydromethanopterin cyclohydrolase,MCH,4.06,0.34,text 3d pdb
sars,2002,1,1,460,e1vcgB1,TIM barrels,Glu_synthase,4.45,0.34,text 3d pdb
sars,2004,1,1,53,e5gasA2,P-loop containing nucleoside triphosphate hydrolases,ATP-synt_ab,4.45,0.34,text 3d pdb
sars,10,2,1,43,e5aca21,Nucleoplasmin-like/VP (viral coat and capsid proteins),Rhv_3,3.83,0.34,text 3d pdb
sars,2003,1,2,56,e4iv9B3,FAD/NAD(P)-binding domain,Amino_oxidase_1st,3.74,0.34,text 3d pdb
sars,2002,1,1,460,e1vcgA1,TIM barrels,Glu_synthase,4.45,0.34,text 3d pdb
sars,2002,1,1,18,e4xkmE1,TIM barrels,AP_endonuc_2,4.22,0.34,text 3d pdb
sars,2004,11,1,1,e6cu4A1,PEP carboxykinase N-terminal domain,PEPCK_ATP_N,3.99,0.34,text 3d pdb
sars,10,2,1,380,e1nd3B1,Nucleoplasmin-like/VP (viral coat and capsid proteins),Rhv,3.46,0.34,text 3d pdb
sars,325,1,7,39,e5i2dC3,Single hybrid motif,RNA_pol_Rpb2_6_2nd,4.12,0.34,text 3d pdb
sars,2002,1,1,161,e6frzA1,TIM barrels,PTE,3.96,0.34,text 3d pdb
sars,1,1,7,129,e4u4rl31,Alanine racemase-C,Ribosomal_L3,3.22,0.34,text 3d pdb
sars,1,1,7,129,e4ujsM1,Alanine racemase-C,Ribosomal_L3,3.22,0.34,text 3d pdb
sars,593,1,1,1,e3kfeF5,GroEL equatorial domain-like,Cpn60_TCP1_1st,3.97,0.34,text 3d pdb
sars,4178,1,1,8,e2x2iC4,Putative glucosidase YicI C-terminal domain,DUF5110,3.91,0.34,text 3d pdb
sars,2484,1,1,49,e6olzBO1,Ribonuclease H-like,Ribosomal_S11,3.72,0.34,text 3d pdb
sars,2484,1,1,57,e3oycA3,Ribonuclease H-like,rve,3.75,0.34,text 3d pdb
sars,209,1,1,24,e6ndfQ1,C-type lectin-like,Lectin_C,3.2,0.34,text 3d pdb
sars,10,2,1,380,e1qjy21,Nucleoplasmin-like/VP (viral coat and capsid proteins),Rhv,3.54,0.34,text 3d pdb
sars,2002,1,1,161,e6frzB1,TIM barrels,PTE,4.07,0.34,text 3d pdb
sars,593,1,1,1,e3kfeE5,GroEL equatorial domain-like,Cpn60_TCP1_1st,3.97,0.34,text 3d pdb
sars,4998,1,1,1,e5ay6B1,Flagellar hook protein flgE D2 domain,FlaE,3.23,0.34,text 3d pdb
sars,1,1,7,129,e4u3nL31,Alanine racemase-C,Ribosomal_L3,3.22,0.34,text 3d pdb
sars,1,1,7,129,e4uk5E1,Alanine racemase-C,Ribosomal_L3,3.22,0.34,text 3d pdb
sars,2002,1,1,161,e6fevB1,TIM barrels,PTE,4.19,0.34,text 3d pdb
sars,209,1,1,24,e6ndfN1,C-type lectin-like,Lectin_C,3.2,0.34,text 3d pdb
sars,209,1,1,24,e6ndcN1,C-type lectin-like,Lectin_C,3.19,0.34,text 3d pdb
sars,10,2,1,378,e5ktz21,Nucleoplasmin-like/VP (viral coat and capsid proteins),Rhv_1,3.45,0.34,text 3d pdb
sars,4178,1,1,8,e4amwB4,Putative glucosidase YicI C-terminal domain,DUF5110,3.83,0.34,text 3d pdb
sars,2008,1,1,19,e1az3B1,Restriction endonuclease-like,Endonuc-EcoRV,3.47,0.34,text 3d pdb
sars,10,2,1,380,e1nd2B1,Nucleoplasmin-like/VP (viral coat and capsid proteins),Rhv,3.45,0.34,text 3d pdb
sars,325,1,7,39,e4q5sC7,Single hybrid motif,RNA_pol_Rpb2_6_2nd,4.17,0.34,text 3d pdb
sars,593,1,1,1,e3kfeH5,GroEL equatorial domain-like,Cpn60_TCP1_1st,3.98,0.33,text 3d pdb
sars,316,1,1,25,e4u03A2,Nucleotidyltransferase,NT_2-5OAS_ClassI-CCAase_like,3.76,0.33,text 3d pdb
sars,209,1,1,24,e6ndcQ1,C-type lectin-like,Lectin_C,3.2,0.33,text 3d pdb
sars,2111,1,1,23,e3d1jA2,UDP-Glycosyltransferase/glycogen phosphorylase,Glyco_transf_5,3.74,0.33,text 3d pdb
sars,2002,1,1,161,e6fu6B1,TIM barrels,PTE,4.17,0.33,text 3d pdb
sars,4,1,1,445,e2wwbL1,SH3,Ribosomal_L26,3.5,0.33,text 3d pdb
sars,2003,1,1,3,e1f12B2,NAD(P)-binding Rossmann-fold domains,3HCDH_N,3.96,0.33,text 3d pdb
sars,2002,1,1,18,e4xkmG1,TIM barrels,AP_endonuc_2,4.21,0.33,text 3d pdb
sars,2002,1,1,161,e6fqeB1,TIM barrels,PTE,4.1,0.33,text 3d pdb
sars,209,1,1,24,e6ndbN1,C-type lectin-like,Lectin_C,3.21,0.33,text 3d pdb
sars,2004,11,1,1,e6asnA2,PEP carboxykinase N-terminal domain,PEPCK_ATP_N,3.89,0.33,text 3d pdb
sars,209,1,1,24,e6ndeN1,C-type lectin-like,Lectin_C,3.21,0.33,text 3d pdb
sars,380,1,1,2,e5edmA1,Kringle-like,Kringle,3.81,0.33,text 3d pdb
sars,209,1,1,24,e1uexB1,C-type lectin-like,Lectin_C,3.52,0.33,text 3d pdb
sars,6,1,1,10,e4hjjA1,beta-Trefoil,IL1,3.15,0.33,text 3d pdb
sars,2008,1,1,19,e5f8aA1,Restriction endonuclease-like,Endonuc-EcoRV,4.49,0.33,text 3d pdb
sars,2002,2,1,1,e3a64A1,Cellulases,Glyco_hydro_6,3.94,0.33,text 3d pdb
sars,2003,1,5,69,e6qdxD1,S-adenosyl-L-methionine-dependent methyltransferases,RsmJ,4.14,0.33,text 3d pdb
sars,11,1,1,808,e1u8cA1,Immunoglobulin/Fibronectin type III/E set domains/PapD-like,Integrin_alpha2_1st,3.36,0.33,text 3d pdb
sars,1,1,5,9,e5gswA1,FMN-binding split barrel,Peptidase_C3,2.94,0.33,text 3d pdb
sars,2007,5,1,8,e4kncA1,SGNH hydrolase,ALGX,3.78,0.33,text 3d pdb
sars,4178,1,1,8,e2x2iA4,Putative glucosidase YicI C-terminal domain,DUF5110,3.82,0.33,text 3d pdb
sars,10,2,1,380,e1qju21,Nucleoplasmin-like/VP (viral coat and capsid proteins),Rhv,3.46,0.33,text 3d pdb
sars,3016,1,1,63,e1iayA3,C-terminal domain in some PLP-dependent transferases,Aminotran_1_2_C,3.55,0.33,text 3d pdb
sars,2,1,1,,e6rbdX1,Nucleic acid-binding proteins,F_UNCLASSIFIED,4.01,0.33,text 3d pdb
sars,10,12,1,38,e4jaaA1,Double-stranded beta-helix,JmjC_1,3.7,0.33,text 3d pdb
sars,2002,1,1,161,e6fqeA1,TIM barrels,PTE,4.22,0.33,text 3d pdb
sars,3799,1,1,5,e5f7yA1,SabA N-terminal extracellular adhesion domain,EUF08159,3.48,0.33,text 3d pdb
sars,2002,1,1,161,e6feiB1,TIM barrels,PTE,4.22,0.33,text 3d pdb
sars,316,1,1,25,e4ty0A1,Nucleotidyltransferase,NT_2-5OAS_ClassI-CCAase_like,3.38,0.33,text 3d pdb
sars,2002,1,1,18,e5nh9C1,TIM barrels,AP_endonuc_2,4.2,0.33,text 3d pdb
sars,209,1,1,24,e6ndbQ1,C-type lectin-like,Lectin_C,3.2,0.33,text 3d pdb
sars,316,1,1,25,e4u03B2,Nucleotidyltransferase,NT_2-5OAS_ClassI-CCAase_like,4.04,0.33,text 3d pdb
sars,6,1,1,8,e4q9pB1,beta-Trefoil,FGF,3.37,0.33,text 3d pdb
sars,209,1,1,24,e6nd8Q1,C-type lectin-like,Lectin_C,3.2,0.33,text 3d pdb
sars,2002,1,1,18,e4xkmC1,TIM barrels,AP_endonuc_2,4.15,0.33,text 3d pdb
sars,4178,1,1,8,e2x2jA4,Putative glucosidase YicI C-terminal domain,DUF5110,3.94,0.33,text 3d pdb
sars,2111,77,1,72,e3fz7A3,PLP-dependent transferases,Aminotran_5_N,4.57,0.33,text 3d pdb
sars,210,1,2,7,e5imhA1,Penicillin acylase catalytic domain,Peptidase_C69,3.93,0.33,text 3d pdb
sars,2002,1,1,18,e5nh6C1,TIM barrels,AP_endonuc_2,4,0.33,text 3d pdb
sars,2002,1,1,18,e5nh7D1,TIM barrels,AP_endonuc_2,4.09,0.33,text 3d pdb
sars,2111,75,1,5,e6cipF3,Thiamin diphosphate-binding fold (THDP-binding),TPP_enzyme_C,3.95,0.33,text 3d pdb
sars,2002,1,1,161,e6fs3B1,TIM barrels,PTE,3.87,0.33,text 3d pdb
sars,5,1,3,123,e2simA1,6-bladed,BNR_2,4.01,0.33,text 3d pdb
sars,323,1,1,14,e5isxA1,CoA-dependent acyltransferases,Condensation_C_1,3.8,0.33,text 3d pdb
sars,6,1,1,10,e3f62B1,beta-Trefoil,IL1,2.68,0.33,text 3d pdb
sars,593,1,1,1,e4b2td1,GroEL equatorial domain-like,Cpn60_TCP1_1st,4.28,0.33,text 3d pdb
sars,5,1,3,12,e3alxA1,6-bladed,HN,3.85,0.33,text 3d pdb
sars,325,1,7,39,e5uh6C6,Single hybrid motif,RNA_pol_Rpb2_6_2nd,4.08,0.33,text 3d pdb
sars,289,1,1,1,e2ew7A1,Peptide deformylase,Pep_deformylase,4.02,0.33,text 3d pdb
sars,2002,1,1,18,e4xkmA1,TIM barrels,AP_endonuc_2,3.94,0.33,text 3d pdb
sars,6,1,1,10,e1tp0A1,beta-Trefoil,IL1,3.16,0.33,text 3d pdb
sars,2002,1,1,18,e4xkmH1,TIM barrels,AP_endonuc_2,4.23,0.33,text 3d pdb
sars,2004,1,1,239,e5xnsA2,P-loop containing nucleoside triphosphate hydrolases,SMC_N,3.72,0.33,text 3d pdb
sars,2002,1,1,161,e6fs3A1,TIM barrels,PTE,4.06,0.33,text 3d pdb
sars,2002,1,1,63,e3gakA1,TIM barrels,F_bP_aldolase,4.52,0.33,text 3d pdb
sars,3698,1,1,3,e3wstQ2,Arginine methyltransferase oligomerization subdomain,PRMT5_C_1,4.12,0.33,text 3d pdb
sars,2484,1,1,57,e5uopA1,Ribonuclease H-like,rve,4.69,0.33,text 3d pdb
sars,3174,1,1,1,e3j81I1,Ribosomal protein L14-related,Ribosomal_S8e,3.95,0.33,text 3d pdb
sars,2002,1,1,161,e6ffwB1,TIM barrels,PTE,4.08,0.33,text 3d pdb
sars,316,1,1,25,e4txzA2,Nucleotidyltransferase,NT_2-5OAS_ClassI-CCAase_like,3.58,0.33,text 3d pdb
sars,4178,1,1,8,e2x2iD4,Putative glucosidase YicI C-terminal domain,DUF5110,3.81,0.33,text 3d pdb
sars,2003,1,1,3,e1il0A2,NAD(P)-binding Rossmann-fold domains,3HCDH_N,3.94,0.33,text 3d pdb
sars,2002,1,1,702,e4zenB1,TIM barrels,Glyco_hydro_1,4.15,0.33,text 3d pdb
sars,10,2,1,378,e6dijB1,Nucleoplasmin-like/VP (viral coat and capsid proteins),Rhv_1,3.62,0.33,text 3d pdb
sars,12,3,1,5,e1qafA1,supersandwich,Cu_amine_oxid,3.43,0.33,text 3d pdb
sars,150,3,1,20,e5mj3B1,4-helical cytokines,IL6,3.85,0.33,text 3d pdb
sars,2111,75,1,5,e6cinD1,Thiamin diphosphate-binding fold (THDP-binding),TPP_enzyme_C,3.94,0.33,text 3d pdb
sars,1,1,1,5,e2jysA1,acid protease,Spuma_A9PTase,4.16,0.33,text 3d pdb
sars,325,1,7,39,e5uhdC4,Single hybrid motif,RNA_pol_Rpb2_6_2nd,4.04,0.33,text 3d pdb
sars,2484,1,1,57,e4bacA1,Ribonuclease H-like,rve,4.36,0.33,text 3d pdb
sars,5,1,2,5,e1y7bA2,5-bladed,Glyco_hydro_43,4.41,0.33,text 3d pdb
sars,869,1,1,1,e4gvrA1,Methenyltetrahydromethanopterin cyclohydrolase,MCH,3.89,0.33,text 3d pdb
sars,170,2,1,3,e1vukI2,Retrovirus capsid protein N-terminal domain,Gag_p24_N,4.54,0.33,text 3d pdb
sars,5,1,1,1,e1fblA1,4-bladed,Hemopexin,4.15,0.33,text 3d pdb
sars,10,12,1,38,e2yc0A1,Double-stranded beta-helix,JmjC_1,4.19,0.33,text 3d pdb
sars,301,6,1,2,e6o2s4D2,Tubulin C-terminal domain-like,Tubulin_C,3.65,0.33,text 3d pdb
sars,301,6,1,2,e6o2s1L1,Tubulin C-terminal domain-like,Tubulin_C,3.65,0.33,text 3d pdb
sars,301,6,1,2,e6o2s3N1,Tubulin C-terminal domain-like,Tubulin_C,3.65,0.33,text 3d pdb
sars,301,6,1,2,e6o2s1D1,Tubulin C-terminal domain-like,Tubulin_C,3.65,0.33,text 3d pdb
sars,301,6,1,2,e6o2s2B1,Tubulin C-terminal domain-like,Tubulin_C,3.65,0.33,text 3d pdb
sars,301,6,1,2,e6o2s2K1,Tubulin C-terminal domain-like,Tubulin_C,3.65,0.33,text 3d pdb
sars,301,6,1,2,e6o2s3L1,Tubulin C-terminal domain-like,Tubulin_C,3.65,0.33,text 3d pdb
sars,301,6,1,2,e6o2s2E2,Tubulin C-terminal domain-like,Tubulin_C,3.65,0.33,text 3d pdb
sars,301,6,1,2,e6o2s1N1,Tubulin C-terminal domain-like,Tubulin_C,3.65,0.33,text 3d pdb
sars,301,6,1,2,e6o2s1E2,Tubulin C-terminal domain-like,Tubulin_C,3.65,0.33,text 3d pdb
sars,301,6,1,2,e6o2s1C2,Tubulin C-terminal domain-like,Tubulin_C,3.65,0.33,text 3d pdb
sars,301,6,1,2,e6o2s3C1,Tubulin C-terminal domain-like,Tubulin_C,3.65,0.33,text 3d pdb
sars,301,6,1,2,e6o2s2L2,Tubulin C-terminal domain-like,Tubulin_C,3.65,0.33,text 3d pdb
sars,301,6,1,2,e6o2s1M2,Tubulin C-terminal domain-like,Tubulin_C,3.65,0.33,text 3d pdb
sars,301,6,1,2,e6o2s1I1,Tubulin C-terminal domain-like,Tubulin_C,3.65,0.33,text 3d pdb
sars,301,6,1,2,e6o2s4C2,Tubulin C-terminal domain-like,Tubulin_C,3.65,0.33,text 3d pdb
sars,301,6,1,2,e6o2s2I2,Tubulin C-terminal domain-like,Tubulin_C,3.65,0.33,text 3d pdb
sars,301,6,1,2,e6o2s3G1,Tubulin C-terminal domain-like,Tubulin_C,3.65,0.33,text 3d pdb
sars,301,6,1,2,e6o2s3A2,Tubulin C-terminal domain-like,Tubulin_C,3.65,0.33,text 3d pdb
sars,301,6,1,2,e6o2s3F1,Tubulin C-terminal domain-like,Tubulin_C,3.65,0.33,text 3d pdb
sars,301,6,1,2,e6o2s2C2,Tubulin C-terminal domain-like,Tubulin_C,3.65,0.33,text 3d pdb
sars,301,6,1,2,e6o2s4E2,Tubulin C-terminal domain-like,Tubulin_C,3.65,0.33,text 3d pdb
sars,301,6,1,2,e6o2s3M2,Tubulin C-terminal domain-like,Tubulin_C,3.65,0.33,text 3d pdb
sars,301,6,1,2,e6o2s1J2,Tubulin C-terminal domain-like,Tubulin_C,3.65,0.33,text 3d pdb
sars,301,6,1,2,e6o2s1K1,Tubulin C-terminal domain-like,Tubulin_C,3.65,0.33,text 3d pdb
sars,301,6,1,2,e6o2s3K2,Tubulin C-terminal domain-like,Tubulin_C,3.65,0.33,text 3d pdb
sars,301,6,1,2,e6o2s1A2,Tubulin C-terminal domain-like,Tubulin_C,3.65,0.33,text 3d pdb
sars,301,6,1,2,e6o2s2G1,Tubulin C-terminal domain-like,Tubulin_C,3.65,0.33,text 3d pdb
sars,301,6,1,2,e6o2s4I1,Tubulin C-terminal domain-like,Tubulin_C,3.65,0.33,text 3d pdb
sars,301,6,1,2,e6o2s4F2,Tubulin C-terminal domain-like,Tubulin_C,3.65,0.33,text 3d pdb
sars,301,6,1,2,e6o2s4A1,Tubulin C-terminal domain-like,Tubulin_C,3.65,0.33,text 3d pdb
sars,301,6,1,2,e6o2s3B1,Tubulin C-terminal domain-like,Tubulin_C,3.65,0.33,text 3d pdb
sars,301,6,1,2,e6o2s2J2,Tubulin C-terminal domain-like,Tubulin_C,3.65,0.33,text 3d pdb
sars,301,6,1,2,e6o2s1G1,Tubulin C-terminal domain-like,Tubulin_C,3.65,0.33,text 3d pdb
sars,301,6,1,2,e6o2s3D1,Tubulin C-terminal domain-like,Tubulin_C,3.65,0.33,text 3d pdb
sars,301,6,1,2,e6o2s1F1,Tubulin C-terminal domain-like,Tubulin_C,3.65,0.33,text 3d pdb
sars,301,6,1,2,e6o2s2N2,Tubulin C-terminal domain-like,Tubulin_C,3.65,0.33,text 3d pdb
sars,301,6,1,2,e6o2s4M2,Tubulin C-terminal domain-like,Tubulin_C,3.65,0.33,text 3d pdb
sars,301,6,1,2,e6o2s2D2,Tubulin C-terminal domain-like,Tubulin_C,3.65,0.33,text 3d pdb
sars,301,6,1,2,e6o2s3I1,Tubulin C-terminal domain-like,Tubulin_C,3.65,0.33,text 3d pdb
sars,301,6,1,2,e6o2s4L2,Tubulin C-terminal domain-like,Tubulin_C,3.65,0.33,text 3d pdb
sars,301,6,1,2,e6o2s4N2,Tubulin C-terminal domain-like,Tubulin_C,3.65,0.33,text 3d pdb
sars,301,6,1,2,e6o2s4B2,Tubulin C-terminal domain-like,Tubulin_C,3.65,0.33,text 3d pdb
sars,301,6,1,2,e6o2s2A1,Tubulin C-terminal domain-like,Tubulin_C,3.65,0.33,text 3d pdb
sars,301,6,1,2,e6o2s3J1,Tubulin C-terminal domain-like,Tubulin_C,3.65,0.33,text 3d pdb
sars,301,6,1,2,e6o2s2F2,Tubulin C-terminal domain-like,Tubulin_C,3.65,0.33,text 3d pdb
sars,301,6,1,2,e6o2s3E2,Tubulin C-terminal domain-like,Tubulin_C,3.65,0.33,text 3d pdb
sars,301,6,1,2,e6o2s4K2,Tubulin C-terminal domain-like,Tubulin_C,3.65,0.33,text 3d pdb
sars,301,6,1,2,e6o2s4G2,Tubulin C-terminal domain-like,Tubulin_C,3.65,0.33,text 3d pdb
sars,301,6,1,2,e6o2s2M2,Tubulin C-terminal domain-like,Tubulin_C,3.65,0.33,text 3d pdb
sars,301,6,1,2,e6o2s1B2,Tubulin C-terminal domain-like,Tubulin_C,3.65,0.33,text 3d pdb
sars,301,6,1,2,e6o2s4J1,Tubulin C-terminal domain-like,Tubulin_C,3.65,0.33,text 3d pdb
sars,2005,1,1,82,e4jfaA2,HUP domains,tRNA-synt_1b_2,4.11,0.33,text 3d pdb
sars,2484,1,1,57,e3l2vA3,Ribonuclease H-like,rve,4.61,0.33,text 3d pdb
sars,2484,1,1,57,e3oy9A3,Ribonuclease H-like,rve,4.7,0.33,text 3d pdb
sars,2111,79,1,27,e3vs8A2,Thiolase-like,Chal_sti_synt_N_1,4.39,0.33,text 3d pdb
sars,10,2,1,380,e1c8m21,Nucleoplasmin-like/VP (viral coat and capsid proteins),Rhv,3.52,0.33,text 3d pdb
sars,1,1,1,45,e5ie1A1,acid protease,Asp_C_1,4.01,0.33,text 3d pdb
sars,66,1,1,30,e3h1kR3,ISP domain,Rieske_cytochrome_bc1Rieske_6,3.75,0.33,text 3d pdb
sars,316,1,1,25,e4xj4A2,Nucleotidyltransferase,NT_2-5OAS_ClassI-CCAase_like,3.64,0.33,text 3d pdb
sars,2484,1,1,509,e6bnqA2,Ribonuclease H-like,Actin_1st,3.66,0.33,text 3d pdb
sars,1,1,7,129,e6hhqk1,Alanine racemase-C,Ribosomal_L3,3.26,0.33,text 3d pdb
sars,10,12,1,38,e2y0iA1,Double-stranded beta-helix,JmjC_1,4.05,0.33,text 3d pdb
sars,170,2,1,3,e1vv9D2,Retrovirus capsid protein N-terminal domain,Gag_p24_N,4.29,0.33,text 3d pdb
sars,5,1,4,199,e5es4C1,7-bladed,FG-GAP_1st,3.62,0.33,text 3d pdb
sars,2111,77,1,72,e3fz8D2,PLP-dependent transferases,Aminotran_5_N,4.53,0.33,text 3d pdb
sars,10,2,1,30,e3tsxJ1,Nucleoplasmin-like/VP (viral coat and capsid proteins),Parvo_coat,4.44,0.33,text 3d pdb
sars,10,2,1,30,e4v86J1,Nucleoplasmin-like/VP (viral coat and capsid proteins),Parvo_coat,4.44,0.33,text 3d pdb
sars,2004,1,1,237,e2zrlA1,P-loop containing nucleoside triphosphate hydrolases,RecA,3.42,0.33,text 3d pdb
sars,2484,1,1,57,e3oydA3,Ribonuclease H-like,rve,4.69,0.33,text 3d pdb
sars,11,1,5,80,e3zgiB1,Common fold of diphtheria toxin/transcription factors/cytochrome f,EUF07760,3.67,0.33,text 3d pdb
sars,5084,1,1,4,e4ub6o1,OMPA-like,MSP,3.89,0.33,text 3d pdb
sars,2484,1,1,509,e6bnqE1,Ribonuclease H-like,Actin_1st,3.77,0.33,text 3d pdb
sars,5,1,4,315,e4fhmB1,7-bladed,Nup160,3.88,0.33,text 3d pdb
sars,316,1,1,25,e4txyA2,Nucleotidyltransferase,NT_2-5OAS_ClassI-CCAase_like,3.29,0.33,text 3d pdb
sars,10,2,1,220,e1zba21,Nucleoplasmin-like/VP (viral coat and capsid proteins),Rhv_4,3.72,0.33,text 3d pdb
sars,325,1,7,39,e5uhaC7,Single hybrid motif,RNA_pol_Rpb2_6_2nd,4.27,0.33,text 3d pdb
sars,2005,1,1,82,e4jfaB1,HUP domains,tRNA-synt_1b_2,4.09,0.33,text 3d pdb
sars,10,2,1,30,e1vu1p1,Nucleoplasmin-like/VP (viral coat and capsid proteins),Parvo_coat,4.32,0.33,text 3d pdb
sars,10,2,1,30,e4v86p1,Nucleoplasmin-like/VP (viral coat and capsid proteins),Parvo_coat,4.32,0.33,text 3d pdb
sars,325,1,7,39,e5uhbC2,Single hybrid motif,RNA_pol_Rpb2_6_2nd,4.04,0.33,text 3d pdb
sars,2111,84,1,8,e3vnqA12,Rossmann-like domain in Acetyl-CoA synthetase-like proteins,AMP-binding_1st,4.09,0.33,text 3d pdb
sars,289,1,1,1,e1s17A1,Peptide deformylase,Pep_deformylase,4.14,0.33,text 3d pdb
sars,262,1,1,1,e2amoB1,Nitric oxide (NO) synthase oxygenase domain,NO_synthase,4.23,0.33,text 3d pdb
sars,10,1,1,22,e2a6xB1,Concanavalin A-like lectins/glucanases,Lectin_leg-like,4.41,0.33,text 3d pdb
sars,2484,1,1,57,e3oyaA3,Ribonuclease H-like,rve,4.67,0.33,text 3d pdb
sars,210,1,1,2,e6qm8C1,Proteasome subunits,Proteasome,3.68,0.33,text 3d pdb
sars,10,2,1,30,e1vu0g1,Nucleoplasmin-like/VP (viral coat and capsid proteins),Parvo_coat,4.32,0.33,text 3d pdb
sars,10,2,1,30,e4v86g1,Nucleoplasmin-like/VP (viral coat and capsid proteins),Parvo_coat,4.32,0.33,text 3d pdb
sars,4020,1,1,2,e5i5wA1,a+b domain in D-aminoacid aminotransferase-like PLP-dependent enzymes,Aminotran_4_N,4.13,0.33,text 3d pdb
sars,11,2,1,7,e5sxjA5,C2 domain,PI3K_C2,3.53,0.33,text 3d pdb
sars,206,1,3,4,e4ybzD1,ATP-grasp,ATP-grasp_2,3.76,0.33,text 3d pdb
sars,2002,1,1,161,e3urnB1,TIM barrels,PTE,3.81,0.33,text 3d pdb
sars,2484,1,1,57,e3s3nA3,Ribonuclease H-like,rve,4.35,0.33,text 3d pdb
sars,5,1,4,40,e4czyC1,7-bladed,ANAPC4_WD40_9,3.97,0.33,text 3d pdb
sars,2484,1,1,57,e3oyfA3,Ribonuclease H-like,rve,4.49,0.33,text 3d pdb
sars,301,7,1,4,e2uyjA1,YjgF-like,Ribonuc_L-PSP,3.84,0.33,text 3d pdb
sars,898,1,1,9,e1vxyA1,a+b domain in Ribosomal protein L1,Ribosomal_L1_2nd_1,3.97,0.33,text 3d pdb
sars,898,1,1,9,e3j78L12,a+b domain in Ribosomal protein L1,Ribosomal_L1_2nd_1,3.97,0.33,text 3d pdb
sars,2002,1,1,702,e5okbB1,TIM barrels,Glyco_hydro_1,4.48,0.33,text 3d pdb
sars,5052,1,1,3,e4p1aA1,Proton glutamate symport protein,SDF,4.44,0.33,text 3d pdb
sars,2002,1,1,18,e5nh8B1,TIM barrels,AP_endonuc_2,4.15,0.33,text 3d pdb
sars,593,1,1,1,e3kfeA5,GroEL equatorial domain-like,Cpn60_TCP1_1st,4.39,0.33,text 3d pdb
sars,2002,1,1,18,e5nh8A1,TIM barrels,AP_endonuc_2,4.15,0.33,text 3d pdb
sars,2002,1,1,161,e3ur2B1,TIM barrels,PTE,4.03,0.33,text 3d pdb
sars,2002,1,1,18,e5nh8D1,TIM barrels,AP_endonuc_2,4.15,0.33,text 3d pdb
sars,2002,1,1,18,e5nheB1,TIM barrels,AP_endonuc_2,4.16,0.33,text 3d pdb
sars,869,1,1,1,e4gvrB1,Methenyltetrahydromethanopterin cyclohydrolase,MCH,4.17,0.33,text 3d pdb
sars,206,1,1,24,e1iepB1,Protein kinase,Pkinase_Tyr,4.27,0.33,text 3d pdb
sars,206,1,1,24,e3qrjA1,Protein kinase,Pkinase_Tyr,4.03,0.33,text 3d pdb
sars,2002,1,1,18,e5nhdC1,TIM barrels,AP_endonuc_2,4.15,0.33,text 3d pdb
sars,2002,1,1,18,e5nheC1,TIM barrels,AP_endonuc_2,4.15,0.33,text 3d pdb
sars,2484,1,1,57,e4e7hA1,Ribonuclease H-like,rve,4.54,0.33,text 3d pdb
sars,2002,1,1,18,e5nh8C1,TIM barrels,AP_endonuc_2,4.15,0.33,text 3d pdb
sars,2002,1,1,18,e5nheA1,TIM barrels,AP_endonuc_2,4.16,0.33,text 3d pdb
sars,2111,44,1,2,e2ocdB3,Glutaminase/Asparaginase N-terminal domain,Asparaginase,3.86,0.33,text 3d pdb
sars,301,6,1,2,e6o2qL1,Tubulin C-terminal domain-like,Tubulin_C,3.67,0.33,text 3d pdb
sars,301,6,1,2,e6o2qJ2,Tubulin C-terminal domain-like,Tubulin_C,3.67,0.33,text 3d pdb
sars,301,6,1,2,e6o2qK1,Tubulin C-terminal domain-like,Tubulin_C,3.67,0.33,text 3d pdb
sars,301,6,1,2,e6o2qC2,Tubulin C-terminal domain-like,Tubulin_C,3.67,0.33,text 3d pdb
sars,301,6,1,2,e6o2qE1,Tubulin C-terminal domain-like,Tubulin_C,3.67,0.33,text 3d pdb
sars,301,6,1,2,e6o2qA1,Tubulin C-terminal domain-like,Tubulin_C,3.67,0.33,text 3d pdb
sars,2486,1,1,2,e1on3A1,ClpP/crotonase,Carboxyl_trans_C,3.79,0.33,text 3d pdb
sars,219,1,1,194,e3pw3C2,Cysteine proteinases,Peptidase_C1,4.36,0.33,text 3d pdb
sars,11,2,1,7,e6eyzA3,C2 domain,PI3K_C2,3.34,0.33,text 3d pdb
sars,2002,1,1,161,e3uraA1,TIM barrels,PTE,4.05,0.33,text 3d pdb
sars,3174,1,1,7,e3j65L1,Ribosomal protein L14-related,Ribosomal_L14,3.83,0.33,text 3d pdb
sars,3174,1,1,7,e4v7fL1,Ribosomal protein L14-related,Ribosomal_L14,3.83,0.33,text 3d pdb
sars,2484,1,1,57,e4be1A8,Ribonuclease H-like,rve,4.19,0.33,text 3d pdb
sars,2002,1,1,18,e5nh9B1,TIM barrels,AP_endonuc_2,4.16,0.33,text 3d pdb
sars,2484,1,1,57,e3s3oA3,Ribonuclease H-like,rve,3.67,0.33,text 3d pdb
sars,11,1,5,32,e2as5N2,Common fold of diphtheria toxin/transcription factors/cytochrome f,RHD_DNA_bind,3.72,0.33,text 3d pdb
sars,2002,1,1,18,e5nh7B1,TIM barrels,AP_endonuc_2,4.16,0.33,text 3d pdb
sars,2002,1,1,702,e4zehA1,TIM barrels,Glyco_hydro_1,4.22,0.33,text 3d pdb
sars,2002,1,1,702,e5okbA1,TIM barrels,Glyco_hydro_1,4.22,0.33,text 3d pdb
sars,325,1,7,39,e5uh5C3,Single hybrid motif,RNA_pol_Rpb2_6_2nd,4.02,0.33,text 3d pdb
sars,2484,1,1,57,e3l2wA3,Ribonuclease H-like,rve,4.68,0.33,text 3d pdb
sars,2002,1,1,18,e5nh4D1,TIM barrels,AP_endonuc_2,4.21,0.33,text 3d pdb
sars,2002,1,1,18,e5nh9A1,TIM barrels,AP_endonuc_2,4.17,0.33,text 3d pdb
sars,2002,1,1,18,e5nh4B1,TIM barrels,AP_endonuc_2,4.22,0.33,text 3d pdb
sars,2002,1,1,18,e5nh5C1,TIM barrels,AP_endonuc_2,4.16,0.33,text 3d pdb
sars,10,12,1,38,e4b7eA1,Double-stranded beta-helix,JmjC_1,4.16,0.33,text 3d pdb
sars,210,1,1,2,e6qm8Q1,Proteasome subunits,Proteasome,3.84,0.33,text 3d pdb
sars,2002,1,1,18,e5nh4A1,TIM barrels,AP_endonuc_2,4.16,0.33,text 3d pdb
sars,2002,1,1,18,e5nhdD1,TIM barrels,AP_endonuc_2,4.07,0.33,text 3d pdb
sars,2002,1,1,702,e5okhB1,TIM barrels,Glyco_hydro_1,4.23,0.33,text 3d pdb
sars,2002,1,1,18,e5nh9D1,TIM barrels,AP_endonuc_2,4.16,0.33,text 3d pdb
sars,2002,1,1,18,e5nh5D1,TIM barrels,AP_endonuc_2,4.16,0.33,text 3d pdb
sars,2002,1,1,18,e5nhdA1,TIM barrels,AP_endonuc_2,4.23,0.33,text 3d pdb
sars,246,3,1,13,e5okmE1,DNase I-like,Exo_endo_phos,4.14,0.33,text 3d pdb
sars,2002,1,1,161,e3ur5A1,TIM barrels,PTE,4.31,0.33,text 3d pdb
sars,2002,1,1,18,e5nh6D1,TIM barrels,AP_endonuc_2,4.16,0.33,text 3d pdb
sars,2484,1,1,509,e3jbkA2,Ribonuclease H-like,Actin_1st,3.47,0.33,text 3d pdb
sars,2484,1,1,57,e4ztfA1,Ribonuclease H-like,rve,3.67,0.33,text 3d pdb
sars,2002,1,1,161,e3urnA1,TIM barrels,PTE,4.21,0.33,text 3d pdb
sars,2002,1,1,18,e5nhdB1,TIM barrels,AP_endonuc_2,4.08,0.33,text 3d pdb
sars,2002,1,1,18,e5nhcA1,TIM barrels,AP_endonuc_2,4.17,0.33,text 3d pdb
sars,243,1,1,4,e6d63L1,NTF2-like,DUF3225,3.15,0.33,text 3d pdb
sars,2002,1,1,702,e5okjB1,TIM barrels,Glyco_hydro_1,4.23,0.33,text 3d pdb
sars,898,1,1,9,e6gsl791,a+b domain in Ribosomal protein L1,Ribosomal_L1_2nd_1,4.24,0.33,text 3d pdb
sars,2484,1,1,57,e3oynA3,Ribonuclease H-like,rve,4.43,0.33,text 3d pdb
sars,2484,1,1,57,e4bdzA8,Ribonuclease H-like,rve,3.96,0.33,text 3d pdb
sars,2002,1,1,702,e5okkB1,TIM barrels,Glyco_hydro_1,4.14,0.33,text 3d pdb
sars,2111,78,1,41,e6a12A1,alpha/beta-Hydrolases,Lipase_2_1,4,0.33,text 3d pdb
sars,325,1,7,20,e5nwtD4,Single hybrid motif,PRK14844,4.15,0.33,text 3d pdb
sars,2002,1,1,702,e5okqB1,TIM barrels,Glyco_hydro_1,4.14,0.32,text 3d pdb
sars,10,2,1,40,e1sidD1,Nucleoplasmin-like/VP (viral coat and capsid proteins),Polyoma_coat,3.61,0.32,text 3d pdb
sars,2002,1,1,18,e5nh5A1,TIM barrels,AP_endonuc_2,4.23,0.32,text 3d pdb
sars,289,1,1,1,e1ix1B1,Peptide deformylase,Pep_deformylase,4.27,0.32,text 3d pdb
sars,2002,1,1,18,e5nh6B1,TIM barrels,AP_endonuc_2,4.08,0.32,text 3d pdb
sars,2004,1,1,196,e5jptA5,P-loop containing nucleoside triphosphate hydrolases,Helicase_C_7,3.64,0.32,text 3d pdb
sars,2002,1,1,702,e5oksB1,TIM barrels,Glyco_hydro_1,4.24,0.32,text 3d pdb
sars,298,1,1,7,e6d24A1,Glyceraldehyde-3-phosphate dehydrogenase-like C-terminal domain,G6PD_C,3.88,0.32,text 3d pdb
sars,2002,1,1,18,e5nh6A1,TIM barrels,AP_endonuc_2,4.23,0.32,text 3d pdb
sars,2002,1,1,702,e4ze4B1,TIM barrels,Glyco_hydro_1,4.25,0.32,text 3d pdb
sars,10,1,2,24,e2w1uA1,Galactose-binding domain-like,F5_F8_type_C,3.78,0.32,text 3d pdb
sars,5,1,3,19,e1nmaN1,6-bladed,Neur,3.03,0.32,text 3d pdb
sars,2002,1,1,702,e5okhA1,TIM barrels,Glyco_hydro_1,4.13,0.32,text 3d pdb
sars,2484,1,1,57,e3oylA3,Ribonuclease H-like,rve,3.73,0.32,text 3d pdb
sars,2002,1,1,18,e5nh5B1,TIM barrels,AP_endonuc_2,4.08,0.32,text 3d pdb
sars,380,1,1,2,e1gmoE1,Kringle-like,Kringle,3.72,0.32,text 3d pdb
sars,6,1,1,10,e3wo2D1,beta-Trefoil,IL1,2.97,0.32,text 3d pdb
sars,4186,1,1,,e6qnr951,Ribosomal protein L21p,F_UNCLASSIFIED,3.44,0.32,text 3d pdb
sars,2484,1,1,57,e4e7kA8,Ribonuclease H-like,rve,3.69,0.32,text 3d pdb
sars,2004,1,1,53,e6n30A2,P-loop containing nucleoside triphosphate hydrolases,ATP-synt_ab,4.2,0.32,text 3d pdb
sars,2002,1,1,702,e5okjA1,TIM barrels,Glyco_hydro_1,4.13,0.32,text 3d pdb
sars,2002,1,1,702,e4zepB1,TIM barrels,Glyco_hydro_1,4.25,0.32,text 3d pdb
sars,6,1,1,10,e3wo2C1,beta-Trefoil,IL1,2.95,0.32,text 3d pdb
sars,11,1,1,255,e2ymwB1,Immunoglobulin/Fibronectin type III/E set domains/PapD-like,LodA_1st,4.15,0.32,text 3d pdb
sars,316,1,1,25,e4txzB2,Nucleotidyltransferase,NT_2-5OAS_ClassI-CCAase_like,3.45,0.32,text 3d pdb
sars,3539,1,1,1,e2yq2A1,N-terminal domain in envelope glycoprotein E2,Pestivirus_E2_1st,2.99,0.32,text 3d pdb
sars,2111,17,1,303,e1i6bA1,Periplasmic binding protein-like II,Transferrin_2nd,3.97,0.32,text 3d pdb
sars,219,1,1,194,e5wdlB1,Cysteine proteinases,Peptidase_C1,3.91,0.32,text 3d pdb
sars,316,1,1,25,e4u0mA2,Nucleotidyltransferase,NT_2-5OAS_ClassI-CCAase_like,3.29,0.32,text 3d pdb
sars,246,3,1,13,e5okmG1,DNase I-like,Exo_endo_phos,2.88,0.32,text 3d pdb
sars,2484,1,1,57,e3oybA3,Ribonuclease H-like,rve,3.75,0.32,text 3d pdb
sars,6,1,1,27,e2x2sB1,beta-Trefoil,RicinB_lectin_2,3.4,0.32,text 3d pdb
sars,10,12,1,38,e5opcA1,Double-stranded beta-helix,JmjC_1,3.82,0.32,text 3d pdb
sars,2002,1,1,702,e4ze4A1,TIM barrels,Glyco_hydro_1,4.12,0.32,text 3d pdb
sars,4,1,1,,e6s05X1,SH3,F_UNCLASSIFIED,3.7,0.32,text 3d pdb
sars,2002,1,1,702,e5oksA1,TIM barrels,Glyco_hydro_1,3.7,0.32,text 3d pdb
sars,2003,1,7,1,e3hy6A1,NagB/RpiA/CoA transferase-like,5-FTHF_cyc-lig,4.43,0.32,text 3d pdb
sars,2002,1,1,702,e4zehB1,TIM barrels,Glyco_hydro_1,4.15,0.32,text 3d pdb
sars,6,1,1,27,e2x2sD1,beta-Trefoil,RicinB_lectin_2,3.41,0.32,text 3d pdb
sars,2484,1,1,57,e5no1A1,Ribonuclease H-like,rve,3.74,0.32,text 3d pdb
sars,325,1,7,39,e4xlqC6,Single hybrid motif,RNA_pol_Rpb2_6_2nd,4.32,0.32,text 3d pdb
sars,2484,1,1,57,e4be0A8,Ribonuclease H-like,rve,4.66,0.32,text 3d pdb
sars,2002,1,1,702,e5okrA1,TIM barrels,Glyco_hydro_1,4.13,0.32,text 3d pdb
sars,2111,78,1,6,e4j0dA1,alpha/beta-Hydrolases,Hydrolase_4,3.61,0.32,text 3d pdb
sars,6,1,1,27,e2x2sC1,beta-Trefoil,RicinB_lectin_2,3.13,0.32,text 3d pdb
sars,10,12,1,38,e2xumA1,Double-stranded beta-helix,JmjC_1,4.1,0.32,text 3d pdb
sars,2002,1,1,702,e4zepA1,TIM barrels,Glyco_hydro_1,4.03,0.32,text 3d pdb
sars,2004,1,1,73,e5gvsD1,P-loop containing nucleoside triphosphate hydrolases,DEAD,4.35,0.32,text 3d pdb
sars,2,1,1,385,e3knnL1,Nucleic acid-binding proteins,Ribosom_S12_S23,3.79,0.32,text 3d pdb
sars,2,1,1,385,e4v7mCL1,Nucleic acid-binding proteins,Ribosom_S12_S23,3.79,0.32,text 3d pdb
sars,298,1,1,7,e6d24C2,Glyceraldehyde-3-phosphate dehydrogenase-like C-terminal domain,G6PD_C,3.69,0.32,text 3d pdb
sars,11,12,1,1,e4aq5D3,Nicotinic receptor ligand binding domain-like,Neur_chan_LBD,3.84,0.32,text 3d pdb
sars,101,1,2,102,e1ka8F1,winged,Pox_D5,3.78,0.32,text 3d pdb
sars,289,1,1,1,e3ocaA1,Peptide deformylase,Pep_deformylase,3.79,0.32,text 3d pdb
sars,10,12,1,38,e5jwpA1,Double-stranded beta-helix,JmjC_1,4.2,0.32,text 3d pdb
sars,2,1,1,385,e3pyuL1,Nucleic acid-binding proteins,Ribosom_S12_S23,3.79,0.32,text 3d pdb
sars,2,1,1,385,e4v84CL1,Nucleic acid-binding proteins,Ribosom_S12_S23,3.79,0.32,text 3d pdb
sars,10,12,1,297,e2e9qA3,Double-stranded beta-helix,Cupin_1,3.94,0.32,text 3d pdb
sars,2002,1,1,18,e4xkmF1,TIM barrels,AP_endonuc_2,4.22,0.32,text 3d pdb
sars,2111,73,1,1,e1ecgA2,PRTase-like,Pribosyltran,4.21,0.32,text 3d pdb
sars,2111,78,1,6,e4j0kA1,alpha/beta-Hydrolases,Hydrolase_4,3.45,0.32,text 3d pdb
sars,10,12,1,38,e1yciA1,Double-stranded beta-helix,JmjC_1,4.16,0.32,text 3d pdb
sars,2484,1,1,57,e3oyhA3,Ribonuclease H-like,rve,4.74,0.32,text 3d pdb
sars,269,1,1,2,e3h32F1,Fibrinogen C-terminal domain-like,Fibrinogen_C,4.07,0.32,text 3d pdb
sars,4959,1,1,1,e4wqtN9,first helical domain in RNA-polymerase beta-prime subunit,RNA_pol_Rpb1_3,3.76,0.32,text 3d pdb
sars,304,102,1,5,e5kkpA1,Pseudouridine synthase,TruD_1st,3.66,0.32,text 3d pdb
sars,2002,1,1,702,e5okqA1,TIM barrels,Glyco_hydro_1,4.04,0.32,text 3d pdb
sars,2002,1,1,702,e5okkA1,TIM barrels,Glyco_hydro_1,4.04,0.32,text 3d pdb
sars,2111,75,1,9,e5vrbD3,Thiamin diphosphate-binding fold (THDP-binding),Transket_pyr,3.08,0.32,text 3d pdb
sars,2002,2,1,1,e1dysB1,Cellulases,Glyco_hydro_6,4.29,0.32,text 3d pdb
sars,101,1,2,102,e1ka8E1,winged,Pox_D5,3.77,0.32,text 3d pdb
sars,325,1,7,45,e6f40B6,Single hybrid motif,RNA_pol_Rpb2_6_2nd_1,3.92,0.32,text 3d pdb
sars,2004,1,1,1410,e5uotS2,P-loop containing nucleoside triphosphate hydrolases,Dynamin_N,3.59,0.32,text 3d pdb
sars,325,1,7,39,e4xlqI5,Single hybrid motif,RNA_pol_Rpb2_6_2nd,4.16,0.32,text 3d pdb
sars,101,1,2,1059,e6h24A1,winged,Rep_3_N,3.91,0.32,text 3d pdb
sars,10,12,1,38,e1h2nA1,Double-stranded beta-helix,JmjC_1,4.24,0.32,text 3d pdb
sars,247,1,1,40,e5q61A1,Metallo-hydrolase/oxidoreductase,Lactamase_B_6_1,4.1,0.32,text 3d pdb
sars,209,1,1,24,e1v4lC1,C-type lectin-like,Lectin_C,4.17,0.32,text 3d pdb
sars,206,1,3,4,e4ybzB1,ATP-grasp,ATP-grasp_2,3.87,0.32,text 3d pdb
sars,10,12,1,38,e2wa4A1,Double-stranded beta-helix,JmjC_1,3.63,0.32,text 3d pdb
sars,316,1,1,25,e4u0lA2,Nucleotidyltransferase,NT_2-5OAS_ClassI-CCAase_like,3.83,0.32,text 3d pdb
sars,2002,1,1,120,e4l5zA2,TIM barrels,Meth_synt_2,4.26,0.32,text 3d pdb
sars,289,1,1,1,e3m6rC1,Peptide deformylase,Pep_deformylase,4.02,0.32,text 3d pdb
sars,323,1,1,36,e4g22A2,CoA-dependent acyltransferases,Transferase_C,4.28,0.32,text 3d pdb
sars,2484,1,1,57,e3oyiA3,Ribonuclease H-like,rve,3.97,0.32,text 3d pdb
sars,3539,1,1,1,e4jntB6,N-terminal domain in envelope glycoprotein E2,Pestivirus_E2_1st,3.05,0.32,text 3d pdb
sars,2498,1,1,16,e1zl6A1,domain,Peptidase_M27,4.19,0.32,text 3d pdb
sars,5084,1,1,4,e4ub8o1,OMPA-like,MSP,4.08,0.32,text 3d pdb
sars,2111,73,1,1,e6czfD2,PRTase-like,Pribosyltran,4.35,0.32,text 3d pdb
sars,882,1,1,5,e3j01F1,Ribosomal protein L5,Ribosomal_L5_C,3.47,0.32,text 3d pdb
sars,882,1,1,5,e4v6mBF1,Ribosomal protein L5,Ribosomal_L5_C,3.47,0.32,text 3d pdb
sars,2004,11,1,1,e6asmA1,PEP carboxykinase N-terminal domain,PEPCK_ATP_N,4.41,0.32,text 3d pdb
sars,210,1,1,2,e4j70E1,Proteasome subunits,Proteasome,3.87,0.32,text 3d pdb
sars,5,1,4,44,e6n8sD2,7-bladed,ANAPC4_WD40_6,3.87,0.31,text 3d pdb
sars,2004,11,1,1,e1os1A2,PEP carboxykinase N-terminal domain,PEPCK_ATP_N,4.49,0.31,text 3d pdb
sars,2484,1,1,57,e4e7iA8,Ribonuclease H-like,rve,4.28,0.31,text 3d pdb
sars,289,1,1,1,e5j46A1,Peptide deformylase,Pep_deformylase,3.87,0.31,text 3d pdb
sars,2498,1,1,2,e6btpB1,domain,Astacin,4.2,0.31,text 3d pdb
sars,12,1,1,90,e5o82C2,Glycosyl hydrolase domain,Alpha-L-AF_C,4.08,0.31,text 3d pdb
sars,11,1,1,300,e3v8cB1,Immunoglobulin/Fibronectin type III/E set domains/PapD-like,C1-set,3.74,0.31,text 3d pdb
sars,11,2,1,7,e6q74A1,C2 domain,PI3K_C2,4.01,0.31,text 3d pdb
sars,2111,75,1,5,e6cioC1,Thiamin diphosphate-binding fold (THDP-binding),TPP_enzyme_C,4.11,0.31,text 3d pdb
sars,10,1,1,22,e2a6vA1,Concanavalin A-like lectins/glucanases,Lectin_leg-like,4.42,0.31,text 3d pdb
sars,289,1,1,1,e6ck7A1,Peptide deformylase,Pep_deformylase,3.92,0.31,text 3d pdb
sars,2484,1,1,57,e3oyjA3,Ribonuclease H-like,rve,4.59,0.31,text 3d pdb
sars,325,1,7,45,e6f44B3,Single hybrid motif,RNA_pol_Rpb2_6_2nd_1,3.57,0.31,text 3d pdb
sars,2011,1,1,7,e4b6zA1,Zn-dependent exopeptidases,Peptidase_M14,3.42,0.31,text 3d pdb
sars,5084,5,2,1,e4b61A1,Maltoporin-like,Alginate_exp,3.88,0.31,text 3d pdb
sars,236,1,1,22,e5bp4O4,Alcohol dehydrogenase-like N-terminal domain,ADH_N,4.17,0.31,text 3d pdb
sars,304,4,1,110,e3o72D1,Dimeric alpha+beta barrel,Dyp_perox_N_1,4.01,0.31,text 3d pdb
sars,109,2,1,132,e1h37A1,alpha/alpha toroid,SQHop_cyclase_C,3.46,0.31,text 3d pdb
sars,246,3,1,13,e6ibdA1,DNase I-like,Exo_endo_phos,3.99,0.31,text 3d pdb
sars,2111,79,1,12,e4v59F5,Thiolase-like,ketoacyl-synt,4.12,0.31,text 3d pdb
sars,859,1,1,5,e5xv4B1,The spindle assembly checkpoint protein mad2,ATG101,3.91,0.31,text 3d pdb
sars,11,1,4,100,e4hssB8,Prealbumin-like,GramPos_pilinD1,3.5,0.31,text 3d pdb
sars,2002,1,1,39,e1dorB1,TIM barrels,DHO_dh,4.48,0.31,text 3d pdb
sars,325,1,5,1,e4v6rBO1,Ribosomal protein L10e,Ribosomal_L16,3.9,0.31,text 3d pdb
sars,6030,1,1,1,e2jh3D2,Middle domain of ribosomal protein S2-related protein,EUF08445,3.94,0.3,text 3d pdb
sars,2002,1,1,73,e1isvA2,TIM barrels,Glyco_hydro_10,4.58,0.3,text 3d pdb
sars,231,1,2,2,e3ndvC1,DmpA/ArgJ,Peptidase_S58,3.83,0.3,text 3d pdb
sars,2111,75,1,5,e6cinB5,Thiamin diphosphate-binding fold (THDP-binding),TPP_enzyme_C,4.19,0.3,text 3d pdb
sars,6030,1,1,1,e2jh3A2,Middle domain of ribosomal protein S2-related protein,EUF08445,4.09,0.3,text 3d pdb
sars,3174,1,1,1,e3jaqI1,Ribosomal protein L14-related,Ribosomal_S8e,3.63,0.3,text 3d pdb
sars,304,139,1,9,e3x1lE1,CRISPR-associated protein Cas7/Csa2-related,RAMPs,4.62,0.3,text 3d pdb
sars,3174,1,1,1,e3japI1,Ribosomal protein L14-related,Ribosomal_S8e,3.67,0.3,text 3d pdb
sars,2002,1,1,711,e4jxoA4,TIM barrels,Glyco_hydro_39_1st,4.43,0.3,text 3d pdb
sars,2111,28,1,1,e4kztX2,Carbamate kinase-like,AA_kinase,4.64,0.3,text 3d pdb
sars,274,1,1,12,e3njeA1,Pili subunits,T2SSJ,4.23,0.3,text 3d pdb
sars,304,4,1,110,e2y4eA1,Dimeric alpha+beta barrel,Dyp_perox_N_1,3.98,0.29,text 3d pdb
sars,107,1,1,27,e3svwA1,Cytochrome c,DHOR,4.16,0.29,text 3d pdb
sars,210,1,1,2,e4q1sS1,Proteasome subunits,Proteasome,4.59,0.29,text 3d pdb
sars,2487,1,1,9,e5ir2A1,domain,RraA-like,4.36,0.29,text 3d pdb
sars,5,1,2,5,e1yi7D2,5-bladed,Glyco_hydro_43,4.89,0.29,text 3d pdb
sars,2003,2,1,19,e1h0hA4,Formate dehydrogenase/DMSO reductase domains 2 and 3,Molybdopterin_2nd,4.1,0.29,text 3d pdb
sars,2003,1,5,8,e5dtmB1,S-adenosyl-L-methionine-dependent methyltransferases,DOT1,4.72,0.28,text 3d pdb
sars,2003,1,7,8,e5hj5B1,NagB/RpiA/CoA transferase-like,Glucosamine_iso,4.27,0.27,text 3d pdb
sars,2005,1,1,13,e2ywcB1,HUP domains,NAD_synthase,4.22,0.27,text 3d pdb
sars,2484,1,1,57,e3ao3B1,Ribonuclease H-like,rve,4.53,0.25,text 3d pdb
