#,Chain Id,RMSD,TM-Score,TM-Align
sarscov2,6crxB,1.1,0.85,text 3d pdb
sarscov2,6cs1B,1.13,0.84,text 3d pdb
sarscov2,6crxA,1.31,0.82,text 3d pdb
sarscov2,6cs1A,1.36,0.81,text 3d pdb
sarscov2,6waqD,1.22,0.79,text 3d pdb
sarscov2,2ghvE,1.26,0.78,text 3d pdb
sarscov2,2dd8S,1.33,0.78,text 3d pdb
sarscov2,6nb6C,1.5,0.77,text 3d pdb
sarscov2,6nb7C,1.53,0.77,text 3d pdb
sarscov2,2ghvC,1.31,0.77,text 3d pdb
sarscov2,6nb6A,1.39,0.77,text 3d pdb
sarscov2,6waqB,1.32,0.77,text 3d pdb
sarscov2,6nb7A,1.44,0.77,text 3d pdb
sarscov2,6crwC,1.41,0.77,text 3d pdb
sarscov2,6ackA,1.45,0.77,text 3d pdb
sarscov2,6cs2B,1.48,0.75,text 3d pdb
sarscov2,6crzC,1.46,0.75,text 3d pdb
sarscov2,6cs0C,1.46,0.75,text 3d pdb
sarscov2,3bgfA,1.39,0.75,text 3d pdb
sarscov2,3bgfS,1.39,0.75,text 3d pdb
sarscov2,6acdA,1.56,0.75,text 3d pdb
sarscov2,5wrgA,1.6,0.74,text 3d pdb
sarscov2,5wrgC,1.6,0.74,text 3d pdb
sarscov2,5wrgB,1.6,0.74,text 3d pdb
sarscov2,6crwB,1.62,0.74,text 3d pdb
sarscov2,5x58B,1.53,0.74,text 3d pdb
sarscov2,6crzB,1.63,0.74,text 3d pdb
sarscov2,6cs0B,1.63,0.74,text 3d pdb
sarscov2,5x58C,1.53,0.74,text 3d pdb
sarscov2,5x58A,1.53,0.74,text 3d pdb
sarscov2,5x5bA,1.53,0.74,text 3d pdb
sarscov2,6xc4A,2.15,0.74,text 3d pdb
sarscov2,6ackC,1.51,0.74,text 3d pdb
sarscov2,2ajfF,1.5,0.74,text 3d pdb
sarscov2,2ajfE,1.56,0.74,text 3d pdb
sarscov2,3sciF,1.5,0.74,text 3d pdb
sarscov2,3d0iE,1.54,0.74,text 3d pdb
sarscov2,6acjC,1.58,0.74,text 3d pdb
sarscov2,6accC,1.68,0.74,text 3d pdb
sarscov2,6accA,1.68,0.74,text 3d pdb
sarscov2,6accB,1.68,0.74,text 3d pdb
sarscov2,2ghwA,1.59,0.74,text 3d pdb
sarscov2,3d0gE,1.55,0.73,text 3d pdb
sarscov2,6xc4Z,2.18,0.73,text 3d pdb
sarscov2,7jjjF,2.02,0.73,text 3d pdb
sarscov2,7jjjC,2.02,0.73,text 3d pdb
sarscov2,6acdC,1.56,0.73,text 3d pdb
sarscov2,6ackB,1.57,0.73,text 3d pdb
sarscov2,6xr8A,1.92,0.73,text 3d pdb
sarscov2,6crxC,1.66,0.73,text 3d pdb
sarscov2,2ghwC,1.59,0.73,text 3d pdb
sarscov2,3sciE,1.61,0.73,text 3d pdb
sarscov2,3d0iF,1.56,0.73,text 3d pdb
sarscov2,3scjF,1.55,0.73,text 3d pdb
sarscov2,6cs1C,1.65,0.73,text 3d pdb
sarscov2,3sclF,1.54,0.73,text 3d pdb
sarscov2,6acjA,1.67,0.73,text 3d pdb
sarscov2,3d0hE,1.56,0.73,text 3d pdb
sarscov2,3d0gF,1.56,0.73,text 3d pdb
sarscov2,3scjE,1.56,0.73,text 3d pdb
sarscov2,7jjjE,2.08,0.73,text 3d pdb
sarscov2,7jjjB,2.08,0.73,text 3d pdb
sarscov2,3sclE,1.56,0.73,text 3d pdb
sarscov2,6xr8B,1.92,0.73,text 3d pdb
sarscov2,7c01B,2.11,0.73,text 3d pdb
sarscov2,3d0hF,1.56,0.72,text 3d pdb
sarscov2,3sckF,1.58,0.72,text 3d pdb
sarscov2,6z97B,2.05,0.72,text 3d pdb
sarscov2,3sckE,1.59,0.72,text 3d pdb
sarscov2,6zp0C,2.09,0.72,text 3d pdb
sarscov2,6zp0B,2.09,0.72,text 3d pdb
sarscov2,6zp0A,2.09,0.72,text 3d pdb
sarscov2,6xe1E,2.12,0.72,text 3d pdb
sarscov2,6xr8C,1.93,0.72,text 3d pdb
sarscov2,7jjjD,2.16,0.72,text 3d pdb
sarscov2,7jjjA,2.16,0.72,text 3d pdb
sarscov2,7c01A,2.14,0.72,text 3d pdb
sarscov2,6crwA,1.83,0.72,text 3d pdb
sarscov2,6zhdA,2.07,0.72,text 3d pdb
sarscov2,7bz5A,2.16,0.72,text 3d pdb
sarscov2,5xlrC,1.58,0.72,text 3d pdb
sarscov2,5xlrA,1.58,0.72,text 3d pdb
sarscov2,5xlrB,1.58,0.72,text 3d pdb
sarscov2,6z43A,2.05,0.72,text 3d pdb
sarscov2,7jmpA,2.27,0.72,text 3d pdb
sarscov2,6ylaE,2.17,0.72,text 3d pdb
sarscov2,6yorA,2.17,0.72,text 3d pdb
sarscov2,6yorE,2.17,0.72,text 3d pdb
sarscov2,7jjiC,2.13,0.72,text 3d pdb
sarscov2,7jjiA,2.13,0.72,text 3d pdb
sarscov2,7jjiB,2.13,0.72,text 3d pdb
sarscov2,6vw1E,2.17,0.72,text 3d pdb
sarscov2,6zhdC,2.1,0.72,text 3d pdb
sarscov2,6yz5E,2.08,0.72,text 3d pdb
sarscov2,6z43C,2.07,0.72,text 3d pdb
sarscov2,6z2mA,2.13,0.71,text 3d pdb
sarscov2,6z43B,2.1,0.71,text 3d pdb
sarscov2,6zhdB,2.15,0.71,text 3d pdb
sarscov2,7c8vB,2.05,0.71,text 3d pdb
sarscov2,7jmoA,2.17,0.71,text 3d pdb
sarscov2,6ym0E,2.18,0.71,text 3d pdb
sarscov2,6lzgB,2.18,0.71,text 3d pdb
sarscov2,6zggC,2.22,0.71,text 3d pdb
sarscov2,6yz7AAA,2.18,0.71,text 3d pdb
sarscov2,6crzA,1.87,0.71,text 3d pdb
sarscov2,6cs0A,1.87,0.71,text 3d pdb
sarscov2,6zp1A,2.19,0.71,text 3d pdb
sarscov2,6zp1C,2.19,0.71,text 3d pdb
sarscov2,6zp1B,2.19,0.71,text 3d pdb
sarscov2,6zghB,2.27,0.71,text 3d pdb
sarscov2,6zdhC,2.2,0.71,text 3d pdb
sarscov2,7bwjE,2.27,0.7,text 3d pdb
sarscov2,6zerE,2.26,0.7,text 3d pdb
sarscov2,6zerA,2.26,0.7,text 3d pdb
sarscov2,6zerD,2.26,0.7,text 3d pdb
sarscov2,6z2mE,2.15,0.7,text 3d pdb
sarscov2,6w41C,2.26,0.7,text 3d pdb
sarscov2,6zczE,2.21,0.7,text 3d pdb
sarscov2,6m0jE,2.21,0.7,text 3d pdb
sarscov2,6z97A,2.3,0.7,text 3d pdb
sarscov2,6zoxB,2.24,0.7,text 3d pdb
sarscov2,6zoxC,2.24,0.7,text 3d pdb
sarscov2,6vw1F,2.19,0.7,text 3d pdb
sarscov2,6zoxA,2.24,0.7,text 3d pdb
sarscov2,6zfoE,2.23,0.7,text 3d pdb
sarscov2,6zfoA,2.23,0.7,text 3d pdb
sarscov2,6zp2C,2.17,0.7,text 3d pdb
sarscov2,6zp2B,2.17,0.7,text 3d pdb
sarscov2,6zozA,2.2,0.7,text 3d pdb
sarscov2,6zp2A,2.17,0.7,text 3d pdb
sarscov2,6zozC,2.2,0.7,text 3d pdb
sarscov2,6zozB,2.2,0.7,text 3d pdb
sarscov2,6zdhB,2.09,0.7,text 3d pdb
sarscov2,6yz7EEE,2.23,0.7,text 3d pdb
sarscov2,6zdhA,2.2,0.7,text 3d pdb
sarscov2,6zgeC,2.2,0.7,text 3d pdb
sarscov2,6zgeA,2.2,0.7,text 3d pdb
sarscov2,6zgeB,2.2,0.7,text 3d pdb
sarscov2,6zdgE,2.24,0.7,text 3d pdb
sarscov2,6zdgA,2.24,0.7,text 3d pdb
sarscov2,6zdgD,2.24,0.7,text 3d pdb
sarscov2,7byrB,2.17,0.7,text 3d pdb
sarscov2,7canB,2.32,0.69,text 3d pdb
sarscov2,7c8wB,2.26,0.69,text 3d pdb
sarscov2,6z97C,2.57,0.69,text 3d pdb
sarscov2,6xcnE,2.06,0.69,text 3d pdb
sarscov2,6xcnC,2.06,0.69,text 3d pdb
sarscov2,6xcnA,2.06,0.69,text 3d pdb
sarscov2,6zoyB,2.17,0.69,text 3d pdb
sarscov2,6zoyC,2.17,0.69,text 3d pdb
sarscov2,6zoyA,2.17,0.69,text 3d pdb
sarscov2,6zgiA,2.23,0.69,text 3d pdb
sarscov2,6zgiB,2.23,0.69,text 3d pdb
sarscov2,6zgiC,2.23,0.69,text 3d pdb
sarscov2,6zbpEEE,2.11,0.69,text 3d pdb
sarscov2,6zggB,2.01,0.68,text 3d pdb
sarscov2,6xcmB,2.14,0.68,text 3d pdb
sarscov2,6xc7A,2.14,0.68,text 3d pdb
sarscov2,6xeyB,2.27,0.68,text 3d pdb
sarscov2,6xeyC,2.33,0.68,text 3d pdb
sarscov2,6xeyA,2.35,0.68,text 3d pdb
sarscov2,6xcmC,2.1,0.67,text 3d pdb
sarscov2,6xluB,2.15,0.67,text 3d pdb
sarscov2,6xluC,2.15,0.67,text 3d pdb
sarscov2,6zghC,2.21,0.67,text 3d pdb
sarscov2,6xm3C,2.25,0.66,text 3d pdb
sarscov2,6zgfB,2.28,0.66,text 3d pdb
sarscov2,6zgfA,2.28,0.66,text 3d pdb
sarscov2,6zgfC,2.28,0.66,text 3d pdb
sarscov2,6xc3C,2.19,0.66,text 3d pdb
sarscov2,6xluA,2.17,0.66,text 3d pdb
sarscov2,6xc2Z,2.21,0.66,text 3d pdb
sarscov2,6xm0C,2.25,0.65,text 3d pdb
sarscov2,6xc2A,2.23,0.65,text 3d pdb
sarscov2,6xm5B,2.26,0.65,text 3d pdb
sarscov2,6m17E,2.33,0.65,text 3d pdb
sarscov2,6m17F,2.33,0.65,text 3d pdb
sarscov2,6zp5A,2.45,0.64,text 3d pdb
sarscov2,6xm5C,2.36,0.64,text 3d pdb
sarscov2,6zowa,2.42,0.64,text 3d pdb
sarscov2,6ylaA,2.42,0.64,text 3d pdb
sarscov2,6zp7A,2.42,0.64,text 3d pdb
sarscov2,6xm0A,2.24,0.64,text 3d pdb
sarscov2,6x6pC,1.38,0.63,text 3d pdb
sarscov2,6x6pA,1.38,0.63,text 3d pdb
sarscov2,6x6pB,1.38,0.63,text 3d pdb
sarscov2,6xm4B,2.45,0.61,text 3d pdb
sarscov2,6xm5A,2.56,0.59,text 3d pdb
sarscov2,7c2lC,2.21,0.47,text 3d pdb
sarscov2,6x2aA,1.34,0.45,text 3d pdb
sarscov2,4xzyA,3.18,0.45,text 3d pdb
sarscov2,6jtcA,3.02,0.44,text 3d pdb
sarscov2,6vybC,1.79,0.44,text 3d pdb
sarscov2,5j7iA,3.96,0.44,text 3d pdb
sarscov2,3prlB,3.09,0.43,text 3d pdb
sarscov2,6x2bA,1.46,0.43,text 3d pdb
sarscov2,2qzyB,3.96,0.43,text 3d pdb
sarscov2,2fafB,4.03,0.43,text 3d pdb
sarscov2,6jtbA,2.96,0.43,text 3d pdb
sarscov2,5izdC,3.58,0.42,text 3d pdb
sarscov2,4y02A,3,0.42,text 3d pdb
sarscov2,3prlD,3.35,0.42,text 3d pdb
sarscov2,4y04A,2.99,0.42,text 3d pdb
sarscov2,5ac0A,3.82,0.42,text 3d pdb
sarscov2,2zciD,4.05,0.42,text 3d pdb
sarscov2,5ac1A,3.33,0.42,text 3d pdb
sarscov2,1d0nB,3.38,0.42,text 3d pdb
sarscov2,4i99B,3.79,0.42,text 3d pdb
sarscov2,6q9zA,3.54,0.42,text 3d pdb
sarscov2,1pedC,4.05,0.41,text 3d pdb
sarscov2,1pedB,4.05,0.41,text 3d pdb
sarscov2,1pedA,4.05,0.41,text 3d pdb
sarscov2,2b83C,3.93,0.41,text 3d pdb
sarscov2,4yweD,3.49,0.41,text 3d pdb
sarscov2,5jflG,3.07,0.41,text 3d pdb
sarscov2,2b83D,3.93,0.41,text 3d pdb
sarscov2,1pedD,3.91,0.41,text 3d pdb
sarscov2,2b83A,3.96,0.41,text 3d pdb
sarscov2,5l13H,3.65,0.41,text 3d pdb
sarscov2,2zciC,4.05,0.41,text 3d pdb
sarscov2,5jflE,2.92,0.41,text 3d pdb
sarscov2,6schD,3.92,0.41,text 3d pdb
sarscov2,5jfnC,3.22,0.41,text 3d pdb
sarscov2,2fahD,4.15,0.41,text 3d pdb
sarscov2,1jqbA,4.03,0.41,text 3d pdb
sarscov2,5jfmG,3.07,0.41,text 3d pdb
sarscov2,6gvsB,2.95,0.41,text 3d pdb
sarscov2,6gvsD,2.97,0.41,text 3d pdb
sarscov2,4wpvA,4.37,0.41,text 3d pdb
sarscov2,6b5iB,3.78,0.41,text 3d pdb
sarscov2,6gvsH,3.22,0.41,text 3d pdb
sarscov2,6b5hA,3.42,0.41,text 3d pdb
sarscov2,5jflB,2.94,0.41,text 3d pdb
sarscov2,1d0nA,3.41,0.41,text 3d pdb
sarscov2,6gvsA,3.07,0.41,text 3d pdb
sarscov2,4dmzA,3.3,0.41,text 3d pdb
sarscov2,4wl8A,4.36,0.41,text 3d pdb
sarscov2,5jflF,2.98,0.41,text 3d pdb
sarscov2,5jfmD,2.98,0.41,text 3d pdb
sarscov2,4yiyB,3.01,0.41,text 3d pdb
sarscov2,3fplA,3.88,0.41,text 3d pdb
sarscov2,4wiuA,4.36,0.41,text 3d pdb
sarscov2,2onoG,3.51,0.41,text 3d pdb
sarscov2,6jtcB,3.14,0.41,text 3d pdb
sarscov2,5druA,3.29,0.41,text 3d pdb
sarscov2,3fsrA,3.93,0.41,text 3d pdb
sarscov2,6gvsE,3.09,0.41,text 3d pdb
sarscov2,6schB,3.93,0.41,text 3d pdb
sarscov2,2onoB,3.45,0.41,text 3d pdb
sarscov2,5jflH,3.11,0.41,text 3d pdb
sarscov2,3fsrB,4.02,0.41,text 3d pdb
sarscov2,2ouiD,4.03,0.41,text 3d pdb
sarscov2,5jfnD,3.36,0.41,text 3d pdb
sarscov2,6schA,3.95,0.41,text 3d pdb
sarscov2,1jqbC,3.96,0.41,text 3d pdb
sarscov2,5jfnA,3.37,0.41,text 3d pdb
sarscov2,2onoF,3.61,0.4,text 3d pdb
sarscov2,6schC,3.92,0.4,text 3d pdb
sarscov2,5jfmA,3.01,0.4,text 3d pdb
sarscov2,5jfmC,3.07,0.4,text 3d pdb
sarscov2,5jflD,3.1,0.4,text 3d pdb
sarscov2,1bxzD,3.92,0.4,text 3d pdb
sarscov2,4yixA,2.99,0.4,text 3d pdb
sarscov2,5jflA,3.1,0.4,text 3d pdb
sarscov2,4c3sA,3.18,0.4,text 3d pdb
sarscov2,6pnuA,3.3,0.4,text 3d pdb
sarscov2,1o9jB,3.41,0.4,text 3d pdb
sarscov2,4y01A,3.92,0.4,text 3d pdb
sarscov2,3dtbA,4.16,0.4,text 3d pdb
sarscov2,5dbvA,3.2,0.4,text 3d pdb
sarscov2,6b5hB,3.79,0.4,text 3d pdb
sarscov2,1o9jD,3.43,0.4,text 3d pdb
sarscov2,6pnuB,3.3,0.4,text 3d pdb
sarscov2,1jqbB,4.06,0.4,text 3d pdb
sarscov2,5jfmF,3.37,0.4,text 3d pdb
sarscov2,3rhhB,3.33,0.4,text 3d pdb
sarscov2,3n81A,3.52,0.4,text 3d pdb
sarscov2,6popA,3.37,0.4,text 3d pdb
sarscov2,3mohB,4.18,0.4,text 3d pdb
sarscov2,5jfmE,3.37,0.4,text 3d pdb
sarscov2,6b5iD,3.51,0.4,text 3d pdb
sarscov2,1cw3D,3.53,0.4,text 3d pdb
sarscov2,3fpcC,4.03,0.4,text 3d pdb
sarscov2,5jfnB,3.51,0.4,text 3d pdb
sarscov2,3dt4A,4.2,0.4,text 3d pdb
sarscov2,5l13G,3.55,0.4,text 3d pdb
sarscov2,6b5gD,3.52,0.4,text 3d pdb
sarscov2,1bxzB,4.18,0.4,text 3d pdb
sarscov2,1bxzC,4.2,0.4,text 3d pdb
sarscov2,4a3gA,3.74,0.4,text 3d pdb
sarscov2,5jflC,3.14,0.4,text 3d pdb
sarscov2,6f57A,3.39,0.4,text 3d pdb
sarscov2,3n81D,3.53,0.4,text 3d pdb
sarscov2,3fpcB,4.03,0.4,text 3d pdb
sarscov2,3fpcA,4.04,0.4,text 3d pdb
sarscov2,4ox2B,4.14,0.4,text 3d pdb
sarscov2,3fpcD,4.03,0.4,text 3d pdb
sarscov2,4eu0A,3.45,0.4,text 3d pdb
sarscov2,6vz9B,3.89,0.4,text 3d pdb
sarscov2,4ghkA,3.79,0.4,text 3d pdb
sarscov2,6qbfA,3.44,0.4,text 3d pdb
sarscov2,3qg5A,3.59,0.4,text 3d pdb
sarscov2,3mofA,4.13,0.4,text 3d pdb
sarscov2,1bxzA,4.04,0.4,text 3d pdb
sarscov2,4um3g,3.3,0.4,text 3d pdb
sarscov2,1zumD,4.03,0.4,text 3d pdb
sarscov2,5uymE,3.54,0.4,text 3d pdb
sarscov2,6q9rB,3.45,0.4,text 3d pdb
sarscov2,6w8bD,3.33,0.39,text 3d pdb
sarscov2,6jehA,3.3,0.39,text 3d pdb
sarscov2,6w89J,3.36,0.39,text 3d pdb
sarscov2,6za4C,3.94,0.39,text 3d pdb
sarscov2,6p5oA,4.02,0.39,text 3d pdb
sarscov2,4zivE,3.31,0.39,text 3d pdb
sarscov2,3prlA,3.44,0.39,text 3d pdb
sarscov2,4y01B,3.65,0.39,text 3d pdb
sarscov2,1kevB,4.06,0.39,text 3d pdb
sarscov2,2rkaC,4.04,0.39,text 3d pdb
sarscov2,5jwgB,3.86,0.39,text 3d pdb
sarscov2,3rv7A,4.01,0.39,text 3d pdb
sarscov2,5fh4A,4.01,0.39,text 3d pdb
sarscov2,1kheA,3.67,0.39,text 3d pdb
sarscov2,2rkdA,4.04,0.39,text 3d pdb
sarscov2,6d95A,3.54,0.39,text 3d pdb
sarscov2,6popE,3.05,0.39,text 3d pdb
sarscov2,1zumC,3.62,0.39,text 3d pdb
sarscov2,6bjpB,3.63,0.39,text 3d pdb
sarscov2,4gmmA,4.14,0.39,text 3d pdb
sarscov2,4gmzA,4.14,0.39,text 3d pdb
sarscov2,3mofB,4.04,0.39,text 3d pdb
sarscov2,6d8aF,3.59,0.39,text 3d pdb
sarscov2,6d9kA,3.54,0.39,text 3d pdb
sarscov2,4rcgA,4.34,0.39,text 3d pdb
sarscov2,2rk8A,4.15,0.39,text 3d pdb
sarscov2,6u8vD,3.31,0.39,text 3d pdb
sarscov2,4g36B,3.56,0.39,text 3d pdb
sarscov2,6u90A,3.69,0.39,text 3d pdb
sarscov2,2rk8B,4.19,0.39,text 3d pdb
sarscov2,5fh1A,4.26,0.39,text 3d pdb
sarscov2,1kevC,4.08,0.39,text 3d pdb
sarscov2,6kdbD,3.45,0.39,text 3d pdb
sarscov2,6u90D,3.31,0.39,text 3d pdb
sarscov2,6w8bH,3.29,0.39,text 3d pdb
sarscov2,6u8wA,3.67,0.39,text 3d pdb
sarscov2,6u8wD,3.52,0.39,text 3d pdb
sarscov2,2rkaA,4.1,0.39,text 3d pdb
sarscov2,6w89D,3.43,0.39,text 3d pdb
sarscov2,6jc8D,3.7,0.39,text 3d pdb
sarscov2,6w8bA,3.29,0.39,text 3d pdb
sarscov2,5v9fA,4.18,0.39,text 3d pdb
sarscov2,6u91A,3.7,0.39,text 3d pdb
sarscov2,6u91D,3.32,0.39,text 3d pdb
sarscov2,6d92A,3.55,0.39,text 3d pdb
sarscov2,5gt6C,3.39,0.39,text 3d pdb
sarscov2,4lnoF,3.42,0.39,text 3d pdb
sarscov2,2rkeA,4.01,0.39,text 3d pdb
sarscov2,5bp0A,3.41,0.39,text 3d pdb
sarscov2,3dt7A,4.06,0.39,text 3d pdb
sarscov2,6d9lA,3.75,0.39,text 3d pdb
sarscov2,6u8xA,3.7,0.39,text 3d pdb
sarscov2,6w8dA,3.68,0.39,text 3d pdb
sarscov2,6brrD,3.34,0.39,text 3d pdb
sarscov2,4zjqE,3.54,0.39,text 3d pdb
sarscov2,6w89G,3.43,0.39,text 3d pdb
sarscov2,3dt7B,4.09,0.39,text 3d pdb
sarscov2,6u8pA,3.7,0.39,text 3d pdb
sarscov2,6w8bK,3.31,0.39,text 3d pdb
sarscov2,3moeA,4.24,0.39,text 3d pdb
sarscov2,2nqqB,3.39,0.39,text 3d pdb
sarscov2,4zjoE,3.49,0.39,text 3d pdb
sarscov2,4s0rL,3.28,0.39,text 3d pdb
sarscov2,5jjqD,3.76,0.39,text 3d pdb
sarscov2,3f8uB,3.24,0.39,text 3d pdb
sarscov2,3dtbB,4.15,0.39,text 3d pdb
sarscov2,5v9hA,4.3,0.39,text 3d pdb
sarscov2,6kdaD,3.71,0.39,text 3d pdb
sarscov2,4ghkD,3.53,0.38,text 3d pdb
sarscov2,4gnmA,4.08,0.38,text 3d pdb
sarscov2,6d8pB,3.55,0.38,text 3d pdb
sarscov2,5jjqB,3.78,0.38,text 3d pdb
sarscov2,6w89A,3.28,0.38,text 3d pdb
sarscov2,4zjoA,3.54,0.38,text 3d pdb
sarscov2,5v9gA,4.12,0.38,text 3d pdb
sarscov2,6u8pD,3.69,0.38,text 3d pdb
sarscov2,4gnoA,4.07,0.38,text 3d pdb
sarscov2,5yx2A,3.71,0.38,text 3d pdb
sarscov2,3rv8C,4.02,0.38,text 3d pdb
sarscov2,1o20A,3.9,0.38,text 3d pdb
sarscov2,3f8uD,3.35,0.38,text 3d pdb
sarscov2,6kdaA,3.73,0.38,text 3d pdb
sarscov2,4v9lDQ,3.79,0.38,text 3d pdb
sarscov2,5jjqC,3.3,0.38,text 3d pdb
sarscov2,3dt2A,4.23,0.38,text 3d pdb
sarscov2,6u8xD,3.71,0.38,text 3d pdb
sarscov2,4gnqA,4.08,0.38,text 3d pdb
sarscov2,2gmvB,4.2,0.38,text 3d pdb
sarscov2,3vz2B,3.53,0.38,text 3d pdb
sarscov2,6xs4B,3.83,0.38,text 3d pdb
sarscov2,4gmuA,3.94,0.38,text 3d pdb
sarscov2,2gmvA,4.36,0.38,text 3d pdb
sarscov2,3mohA,4.23,0.38,text 3d pdb
sarscov2,1khgA,4.3,0.38,text 3d pdb
sarscov2,6kdbA,3.34,0.38,text 3d pdb
sarscov2,6xs4A,3.93,0.38,text 3d pdb
sarscov2,5yx2D,3.35,0.38,text 3d pdb
sarscov2,6ifnE,3.69,0.38,text 3d pdb
sarscov2,4a7yA,3.35,0.38,text 3d pdb
sarscov2,1t90A,3.76,0.38,text 3d pdb
sarscov2,6jc9C,3.92,0.38,text 3d pdb
sarscov2,5vi8A,3.61,0.38,text 3d pdb
sarscov2,4v72BM,3.83,0.38,text 3d pdb
sarscov2,4zjlD,3.59,0.38,text 3d pdb
sarscov2,1li1A,4.07,0.38,text 3d pdb
sarscov2,1m3dG,3.94,0.38,text 3d pdb
sarscov2,4s0rM,3.47,0.38,text 3d pdb
sarscov2,4s0rA,3.37,0.38,text 3d pdb
sarscov2,5nayB,3.82,0.38,text 3d pdb
sarscov2,5fh5A,4.28,0.38,text 3d pdb
sarscov2,4qn9B,3.28,0.38,text 3d pdb
sarscov2,5nayD,4.05,0.38,text 3d pdb
sarscov2,4zjlB,3.42,0.38,text 3d pdb
sarscov2,5k8pE,3.77,0.38,text 3d pdb
sarscov2,4gnlA,3.96,0.38,text 3d pdb
sarscov2,1li1D,4.15,0.38,text 3d pdb
sarscov2,4zjoB,3.43,0.38,text 3d pdb
sarscov2,6jc8B,3.71,0.38,text 3d pdb
sarscov2,4gnpA,3.97,0.38,text 3d pdb
sarscov2,3kfkA,3.61,0.38,text 3d pdb
sarscov2,5nb0D,4.04,0.38,text 3d pdb
sarscov2,1t90C,3.67,0.38,text 3d pdb
sarscov2,2zciA,4.51,0.38,text 3d pdb
sarscov2,5jjqA,3.36,0.38,text 3d pdb
sarscov2,6jc8C,3.7,0.38,text 3d pdb
sarscov2,6jc9B,3.71,0.38,text 3d pdb
sarscov2,5v97A,3.98,0.38,text 3d pdb
sarscov2,6jc9D,3.71,0.38,text 3d pdb
sarscov2,5fh3A,4.24,0.38,text 3d pdb
sarscov2,6bm2A,4.33,0.38,text 3d pdb
sarscov2,5ddwA,3.7,0.38,text 3d pdb
sarscov2,2dr6B,3.96,0.38,text 3d pdb
sarscov2,6jc8A,3.71,0.38,text 3d pdb
sarscov2,6jc7C,3.7,0.38,text 3d pdb
sarscov2,4zjlA,3.4,0.38,text 3d pdb
sarscov2,6jc7A,3.7,0.38,text 3d pdb
sarscov2,4dg9A,3.73,0.37,text 3d pdb
sarscov2,1pv4A,3.92,0.37,text 3d pdb
sarscov2,1nhxA,4.23,0.37,text 3d pdb
sarscov2,6w8dD,3.34,0.37,text 3d pdb
sarscov2,3v9kA,4.17,0.37,text 3d pdb
sarscov2,6jc7D,3.7,0.37,text 3d pdb
sarscov2,4qn9A,3.56,0.37,text 3d pdb
sarscov2,1khfA,4.25,0.37,text 3d pdb
sarscov2,1m3dD,3.81,0.37,text 3d pdb
sarscov2,1m51A,4.18,0.37,text 3d pdb
sarscov2,6uzhF,3.62,0.37,text 3d pdb
sarscov2,1t60B,3.61,0.37,text 3d pdb
sarscov2,2q11C,4.04,0.37,text 3d pdb
sarscov2,4wq17E,3.83,0.37,text 3d pdb
sarscov2,4zitD,3.7,0.37,text 3d pdb
sarscov2,4a7nD,2.84,0.37,text 3d pdb
sarscov2,4a7nB,2.84,0.37,text 3d pdb
sarscov2,4a7nC,2.84,0.37,text 3d pdb
sarscov2,4a7nE,2.84,0.37,text 3d pdb
sarscov2,4a7nA,2.84,0.37,text 3d pdb
sarscov2,1kd0B,4.3,0.37,text 3d pdb
sarscov2,1khbA,4.3,0.37,text 3d pdb
sarscov2,3st6D,3.38,0.37,text 3d pdb
sarscov2,6z12B,3.52,0.37,text 3d pdb
sarscov2,4agfD,3.99,0.37,text 3d pdb
sarscov2,5tcuSD,3.85,0.37,text 3d pdb
sarscov2,5fh0A,4.11,0.37,text 3d pdb
sarscov2,1t60S,3.86,0.37,text 3d pdb
sarscov2,4jpcA,3.68,0.37,text 3d pdb
sarscov2,3gtqB,2.87,0.37,text 3d pdb
sarscov2,1kd0A,4.2,0.37,text 3d pdb
sarscov2,6by1BE,3.61,0.37,text 3d pdb
sarscov2,1t61D,3.61,0.37,text 3d pdb
sarscov2,5m4xD,3.72,0.37,text 3d pdb
sarscov2,6v7jA,4.13,0.37,text 3d pdb
sarscov2,3v9kB,3.87,0.37,text 3d pdb
sarscov2,5naxA,3.86,0.37,text 3d pdb
sarscov2,6j0fD,3.74,0.37,text 3d pdb
sarscov2,6j0fC,3.74,0.37,text 3d pdb
sarscov2,6j0fA,3.74,0.37,text 3d pdb
sarscov2,6j0fE,3.74,0.37,text 3d pdb
sarscov2,6j0fF,3.74,0.37,text 3d pdb
sarscov2,6j0fB,3.74,0.37,text 3d pdb
sarscov2,5jwiB,4.28,0.37,text 3d pdb
sarscov2,2po6A,3.35,0.37,text 3d pdb
sarscov2,4zivD,3.9,0.37,text 3d pdb
sarscov2,3d11A,3.18,0.37,text 3d pdb
sarscov2,4go0A,3.66,0.37,text 3d pdb
sarscov2,1t60O,4.1,0.37,text 3d pdb
sarscov2,3v9jB,3.71,0.37,text 3d pdb
sarscov2,4yiyA,3.9,0.37,text 3d pdb
sarscov2,6uu8DDD,3.47,0.37,text 3d pdb
sarscov2,3rhqA,3.66,0.37,text 3d pdb
sarscov2,5nb0A,3.86,0.37,text 3d pdb
sarscov2,4e3xB,3.72,0.37,text 3d pdb
sarscov2,1t60R,4.11,0.37,text 3d pdb
sarscov2,5btoA,3.81,0.37,text 3d pdb
sarscov2,4gogA,3.61,0.37,text 3d pdb
sarscov2,4go2B,3.67,0.37,text 3d pdb
sarscov2,1m3dF,4.13,0.37,text 3d pdb
sarscov2,6az3N,4.15,0.37,text 3d pdb
sarscov2,4f3xD,3.31,0.37,text 3d pdb
sarscov2,6uzhE,3.74,0.36,text 3d pdb
sarscov2,4lniG,3.91,0.36,text 3d pdb
sarscov2,3rhpA,3.67,0.36,text 3d pdb
sarscov2,3napC,3.76,0.36,text 3d pdb
sarscov2,4gnzC,3.66,0.36,text 3d pdb
sarscov2,4zivB,3.6,0.36,text 3d pdb
sarscov2,4ziwB,3.47,0.36,text 3d pdb
sarscov2,5izdD,3.76,0.36,text 3d pdb
sarscov2,4ziwA,3.77,0.36,text 3d pdb
sarscov2,6msgk,3.23,0.36,text 3d pdb
sarscov2,6msgK,3.23,0.36,text 3d pdb
sarscov2,5k8pH,3.71,0.36,text 3d pdb
sarscov2,5f82B,3.59,0.36,text 3d pdb
sarscov2,4hwaD,3.47,0.36,text 3d pdb
sarscov2,4go0C,3.69,0.36,text 3d pdb
sarscov2,4hwaA,3.47,0.36,text 3d pdb
sarscov2,4lniA,3.61,0.36,text 3d pdb
sarscov2,4lh1A,3.89,0.36,text 3d pdb
sarscov2,2fn6B,3.61,0.36,text 3d pdb
sarscov2,4zjlE,4.02,0.36,text 3d pdb
sarscov2,4lniB,3.79,0.36,text 3d pdb
sarscov2,3p5gC,3.5,0.36,text 3d pdb
sarscov2,2fnuA,3.53,0.36,text 3d pdb
sarscov2,4lh3A,4.16,0.36,text 3d pdb
sarscov2,4dalC,3.28,0.36,text 3d pdb
sarscov2,4hppA,3.47,0.36,text 3d pdb
sarscov2,3p7fC,3.6,0.36,text 3d pdb
sarscov2,3u0pA,3.27,0.36,text 3d pdb
sarscov2,4n32C,3.49,0.36,text 3d pdb
sarscov2,4u3tA,3.58,0.36,text 3d pdb
sarscov2,6ts9B,3.62,0.36,text 3d pdb
sarscov2,4dnrA,3.39,0.36,text 3d pdb
sarscov2,2fh3A,3.51,0.36,text 3d pdb
sarscov2,6aebF,3.82,0.36,text 3d pdb
sarscov2,1z81A,3.69,0.36,text 3d pdb
sarscov2,5b2tB,3.47,0.36,text 3d pdb
sarscov2,2rk7A,4.12,0.36,text 3d pdb
sarscov2,3ni9B,3.73,0.36,text 3d pdb
sarscov2,2w8qA,3.74,0.36,text 3d pdb
sarscov2,6jidB,3.64,0.36,text 3d pdb
sarscov2,2fh1A,3.26,0.36,text 3d pdb
sarscov2,6mpxA,3.29,0.36,text 3d pdb
sarscov2,3ilwA,4.24,0.36,text 3d pdb
sarscov2,6um4J,3.68,0.36,text 3d pdb
sarscov2,2vv5B,3.77,0.36,text 3d pdb
sarscov2,5nayC,4.07,0.36,text 3d pdb
sarscov2,5jwiA,3.31,0.36,text 3d pdb
sarscov2,4ageB,3.77,0.36,text 3d pdb
sarscov2,5jfmB,3.57,0.36,text 3d pdb
sarscov2,2vv5C,3.78,0.36,text 3d pdb
sarscov2,1s1rA,4.59,0.36,text 3d pdb
sarscov2,4ageC,3.78,0.36,text 3d pdb
sarscov2,2fn6A,3.55,0.36,text 3d pdb
sarscov2,1li1C,4.14,0.36,text 3d pdb
sarscov2,4u50M0,4,0.36,text 3d pdb
sarscov2,6ccvA,3.67,0.36,text 3d pdb
sarscov2,4agfC,3.78,0.36,text 3d pdb
sarscov2,6y57LI,4.15,0.36,text 3d pdb
sarscov2,4agfB,3.78,0.36,text 3d pdb
sarscov2,2vv5D,3.87,0.36,text 3d pdb
sarscov2,5tw1A,3.68,0.36,text 3d pdb
sarscov2,4lniK,3.65,0.36,text 3d pdb
sarscov2,4ageE,3.87,0.36,text 3d pdb
sarscov2,5jwgA,3.33,0.36,text 3d pdb
sarscov2,4agfE,3.87,0.36,text 3d pdb
sarscov2,1bi9A,3.8,0.36,text 3d pdb
sarscov2,3prlC,4.02,0.36,text 3d pdb
sarscov2,4cbbA,3.9,0.36,text 3d pdb
sarscov2,4ageD,3.88,0.36,text 3d pdb
sarscov2,4agfG,3.81,0.36,text 3d pdb
sarscov2,2vv5E,3.88,0.36,text 3d pdb
sarscov2,2vv5G,3.81,0.36,text 3d pdb
sarscov2,4n35A,3.5,0.36,text 3d pdb
sarscov2,2xdrB,3.9,0.36,text 3d pdb
sarscov2,2vv5F,3.8,0.36,text 3d pdb
sarscov2,4agfF,3.89,0.36,text 3d pdb
sarscov2,4ageF,3.8,0.36,text 3d pdb
sarscov2,6tiwK,3.98,0.36,text 3d pdb
sarscov2,5nb0G,3.82,0.36,text 3d pdb
sarscov2,3f1sA,2.75,0.36,text 3d pdb
sarscov2,1p8xA,3.59,0.36,text 3d pdb
sarscov2,3on9B,3.22,0.36,text 3d pdb
sarscov2,5nb0F,3.63,0.36,text 3d pdb
sarscov2,6ta3K,3.96,0.36,text 3d pdb
sarscov2,5btnA,3.81,0.36,text 3d pdb
sarscov2,4ageG,3.81,0.36,text 3d pdb
sarscov2,4ageA,3.81,0.36,text 3d pdb
sarscov2,4agfA,3.81,0.36,text 3d pdb
sarscov2,2fh2A,3.33,0.36,text 3d pdb
sarscov2,6bjpC,3.9,0.36,text 3d pdb
sarscov2,6vr6D,3.74,0.36,text 3d pdb
sarscov2,6rxzCR,3.75,0.36,text 3d pdb
sarscov2,6rxzCS,3.75,0.36,text 3d pdb
sarscov2,4lnfF,3.64,0.35,text 3d pdb
sarscov2,3r8hA,4.4,0.35,text 3d pdb
sarscov2,4iisA,4.34,0.35,text 3d pdb
sarscov2,4qwlD,2.99,0.35,text 3d pdb
sarscov2,1o9jA,3.76,0.35,text 3d pdb
sarscov2,5cfqB,3.14,0.35,text 3d pdb
sarscov2,6fkiD,4.28,0.35,text 3d pdb
sarscov2,6fkhB,4.28,0.35,text 3d pdb
sarscov2,4go4A,3.88,0.35,text 3d pdb
sarscov2,4s0rF,3.61,0.35,text 3d pdb
sarscov2,5nb0E,3.63,0.35,text 3d pdb
sarscov2,6qaoG,3.86,0.35,text 3d pdb
sarscov2,2qewA,3.93,0.35,text 3d pdb
sarscov2,2iw2B,3.7,0.35,text 3d pdb
sarscov2,4ywbC,4.08,0.35,text 3d pdb
sarscov2,3eaqB,3.51,0.35,text 3d pdb
sarscov2,4go3A,3.69,0.35,text 3d pdb
sarscov2,4q0lD,4.08,0.35,text 3d pdb
sarscov2,5fh2A,3.96,0.35,text 3d pdb
sarscov2,6kn8N,3.33,0.35,text 3d pdb
sarscov2,5nb0C,3.64,0.35,text 3d pdb
sarscov2,5djcB,3.71,0.35,text 3d pdb
sarscov2,3psqA,3.52,0.35,text 3d pdb
sarscov2,1kiuH,3.13,0.35,text 3d pdb
sarscov2,6crjA,3.81,0.35,text 3d pdb
sarscov2,3p7gA,3.65,0.35,text 3d pdb
sarscov2,5nb0H,3.66,0.35,text 3d pdb
sarscov2,4x2qA,3.74,0.35,text 3d pdb
sarscov2,2fahC,4.58,0.35,text 3d pdb
sarscov2,1svvB,3.85,0.35,text 3d pdb
sarscov2,4x2qD,3.88,0.35,text 3d pdb
sarscov2,3aq2A,3.93,0.35,text 3d pdb
sarscov2,5m4xC,3.64,0.35,text 3d pdb
sarscov2,3on9A,3.3,0.35,text 3d pdb
sarscov2,1vqoH,4,0.35,text 3d pdb
sarscov2,6vksA,3.98,0.35,text 3d pdb
sarscov2,5m4xB,3.64,0.35,text 3d pdb
sarscov2,5fciM0,4.18,0.35,text 3d pdb
sarscov2,4lniE,3.74,0.35,text 3d pdb
sarscov2,6f2zB,3.71,0.35,text 3d pdb
sarscov2,1vqkH,4,0.35,text 3d pdb
sarscov2,4tmsA,3.86,0.35,text 3d pdb
sarscov2,3hrdF,3.61,0.35,text 3d pdb
sarscov2,4hu8G,3.7,0.35,text 3d pdb
sarscov2,3cc2H,4.01,0.35,text 3d pdb
sarscov2,5ne2A,4.04,0.35,text 3d pdb
sarscov2,4acpB,4.15,0.35,text 3d pdb
sarscov2,3i7nA,4.55,0.35,text 3d pdb
sarscov2,2qeyA,4.11,0.35,text 3d pdb
sarscov2,3r6iA,4.44,0.35,text 3d pdb
sarscov2,3rzdA,3.83,0.35,text 3d pdb
sarscov2,1yi2H,3.83,0.35,text 3d pdb
sarscov2,4go3B,3.8,0.35,text 3d pdb
sarscov2,2otlH,3.99,0.35,text 3d pdb
sarscov2,4x2qB,3.63,0.35,text 3d pdb
sarscov2,1wdjB,4.14,0.35,text 3d pdb
sarscov2,5izdF,3.61,0.35,text 3d pdb
sarscov2,4go3D,4.03,0.35,text 3d pdb
sarscov2,5ac2A,3.82,0.35,text 3d pdb
sarscov2,5kwyC,3.58,0.35,text 3d pdb
sarscov2,2qf2B,4.09,0.35,text 3d pdb
sarscov2,5ne1A,3.96,0.35,text 3d pdb
sarscov2,1p6iB,3.93,0.35,text 3d pdb
sarscov2,4v9fH,4.02,0.35,text 3d pdb
sarscov2,4qetC,3.89,0.35,text 3d pdb
sarscov2,5abmD,3.82,0.35,text 3d pdb
sarscov2,2hafA,2.61,0.35,text 3d pdb
sarscov2,3ex7C,4.08,0.35,text 3d pdb
sarscov2,3zqaC,4.02,0.35,text 3d pdb
sarscov2,2qf1A,4.11,0.35,text 3d pdb
sarscov2,5m4xA,3.63,0.35,text 3d pdb
sarscov2,5nb0B,3.7,0.35,text 3d pdb
sarscov2,5djdA,3.71,0.35,text 3d pdb
sarscov2,4go3G,3.93,0.35,text 3d pdb
sarscov2,4zqvA,3.82,0.35,text 3d pdb
sarscov2,4hu8H,3.01,0.35,text 3d pdb
sarscov2,5gtlD,3.9,0.35,text 3d pdb
sarscov2,5xdaF,3.88,0.35,text 3d pdb
sarscov2,4lh1B,4.31,0.35,text 3d pdb
sarscov2,4zljA,3.92,0.35,text 3d pdb
sarscov2,3v9lB,4.31,0.35,text 3d pdb
sarscov2,1s72H,3.85,0.35,text 3d pdb
sarscov2,1rs6B,4.09,0.35,text 3d pdb
sarscov2,3cmaH,4.02,0.35,text 3d pdb
sarscov2,5fhzH,4.01,0.35,text 3d pdb
sarscov2,4cqnD,4.04,0.35,text 3d pdb
sarscov2,5hhzA,3.52,0.35,text 3d pdb
sarscov2,4lgzB,4.31,0.35,text 3d pdb
sarscov2,4v7iAM,3.86,0.35,text 3d pdb
sarscov2,4yw9A,3.78,0.35,text 3d pdb
sarscov2,2ogkC,3.85,0.35,text 3d pdb
sarscov2,5izdB,3.62,0.35,text 3d pdb
sarscov2,2vv5A,3.57,0.35,text 3d pdb
sarscov2,3zdhI,3.84,0.35,text 3d pdb
sarscov2,5j77B,3.62,0.35,text 3d pdb
sarscov2,5fhzA,3.79,0.35,text 3d pdb
sarscov2,5btlC,4.12,0.35,text 3d pdb
sarscov2,3n83D,3.78,0.35,text 3d pdb
sarscov2,5cfqA,3.23,0.35,text 3d pdb
sarscov2,5di8A,3.7,0.35,text 3d pdb
sarscov2,3g6eH,4.2,0.35,text 3d pdb
sarscov2,1zumA,3.78,0.35,text 3d pdb
sarscov2,5xm2B,3.55,0.35,text 3d pdb
sarscov2,4hwaE,4.27,0.35,text 3d pdb
sarscov2,4s2tQ,3.74,0.35,text 3d pdb
sarscov2,4hwaF,4.27,0.35,text 3d pdb
sarscov2,6jzkA,3.91,0.35,text 3d pdb
sarscov2,4s2rQ,3.59,0.35,text 3d pdb
sarscov2,5es4D,3.35,0.35,text 3d pdb
sarscov2,2xpjA,3.6,0.35,text 3d pdb
sarscov2,4ywbA,3.77,0.35,text 3d pdb
sarscov2,5cflB,3.77,0.35,text 3d pdb
sarscov2,1rs7B,3.95,0.35,text 3d pdb
sarscov2,6taxA,3.77,0.35,text 3d pdb
sarscov2,5btdA,4.12,0.35,text 3d pdb
sarscov2,5btlA,4.13,0.35,text 3d pdb
sarscov2,5btgA,4.13,0.35,text 3d pdb
sarscov2,5btgC,4.12,0.35,text 3d pdb
sarscov2,4q71B,3.71,0.35,text 3d pdb
sarscov2,5cfnB,3.8,0.35,text 3d pdb
sarscov2,4hwaB,4.24,0.35,text 3d pdb
sarscov2,3ccmH,3.68,0.35,text 3d pdb
sarscov2,6ufpB,3.1,0.35,text 3d pdb
sarscov2,5cflA,3.77,0.35,text 3d pdb
sarscov2,6x2cC,3.64,0.35,text 3d pdb
sarscov2,6x2cA,3.64,0.35,text 3d pdb
sarscov2,6x2cB,3.64,0.35,text 3d pdb
sarscov2,4ns3D,3.86,0.35,text 3d pdb
sarscov2,1i7sC,3.97,0.35,text 3d pdb
sarscov2,4lnfK,3.63,0.35,text 3d pdb
sarscov2,1i7sA,4.15,0.35,text 3d pdb
sarscov2,3cd6H,3.87,0.35,text 3d pdb
sarscov2,5k8pF,3.61,0.35,text 3d pdb
sarscov2,5cfnA,3.8,0.35,text 3d pdb
sarscov2,1vqlH,3.8,0.35,text 3d pdb
sarscov2,5xj0C,3.63,0.35,text 3d pdb
sarscov2,5btfD,3.6,0.35,text 3d pdb
sarscov2,6qw7B,3.78,0.35,text 3d pdb
sarscov2,5cfmB,3.77,0.35,text 3d pdb
sarscov2,5cfmA,3.78,0.35,text 3d pdb
sarscov2,5k8pD,3.62,0.35,text 3d pdb
sarscov2,5j77C,3.99,0.35,text 3d pdb
sarscov2,1o04A,3.75,0.35,text 3d pdb
sarscov2,5bp0G,3.49,0.35,text 3d pdb
sarscov2,1yjwH,4.18,0.35,text 3d pdb
sarscov2,5nayF,4.34,0.35,text 3d pdb
sarscov2,5jp9B,4.09,0.35,text 3d pdb
sarscov2,5zudD,3.58,0.35,text 3d pdb
sarscov2,5l13E,3.77,0.35,text 3d pdb
sarscov2,5zufD,3.58,0.35,text 3d pdb
sarscov2,3u8mP,3.63,0.35,text 3d pdb
sarscov2,6gzqH2,3.86,0.35,text 3d pdb
sarscov2,2xdrA,4.09,0.35,text 3d pdb
sarscov2,4dfhB,3.67,0.35,text 3d pdb
sarscov2,5hhaB,3.67,0.35,text 3d pdb
sarscov2,6sgsA,3.84,0.35,text 3d pdb
sarscov2,1zumE,3.87,0.35,text 3d pdb
sarscov2,4gmwA,3.77,0.35,text 3d pdb
sarscov2,4hzaA,3.83,0.35,text 3d pdb
sarscov2,5k8pG,3.63,0.35,text 3d pdb
sarscov2,5gtyD,3.99,0.35,text 3d pdb
sarscov2,5k8pB,3.56,0.35,text 3d pdb
sarscov2,5j7iB,3.96,0.35,text 3d pdb
sarscov2,6q3gDQ,3.82,0.34,text 3d pdb
sarscov2,6q3gbL,3.82,0.34,text 3d pdb
sarscov2,6q3gbR,3.82,0.34,text 3d pdb
sarscov2,6q3gL6,3.82,0.34,text 3d pdb
sarscov2,6q3gT7,3.82,0.34,text 3d pdb
sarscov2,6q3ggL,3.82,0.34,text 3d pdb
sarscov2,6q3gjR,3.82,0.34,text 3d pdb
sarscov2,6q3gDL,3.82,0.34,text 3d pdb
sarscov2,6q3gL7,3.82,0.34,text 3d pdb
sarscov2,6q3gT6,3.82,0.34,text 3d pdb
sarscov2,6q3gTR,3.82,0.34,text 3d pdb
sarscov2,6q3gD8,3.82,0.34,text 3d pdb
sarscov2,6q3gFE,3.82,0.34,text 3d pdb
sarscov2,6q3gL1,3.82,0.34,text 3d pdb
sarscov2,6q3gT3,3.82,0.34,text 3d pdb
sarscov2,6q3ga4,3.82,0.34,text 3d pdb
sarscov2,6q3gb6,3.82,0.34,text 3d pdb
sarscov2,6q3gbG,3.82,0.34,text 3d pdb
sarscov2,6q3gDR,3.82,0.34,text 3d pdb
sarscov2,6q3gVE,3.82,0.34,text 3d pdb
sarscov2,6q3gb3,3.82,0.34,text 3d pdb
sarscov2,6q3gj7,3.82,0.34,text 3d pdb
sarscov2,6q3gDE,3.82,0.34,text 3d pdb
sarscov2,6q3gLR,3.82,0.34,text 3d pdb
sarscov2,6q3gb7,3.82,0.34,text 3d pdb
sarscov2,6q3gD1,3.82,0.34,text 3d pdb
sarscov2,6q3gD4,3.82,0.34,text 3d pdb
sarscov2,6q3gD6,3.82,0.34,text 3d pdb
sarscov2,6q3gL3,3.82,0.34,text 3d pdb
sarscov2,6q3gT4,3.82,0.34,text 3d pdb
sarscov2,6q3gT8,3.82,0.34,text 3d pdb
sarscov2,6q3gTG,3.82,0.34,text 3d pdb
sarscov2,6q3gj8,3.82,0.34,text 3d pdb
sarscov2,6iatD,3.82,0.34,text 3d pdb
sarscov2,6q3gL4,3.82,0.34,text 3d pdb
sarscov2,6q3gLG,3.82,0.34,text 3d pdb
sarscov2,6q3gb8,3.82,0.34,text 3d pdb
sarscov2,6q3gi4,3.82,0.34,text 3d pdb
sarscov2,6q3gD3,3.82,0.34,text 3d pdb
sarscov2,6q3gLQ,3.82,0.34,text 3d pdb
sarscov2,6q3gdE,3.82,0.34,text 3d pdb
sarscov2,6q3gL8,3.82,0.34,text 3d pdb
sarscov2,6q3gNE,3.82,0.34,text 3d pdb
sarscov2,6q3gY3,3.82,0.34,text 3d pdb
sarscov2,6q3gj6,3.82,0.34,text 3d pdb
sarscov2,5t2aU,3.99,0.34,text 3d pdb
sarscov2,6q3gD7,3.82,0.34,text 3d pdb
sarscov2,6q3gDG,3.82,0.34,text 3d pdb
sarscov2,6q3gLL,3.82,0.34,text 3d pdb
sarscov2,6q3gT1,3.82,0.34,text 3d pdb
sarscov2,6q3gTL,3.82,0.34,text 3d pdb
sarscov2,6q3gTQ,3.82,0.34,text 3d pdb
sarscov2,6q3gYQ,3.82,0.34,text 3d pdb
sarscov2,6q3ga1,3.82,0.34,text 3d pdb
sarscov2,6q3geQ,3.82,0.34,text 3d pdb
sarscov2,6q3gi1,3.82,0.34,text 3d pdb
sarscov2,6q3gjG,3.82,0.34,text 3d pdb
sarscov2,3n81G,3.75,0.34,text 3d pdb
sarscov2,1zumG,3.88,0.34,text 3d pdb
sarscov2,1zumL,3.89,0.34,text 3d pdb
sarscov2,1xprE,4,0.34,text 3d pdb
sarscov2,1vefB,3.37,0.34,text 3d pdb
sarscov2,5b6dA,4.1,0.34,text 3d pdb
sarscov2,4h73E,3.79,0.34,text 3d pdb
sarscov2,5k8pA,3.56,0.34,text 3d pdb
sarscov2,4mpyF,3.92,0.34,text 3d pdb
sarscov2,5naxB,3.39,0.34,text 3d pdb
sarscov2,4jdcA,3.83,0.34,text 3d pdb
sarscov2,5hhaA,3.65,0.34,text 3d pdb
sarscov2,3p54A,3.21,0.34,text 3d pdb
sarscov2,1vefA,4.04,0.34,text 3d pdb
sarscov2,4wfhD,3.65,0.34,text 3d pdb
sarscov2,3ctzA,3.79,0.34,text 3d pdb
sarscov2,6aaaB,3.36,0.34,text 3d pdb
sarscov2,2qf2A,4.14,0.34,text 3d pdb
sarscov2,4lnfE,3.65,0.34,text 3d pdb
sarscov2,6ckkA,3.84,0.34,text 3d pdb
sarscov2,5cfpB,3.78,0.34,text 3d pdb
sarscov2,1vqnH,4.2,0.34,text 3d pdb
sarscov2,1zztB,4.02,0.34,text 3d pdb
sarscov2,5cfpA,3.78,0.34,text 3d pdb
sarscov2,5b6eA,3.96,0.34,text 3d pdb
sarscov2,4ihiA,3.85,0.34,text 3d pdb
sarscov2,5x8fB,3.9,0.34,text 3d pdb
sarscov2,1wkgB,3.4,0.34,text 3d pdb
sarscov2,4ox2A,3.84,0.34,text 3d pdb
sarscov2,6lctA,3.77,0.34,text 3d pdb
sarscov2,6uutB,4.18,0.34,text 3d pdb
sarscov2,5b2sB,3.64,0.34,text 3d pdb
sarscov2,1zyrM,3.64,0.34,text 3d pdb
sarscov2,4n37D,3.62,0.34,text 3d pdb
sarscov2,6q18H,3.6,0.34,text 3d pdb
sarscov2,1tfrA,4.18,0.34,text 3d pdb
sarscov2,6n5eI,3.94,0.34,text 3d pdb
sarscov2,5x8gB,3.69,0.34,text 3d pdb
sarscov2,3fc5A,3.89,0.34,text 3d pdb
sarscov2,3fc5B,3.89,0.34,text 3d pdb
sarscov2,6py9C,3.77,0.34,text 3d pdb
sarscov2,4cbbF,3.68,0.34,text 3d pdb
sarscov2,5k8nC,3.66,0.34,text 3d pdb
sarscov2,1ihmA,3.82,0.34,text 3d pdb
sarscov2,6l5nA,4.13,0.34,text 3d pdb
sarscov2,3d5tA,3.98,0.34,text 3d pdb
sarscov2,2iwgA,3.85,0.34,text 3d pdb
sarscov2,6kn7O,3.19,0.34,text 3d pdb
sarscov2,5x5tB,4.04,0.34,text 3d pdb
sarscov2,4r86B,3.6,0.34,text 3d pdb
sarscov2,1p6iA,3.89,0.34,text 3d pdb
sarscov2,2iwgD,3.85,0.34,text 3d pdb
sarscov2,6s8bI,3.44,0.34,text 3d pdb
sarscov2,6ebcC,3.31,0.34,text 3d pdb
sarscov2,2w8nA,3.28,0.34,text 3d pdb
sarscov2,6vr6E,4.32,0.34,text 3d pdb
sarscov2,4dt2D,3.77,0.34,text 3d pdb
sarscov2,4i20A,3.86,0.34,text 3d pdb
sarscov2,5es4B,3.24,0.34,text 3d pdb
sarscov2,2woxA,3.67,0.34,text 3d pdb
sarscov2,5nazA,3.63,0.34,text 3d pdb
sarscov2,1wkhB,3.4,0.34,text 3d pdb
sarscov2,6i7jA,3.78,0.34,text 3d pdb
sarscov2,5btaD,3.96,0.34,text 3d pdb
sarscov2,2g6kB,4.06,0.34,text 3d pdb
sarscov2,5jnhB,3.99,0.34,text 3d pdb
sarscov2,6sv4ZD,4.24,0.34,text 3d pdb
sarscov2,1b49A,4.22,0.34,text 3d pdb
sarscov2,3r64D,3.41,0.34,text 3d pdb
sarscov2,2hyiI,4.07,0.34,text 3d pdb
sarscov2,6myvA,3.48,0.34,text 3d pdb
sarscov2,3rccB,3.8,0.34,text 3d pdb
sarscov2,3k9dD,3.19,0.34,text 3d pdb
sarscov2,3f0hA,3.51,0.34,text 3d pdb
sarscov2,4lnfD,3.56,0.34,text 3d pdb
sarscov2,1li1F,4.2,0.34,text 3d pdb
sarscov2,5zc9A,4.1,0.34,text 3d pdb
sarscov2,1orvA,3.1,0.34,text 3d pdb
sarscov2,6ebcB,3.34,0.34,text 3d pdb
sarscov2,2hx4B,3.81,0.34,text 3d pdb
sarscov2,6mvsA,3.42,0.34,text 3d pdb
sarscov2,6p8vB,3.66,0.34,text 3d pdb
sarscov2,2hx4A,3.81,0.34,text 3d pdb
sarscov2,6myvC,3.46,0.34,text 3d pdb
sarscov2,5djyA,3.86,0.34,text 3d pdb
sarscov2,3wjlA,3.87,0.34,text 3d pdb
sarscov2,1b5dA,4.34,0.34,text 3d pdb
sarscov2,5gt6A,3.61,0.34,text 3d pdb
sarscov2,3k2wH,3.71,0.34,text 3d pdb
sarscov2,6fk3B,4.19,0.34,text 3d pdb
sarscov2,5k8pC,3.8,0.34,text 3d pdb
sarscov2,5btaC,4.14,0.34,text 3d pdb
sarscov2,4lh0B,4.16,0.34,text 3d pdb
sarscov2,2hjvA,3.95,0.34,text 3d pdb
sarscov2,4c54A,4.11,0.33,text 3d pdb
sarscov2,2fahA,4.31,0.33,text 3d pdb
sarscov2,6qhnB,4.6,0.33,text 3d pdb
sarscov2,4lnfI,3.77,0.33,text 3d pdb
sarscov2,5xksE,3.76,0.33,text 3d pdb
sarscov2,3rhqC,4.03,0.33,text 3d pdb
sarscov2,6mrvA,3.64,0.33,text 3d pdb
sarscov2,5bs8C,3.93,0.33,text 3d pdb
sarscov2,5abmB,3.83,0.33,text 3d pdb
sarscov2,5teiA,3.88,0.33,text 3d pdb
sarscov2,5gt6B,3.65,0.33,text 3d pdb
sarscov2,3fz7C,4.15,0.33,text 3d pdb
sarscov2,4x4lA,3.78,0.33,text 3d pdb
sarscov2,4pxlA,3.91,0.33,text 3d pdb
sarscov2,4lh3B,3.87,0.33,text 3d pdb
sarscov2,6mrxB,3.65,0.33,text 3d pdb
sarscov2,5x5uB,3.75,0.33,text 3d pdb
sarscov2,6qhnD,4.49,0.33,text 3d pdb
sarscov2,1jpiA,3.66,0.33,text 3d pdb
sarscov2,1ed5A,3.88,0.33,text 3d pdb
sarscov2,4wb9A,3.67,0.33,text 3d pdb
sarscov2,2w8rA,4.07,0.33,text 3d pdb
sarscov2,5naxD,3.89,0.33,text 3d pdb
sarscov2,3hazB,3.69,0.33,text 3d pdb
sarscov2,3zqaA,4.21,0.33,text 3d pdb
sarscov2,1a4zA,3.69,0.33,text 3d pdb
sarscov2,4lh2B,4.41,0.33,text 3d pdb
sarscov2,4cbbE,4.36,0.33,text 3d pdb
sarscov2,2w8pA,4.09,0.33,text 3d pdb
sarscov2,4ghkC,3.74,0.33,text 3d pdb
sarscov2,2c0rA,4.4,0.33,text 3d pdb
sarscov2,3n81C,3.92,0.33,text 3d pdb
sarscov2,6bpgD,4.39,0.33,text 3d pdb
sarscov2,3v9lA,4.09,0.32,text 3d pdb
sarscov2,4q71A,3.97,0.32,text 3d pdb
sarscov2,2pcjB,4.2,0.32,text 3d pdb
sarscov2,4kwgH,3.8,0.32,text 3d pdb
sarscov2,5l13D,3.73,0.32,text 3d pdb
sarscov2,6q0hH,3.81,0.32,text 3d pdb
sarscov2,4v5fAY,3.79,0.32,text 3d pdb
sarscov2,4v6tAY,3.79,0.32,text 3d pdb
sarscov2,4gt0B,3.77,0.32,text 3d pdb
sarscov2,1a4sD,3.78,0.32,text 3d pdb
sarscov2,4go3F,4.09,0.32,text 3d pdb
sarscov2,3kqgD,3.72,0.32,text 3d pdb
sarscov2,3rhoB,3.83,0.32,text 3d pdb
sarscov2,3rhmC,4.03,0.32,text 3d pdb
sarscov2,3dt4C,3.88,0.32,text 3d pdb
sarscov2,4gnzD,3.76,0.32,text 3d pdb
sarscov2,4n37C,3.28,0.32,text 3d pdb
sarscov2,4gt0A,3.93,0.32,text 3d pdb
sarscov2,6i7oAN,3.72,0.32,text 3d pdb
sarscov2,3p5fC,3.55,0.32,text 3d pdb
sarscov2,4iw7A,4.55,0.32,text 3d pdb
sarscov2,2o2pB,3.78,0.32,text 3d pdb
sarscov2,4n38C,3.55,0.32,text 3d pdb
sarscov2,6pf8C,4.46,0.32,text 3d pdb
sarscov2,5j78B,4.58,0.32,text 3d pdb
sarscov2,5ux5D,3.95,0.32,text 3d pdb
sarscov2,4gnzA,3.55,0.31,text 3d pdb
sarscov2,3p5gB,3.59,0.31,text 3d pdb
sarscov2,2vrqC,4.04,0.31,text 3d pdb
sarscov2,4i9wF,3.69,0.31,text 3d pdb
sarscov2,4n33B,3.59,0.31,text 3d pdb
sarscov2,4n35C,3.63,0.31,text 3d pdb
sarscov2,3rhlC,3.48,0.31,text 3d pdb
sarscov2,4n32B,3.83,0.31,text 3d pdb
sarscov2,3p5hB,3.69,0.31,text 3d pdb
sarscov2,3p7gC,3.7,0.31,text 3d pdb
sarscov2,3p5fB,3.7,0.31,text 3d pdb
sarscov2,4n34B,3.64,0.31,text 3d pdb
sarscov2,4euvA,4.44,0.31,text 3d pdb
sarscov2,4v6hZ,4.15,0.3,text 3d pdb
sarscov2,5bs8D,4.11,0.3,text 3d pdb
sarscov2,4ak8A,3.96,0.3,text 3d pdb
sarscov2,5bs8B,4.11,0.29,text 3d pdb
sarscov2,6vhyA,4.2,0.29,text 3d pdb
sarscov2,6wbiC,3.73,0.29,text 3d pdb
sarscov2,6ojsC,4.21,0.29,text 3d pdb
sarscov2,3p5eA,3.81,0.29,text 3d pdb
sarscov2,2ghgA,4.49,0.29,text 3d pdb
sarscov2,4n35B,3.78,0.29,text 3d pdb
sarscov2,3p7fD,3.63,0.29,text 3d pdb
sarscov2,5le5D,4.57,0.28,text 3d pdb
sarscov2,5euyH,4.08,0.28,text 3d pdb
sarscov2,5nt7B,4.29,0.28,text 3d pdb
sarscov2,5euyF,4.39,0.27,text 3d pdb
