sars,6crwA,0.17,1,text 3d pdb
sars,6crzA,0.29,0.99,text 3d pdb
sars,6cs0A,0.29,0.99,text 3d pdb
sars,6crxA,1.49,0.78,text 3d pdb
sars,6nb6C,1.56,0.78,text 3d pdb
sars,6nb7C,1.58,0.78,text 3d pdb
sars,6cs1A,1.52,0.78,text 3d pdb
sars,6nb7A,1.63,0.75,text 3d pdb
sars,6ackC,1.72,0.74,text 3d pdb
sars,2dd8S,1.72,0.74,text 3d pdb
sars,6nb6A,1.72,0.73,text 3d pdb
sars,2ajfE,1.81,0.72,text 3d pdb
sars,3sckF,1.7,0.72,text 3d pdb
sars,2ghvE,1.64,0.72,text 3d pdb
sars,6cs2B,1.8,0.72,text 3d pdb
sars,3d0iE,1.82,0.72,text 3d pdb
sars,6acdC,1.8,0.71,text 3d pdb
sars,6crxB,2.18,0.71,text 3d pdb
sars,3sciF,1.73,0.71,text 3d pdb
sars,3sckE,1.82,0.71,text 3d pdb
sars,5xlrC,1.82,0.71,text 3d pdb
sars,5xlrB,1.82,0.71,text 3d pdb
sars,5xlrA,1.82,0.71,text 3d pdb
sars,6acdB,1.85,0.71,text 3d pdb
sars,2ajfF,1.83,0.71,text 3d pdb
sars,3d0iF,1.83,0.71,text 3d pdb
sars,3sciE,1.92,0.71,text 3d pdb
sars,6acdA,1.8,0.71,text 3d pdb
sars,3d0hE,1.86,0.71,text 3d pdb
sars,6cs1B,2.21,0.71,text 3d pdb
sars,3sclE,1.73,0.71,text 3d pdb
sars,3d0hF,1.84,0.71,text 3d pdb
sars,2ghwA,1.7,0.71,text 3d pdb
sars,3d0gE,1.84,0.71,text 3d pdb
sars,6ackA,1.85,0.71,text 3d pdb
sars,3scjE,1.77,0.7,text 3d pdb
sars,3sclF,1.87,0.7,text 3d pdb
sars,3d0gF,1.84,0.7,text 3d pdb
sars,2ghvC,1.72,0.7,text 3d pdb
sars,3scjF,1.88,0.7,text 3d pdb
sars,5x58B,1.75,0.7,text 3d pdb
sars,5x58A,1.75,0.7,text 3d pdb
sars,5x58C,1.76,0.7,text 3d pdb
sars,6crxC,2.11,0.7,text 3d pdb
sars,6acgB,1.91,0.7,text 3d pdb
sars,6crwC,2.08,0.7,text 3d pdb
sars,3bgfA,1.73,0.7,text 3d pdb
sars,6acgA,1.86,0.69,text 3d pdb
sars,6cs1C,2.32,0.69,text 3d pdb
sars,7c01B,2.1,0.69,text 3d pdb
sars,3bgfS,1.74,0.69,text 3d pdb
sars,6waqD,1.82,0.69,text 3d pdb
sars,6acjC,1.8,0.69,text 3d pdb
sars,6xe1E,2.15,0.69,text 3d pdb
sars,6ackB,1.96,0.69,text 3d pdb
sars,6crzC,2.06,0.69,text 3d pdb
sars,6cs0C,2.06,0.69,text 3d pdb
sars,6crwB,2.03,0.69,text 3d pdb
sars,6zghB,2.13,0.68,text 3d pdb
sars,6acgC,1.98,0.68,text 3d pdb
sars,6accC,2.01,0.68,text 3d pdb
sars,6accA,2.01,0.68,text 3d pdb
sars,6accB,2.01,0.68,text 3d pdb
sars,5x5bA,1.91,0.68,text 3d pdb
sars,6crzB,2.04,0.68,text 3d pdb
sars,6cs0B,2.04,0.68,text 3d pdb
sars,6waqB,1.83,0.68,text 3d pdb
sars,6vw1F,2.04,0.67,text 3d pdb
sars,6z2mA,2.17,0.67,text 3d pdb
sars,6xeyC,2.15,0.67,text 3d pdb
sars,6xm3C,2.25,0.67,text 3d pdb
sars,6xr8B,2.15,0.66,text 3d pdb
sars,6yz7AAA,2.13,0.66,text 3d pdb
sars,6yz7EEE,2.16,0.66,text 3d pdb
sars,6vw1E,2.23,0.66,text 3d pdb
sars,6xeyA,2.27,0.66,text 3d pdb
sars,6xcmC,2.27,0.65,text 3d pdb
sars,6xcnE,2.25,0.64,text 3d pdb
sars,6xcnA,2.25,0.64,text 3d pdb
sars,6xcnC,2.25,0.64,text 3d pdb
sars,6nb7B,1.72,0.63,text 3d pdb
sars,6m17E,2.29,0.63,text 3d pdb
sars,6m17F,2.29,0.63,text 3d pdb
sars,6nb6B,1.74,0.63,text 3d pdb
sars,6zwvC,1.35,0.53,text 3d pdb
sars,6zwvB,1.35,0.53,text 3d pdb
sars,6zwvA,1.35,0.53,text 3d pdb
sars,6x29B,1.43,0.45,text 3d pdb
sars,6x29A,1.43,0.45,text 3d pdb
sars,6x29C,1.43,0.45,text 3d pdb
sars,3mc2A,3.97,0.41,text 3d pdb
sars,4x1dB,4.03,0.41,text 3d pdb
sars,3mc2B,3.97,0.41,text 3d pdb
sars,4zy0E,3.5,0.41,text 3d pdb
sars,3kr4F,3.41,0.41,text 3d pdb
sars,1i6bA,3.96,0.4,text 3d pdb
sars,3mc2D,3.77,0.4,text 3d pdb
sars,4beqA,3.06,0.4,text 3d pdb
sars,6gh6C,3.98,0.4,text 3d pdb
sars,2yevD,3.98,0.4,text 3d pdb
sars,6d9kA,3.71,0.39,text 3d pdb
sars,4zy1H,3.69,0.39,text 3d pdb
sars,6d92F,3.54,0.39,text 3d pdb
sars,4p1aB,3.82,0.39,text 3d pdb
sars,6d9kF,3.47,0.39,text 3d pdb
sars,1up4B,4.02,0.39,text 3d pdb
sars,1up4D,4.03,0.39,text 3d pdb
sars,1iasA,3.91,0.39,text 3d pdb
sars,1up4F,4.03,0.39,text 3d pdb
sars,1up7D,4.03,0.39,text 3d pdb
sars,1up4G,4.02,0.39,text 3d pdb
sars,1up4C,4.04,0.39,text 3d pdb
sars,1up4H,4.05,0.39,text 3d pdb
sars,1d2rA,3.24,0.39,text 3d pdb
sars,1d2rD,3.24,0.39,text 3d pdb
sars,1d2rE,3.24,0.39,text 3d pdb
sars,1up7H,4.02,0.39,text 3d pdb
sars,1d2rF,3.24,0.39,text 3d pdb
sars,6d9lA,3.77,0.39,text 3d pdb
sars,1d2rB,3.24,0.39,text 3d pdb
sars,1i6mA,3.18,0.39,text 3d pdb
sars,1mauA,2.88,0.39,text 3d pdb
sars,1d2rC,3.24,0.39,text 3d pdb
sars,6d8pB,3.61,0.39,text 3d pdb
sars,6d8aF,3.65,0.39,text 3d pdb
sars,2bwcB,3.68,0.39,text 3d pdb
sars,6d8fA,3.59,0.39,text 3d pdb
sars,1up7B,4.03,0.39,text 3d pdb
sars,1up7F,4.04,0.39,text 3d pdb
sars,4ppuA,3.52,0.39,text 3d pdb
sars,4i9uD,4.16,0.39,text 3d pdb
sars,4u4qL3,2.47,0.39,text 3d pdb
sars,1up6B,3.91,0.39,text 3d pdb
sars,6d8fF,3.74,0.39,text 3d pdb
sars,1up7G,4.04,0.39,text 3d pdb
sars,1m83A,3.18,0.39,text 3d pdb
sars,5on6k,3.41,0.39,text 3d pdb
sars,5fcjL3,2.45,0.39,text 3d pdb
sars,4v88BB,2.48,0.39,text 3d pdb
sars,1up7E,4.05,0.39,text 3d pdb
sars,1up7C,4.05,0.39,text 3d pdb
sars,5fcil3,3.32,0.39,text 3d pdb
sars,5nthA,4.02,0.39,text 3d pdb
sars,1up6D,3.92,0.39,text 3d pdb
sars,4u4yL3,3.45,0.39,text 3d pdb
sars,1h0hA,3.75,0.38,text 3d pdb
sars,2hauB,4.05,0.38,text 3d pdb
sars,1up7A,3.91,0.38,text 3d pdb
sars,1up6C,4.06,0.38,text 3d pdb
sars,6nrcK,3.48,0.38,text 3d pdb
sars,3smjA,3.43,0.38,text 3d pdb
sars,1fknA,3.75,0.38,text 3d pdb
sars,4bf5A,4.04,0.38,text 3d pdb
sars,1hqmC,4.02,0.38,text 3d pdb
sars,4u4zL3,3.34,0.38,text 3d pdb
sars,4dzaA,4,0.38,text 3d pdb
sars,2pgjB,3.65,0.38,text 3d pdb
sars,2z8jA,3.4,0.38,text 3d pdb
sars,6snti,2.51,0.38,text 3d pdb
sars,1iwoB,3.84,0.38,text 3d pdb
sars,1iwoA,3.84,0.38,text 3d pdb
sars,4dyjA,3.91,0.38,text 3d pdb
sars,6u9eC,3.62,0.38,text 3d pdb
sars,6u9eE,3.62,0.38,text 3d pdb
sars,6u9eA,3.62,0.38,text 3d pdb
sars,4a3qB,3.7,0.38,text 3d pdb
sars,4bf5B,4.08,0.38,text 3d pdb
sars,4fs9A,4.04,0.38,text 3d pdb
sars,4dyjB,3.93,0.38,text 3d pdb
sars,2z8kC,3.49,0.38,text 3d pdb
sars,2z8iC,3.49,0.38,text 3d pdb
sars,5b5tA,3.5,0.38,text 3d pdb
sars,1n60E,4.04,0.38,text 3d pdb
sars,2z8iA,3.49,0.38,text 3d pdb
sars,4x7iA,4.13,0.38,text 3d pdb
sars,2z8kA,3.5,0.38,text 3d pdb
sars,3skgD,4.13,0.38,text 3d pdb
sars,6uvpB,4.15,0.38,text 3d pdb
sars,2bwaA,3.79,0.38,text 3d pdb
sars,1zcjA,4.17,0.38,text 3d pdb
sars,1up4E,3.96,0.38,text 3d pdb
sars,6yeyA,4.19,0.38,text 3d pdb
sars,6yeyC,4.19,0.38,text 3d pdb
sars,6yeyB,4.19,0.38,text 3d pdb
sars,6yeyD,4.19,0.38,text 3d pdb
sars,6yeyE,4.19,0.38,text 3d pdb
sars,4fs9B,4.08,0.38,text 3d pdb
sars,6bbmB,4.02,0.38,text 3d pdb
sars,5zjeA,4.04,0.38,text 3d pdb
sars,5bpkB,3.62,0.38,text 3d pdb
sars,4x7iB,4.07,0.38,text 3d pdb
sars,5hu1B,4.15,0.38,text 3d pdb
sars,1up4A,3.97,0.38,text 3d pdb
sars,1up6G,3.55,0.38,text 3d pdb
sars,1up6F,4,0.38,text 3d pdb
sars,3rmyC,3.89,0.38,text 3d pdb
sars,6bfdB,4.16,0.38,text 3d pdb
sars,4frsB,4.16,0.38,text 3d pdb
sars,4kn7X,3.89,0.37,text 3d pdb
sars,6mtdII,3.79,0.37,text 3d pdb
sars,3ohfA,4.08,0.37,text 3d pdb
sars,3gtmA,4.01,0.37,text 3d pdb
sars,1up6E,3.55,0.37,text 3d pdb
sars,3x1lC,3.76,0.37,text 3d pdb
sars,6k71H,3.31,0.37,text 3d pdb
sars,1up6H,3.53,0.37,text 3d pdb
sars,2buxA,4.16,0.37,text 3d pdb
sars,6pjvA,3.78,0.37,text 3d pdb
sars,5hdzB,4.16,0.37,text 3d pdb
sars,1n63E,4.09,0.37,text 3d pdb
sars,1mb2D,3.21,0.37,text 3d pdb
sars,2bumA,3.96,0.37,text 3d pdb
sars,4fvlA,4.05,0.37,text 3d pdb
sars,5ip7A,3.9,0.37,text 3d pdb
sars,4gidD,4.13,0.37,text 3d pdb
sars,5k02B,3.72,0.37,text 3d pdb
sars,2x58B,4.14,0.37,text 3d pdb
sars,1up6A,4,0.37,text 3d pdb
sars,1c0nA,3.35,0.37,text 3d pdb
sars,4jk1X,3.95,0.37,text 3d pdb
sars,3w82A,3.97,0.37,text 3d pdb
sars,1z3sB,3.93,0.37,text 3d pdb
sars,5w79D,4.16,0.37,text 3d pdb
sars,5naxD,4.01,0.37,text 3d pdb
sars,3po2A,3.99,0.37,text 3d pdb
sars,1eo2A,4.16,0.37,text 3d pdb
sars,4c4mA,3.85,0.37,text 3d pdb
sars,6vhtA,4.36,0.37,text 3d pdb
sars,3w81A,3.84,0.37,text 3d pdb
sars,4beuA,3.8,0.37,text 3d pdb
sars,6t8pA,3.5,0.37,text 3d pdb
sars,4drxC,3.97,0.37,text 3d pdb
sars,5k02T,3.68,0.37,text 3d pdb
sars,4obrB,3.9,0.37,text 3d pdb
sars,3x1lD,3.96,0.37,text 3d pdb
sars,4g0dB,4,0.37,text 3d pdb
sars,6k78A,3.17,0.37,text 3d pdb
sars,6i6xB,3.76,0.37,text 3d pdb
sars,5fwvA,3.82,0.37,text 3d pdb
sars,4gdyA,3.54,0.37,text 3d pdb
sars,1mb2F,3.41,0.37,text 3d pdb
sars,5mshA,3.69,0.37,text 3d pdb
sars,6ojkA,4.04,0.37,text 3d pdb
sars,2sodB,3.65,0.37,text 3d pdb
sars,3wx5A,3.71,0.37,text 3d pdb
sars,1mawE,3.38,0.37,text 3d pdb
sars,6qaoD,3.68,0.37,text 3d pdb
sars,4rvpD,3.89,0.37,text 3d pdb
sars,3mfqB,4.4,0.37,text 3d pdb
sars,1mawD,3.59,0.37,text 3d pdb
sars,6vwfA,3.54,0.37,text 3d pdb
sars,1i0zB,3.77,0.37,text 3d pdb
sars,3wstQ,3.27,0.37,text 3d pdb
sars,1xqlA,3.66,0.37,text 3d pdb
sars,5nqtA,3.95,0.37,text 3d pdb
sars,6qaoC,3.68,0.37,text 3d pdb
sars,1mawB,3.45,0.37,text 3d pdb
sars,6sicG,3.65,0.37,text 3d pdb
sars,5lzvII,4.09,0.37,text 3d pdb
sars,5hxbC,3.53,0.37,text 3d pdb
sars,6mf0A,3.96,0.37,text 3d pdb
sars,6uvpA,4.26,0.37,text 3d pdb
sars,1pgl1,3.64,0.37,text 3d pdb
sars,1mb2B,3.41,0.37,text 3d pdb
sars,1t60C,4.31,0.37,text 3d pdb
sars,6qakC,3.57,0.37,text 3d pdb
sars,6qaoG,3.58,0.37,text 3d pdb
sars,1mawA,3.68,0.37,text 3d pdb
sars,6vwfB,3.55,0.37,text 3d pdb
sars,1li1C,4.39,0.37,text 3d pdb
sars,1xs7D,4.24,0.37,text 3d pdb
sars,3k1fA,3.91,0.37,text 3d pdb
sars,1t60X,4.23,0.37,text 3d pdb
sars,6qaoA,3.58,0.37,text 3d pdb
sars,3ohhB,4.26,0.37,text 3d pdb
sars,4fvlB,3.78,0.36,text 3d pdb
sars,6hpiA,3.47,0.36,text 3d pdb
sars,3wx5B,3.96,0.36,text 3d pdb
sars,4oh2G,3.41,0.36,text 3d pdb
sars,3r2fB,4.15,0.36,text 3d pdb
sars,6nd4S,3.53,0.36,text 3d pdb
sars,5fwtA,3.81,0.36,text 3d pdb
sars,6qwpA,3.38,0.36,text 3d pdb
sars,2bwaB,3.67,0.36,text 3d pdb
sars,1twyF,3.83,0.36,text 3d pdb
sars,4x1dA,4.58,0.36,text 3d pdb
sars,2jenA,4.17,0.36,text 3d pdb
sars,1fknB,4.28,0.36,text 3d pdb
sars,6fjyD,4.21,0.36,text 3d pdb
sars,2bw8B,3.99,0.36,text 3d pdb
sars,6qaoB,3.6,0.36,text 3d pdb
sars,5i68A,3.77,0.36,text 3d pdb
sars,2atqA,3.82,0.36,text 3d pdb
sars,1mb2C,3.52,0.36,text 3d pdb
sars,5naxE,4.38,0.36,text 3d pdb
sars,2bv0A,4.02,0.36,text 3d pdb
sars,6qaoH,3.58,0.36,text 3d pdb
sars,1ba9A,3.98,0.36,text 3d pdb
sars,4dduA,3.65,0.36,text 3d pdb
sars,5htzA,4.24,0.36,text 3d pdb
sars,1eo9A,4.13,0.36,text 3d pdb
sars,3lnkA,4.28,0.36,text 3d pdb
sars,6g8vA,4.15,0.36,text 3d pdb
sars,5i5tB,4.11,0.36,text 3d pdb
sars,6mvuA,3.67,0.36,text 3d pdb
sars,5hdzA,4.29,0.36,text 3d pdb
sars,2bwcA,3.82,0.36,text 3d pdb
sars,4fseA,4.28,0.36,text 3d pdb
sars,4fslB,4.14,0.36,text 3d pdb
sars,6r41A,3.66,0.36,text 3d pdb
sars,2buzA,4.02,0.36,text 3d pdb
sars,1ultB,3.57,0.36,text 3d pdb
sars,1ixxA,3.63,0.36,text 3d pdb
sars,2bfgF,3.75,0.36,text 3d pdb
sars,3ohhA,4.29,0.36,text 3d pdb
sars,5hu1A,4.29,0.36,text 3d pdb
sars,6qakH,3.59,0.36,text 3d pdb
sars,2buwA,4.08,0.36,text 3d pdb
sars,6jifB,3.83,0.36,text 3d pdb
sars,6se5A,3.79,0.36,text 3d pdb
sars,3l58A,4.29,0.36,text 3d pdb
sars,2qp8A,4.29,0.36,text 3d pdb
sars,2zhrA,4.27,0.36,text 3d pdb
sars,4mtjB,3.9,0.36,text 3d pdb
sars,6bfwB,4.3,0.36,text 3d pdb
sars,4k3yA,4.1,0.36,text 3d pdb
sars,6qapB,3.8,0.36,text 3d pdb
sars,5htzB,4.3,0.36,text 3d pdb
sars,2qmdA,4.3,0.36,text 3d pdb
sars,1mb2E,3.71,0.36,text 3d pdb
sars,3kmyB,4.15,0.36,text 3d pdb
sars,4zsrA,4.3,0.36,text 3d pdb
sars,3lnkB,4.16,0.36,text 3d pdb
sars,2vkmC,3.9,0.36,text 3d pdb
sars,6uwvA,4.31,0.36,text 3d pdb
sars,3kmyA,4.31,0.36,text 3d pdb
sars,2qk5A,4.29,0.36,text 3d pdb
sars,6e5pE,4.02,0.36,text 3d pdb
sars,6e5pA,4.02,0.36,text 3d pdb
sars,5fylG,4.02,0.36,text 3d pdb
sars,2bs9F,3.71,0.36,text 3d pdb
sars,3lpjA,4.3,0.36,text 3d pdb
sars,3l5fA,4.31,0.36,text 3d pdb
sars,5wykBC,3.88,0.36,text 3d pdb
sars,1xn2A,4.27,0.36,text 3d pdb
sars,1h0bB,3.74,0.36,text 3d pdb
sars,3lpiB,4.16,0.36,text 3d pdb
sars,6utxCCC,4.22,0.36,text 3d pdb
sars,4djxA,4.31,0.36,text 3d pdb
sars,2bw8A,3.83,0.36,text 3d pdb
sars,1xn2B,4.15,0.36,text 3d pdb
sars,6uuaCCC,4.24,0.36,text 3d pdb
sars,4r92A,4.31,0.36,text 3d pdb
sars,6qapA,3.67,0.36,text 3d pdb
sars,3l5bA,4.3,0.36,text 3d pdb
sars,5he4A,4.32,0.36,text 3d pdb
sars,1fohC,3.52,0.36,text 3d pdb
sars,3kmxB,4.16,0.36,text 3d pdb
sars,4r91A,4.32,0.36,text 3d pdb
sars,1xn3B,4.17,0.36,text 3d pdb
sars,4zsqB,4.18,0.36,text 3d pdb
sars,3cibA,4.32,0.36,text 3d pdb
sars,4djuA,4.32,0.36,text 3d pdb
sars,5he7A,4.32,0.36,text 3d pdb
sars,4r8yA,4.32,0.36,text 3d pdb
sars,4h3fA,4.32,0.36,text 3d pdb
sars,6e5pC,4.05,0.36,text 3d pdb
sars,2vkmD,4.3,0.36,text 3d pdb
sars,5hdxA,4.32,0.36,text 3d pdb
sars,2a6wA,4.16,0.36,text 3d pdb
sars,6iqwC,3.82,0.36,text 3d pdb
sars,4h1eB,4.17,0.36,text 3d pdb
sars,4afhD,3.68,0.36,text 3d pdb
sars,5hu0A,4.32,0.36,text 3d pdb
sars,4r93A,4.32,0.36,text 3d pdb
sars,6kkhE,3.63,0.36,text 3d pdb
sars,2g94B,3.99,0.36,text 3d pdb
sars,3lpiA,4.32,0.36,text 3d pdb
sars,4afgD,3.68,0.36,text 3d pdb
sars,6u422P,4.13,0.36,text 3d pdb
sars,4r95A,4.32,0.36,text 3d pdb
sars,5hduA,4.33,0.36,text 3d pdb
sars,3kn0A,4.33,0.36,text 3d pdb
sars,4djvA,4.32,0.36,text 3d pdb
sars,6uvvB,4.16,0.36,text 3d pdb
sars,2g94C,3.99,0.36,text 3d pdb
sars,3lpkA,4.32,0.36,text 3d pdb
sars,6nd3H,3.92,0.36,text 3d pdb
sars,1xn3C,4.12,0.36,text 3d pdb
sars,1xn2D,4.11,0.36,text 3d pdb
sars,3kh3D,4.04,0.36,text 3d pdb
sars,2g94A,3.99,0.36,text 3d pdb
sars,4afhA,3.69,0.36,text 3d pdb
sars,2qmgA,4.32,0.36,text 3d pdb
sars,1eobA,4.11,0.36,text 3d pdb
sars,6r43A,3.67,0.36,text 3d pdb
sars,1h0bA,3.83,0.36,text 3d pdb
sars,6bfdA,4.36,0.36,text 3d pdb
sars,5iiqA,3.78,0.36,text 3d pdb
sars,4zsmA,4.17,0.36,text 3d pdb
sars,3l5eA,4.33,0.36,text 3d pdb
sars,6bfeA,4.36,0.36,text 3d pdb
sars,4h3iB,4.32,0.36,text 3d pdb
sars,1zhhA,3.37,0.36,text 3d pdb
sars,3bq4G,4.12,0.36,text 3d pdb
sars,4fseB,4.22,0.36,text 3d pdb
sars,4ha5A,4.33,0.36,text 3d pdb
sars,1sgzC,4.01,0.36,text 3d pdb
sars,4rveA,4.34,0.36,text 3d pdb
sars,6uwpB,4.36,0.36,text 3d pdb
sars,1eocA,4.11,0.36,text 3d pdb
sars,3cicA,4.34,0.36,text 3d pdb
sars,1eoaA,4.13,0.36,text 3d pdb
sars,4fseD,4.22,0.36,text 3d pdb
sars,4h3iA,4.33,0.36,text 3d pdb
sars,4gvqB,3.89,0.36,text 3d pdb
sars,5hd0B,4.17,0.36,text 3d pdb
sars,5iswA,4.11,0.36,text 3d pdb
sars,4v8rBA,4.28,0.36,text 3d pdb
sars,4v8rAa,4.28,0.36,text 3d pdb
sars,4v8rAA,4.28,0.36,text 3d pdb
sars,4v8rBa,4.28,0.36,text 3d pdb
sars,2je8B,3.87,0.36,text 3d pdb
sars,4u9qB,3.61,0.36,text 3d pdb
sars,2biiB,3.28,0.36,text 3d pdb
sars,4kn4X,3.95,0.36,text 3d pdb
sars,4h3gB,4.12,0.35,text 3d pdb
sars,4djwA,4.34,0.35,text 3d pdb
sars,5naxC,4.31,0.35,text 3d pdb
sars,6uvyA,4.36,0.35,text 3d pdb
sars,5hdxB,4.2,0.35,text 3d pdb
sars,4fslA,4.18,0.35,text 3d pdb
sars,4h1eA,4.38,0.35,text 3d pdb
sars,2c1dD,3.48,0.35,text 3d pdb
sars,4v4oS,3.77,0.35,text 3d pdb
sars,5zspA,3.9,0.35,text 3d pdb
sars,2vkmA,4.04,0.35,text 3d pdb
sars,2biiA,3.28,0.35,text 3d pdb
sars,6j0fE,3.75,0.35,text 3d pdb
sars,6j0fF,3.75,0.35,text 3d pdb
sars,6j0fD,3.75,0.35,text 3d pdb
sars,6j0fC,3.75,0.35,text 3d pdb
sars,1pmoC,4.32,0.35,text 3d pdb
sars,6j0fA,3.75,0.35,text 3d pdb
sars,6j0fB,3.75,0.35,text 3d pdb
sars,6nd3A,4.04,0.35,text 3d pdb
sars,3l58B,4.1,0.35,text 3d pdb
sars,4frsA,4.2,0.35,text 3d pdb
sars,5hd0A,4.02,0.35,text 3d pdb
sars,2vkmB,4.2,0.35,text 3d pdb
sars,4ybiA,4.38,0.35,text 3d pdb
sars,4eqvF,3.63,0.35,text 3d pdb
sars,6uvvA,4.37,0.35,text 3d pdb
sars,6ip52t,4.24,0.35,text 3d pdb
sars,3cidA,4.35,0.35,text 3d pdb
sars,6bfeB,4.24,0.35,text 3d pdb
sars,2qmfA,4.36,0.35,text 3d pdb
sars,4fseE,4.23,0.35,text 3d pdb
sars,6se7A,3.97,0.35,text 3d pdb
sars,1m4hB,4.24,0.35,text 3d pdb
sars,4be2A,3.91,0.35,text 3d pdb
sars,2zhrB,4.23,0.35,text 3d pdb
sars,2burA,4.13,0.35,text 3d pdb
sars,5he5A,4.38,0.35,text 3d pdb
sars,6nd3E,4.08,0.35,text 3d pdb
sars,3kfeD,4.29,0.35,text 3d pdb
sars,4rveC,4.25,0.35,text 3d pdb
sars,6fk3A,3.77,0.35,text 3d pdb
sars,3kfeA,4.36,0.35,text 3d pdb
sars,4fslD,4.2,0.35,text 3d pdb
sars,3kfeH,4.16,0.35,text 3d pdb
sars,4kmuX,3.8,0.35,text 3d pdb
sars,6bfxA,4.19,0.35,text 3d pdb
sars,2bbwA,3.18,0.35,text 3d pdb
sars,1nq3F,3.08,0.35,text 3d pdb
sars,1arbA,3.66,0.35,text 3d pdb
sars,5wbmA,3.58,0.35,text 3d pdb
sars,3kn0B,4.24,0.35,text 3d pdb
sars,3kfeF,4.29,0.35,text 3d pdb
sars,4zspB,4.23,0.35,text 3d pdb
sars,2qmdB,4.23,0.35,text 3d pdb
sars,6uvyB,4.24,0.35,text 3d pdb
sars,6fk3B,3.77,0.35,text 3d pdb
sars,3l5bB,4.24,0.35,text 3d pdb
sars,2qp8B,4.23,0.35,text 3d pdb
sars,3cicB,4.23,0.35,text 3d pdb
sars,6bhkE,3.86,0.35,text 3d pdb
sars,5wbzA,3.73,0.35,text 3d pdb
sars,4r95B,4.38,0.35,text 3d pdb
sars,6iqwD,4.04,0.35,text 3d pdb
sars,4h3jA,4.38,0.35,text 3d pdb
sars,6uwpA,4.24,0.35,text 3d pdb
sars,6bfwA,4.25,0.35,text 3d pdb
sars,3l5dB,4.24,0.35,text 3d pdb
sars,2p4jD,4.18,0.35,text 3d pdb
sars,5u47A,4.09,0.35,text 3d pdb
sars,5tukA,4.62,0.35,text 3d pdb
sars,2qk5B,4.23,0.35,text 3d pdb
sars,5froA,3.71,0.35,text 3d pdb
sars,5haaA,4.42,0.35,text 3d pdb
sars,3qa2A,3.58,0.35,text 3d pdb
sars,4zsrB,4.24,0.35,text 3d pdb
sars,6rzwB,4.02,0.35,text 3d pdb
sars,4zspA,4.25,0.35,text 3d pdb
sars,5frnA,3.93,0.35,text 3d pdb
sars,3nc9A,3.58,0.35,text 3d pdb
sars,3l59B,4.24,0.35,text 3d pdb
sars,6bnqF,3.58,0.35,text 3d pdb
sars,4djxB,4.24,0.35,text 3d pdb
sars,3cidB,4.24,0.35,text 3d pdb
sars,6uwvB,4.24,0.35,text 3d pdb
sars,3nf3A,3.89,0.35,text 3d pdb
sars,5he5B,4.25,0.35,text 3d pdb
sars,3qaiA,3.72,0.35,text 3d pdb
sars,6v2nA,4.34,0.35,text 3d pdb
sars,3oykA,3.83,0.35,text 3d pdb
sars,3l5cA,4.24,0.35,text 3d pdb
sars,1xn2C,4.1,0.35,text 3d pdb
sars,4gpgA,3.68,0.35,text 3d pdb
sars,1l9zC,4.44,0.35,text 3d pdb
sars,4r92B,4.24,0.35,text 3d pdb
sars,4u52L3,3.65,0.35,text 3d pdb
sars,3lpkB,4.24,0.35,text 3d pdb
sars,5isxA,4.04,0.35,text 3d pdb
sars,6nbgC,4.22,0.35,text 3d pdb
sars,5he7B,4.25,0.35,text 3d pdb
sars,3cibB,4.24,0.35,text 3d pdb
sars,4djuB,4.25,0.35,text 3d pdb
sars,4xvtG,3.65,0.35,text 3d pdb
sars,5he4B,4.25,0.35,text 3d pdb
sars,3l5fB,4.25,0.35,text 3d pdb
sars,1stxB,3.96,0.35,text 3d pdb
sars,2qmgB,4.24,0.35,text 3d pdb
sars,4h3jB,4.25,0.35,text 3d pdb
sars,2olqA,4.19,0.35,text 3d pdb
sars,4r91B,4.25,0.35,text 3d pdb
sars,3l5dA,4.25,0.35,text 3d pdb
sars,1sgzA,4.25,0.35,text 3d pdb
sars,4djyB,4.25,0.35,text 3d pdb
sars,4fs4A,4.25,0.35,text 3d pdb
sars,5hduB,4.25,0.35,text 3d pdb
sars,2g94D,4.25,0.35,text 3d pdb
sars,5hdvB,4.25,0.35,text 3d pdb
sars,4h3fB,4.25,0.35,text 3d pdb
sars,5hu0B,4.26,0.35,text 3d pdb
sars,3l5eB,4.25,0.35,text 3d pdb
sars,4ha5B,4.24,0.35,text 3d pdb
sars,4r8yB,4.25,0.35,text 3d pdb
sars,5tevB,4.02,0.35,text 3d pdb
sars,3lpjB,4.24,0.35,text 3d pdb
sars,2qmfB,4.24,0.35,text 3d pdb
sars,4ybiB,4.26,0.35,text 3d pdb
sars,1sgzD,4.25,0.35,text 3d pdb
sars,1qmfA,3.79,0.35,text 3d pdb
sars,5kckA,3.72,0.35,text 3d pdb
sars,1mb2A,3.31,0.35,text 3d pdb
sars,2oap2,3.87,0.35,text 3d pdb
sars,6ffwA,3.99,0.35,text 3d pdb
sars,5xj0C,4.11,0.35,text 3d pdb
sars,4ddvB,3.79,0.35,text 3d pdb
sars,5wbpA,3.64,0.35,text 3d pdb
sars,6u42R1,4.33,0.35,text 3d pdb
sars,5mbvC,3.95,0.35,text 3d pdb
sars,4g0dA,4.27,0.35,text 3d pdb
sars,4fslE,4.06,0.35,text 3d pdb
sars,4tz4C,3.33,0.35,text 3d pdb
sars,4r93B,4.26,0.35,text 3d pdb
sars,1pgw1,3.9,0.35,text 3d pdb
sars,1qmeA,4.35,0.35,text 3d pdb
sars,2zjsY,3.8,0.35,text 3d pdb
sars,4ai6A,4.52,0.35,text 3d pdb
sars,3n33D,3.74,0.35,text 3d pdb
sars,1xn3A,4.25,0.35,text 3d pdb
sars,5dc3l3,3.12,0.35,text 3d pdb
sars,2bkvA,4.04,0.35,text 3d pdb
sars,1xp5A,4.2,0.35,text 3d pdb
sars,5wbqA,3.6,0.35,text 3d pdb
sars,6utyCCC,4.17,0.35,text 3d pdb
sars,6ksgB,3.73,0.35,text 3d pdb
sars,6h9bC,4.4,0.35,text 3d pdb
sars,5wyjBC,3.95,0.35,text 3d pdb
sars,6rapE,3.45,0.35,text 3d pdb
sars,5wboA,3.59,0.35,text 3d pdb
sars,2pjuA,3.77,0.35,text 3d pdb
sars,3n2wA,3.76,0.35,text 3d pdb
sars,1m4hA,4.16,0.35,text 3d pdb
sars,5imqL,3.86,0.35,text 3d pdb
sars,5wbrA,3.73,0.35,text 3d pdb
sars,4zsqA,4.27,0.35,text 3d pdb
sars,2xwjC,3.62,0.35,text 3d pdb
sars,6uubCCC,4.28,0.35,text 3d pdb
sars,2xwjG,3.62,0.35,text 3d pdb
sars,2xwjA,3.62,0.35,text 3d pdb
sars,2xwjE,3.62,0.35,text 3d pdb
sars,4xlnI,4.42,0.35,text 3d pdb
sars,6uucCCC,4.17,0.35,text 3d pdb
sars,2p4jB,4.19,0.35,text 3d pdb
sars,5aj0BI,4.13,0.35,text 3d pdb
sars,1g4vA,4.03,0.35,text 3d pdb
sars,6q34A,3.97,0.35,text 3d pdb
sars,1pn0B,3.63,0.35,text 3d pdb
sars,3b9tA,3.33,0.35,text 3d pdb
sars,3ndvA,3.76,0.35,text 3d pdb
sars,3ndvD,3.76,0.35,text 3d pdb
sars,1twyA,3.95,0.35,text 3d pdb
sars,3skgA,4.17,0.35,text 3d pdb
sars,2c1dB,3.57,0.35,text 3d pdb
sars,6g3sA,4.34,0.35,text 3d pdb
sars,3n33A,3.75,0.35,text 3d pdb
sars,5oodD,3.49,0.35,text 3d pdb
sars,5oodE,3.49,0.35,text 3d pdb
sars,5oodC,3.49,0.35,text 3d pdb
sars,5oodA,3.49,0.35,text 3d pdb
sars,5oodB,3.49,0.35,text 3d pdb
sars,4u4uL3,3.67,0.35,text 3d pdb
sars,6elqB,3.79,0.35,text 3d pdb
sars,2bbwB,3.04,0.35,text 3d pdb
sars,3nbwA,3.59,0.35,text 3d pdb
sars,5bplA,4.15,0.35,text 3d pdb
sars,1rveB,3.98,0.35,text 3d pdb
sars,1ahfB,4.13,0.35,text 3d pdb
sars,3vxbA,4.07,0.35,text 3d pdb
sars,3n33C,3.74,0.35,text 3d pdb
sars,5umdE,3.09,0.35,text 3d pdb
sars,1t60I,4.57,0.35,text 3d pdb
sars,5fciL3,3.65,0.35,text 3d pdb
sars,3irpX,3.88,0.35,text 3d pdb
sars,6hivCv,3.49,0.35,text 3d pdb
sars,6hiyCv,3.49,0.35,text 3d pdb
sars,3i33A,4.15,0.35,text 3d pdb
sars,6f1tf,4.1,0.35,text 3d pdb
sars,2x6vA,3.26,0.35,text 3d pdb
sars,6ksgA,3.74,0.35,text 3d pdb
sars,2wbkB,3.23,0.35,text 3d pdb
sars,4v7kAC,3.87,0.35,text 3d pdb
sars,5dgel3,3.44,0.35,text 3d pdb
sars,4v7kBC,3.87,0.35,text 3d pdb
sars,1nq3E,3.4,0.35,text 3d pdb
sars,3c9kG,4.04,0.35,text 3d pdb
sars,3c9kC,4.04,0.35,text 3d pdb
sars,2hioC,4.04,0.35,text 3d pdb
sars,6f3af,3.63,0.35,text 3d pdb
sars,4nnpB,3.42,0.35,text 3d pdb
sars,4rkdF,4.28,0.35,text 3d pdb
sars,4ecfA,4.14,0.35,text 3d pdb
sars,3skfB,4.12,0.35,text 3d pdb
sars,3r2fD,4.21,0.35,text 3d pdb
sars,5oofC,3.37,0.35,text 3d pdb
sars,5oofE,3.37,0.35,text 3d pdb
sars,5oofA,3.37,0.35,text 3d pdb
sars,5oofB,3.37,0.35,text 3d pdb
sars,1ixxC,4,0.35,text 3d pdb
sars,5oofD,3.37,0.35,text 3d pdb
sars,2p4jC,4.22,0.35,text 3d pdb
sars,4zr0A,3.28,0.35,text 3d pdb
sars,4gidA,4.14,0.35,text 3d pdb
sars,5r8oA,3.08,0.35,text 3d pdb
sars,4ddvA,3.67,0.35,text 3d pdb
sars,6bnwC,3.62,0.35,text 3d pdb
sars,6bnwD,3.62,0.35,text 3d pdb
sars,6bnwF,3.62,0.35,text 3d pdb
sars,6bnwH,3.62,0.35,text 3d pdb
sars,4gidC,4.19,0.35,text 3d pdb
sars,5h1yB,3.9,0.35,text 3d pdb
sars,6k79D,3.12,0.35,text 3d pdb
sars,1kayA,4.13,0.35,text 3d pdb
sars,4q4v2,3.35,0.34,text 3d pdb
sars,4ztjA,3.95,0.34,text 3d pdb
sars,1twyD,3.84,0.34,text 3d pdb
sars,3n2iB,3.89,0.34,text 3d pdb
sars,5ddj2,3.63,0.34,text 3d pdb
sars,2bkvB,3.84,0.34,text 3d pdb
sars,1xn3D,4.26,0.34,text 3d pdb
sars,6k0wA,3.99,0.34,text 3d pdb
sars,6hzoB,3.7,0.34,text 3d pdb
sars,3r2fA,4.22,0.34,text 3d pdb
sars,2qw9B,4.32,0.34,text 3d pdb
sars,3f0hA,3.22,0.34,text 3d pdb
sars,3skfA,4.14,0.34,text 3d pdb
sars,3wbrC,3.48,0.34,text 3d pdb
sars,2c1dF,3.97,0.34,text 3d pdb
sars,2qlrA,3.82,0.34,text 3d pdb
sars,3fz8D,4.55,0.34,text 3d pdb
sars,4gidB,4.25,0.34,text 3d pdb
sars,6pnsB,3.93,0.34,text 3d pdb
sars,5tuiB,4.29,0.34,text 3d pdb
sars,3pokA,3.22,0.34,text 3d pdb
sars,4lreC,4.28,0.34,text 3d pdb
sars,2c1dH,4.16,0.34,text 3d pdb
sars,3kfeG,3.72,0.34,text 3d pdb
sars,5r8iA,3.08,0.34,text 3d pdb
sars,6k26A,3.84,0.34,text 3d pdb
sars,5g06J,3.91,0.34,text 3d pdb
sars,1t60L,3.63,0.34,text 3d pdb
sars,6hiwCv,3.52,0.34,text 3d pdb
sars,2l2gA,3.56,0.34,text 3d pdb
sars,4wqtI,3.99,0.34,text 3d pdb
sars,3wmlA,3.87,0.34,text 3d pdb
sars,5r7wA,3.15,0.34,text 3d pdb
sars,1toiA,4.13,0.34,text 3d pdb
sars,6u420J,3.84,0.34,text 3d pdb
sars,4gafA,3.15,0.34,text 3d pdb
sars,1rbjA,3.97,0.34,text 3d pdb
sars,4q4x2,3.47,0.34,text 3d pdb
sars,5r87A,3.15,0.34,text 3d pdb
sars,6gsrAb,4.02,0.34,text 3d pdb
sars,6gsrAq,4.02,0.34,text 3d pdb
sars,3kasA,4.02,0.34,text 3d pdb
sars,1ngcA,4.26,0.34,text 3d pdb
sars,2pkqQ,3.97,0.34,text 3d pdb
sars,3cqxB,4.33,0.34,text 3d pdb
sars,4b5dE,3.77,0.34,text 3d pdb
sars,6p5iJ,4.11,0.34,text 3d pdb
sars,4u56l3,3.24,0.34,text 3d pdb
sars,4q4y2,3.48,0.34,text 3d pdb
sars,2zc3B,4.08,0.34,text 3d pdb
sars,6jl2A,3.63,0.34,text 3d pdb
sars,3fz8B,4.5,0.34,text 3d pdb
sars,1twyH,3.85,0.34,text 3d pdb
sars,1xp4D,4.24,0.34,text 3d pdb
sars,3qrkA,3.86,0.34,text 3d pdb
sars,6feiA,4,0.34,text 3d pdb
sars,6fevA,3.82,0.34,text 3d pdb
sars,1twyE,3.96,0.34,text 3d pdb
sars,6k4sB,3.8,0.34,text 3d pdb
sars,4v6oBO,3.78,0.34,text 3d pdb
sars,3ndvB,3.67,0.34,text 3d pdb
sars,3uxfA,3.96,0.34,text 3d pdb
sars,6fu6A,3.97,0.34,text 3d pdb
sars,2v4yA,3.76,0.34,text 3d pdb
sars,6vhyD,4.2,0.34,text 3d pdb
sars,5dtmA,3.57,0.34,text 3d pdb
sars,1nghA,4.27,0.34,text 3d pdb
sars,4khbC,3.52,0.34,text 3d pdb
sars,1nggA,4.13,0.34,text 3d pdb
sars,4q4w2,3.4,0.34,text 3d pdb
sars,5hyzA,3.95,0.34,text 3d pdb
sars,5flvE,3.27,0.34,text 3d pdb
sars,4g22B,4.17,0.34,text 3d pdb
sars,6ca0C,4.36,0.34,text 3d pdb
sars,3fz7A,4.41,0.34,text 3d pdb
sars,4dc3B,4.08,0.34,text 3d pdb
sars,5o82C,4.39,0.34,text 3d pdb
sars,3kfeC,4.25,0.34,text 3d pdb
sars,4u53l3,3.24,0.34,text 3d pdb
sars,1sx5B,4.02,0.34,text 3d pdb
sars,4u52l3,3.22,0.34,text 3d pdb
sars,4afhB,3.9,0.34,text 3d pdb
sars,2v7zA,4.03,0.34,text 3d pdb
sars,3quoA,3.54,0.34,text 3d pdb
sars,1bszA,3.98,0.34,text 3d pdb
sars,1umiA,4.23,0.34,text 3d pdb
sars,4u4yl3,3.24,0.34,text 3d pdb
sars,3nfbC,3.68,0.34,text 3d pdb
sars,3nfbA,3.67,0.34,text 3d pdb
sars,1ncrB,3.45,0.34,text 3d pdb
sars,3n33B,3.67,0.34,text 3d pdb
sars,6tenA,3.57,0.34,text 3d pdb
sars,5lybl3,3.23,0.34,text 3d pdb
sars,6llbA,4.24,0.34,text 3d pdb
sars,6fhkB,4.42,0.34,text 3d pdb
sars,3nfbB,3.68,0.34,text 3d pdb
sars,6faiX,3.89,0.34,text 3d pdb
sars,5ucyA,4.32,0.34,text 3d pdb
sars,5ubqE,4.32,0.34,text 3d pdb
sars,5ubqC,4.32,0.34,text 3d pdb
sars,5ubqA,4.32,0.34,text 3d pdb
sars,1qjx2,3.57,0.34,text 3d pdb
sars,3hn6F,3.69,0.34,text 3d pdb
sars,3n2wD,3.66,0.34,text 3d pdb
sars,2drdA,3.94,0.34,text 3d pdb
sars,5nedB,3.67,0.34,text 3d pdb
sars,3nfbD,3.67,0.34,text 3d pdb
sars,6psz2,3.49,0.34,text 3d pdb
sars,4u4ul3,3.23,0.34,text 3d pdb
sars,3lx6A,4.01,0.34,text 3d pdb
sars,1ayn2,3.45,0.34,text 3d pdb
sars,5dgfl3,3.24,0.34,text 3d pdb
sars,4jk2Y,4.01,0.34,text 3d pdb
sars,1t4qA,3.16,0.34,text 3d pdb
sars,3oyeA,4.01,0.34,text 3d pdb
sars,4xj3A,3.4,0.34,text 3d pdb
sars,6b6hC,4.71,0.34,text 3d pdb
sars,5kafo,4.09,0.34,text 3d pdb
sars,1aym2,3.58,0.34,text 3d pdb
sars,5ws2B,4.43,0.34,text 3d pdb
sars,5ws2A,4.27,0.34,text 3d pdb
sars,5kjtA,3.83,0.34,text 3d pdb
sars,6qe5B,3.96,0.34,text 3d pdb
sars,2vjxB,4.32,0.34,text 3d pdb
sars,3n2wB,3.67,0.34,text 3d pdb
sars,2e8aA,4.48,0.34,text 3d pdb
sars,1ba0A,4.38,0.34,text 3d pdb
sars,2dh3A,4.01,0.34,text 3d pdb
sars,4gvqA,4.06,0.34,text 3d pdb
sars,1vcgB,4.45,0.34,text 3d pdb
sars,6i86B,4.21,0.34,text 3d pdb
sars,3kfeE,4.32,0.34,text 3d pdb
sars,5aca2,3.83,0.34,text 3d pdb
sars,1bs4A,3.67,0.34,text 3d pdb
sars,4xkmE,4.22,0.34,text 3d pdb
sars,1nd3B,3.46,0.34,text 3d pdb
sars,6frzA,3.96,0.34,text 3d pdb
sars,4u4rl3,3.22,0.34,text 3d pdb
sars,6olzBO,3.72,0.34,text 3d pdb
sars,6ndfQ,3.2,0.34,text 3d pdb
sars,4v94A,4,0.34,text 3d pdb
sars,1qjy2,3.54,0.34,text 3d pdb
sars,6frzB,4.07,0.34,text 3d pdb
sars,4ty0A,3.3,0.34,text 3d pdb
sars,3qvfA,3.37,0.34,text 3d pdb
sars,1j2oA,3.8,0.34,text 3d pdb
sars,3zxdB,3.62,0.34,text 3d pdb
sars,4u3nL3,3.22,0.34,text 3d pdb
sars,6b1iA,4.29,0.34,text 3d pdb
sars,6mpxA,4.45,0.34,text 3d pdb
sars,6fevB,4.19,0.34,text 3d pdb
sars,3skgB,4.23,0.34,text 3d pdb
sars,6ndfN,3.2,0.34,text 3d pdb
sars,6ndcN,3.19,0.34,text 3d pdb
sars,1qqnA,4.39,0.34,text 3d pdb
sars,2hdkA,4.27,0.34,text 3d pdb
sars,1nd2B,3.45,0.34,text 3d pdb
sars,6ndcQ,3.2,0.33,text 3d pdb
sars,4kn7Y,4.02,0.33,text 3d pdb
sars,6fu6B,4.17,0.33,text 3d pdb
sars,5es4A,4,0.33,text 3d pdb
sars,6pk4A,4.47,0.33,text 3d pdb
sars,6pk4C,4.47,0.33,text 3d pdb
sars,1f12B,3.96,0.33,text 3d pdb
sars,4xkmG,4.21,0.33,text 3d pdb
sars,6fqeB,4.1,0.33,text 3d pdb
sars,6ndbN,3.21,0.33,text 3d pdb
sars,4w8fA,4.87,0.33,text 3d pdb
sars,6ndeN,3.21,0.33,text 3d pdb
sars,1uexB,3.52,0.33,text 3d pdb
sars,4hjjA,3.15,0.33,text 3d pdb
sars,2v5dA,3.73,0.33,text 3d pdb
sars,3a64A,3.94,0.33,text 3d pdb
sars,4u0lA,3.33,0.33,text 3d pdb
sars,2dbxA,4.18,0.33,text 3d pdb
sars,5gswA,2.94,0.33,text 3d pdb
sars,1qju2,3.46,0.33,text 3d pdb
sars,4xlnC,4.67,0.33,text 3d pdb
sars,6rbdX,4.01,0.33,text 3d pdb
sars,1tooA,3.17,0.33,text 3d pdb
sars,4at0A,4.56,0.33,text 3d pdb
sars,6fqeA,4.22,0.33,text 3d pdb
sars,6feiB,4.22,0.33,text 3d pdb
sars,3u14B,3.92,0.33,text 3d pdb
sars,6ndbQ,3.2,0.33,text 3d pdb
sars,4q9pB,3.37,0.33,text 3d pdb
sars,6nd8Q,3.2,0.33,text 3d pdb
sars,4xkmC,4.15,0.33,text 3d pdb
sars,5imhA,3.93,0.33,text 3d pdb
sars,5cxwA,3.95,0.33,text 3d pdb
sars,4eqzA,3.29,0.33,text 3d pdb
sars,4pjgC,3.61,0.33,text 3d pdb
sars,5tueB,4.59,0.33,text 3d pdb
sars,3urbA,4.1,0.33,text 3d pdb
sars,6q34B,3.94,0.33,text 3d pdb
sars,6fs3B,3.87,0.33,text 3d pdb
sars,4b2td,4.28,0.33,text 3d pdb
sars,3alxA,3.85,0.33,text 3d pdb
sars,4hwiA,4.5,0.33,text 3d pdb
sars,6fqbD,4.14,0.33,text 3d pdb
sars,2ew7A,4.02,0.33,text 3d pdb
sars,4xkmA,3.94,0.33,text 3d pdb
sars,1tp0A,3.16,0.33,text 3d pdb
sars,4xkmH,4.23,0.33,text 3d pdb
sars,6hycC,3.49,0.33,text 3d pdb
sars,6fs3A,4.06,0.33,text 3d pdb
sars,3gakA,4.52,0.33,text 3d pdb
sars,4b5dD,3.87,0.33,text 3d pdb
sars,3j81I,3.95,0.33,text 3d pdb
sars,6ffwB,4.08,0.33,text 3d pdb
sars,2dbuC,4.3,0.33,text 3d pdb
sars,4txzA,3.58,0.33,text 3d pdb
sars,1il0A,3.94,0.33,text 3d pdb
sars,4zenB,4.15,0.33,text 3d pdb
sars,4gvrA,3.89,0.33,text 3d pdb
sars,2dg5A,4.28,0.33,text 3d pdb
sars,6qpqC,3.48,0.33,text 3d pdb
sars,2z2mB,3.9,0.33,text 3d pdb
sars,4jfaA,4.11,0.33,text 3d pdb
sars,3j3qfn,4.08,0.33,text 3d pdb
sars,1vcwC,3.73,0.33,text 3d pdb
sars,6hhqk,3.26,0.33,text 3d pdb
sars,4ub6o,3.89,0.33,text 3d pdb
sars,4jfaB,4.09,0.33,text 3d pdb
sars,2a6xB,4.41,0.33,text 3d pdb
sars,6v2lA,3.84,0.33,text 3d pdb
sars,6asiA,3.89,0.33,text 3d pdb
sars,4xj5A,3.55,0.33,text 3d pdb
sars,3u14A,4.19,0.33,text 3d pdb
sars,2uyjA,3.84,0.33,text 3d pdb
sars,4p1aA,4.44,0.33,text 3d pdb
sars,3ur2B,4.03,0.33,text 3d pdb
sars,5tukB,4.01,0.33,text 3d pdb
sars,6u42X7,3.65,0.33,text 3d pdb
sars,3c1aA,4.31,0.33,text 3d pdb
sars,1ahgB,4.2,0.33,text 3d pdb
sars,5xnsA,3.86,0.33,text 3d pdb
sars,5aqkA,4.31,0.33,text 3d pdb
sars,5tukD,4.07,0.33,text 3d pdb
sars,3ur5A,4.31,0.33,text 3d pdb
sars,4ztfA,3.67,0.33,text 3d pdb
sars,3d41A,3.94,0.33,text 3d pdb
sars,5lilB,4.25,0.33,text 3d pdb
sars,5kkfD,4.05,0.33,text 3d pdb
sars,4bdzA,3.96,0.33,text 3d pdb
sars,6b0cC,3.84,0.32,text 3d pdb
sars,3s3nA,3.73,0.32,text 3d pdb
sars,6k79B,3.89,0.32,text 3d pdb
sars,6w2yA,4.49,0.32,text 3d pdb
sars,6cgrD,3.94,0.32,text 3d pdb
sars,3oydA,3.74,0.32,text 3d pdb
sars,5fpnA,4.47,0.32,text 3d pdb
sars,3dc1A,4.22,0.32,text 3d pdb
sars,3oyhA,3.74,0.32,text 3d pdb
sars,4txzB,3.33,0.32,text 3d pdb
sars,4xj6A,3.79,0.32,text 3d pdb
sars,5no1A,3.74,0.32,text 3d pdb
sars,4u03A,3.37,0.32,text 3d pdb
sars,2r2nC,3.94,0.32,text 3d pdb
sars,1ka8F,3.78,0.32,text 3d pdb
sars,6ojqA,3.94,0.32,text 3d pdb
sars,3ocaA,3.79,0.32,text 3d pdb
sars,3oc2A,3.23,0.32,text 3d pdb
sars,2qlrD,4.09,0.32,text 3d pdb
sars,1dysB,4.29,0.32,text 3d pdb
sars,1ka8E,3.77,0.32,text 3d pdb
sars,2r2nD,4.15,0.32,text 3d pdb
sars,4eqvB,4.36,0.32,text 3d pdb
sars,1h2nA,4.24,0.32,text 3d pdb
sars,6u42U9,3.57,0.32,text 3d pdb
sars,7bvfA,3.8,0.32,text 3d pdb
sars,3n28A,4.51,0.32,text 3d pdb
sars,4bacA,4.44,0.32,text 3d pdb
sars,6u42Q9,3.67,0.32,text 3d pdb
sars,3oyiA,3.97,0.32,text 3d pdb
sars,6ks6h,4.24,0.32,text 3d pdb
sars,4ub8o,4.08,0.32,text 3d pdb
sars,2g63C,4.18,0.32,text 3d pdb
sars,2g63D,4.18,0.32,text 3d pdb
sars,1os1A,4.2,0.31,text 3d pdb
sars,5j46A,3.87,0.31,text 3d pdb
sars,6jerA,4.11,0.31,text 3d pdb
sars,6vhyA,4.3,0.31,text 3d pdb
sars,2r2nA,4.01,0.31,text 3d pdb
sars,1eclA,4.33,0.31,text 3d pdb
sars,3nneC,4.75,0.31,text 3d pdb
sars,4y9vA,4.16,0.31,text 3d pdb
sars,3dc1D,4.04,0.31,text 3d pdb
sars,6ck7A,3.92,0.31,text 3d pdb
sars,1xrgB,3.58,0.31,text 3d pdb
sars,6u420V,3.67,0.31,text 3d pdb
sars,4ge9D,4.05,0.31,text 3d pdb
sars,6bnqA,3.43,0.31,text 3d pdb
sars,6bnqE,4.11,0.31,text 3d pdb
sars,1icjA,3.86,0.31,text 3d pdb
sars,4parB,4.6,0.31,text 3d pdb
sars,5xv4B,3.91,0.31,text 3d pdb
sars,6bnqB,4.62,0.31,text 3d pdb
sars,1dorB,4.48,0.31,text 3d pdb
sars,5wx2B,4.9,0.31,text 3d pdb
sars,4v6rBO,3.9,0.31,text 3d pdb
sars,5wpjA,4.26,0.31,text 3d pdb
sars,6vxeG,4.81,0.31,text 3d pdb
sars,6bnwG,4.54,0.31,text 3d pdb
sars,6bnwA,4.54,0.31,text 3d pdb
sars,6bnwB,4.54,0.31,text 3d pdb
sars,6bnwE,4.54,0.31,text 3d pdb
sars,2du8A,4.55,0.3,text 3d pdb
sars,6u420X,4.1,0.3,text 3d pdb
sars,4w8oB,4.42,0.3,text 3d pdb
sars,1matA,4.04,0.3,text 3d pdb
sars,3jaqI,3.63,0.3,text 3d pdb
sars,2bfgE,4.26,0.3,text 3d pdb
sars,5zqeD,4.16,0.3,text 3d pdb
sars,3japI,3.67,0.3,text 3d pdb
sars,6ve7s,4.44,0.3,text 3d pdb
sars,2r2nB,3.99,0.3,text 3d pdb
sars,1otuE,3.49,0.3,text 3d pdb
sars,3zxgA,3.06,0.3,text 3d pdb
sars,5zqdF,4,0.29,text 3d pdb
sars,1bs7C,4.33,0.29,text 3d pdb
sars,5eunA,4.15,0.29,text 3d pdb
sars,5tf5B,4.15,0.29,text 3d pdb
sars,5efsA,4.15,0.29,text 3d pdb
sars,1v4lC,4.29,0.29,text 3d pdb
sars,4ge9B,4.18,0.29,text 3d pdb
sars,4ge9A,4.08,0.29,text 3d pdb
sars,2exyE,3.92,0.29,text 3d pdb
sars,4u0xA,4.23,0.28,text 3d pdb
sars,6vrkA,3.77,0.28,text 3d pdb
sars,5zqdE,4.29,0.28,text 3d pdb
sars,4rz8D,4.99,0.27,text 3d pdb
sars,8aatA,4.14,0.27,text 3d pdb
sars,1amaA,4.07,0.26,text 3d pdb
